FORECAST_DATE,ZERO_1Y,ZERO_2Y,ZERO_3Y,ZERO_4Y,ZERO_5Y,ZERO_6Y,ZERO_7Y,ZERO_8Y,ZERO_9Y,ZERO_10Y,ZERO_12Y,ZERO_15Y,ZERO_20Y,ZERO_25Y,ZERO_30Y
2022-07-15,0.007078197032146964,0.010806979968918475,0.013164832938602466,0.01470225788268208,0.015640018072027063,0.016197146292306626,0.016528198887847883,0.016860567393956746,0.01725294213468003,0.017688993213111733,0.01859185466790233,0.019514326137487607,0.01967987128365928,0.0186140548620834,0.01943661342731219
2022-07-18,0.006790928614266314,0.010441454846743645,0.01278653307831908,0.014331828836126655,0.015280952026570588,0.01583773646934538,0.01618164513776591,0.016545057614328926,0.016971918649629717,0.017468629685094595,0.018488297476226875,0.01943280764950687,0.019764712117675425,0.0187081734817418,0.01927047724455151
2022-07-19,0.006977607982880044,0.01065514790641676,0.01303679437865745,0.014652339252801232,0.01569789502903192,0.01632867191005163,0.016697814216643403,0.017092439405032005,0.017559120398315937,0.018141970101726204,0.019320473789357386,0.020144281465769878,0.02060274009482401,0.01958490932086761,0.01978130389850834
2022-07-20,0.006852498342523226,0.01074903316166,0.013253917973777282,0.014940414413567162,0.016002254056461617,0.016639463996667426,0.017010581059292814,0.017410875150374403,0.017892964833877114,0.018471763245115243,0.019647557248752105,0.02056852100862744,0.020877406504734117,0.019881605477670768,0.020171134038272136
2022-07-21,0.006650896702558338,0.009895611665416814,0.012057584700163819,0.013527717229648193,0.014466933400992492,0.015038953535300702,0.015409483245234981,0.015840776046585268,0.01636113221917957,0.016952760961617262,0.018188209992853806,0.018917896914259408,0.0193211205770372,0.0184613698967658,0.01848678976729537
2022-07-22,0.0050648168270257775,0.0075443780396739326,0.009320914096359805,0.01064710765089507,0.011595942397745201,0.012308373377691183,0.012864925632818635,0.013459410395617509,0.014107310293001026,0.014796109112524233,0.01623329764345028,0.01723110533198363,0.017901153671781474,0.017095503746969394,0.016854747879143032
2022-07-25,0.005250426402946492,0.0076898649495943956,0.009484578773210487,0.010811085407780061,0.011760632482084775,0.01244564906481666,0.012996188542825853,0.013593260601839007,0.01425900083409256,0.014945190991875362,0.016388736717338835,0.017409471454034462,0.018083318114010954,0.017218782376974915,0.017308347401498985
2022-07-26,0.005683117676210195,0.00868536292640376,0.010802606269509593,0.012329008314026035,0.013371057552064226,0.01405856931991655,0.014528595162814012,0.015029052175375602,0.015606272314164586,0.016220873019902878,0.017505430569790124,0.018292574317930483,0.01881517244714419,0.017848523556572328,0.017699689626336026
2022-07-27,0.005720990891167149,0.00907001550994506,0.01139005875389806,0.013051869476297499,0.014186791295627482,0.014944348108713881,0.015454258556214625,0.01597912676619441,0.016563654279503934,0.01717752411728948,0.018454831457713778,0.01931581349009928,0.01984569826548915,0.018818008234842067,0.018522469210922016
2022-07-28,0.004825288578152089,0.007753766553943562,0.009794646382485322,0.011263617925575151,0.012302559929379975,0.013053374734577836,0.0136202248072004,0.014243917572272611,0.014938321429794378,0.015643557943238115,0.017151736028777897,0.017701398726467425,0.01841228611738923,0.0174409548176324,0.01727875692916814
2022-07-29,0.003587609981917228,0.006315855270674784,0.008242008584025204,0.009655031801365866,0.01069716027984802,0.011490096103184442,0.012116776432019414,0.012780735232439557,0.013502851523573133,0.014235434097964596,0.015779928631238168,0.016550345495287836,0.017275851812233633,0.016512795220750612,0.016270568090394667
2022-08-01,0.0019232435258081811,0.004283857749065719,0.006025302826443981,0.00740727958584045,0.008475952561487778,0.009337562258988828,0.010061956761979561,0.010859631878662939,0.011747450143720084,0.012603020142929477,0.013499687891989286,0.014967659310238074,0.015293012673281635,0.015453546258693945,0.015225083844334252
2022-08-02,0.0035683012450296757,0.006243950517271594,0.00814066936101179,0.009575146603591836,0.010640298084304445,0.011440793463974535,0.012072277181230242,0.012720075955918675,0.013437681336692077,0.014149480566524571,0.015114201522213728,0.016582511241178776,0.01685800577639054,0.016928033850767903,0.016571811627822026
2022-08-03,0.0014916186476559745,0.0038771592905080935,0.005680357581992524,0.0070856216687172485,0.008187039376547777,0.009076697260993326,0.009847908159990822,0.010623226215284897,0.011434057313224685,0.0121693341954504,0.013181590968622349,0.014653562933767674,0.014913449034047666,0.015053017167231016,0.015158096382511052
2022-08-04,0.0014945004122969932,0.0036096490238650353,0.005282869688543126,0.006656705152608793,0.007762747358992934,0.008671863749077406,0.009457965528224341,0.010275878057491384,0.011165412797939145,0.012011271685489032,0.01308826608981334,0.014689490145463896,0.015118852049429036,0.015365340661269109,0.015227067311482184
2022-08-05,0.0027020183980749155,0.005028894649745673,0.006746479779314534,0.008127541340825512,0.009202287698790813,0.010056329671203927,0.010737734632910384,0.01142726178816692,0.012186709987471286,0.012925302903867491,0.01395871189383854,0.015384846704574318,0.01565631464413101,0.01585840231339046,0.016101043861170124
2022-08-08,0.0024827091441176684,0.004892085049488218,0.00667830038743674,0.008102023138285017,0.009221775737646046,0.010119154951655739,0.010850900937666455,0.011584187663494673,0.012378571989861328,0.013146434286505134,0.01420819882429105,0.015723531824180577,0.01589933374960679,0.016020730844088452,0.01574783513015576
2022-08-09,0.0017412138859349232,0.0037521419782551276,0.005354829174512169,0.006728816316604379,0.007873037045333186,0.008823519720143289,0.00961294741354206,0.010408233289716223,0.011253665696034833,0.012039081216302146,0.013145022411132025,0.014913483523542164,0.015132940402828638,0.015322305339514163,0.0152084548556852
2022-08-10,0.0005041450888902002,0.0024925397650154,0.004102142411158557,0.005476545405303701,0.006620355068786724,0.007556640337154285,0.008332393835006184,0.009130745382176394,0.00999008831590596,0.01079799411510801,0.011867663416677821,0.013411108345501457,0.013603386037422043,0.013759049564940324,0.013718805252901251
2022-08-11,0.0019252087066054689,0.0038480813488039173,0.0053620447178750474,0.006666655888926648,0.007719222445607137,0.008549782931630182,0.009178219429325304,0.009811189611311902,0.010504149659905822,0.011192617334340542,0.01221752350315731,0.013789088537200046,0.013836059107911988,0.013895884163234548,0.01355470874974866
2022-08-12,0.002712041420102834,0.004693706571448075,0.006211568843891682,0.007474178143637666,0.0084905646741359,0.00929411934311782,0.009924483305274175,0.010546150749085628,0.011209161983237681,0.01185770529583943,0.012853199638097442,0.014288896243710852,0.014246941749303636,0.01419800689193314,0.014075257266588441
2022-08-15,0.001755359036492256,0.0037370264164521654,0.005230232674038681,0.006483918185057369,0.0074870721704883075,0.008274392011485877,0.008882746212390654,0.009498232611229597,0.010181445838998503,0.010859552621136706,0.011866654533796948,0.013389220814608383,0.013442195188199231,0.01351606783782521,0.01342267721971574
2022-08-16,0.002604601572423781,0.0047456643336768675,0.00637762473630369,0.007711263826056254,0.008768800248651499,0.00956894766437788,0.01017796446543989,0.010778173363338991,0.011430219103936146,0.01207154079500288,0.013015499527061694,0.014599743800753403,0.014563541556996419,0.01469631937532082,0.014516837462828306
2022-08-17,0.0034898636401713957,0.005694661394750058,0.007309680361638255,0.008600184583752588,0.009595742356299713,0.01032151462792867,0.010839972820549463,0.011348465066721559,0.011916947785883269,0.012522899595600736,0.0134675791444585,0.014904976534374701,0.01484981636654459,0.014883738087729805,0.014663863474853878
2022-08-18,0.003592188186279989,0.005683603322184712,0.00725382487911023,0.008537760354049328,0.009531453391779673,0.010243195630961113,0.010724876073425479,0.011200833946396701,0.011746930420924069,0.012359796898504099,0.013399488157247936,0.014716926880244714,0.014636593588588476,0.01460719452137863,0.014406088570354567
2022-08-19,0.004066377517415662,0.006017005176206132,0.007485696934734452,0.008707154831902557,0.009650724969323789,0.01029501052172565,0.010697412159306391,0.011050313892354708,0.011455854866255367,0.011931657595398219,0.013006026665261648,0.01449368707390862,0.014206334580974285,0.014047885870459149,0.013858039095455707
2022-08-22,0.0025969112194317457,0.003981913799558522,0.005185987313051524,0.006282748041237247,0.007225848020216764,0.007960503323133196,0.008505876334911823,0.009013539010123412,0.009558788125413947,0.010158932175708665,0.011317499265939777,0.012878131743979856,0.012902288393254746,0.01300243415545725,0.01274196091933586
2022-08-23,0.0021978878496982292,0.003644834128004552,0.004898248259162265,0.006012750572228645,0.006954808307674569,0.007689686306642684,0.008266639330386221,0.008798765156380535,0.009361167422053309,0.009929104067791688,0.011147287890541686,0.012634298687415639,0.012684093856870407,0.01279514030304381,0.012810222201971356
2022-08-24,0.0018418203674746992,0.0030807120349464786,0.004154437210784207,0.005132196142054413,0.005984540910588118,0.0066709185475605365,0.0072159904593914114,0.007735571516719215,0.008307330788620984,0.008929168444329274,0.010145089715973148,0.011690984085482988,0.011862804047893924,0.01203498147682964,0.0117324723360049
2022-08-25,0.0023348207854623337,0.0034322969593423534,0.004377808581327048,0.005263707131271176,0.006069561646094982,0.006740313748803105,0.007288138672503947,0.007814240114430432,0.008388254232451658,0.009004152680636378,0.010284786154727938,0.011804624362832979,0.011978326747643767,0.012228644948866333,0.011939769162371387
2022-08-26,0.0010986753290696235,0.0020297458024994973,0.0029390345541397875,0.003842778180800265,0.004690952892680215,0.005433915398896767,0.0060837961963067354,0.006701268286247584,0.007346156514257775,0.007977019478873401,0.009212686884187842,0.010863178889145467,0.011045680441992233,0.011263848834598576,0.011163519193785042
2022-08-29,0.0013545113293084042,0.002404883010607979,0.0033596225262286653,0.004297516769044205,0.005154918377077273,0.005881150311188917,0.006474331429195141,0.007041838827984696,0.007647056589869472,0.008241340739871733,0.00924171736970153,0.010820630141507718,0.01081858197287251,0.010953919691559158,0.010915067957026679
2022-08-30,0.0013682286158432035,0.002037735332472892,0.0027722410020191053,0.0036354921343350393,0.004451025098224668,0.005165984440036697,0.005742233316481622,0.006303789853273761,0.00696557427874569,0.007671398176282886,0.00872519800364572,0.010242845776799398,0.010346061938261215,0.01056166788689874,0.010670876900070092
2022-08-31,0.00166187696455081,0.0022393849671919564,0.002895730331750452,0.003707794353881024,0.004493181485378101,0.0051882476123002496,0.005734411454252544,0.006256704232615316,0.006911004419199062,0.007633060789664866,0.008598019866266094,0.009910448466663535,0.00992022054571762,0.010072179961386242,0.010034868761362328
2022-09-01,0.002419816854600624,0.003218055463557429,0.003982934684507854,0.004836929470055967,0.005627217496380182,0.006305934645692459,0.006835546298950542,0.007359332439233057,0.00802146754374732,0.008742643646991186,0.009621356051845163,0.010878855617778046,0.010891562638085115,0.011048945048169046,0.011131748566107972
2022-09-02,0.0019712422736189623,0.0026301944136754457,0.0032742263816443427,0.004017572589703138,0.004736443439195621,0.00538310059518098,0.005920366338739229,0.006459904040880251,0.007136610834332306,0.007880391697342913,0.008859719041723136,0.010188876598409866,0.010321185554346255,0.010565342463159998,0.010569902554018316
2022-09-05,0.0032587041224840124,0.00397212069340148,0.004684042428708168,0.005515025480844417,0.006279954043001397,0.006909119047891814,0.007376890892471319,0.007842133131753347,0.008480797083862148,0.009215980416349698,0.010169523557894179,0.011406690363770684,0.011431017344372569,0.011593317292872527,0.011578902745339844
2022-09-06,0.0032072050655572106,0.0037988695844915358,0.00441418663977046,0.005184999638833217,0.005900087408838213,0.00649198904823655,0.006924419078719145,0.00737444683000517,0.007989804019196913,0.008689347797075397,0.009546964953935652,0.010893837024088105,0.010962093360294363,0.011174432042486398,0.011231949043132768
2022-09-07,0.003574120755732675,0.0042231365767089945,0.004858371204727541,0.005617572299025391,0.006325152673734435,0.006910678214391117,0.007354720594606604,0.00783197555383241,0.00848192739716895,0.009218299119210079,0.010113909968734234,0.01141350569507373,0.0114945937184585,0.011677157804733527,0.011800531493478225
2022-09-08,0.0029265341940929073,0.003562477790281945,0.004167095467951366,0.004917707503904462,0.005633365402804294,0.0062379561540300355,0.006695013009616021,0.007189572018709537,0.007864341457286646,0.008631247240660398,0.009528479251041817,0.010861407479053238,0.010977274918780361,0.01120178893202595,0.011369132302831838
2022-09-09,0.0034384984540329158,0.00428883605703661,0.005016770746080165,0.005811917660793706,0.00653730827390263,0.007152138157023259,0.007632057349580888,0.008127709047199977,0.008800138557713942,0.009565157856737163,0.010522507089278321,0.011878058520789218,0.01195119351891324,0.012148436652607014,0.012098655567131678
2022-09-12,0.003511955000822917,0.004476242888157377,0.005253369220694599,0.006041624946660968,0.00674226702612258,0.00735522497243796,0.007861067845068006,0.00837244364462626,0.009039657992515736,0.009595439160706798,0.01073624189960569,0.012075696799363295,0.01217618234117265,0.012314640062034208,0.012539478885014976
2022-09-13,0.002976339793069062,0.0038750926720569406,0.004629426230550263,0.005388491500538023,0.006038509071646694,0.006584246859911367,0.007032222645051306,0.0074936956201154415,0.008119870525813285,0.00867240324305656,0.009820387962146198,0.011235716368549227,0.01134775901472875,0.011537949247717758,0.011693273525214652
2022-09-14,0.0030269934775038376,0.004281109747877803,0.00521441715114248,0.006066918089442695,0.006742746368114226,0.0073108623026268745,0.0077940146273233896,0.008302408607762437,0.00897311715412975,0.009515423119304993,0.010621931297177784,0.01199477597990476,0.012094473389720608,0.012313937299014064,0.012554229804203973
2022-09-15,0.00442506724613441,0.0056871552364209715,0.006607482193790315,0.007438190943967068,0.008074826521729892,0.008569110978052763,0.008944875034139346,0.009351632437339994,0.00995518632552177,0.010487194968721717,0.011524807587664273,0.012729188169756836,0.012705129494456279,0.012864085010793211,0.013123123973656068
2022-09-16,0.00455431412539662,0.005882980073396791,0.0068359469404962805,0.007676551309018127,0.008272898643843762,0.008716467835941462,0.00906795140841275,0.009448403901684192,0.010023435175233238,0.010511359474077293,0.011501371180140099,0.01268175226822407,0.012630310063860091,0.012718015565104015,0.01296810666380213
2022-09-19,0.005445911016983249,0.0069074531418307356,0.008012449201166085,0.008980767411224375,0.009672718209281493,0.010148324717157346,0.010497722563807887,0.010881154212270537,0.011466868190978577,0.01195227571874395,0.012925733294543686,0.014083304782058567,0.013960257772211855,0.014007259207785465,0.014230922803661152
2022-09-20,0.005789823133314321,0.007368153143498397,0.00854317052475461,0.009565763233493209,0.010278111255488154,0.010755866753550967,0.011092163820463165,0.011465143872938415,0.012050485631922582,0.012537367240762237,0.01345578471312993,0.014562317257523718,0.014368655742887211,0.014360330020947394,0.01458209972127074
2022-09-21,0.0055322067372243966,0.007154289905869183,0.008415772782320217,0.009515867384734783,0.01031556697748913,0.010859590439400763,0.011279630069902648,0.011729633618827411,0.012360200807687918,0.012830847153777379,0.013744229907910709,0.014908288263223338,0.01464973857873372,0.014703749566153721,0.01491986938636258
2022-09-22,0.006136336734962089,0.007762849347612863,0.009003876307751608,0.010077153115705525,0.010858195596323776,0.011394262377128352,0.011798068305107963,0.012227397294441302,0.012844197006224802,0.013327528203295526,0.014250086727457804,0.015369494445063024,0.015051446254416985,0.01502513393704079,0.015275070209900843
2022-09-23,0.005523326791091707,0.00710752366706141,0.008326915444254405,0.009389219793850968,0.010171306099439519,0.010720630194114115,0.011160488776242806,0.01162636073060423,0.012278323673979113,0.012765931356507998,0.013771619780977549,0.015048311671414837,0.01488883741882525,0.01487941342288971,0.01508605699717029
2022-09-26,0.006692868969184366,0.008421013712012357,0.009672286922578478,0.010704648130040788,0.011427070410676095,0.01191128389251563,0.012282805606779964,0.012678765858123917,0.013250103967745027,0.013732350113379142,0.014711266275139913,0.01585192161628856,0.015538952664749183,0.015424335146726118,0.015606584815356636
2022-09-27,0.007615524157060486,0.009471141938849586,0.010743729430666411,0.011769833584888367,0.012482987296177321,0.012950489975577307,0.013308563038225753,0.013694219908446296,0.014270409092078013,0.014695340701891012,0.015533184128997114,0.01657685191908444,0.016106923507386982,0.01586612379597158,0.016040673778895453
2022-09-28,0.007299569348899514,0.009332504550998693,0.010681684592526068,0.011754021279598816,0.012470534885518771,0.012922540125738294,0.0132352529753552,0.013574644134961665,0.01411714418340137,0.014545080674335164,0.015381348248102023,0.01643656524300071,0.0159317334804937,0.015693192092875098,0.015885881149342276
2022-09-29,0.007212272177006228,0.009660441781162881,0.011155185387656488,0.01224152709403512,0.012898753811460098,0.013270432196623242,0.013508500785599932,0.013787805316338027,0.014283131833866395,0.014670260160116739,0.015450331962609504,0.016462011114723493,0.015999001699248803,0.01578605500134301,0.016006935340890757
2022-09-30,0.00716898124396473,0.009654942525100853,0.011122729930233999,0.012221827222400292,0.012943939641139376,0.013426604321683926,0.01377427347096621,0.014145464802579069,0.014710138993234926,0.01510671574008351,0.01592337325832037,0.01710135407550416,0.016684942191507655,0.01658149774002512,0.016900417018693326
2022-10-03,0.00615226873841641,0.008583046134544036,0.010068021298227873,0.011216280723823862,0.011994574891652166,0.012528308470641562,0.012920122940833247,0.013344489646589092,0.01397136335097598,0.014438627337300593,0.01538495017488215,0.016566750295231584,0.016258946220427613,0.016194832759872314,0.016471792352397176
2022-10-04,0.006012137871515677,0.008618498385486957,0.010287891986840256,0.011587835634908372,0.012481801868082617,0.0130426686383076,0.013405051112158912,0.013786702552073057,0.014366820451629842,0.014811609548420148,0.015737991626254066,0.016929408651384783,0.016571041568033292,0.016488383690593866,0.016806935498856933
2022-10-05,0.0061874809945360034,0.00873781097257418,0.01042628508875137,0.011768725192377408,0.012720499076953,0.013338341802166122,0.013756967345151444,0.014187663270996902,0.014790615760572423,0.015219902904814592,0.016071867474139082,0.017178095425874416,0.016653165358352876,0.016477523337549815,0.016806493143515983
2022-10-07,0.008941924625444029,0.010794260166527063,0.012114085151292779,0.01324721864540175,0.014070427439367244,0.014561362939219072,0.014842001521795566,0.015159135446158285,0.015719342188605535,0.016164206675599344,0.016977959098224252,0.017988813552533223,0.01731279598253772,0.016927592927857078,0.017381226496731714
2022-10-24,0.015957409142024814,0.016974672206073543,0.017759339878263874,0.01843668438312089,0.018878361533024083,0.019011267682756124,0.018973387373989865,0.018990342382658253,0.019219684208878266,0.019469447540439055,0.020010616403969197,0.020445499232621192,0.018788890650518444,0.017886694065147965,0.01827893599954198
2022-10-25,0.016503196435135134,0.017426252760392277,0.01819447408718462,0.01888720075642161,0.01935999991633879,0.01950191972523662,0.019448537293310905,0.019422781940368145,0.019582887395191657,0.019809735153530007,0.02040175878449951,0.020674296404037295,0.018912775153891538,0.017877544228378357,0.01813100734496098
2022-10-26,0.017046883699692112,0.017980054807799153,0.018856029941612285,0.019699922070923588,0.020338265003097666,0.020623262608233033,0.02068819854497513,0.020788190876766265,0.021082521915610074,0.02138636044585419,0.022014747843675436,0.022434414454111422,0.020875005513192685,0.019963063158480565,0.020160774132385897
2022-10-27,0.015758524482174872,0.016674655183868983,0.01760393821004355,0.018527581251286288,0.019268356567214054,0.01970967425293167,0.019963370147397692,0.020220858915235902,0.020597662665020243,0.020905111824994514,0.021628177955957926,0.02216710079185555,0.020898069452909795,0.019970948349677605,0.020138959599182247
2022-10-28,0.01580895161464919,0.016916499734182702,0.017944861678878675,0.018910123026738834,0.019677253980454272,0.020166216095786667,0.020482192852116957,0.02078754251256372,0.021170475681384207,0.02146880834324892,0.022210377553994604,0.02280393696064598,0.021763879506538953,0.020806484641900602,0.020921560154561335
2022-10-31,0.01549720333257428,0.016386087591941042,0.017278063847820185,0.018125248407000166,0.01884546699414369,0.019315445763050356,0.019622223670372873,0.019929782464122445,0.02031557986062114,0.020676095641055423,0.021482477572061107,0.022179294602192447,0.021447369747618034,0.02046860973254583,0.020534778961809906
2022-11-01,0.014558421713044145,0.014993806138795442,0.015591455121583707,0.016254265822735373,0.01688650730611639,0.0173299142980185,0.017622205295510413,0.017907311173206708,0.01825917864510906,0.018611529186427236,0.019487320997864325,0.020243518375901725,0.019529554794029916,0.01870356590692921,0.01862644759382562
2022-11-02,0.014457154036645053,0.014747186922872808,0.015264249666967733,0.015894248028350082,0.016519657405631633,0.0169548623204734,0.017235478642370062,0.017544103474437814,0.017968193254633467,0.018396420144374787,0.019333960212064905,0.02020844298332892,0.019560926232478425,0.018735111754578867,0.018734659037204653
2022-11-03,0.015419547042095265,0.01589426729048053,0.016542177185042715,0.017282926508320445,0.017981329428747854,0.018477286355637796,0.018809317079736123,0.019153938309256376,0.019594670663231423,0.019997394151652526,0.020914037915568194,0.02174237362095179,0.02097103704080542,0.020019636506768943,0.02003318976152195
2022-11-04,0.01636117293941374,0.01705683186626836,0.017760360633961653,0.018466837661742414,0.019083678881491775,0.019470949499057227,0.0196941719960582,0.019937521724541708,0.020288343454180433,0.020641958848791567,0.0214366752594483,0.022113269897052756,0.02120569074465865,0.02008607877263273,0.02011021651503942
2022-11-07,0.017253087407131596,0.017741147394212717,0.018423047725664936,0.019159930519739604,0.019863252090352713,0.02030742975942682,0.02058746961254084,0.020872123975581892,0.02124490427409985,0.021576794185351564,0.022407152843698794,0.023065775611566555,0.02220565218657694,0.021010609922938572,0.021155837943655425
2022-11-08,0.01782581888841687,0.018470375697801068,0.019288111659511185,0.020110167131130556,0.020883985175577588,0.021408596854642865,0.02176157043579548,0.022149412212653492,0.022643302445215518,0.023109812634102053,0.02408132176908259,0.024966088414720863,0.024217901560251616,0.0229530104802303,0.022778597542776464
2022-11-09,0.016929218314821755,0.01757524075379088,0.01843937166138899,0.019347960633230105,0.020243945093787952,0.020922841604443642,0.021434578676311652,0.021942317425057294,0.02249096683420582,0.022953456654100774,0.024000274687988724,0.025021845361792368,0.024486053690798988,0.0232133926295126,0.022687411658584955
2022-11-10,0.017020706604352797,0.017739792766142435,0.01865453552579396,0.019599674475712467,0.020521603434199412,0.021238963452126305,0.021811151037541263,0.022409596708211073,0.023066222202794296,0.02359072223283862,0.024713834528894474,0.02598855820839677,0.025653173143556387,0.024275927089093045,0.02358633100494165
2022-11-11,0.017863776060935123,0.01843378308506917,0.019190600676069796,0.01996709256704358,0.020727464311709572,0.02129627427909821,0.021704387062898955,0.022157402347203592,0.022703658963092628,0.02321836547901783,0.02430112607598641,0.025396390158650296,0.025125295763943047,0.02363710103920877,0.02288611032060035
2023-03-22,0.030039451354663373,0.02851764609664965,0.02724094184716816,0.026138579780106256,0.02540348104568144,0.024977320845963796,0.02469557134012831,0.024562091673231545,0.02461688956452355,0.024820438557808622,0.025428105097078244,0.025818401396458135,0.025096928725440733,0.023716458537516548,0.023784110262331154
2023-03-23,0.029763100348350075,0.02822762753521712,0.02694389802517968,0.02583796197954348,0.025100241298930348,0.02467955792629011,0.024408429770019602,0.024273538544790866,0.024317924923472265,0.024532454264067388,0.025190937431815323,0.025643395568828817,0.024985925823287226,0.02367826737494364,0.023917232344956546
2023-03-24,0.02973024101387115,0.02811749645248399,0.02678283774415678,0.02564873139637247,0.024899539489838748,0.024468996713425558,0.02416914062420027,0.024005812996414584,0.024031155310675758,0.024242002626578003,0.024886106548549478,0.02536137773936359,0.02461224087398536,0.023196206110894478,0.023340641469990837
2023-03-27,0.030810885426954544,0.02921376873909999,0.027821391254167892,0.02660300435940437,0.025761550324466684,0.02525318343938281,0.024886523228780245,0.024652164156402707,0.024611622446484294,0.024795719169101973,0.0254231152651764,0.025884359225139108,0.0250764523716263,0.023600107869461002,0.02376529505357721
2023-03-28,0.03139206408930259,0.029689005892046642,0.028220976857187895,0.02694784593289777,0.026076807655754687,0.02555436450082129,0.025187213223266086,0.02496476199599291,0.024955271646039133,0.02517173327782098,0.025873499427752265,0.026429093946873376,0.02569091077459964,0.02428198016052135,0.024492563427685996
2023-03-29,0.03162636593395849,0.030238722387378673,0.028911501981529607,0.027690989319184733,0.02681175857915594,0.026274076032186112,0.02589792272558407,0.02564680117259754,0.025587918536667146,0.025799743331460043,0.02649714644701883,0.027076198462923796,0.026266786286946543,0.024759722163591687,0.024963452801949237
2023-03-30,0.032531458126771905,0.031090380245555164,0.02972975524726577,0.028511596586379924,0.027611875530043177,0.027051416994689135,0.02664097033240904,0.026380689732865354,0.02634185819907489,0.026526566342386176,0.02713099966359562,0.027642931256509216,0.02694160666803107,0.025373675629527963,0.025640836287928216
2023-03-31,0.03242721188883339,0.030989724913840604,0.029655142739030194,0.028471332806481328,0.027611856523229835,0.027096185704384542,0.026728936177609772,0.02651793619166341,0.026518776640774882,0.026712098095239212,0.0273139750695458,0.027755976816028448,0.02708730224858503,0.025502352860859633,0.025819836766899085
2023-04-03,0.03292853902674679,0.031502861172699737,0.030119524087854222,0.02885983821972031,0.027919144406445946,0.027325903561747675,0.026893988697233126,0.026620185157672473,0.02656058437080215,0.026728384472005165,0.027282143871568677,0.027647501406424604,0.026922460303483685,0.025295062925889095,0.025628207712432932
2023-04-04,0.03303783450454288,0.031639138564756954,0.030145607229079895,0.028743928857619904,0.02768364324373591,0.027033353148688575,0.02655656644684367,0.026219797202139454,0.026079195617840858,0.026214713848036416,0.02670183995422429,0.027070041000741615,0.026408033773711155,0.02476397563050234,0.025119041379697858
2023-04-05,0.03332192395868467,0.031830627379685915,0.03024763959215351,0.02876116776159077,0.027630832230159344,0.026943534169843603,0.026443335810145102,0.026096881465924367,0.025953871687879635,0.026086574317270326,0.02653541456277351,0.02687635035261249,0.02622677923922894,0.02459143193423826,0.024927812962945203
2023-04-06,0.033576897170884204,0.031953534859278605,0.030273888200769792,0.02870569350107134,0.027500581546755488,0.026726351294780043,0.026128333238409993,0.02570176467221736,0.02550772721357675,0.02562131386783021,0.026028408820897905,0.026309254838541105,0.025634070658510588,0.02394500911584169,0.024233151953141147
2023-04-07,0.033327645477071094,0.03173333829070034,0.030132388503884937,0.028643392068797853,0.02751683736427284,0.02680435990356054,0.026265198559123303,0.025903605343086812,0.02576638044318554,0.02592131498406398,0.026365933280095073,0.026741572719847527,0.02617605102639908,0.02463191582060794,0.024889655296679157
2023-04-10,0.031603303778335486,0.029493139133704986,0.027711541832813245,0.02620772904328757,0.025175194357783166,0.024557638457721,0.024113829672454647,0.023845316677405914,0.023815468587407414,0.02403403760778138,0.024557670354650094,0.025019378664707548,0.02454636437729311,0.023151151431857763,0.023431321901217887
2023-04-11,0.028016922260611078,0.026000457440414522,0.02446364557328145,0.023252887289522496,0.022467206610572478,0.022046281702014548,0.02174521339788741,0.021604228481041102,0.021647746542699128,0.021904141644310215,0.02255522947599676,0.02307514040300439,0.022724096603164056,0.02147050875569587,0.021733320091982502
2023-04-12,0.03007963474951432,0.02863716039394207,0.027269960107332524,0.02607035084361642,0.025215052881689102,0.02468801811988101,0.024278382354137484,0.024029541189897377,0.024023611645164693,0.024256318277896434,0.02476573366353307,0.025287990451653457,0.02479649009351864,0.023341434396252518,0.023656497074431033
2023-04-13,0.024659473721034966,0.02365889806297937,0.022567000302462732,0.02161411290208096,0.02092053059381632,0.02058659535667263,0.020374337164950726,0.020301783846167987,0.02041436033964262,0.020682261410249893,0.02125009155828642,0.021729828310702647,0.021318525086087732,0.01995660165618398,0.020248231302732775
2023-04-14,0.025848357651135755,0.024918732605113517,0.023953055533589916,0.023074153311217028,0.02244915379796139,0.022116463238491455,0.0219149072550563,0.02186124111801019,0.021992038621892415,0.022297780863819196,0.022956119936803333,0.023669048681598005,0.023282613185740472,0.021951578998541558,0.022329279733682417
2023-04-17,0.024827909746847995,0.023451715805678255,0.02228394682834523,0.021310009779655067,0.02067368524984608,0.020368592080227746,0.02019555953080146,0.020184097136349086,0.02036403346765351,0.020706241860958916,0.02140092917632143,0.02218537512768804,0.021809542393786605,0.020560710185178736,0.020918936504376727
2023-04-18,0.024427724058744927,0.023122165555212376,0.022095586032790975,0.02128609496374712,0.020786435131563093,0.02055567951022694,0.020448156837755336,0.0205039609693451,0.020773553676182863,0.021180327220453318,0.021979296503759578,0.022856802512529337,0.022586702898832647,0.021305061560974548,0.02168030087142163
2023-04-19,0.02651089692706309,0.025306471157112907,0.024255004549206687,0.023400453801945748,0.022850128515499047,0.022571859786900204,0.022409163648428296,0.022403413912343594,0.022637608714969146,0.023006712726913688,0.023711825445545356,0.024566837220832853,0.024139853691224955,0.022674878606556818,0.02306620994799594
2023-04-20,0.027754038015594836,0.026555607463004196,0.025401492132971167,0.024392359486926668,0.023686459786241506,0.023286991759156585,0.02301365779954724,0.022901310396481002,0.023015960524710926,0.023323313024725182,0.023970138262115286,0.024670067494203803,0.02413579029565103,0.022550321457955786,0.022921601541711144
2023-04-21,0.026355902437004898,0.024714950102692985,0.023431164171088762,0.022421637498487513,0.021815616557151803,0.02155795845666533,0.021436656405055196,0.02145855871206285,0.021666944275535047,0.022043769972438322,0.02283386593415684,0.0237189804718148,0.023402828571098575,0.022080392936272186,0.022476003968747216
2023-04-24,0.02549833330862839,0.023729380908808922,0.022445401115138767,0.021482326342725032,0.020944609222907504,0.02073067314883645,0.020640186862512344,0.020691881270120414,0.02094073903414768,0.02133573125630374,0.02215450678502951,0.02305727631885655,0.022805208509835827,0.021568009077816485,0.021949627675305096
2023-04-25,0.026574595326141613,0.024819193791748816,0.023514122777239275,0.022529394403481787,0.021976509624855485,0.021751613150741797,0.021643926823944157,0.021667526233858276,0.021879930776328563,0.022259469500748853,0.02307524785824891,0.023954161613482544,0.023686413445056332,0.022425321982705367,0.022833173959710826
2023-04-26,0.027578443036419212,0.025694134466605536,0.02435181921628295,0.02337004984729064,0.022829430976636856,0.022588505223061033,0.022454566042855076,0.022465540636613195,0.022693493109683147,0.023073876120908554,0.023881203184621547,0.024750521231243727,0.024519705468640168,0.0232703812297551,0.02368622572445286
2023-04-27,0.027623356078758116,0.02589478002228675,0.024596677398151398,0.02361913605699384,0.02305009611682982,0.022780450103180295,0.02261749464865135,0.022591907608319462,0.022786882737803497,0.023169532439542225,0.02399905566419476,0.024938401718982796,0.024724580208511236,0.02348831570429197,0.023924718318086183
2023-04-28,0.028505088900102178,0.0268591690367564,0.025549114026186502,0.024502255881116444,0.023849781625100677,0.02350060450186593,0.023279507612723828,0.023219165553361697,0.023387933574194032,0.02374210338488355,0.024504754174453986,0.02535932450222281,0.025012670759198205,0.02363213435905698,0.024051528581315578
2023-05-01,0.028461846019346926,0.026702327235455358,0.025270947572917375,0.024123938506041182,0.0234215743766553,0.023083515201612715,0.022868941716730134,0.022803546908612204,0.022954452109605474,0.02334819223326106,0.024223880206789304,0.024999378819479667,0.02463788926663894,0.023271271989655794,0.023677813229814708
2023-05-02,0.02810041979540487,0.026272962163526203,0.02481134237399649,0.02363833065946342,0.022896982802402547,0.022525485093562062,0.022296228006367255,0.022243027366640446,0.022414472805825515,0.02279786034379034,0.023630983765862392,0.024384265157832125,0.024015298309676154,0.02268541586175856,0.023045825330116357
2023-05-03,0.028185525468060947,0.02642560818417098,0.02500824498760587,0.0238733678385046,0.02319576757062096,0.022883109309245326,0.0227008477369043,0.022665843170628856,0.022834762127282228,0.023198718957021587,0.024013335515073952,0.02487039940473999,0.02458727560464471,0.023311685343771912,0.02369533275733999
2023-05-04,0.0272585432303204,0.025246575375475522,0.02381777230634596,0.022670920895408675,0.02206643609336278,0.02180803663812411,0.021667016376418102,0.021675140837868857,0.021890477757860884,0.022312856653911084,0.02319794173526219,0.024102605769829737,0.023945083026635484,0.022721325668047295,0.023132011594962695
2023-05-05,0.02749550899112394,0.025428602826777814,0.023916442098999634,0.022695402507980363,0.02203896718883058,0.021762843674207683,0.021617674226817728,0.021633071494131115,0.02186484021458027,0.022283366164306005,0.023158909395838076,0.02405852768021109,0.023964614019438387,0.022770626554787936,0.023164865905832263
2023-05-08,0.027595134780512596,0.025548507980248162,0.02403049587070457,0.022791504396103033,0.022111048811242744,0.02180884349688596,0.021636965339440303,0.021625869425902323,0.021832889644040638,0.022233780791572916,0.023074845629466503,0.023979677719508413,0.02387447321308992,0.022674245435407036,0.023078706649199202
2023-05-09,0.027679967634681602,0.025660128462316825,0.024159886676375964,0.022933051583821477,0.02225939264512042,0.02195949576151612,0.02178752505708233,0.02177594082242279,0.02198293063124371,0.02238339880214197,0.02322380470678067,0.02411817590877234,0.024003679205472046,0.02279406043510524,0.023196948918921455
2023-05-10,0.02914715572598143,0.027005407052824195,0.025405747969556042,0.024091628507893908,0.023358266607418316,0.023030211650911625,0.022850423451921672,0.022837074502529964,0.023039405767867036,0.02343196366680386,0.02425582129773542,0.025150858852884567,0.02498413652274689,0.023774855720019375,0.024211955635190237
2023-05-11,0.02950270676946578,0.02739017928692707,0.025818002927970662,0.024510900004387114,0.023744110317461486,0.023376738125443153,0.023119471841614534,0.02301937564033979,0.023130895135533715,0.023478281917191975,0.024202018405623825,0.02495170151084174,0.024680980922776614,0.023367333791575195,0.023845466443891
2023-05-12,0.029484963396280428,0.02736026674086533,0.025780048096241376,0.02447971991273187,0.023745100663675515,0.023414808573987356,0.023209118864101114,0.02316604846407443,0.02334180262427746,0.023721594247654288,0.024502915115287953,0.02538802952823195,0.025263491812102214,0.024071713130277797,0.024561134584426558
2023-05-15,0.029669867810385123,0.02753086714932712,0.025964536918812654,0.024691459136003242,0.023973674321267117,0.02365757451699901,0.02346012899772365,0.023432687807713355,0.023624664235851505,0.024003850943124325,0.024761047195181043,0.025575562053639887,0.025392481828287523,0.024127075583755844,0.024601242851218032
2023-05-16,0.030324961599843336,0.02824580105558366,0.02672174668366193,0.02547548740353552,0.0247741917005971,0.024450777743477262,0.02422627041111398,0.024153182057725393,0.02429078844385301,0.024645027129310246,0.025386632499618113,0.02620030054804863,0.025993932018662253,0.024723880646948852,0.025217120628508213
2023-05-17,0.029845058365651225,0.027729592947514353,0.026199570815217694,0.024964976446638712,0.024273429269117762,0.023954011671838173,0.023738031780836152,0.02366948715420757,0.02381149273128445,0.024175439317394246,0.024933189981090037,0.025787149924839128,0.02556554453592146,0.024293958686446984,0.02479021797852668
2023-05-18,0.030511030868283138,0.028408784282223435,0.026855884068096577,0.025594358697442372,0.024870110871304772,0.024523087213681734,0.024279021346814544,0.02419161785816395,0.02432846139364394,0.02468245908447233,0.025408054860002055,0.026259997904609086,0.025953908037619242,0.024584410302112475,0.02507063065192566
2023-05-19,0.03034794603676613,0.028182143043279276,0.026591051693312058,0.025302010213274932,0.024557952472394062,0.024193751911037065,0.02393877811183395,0.02383906991374561,0.023959457568870433,0.02432094393324196,0.0250845822072177,0.025912279197478787,0.025570167581514754,0.02423988704807283,0.024748658056306654
2023-05-22,0.030723113590869548,0.02852778092198638,0.026948960553466725,0.025679910677682164,0.024961609174633328,0.024611817276685048,0.02437004915237258,0.02428865268782158,0.024437931615469942,0.024815710861616876,0.025601007525366034,0.026533144426401832,0.0261552652102911,0.024833730359484857,0.025343608127341162
2023-05-23,0.030664177550286956,0.028466673722037008,0.0268167802736617,0.025470337000139114,0.024691733495750004,0.024326785847732683,0.024077003856748942,0.023980914352195886,0.024105405738188413,0.024474763404115505,0.02527027632463248,0.026288571828757424,0.025799314974075775,0.024462387326727585,0.02500332025526857
2023-05-24,0.029395898503893795,0.026927607142232357,0.025185298923894147,0.023805127153154384,0.023052258757572112,0.022748502121094805,0.022580997322878694,0.02256941609924022,0.022765996475485124,0.023191823172648226,0.0241025167673674,0.025155301057575578,0.024802894458372342,0.02353018005441235,0.024049002749566437
2023-05-25,0.02920463603887452,0.026888933526902557,0.02519302202660293,0.023842813707783222,0.023104649941811817,0.02281246873845274,0.022649698037400058,0.022650299200769268,0.022875886315518425,0.02329376319300151,0.02416376297846197,0.0251983391467413,0.02494406229949018,0.023680091176466453,0.02421483634970237
2023-05-26,0.029877132913239794,0.027724885309169944,0.02608156282697893,0.02475753856948295,0.02401659794972551,0.023708432065703156,0.023526403797094485,0.023502171037595318,0.023712163452067343,0.02412806718481075,0.02498414837147607,0.025921076688231397,0.025637069699862566,0.02433193336574013,0.024895841444980013
2023-05-29,0.028623195920845407,0.026420758174698716,0.02473638371046952,0.023360904626401842,0.022589746648552074,0.02229490777787476,0.02213890362188377,0.022139435606204693,0.02234607635648212,0.022786183325513833,0.023711208927792125,0.02463493225663763,0.024420268591785345,0.023175453430454417,0.02371457202256046
2023-05-30,0.029006263162614374,0.026852386095585597,0.025172254170879732,0.023793255849798644,0.022982893828772596,0.0226604798515192,0.0224742807646622,0.022444823138895818,0.02262620441790143,0.02304825793465561,0.02394178573426658,0.024872705799115217,0.0246458670272173,0.023385186689565934,0.023936026121326098
2023-05-31,0.02809682623415301,0.025758663423608462,0.024012671068416563,0.022653305700220908,0.021924266381911462,0.021719240309348107,0.02165593399415765,0.021739739308831836,0.022024395430999478,0.022502680952673115,0.023516015413390535,0.024568830622154102,0.024407445313096146,0.023243486392477877,0.023826270445736823
2023-06-01,0.028638137050117245,0.026225755529575255,0.02441492687873009,0.0229827003597529,0.0221722767892686,0.021883855671720187,0.021735878775187987,0.02175094063422248,0.02198223120726129,0.022415239523495337,0.023333588517044927,0.024341930313297178,0.024156464296335337,0.02296999462702156,0.02369554060483703
2023-06-02,0.028173712960221642,0.025480146611064375,0.023594409038341396,0.022128912066551286,0.021353180425862484,0.02111979493464894,0.021049235276421503,0.021151742712053848,0.02145585241199886,0.02194369624764209,0.022986391363203726,0.024173675843859103,0.02397664491714633,0.02283552406752669,0.023542467185964845
2023-06-05,0.02854541450427054,0.02601362776818591,0.02423901106274908,0.02288939243884694,0.02220366526844298,0.022029570385941888,0.021993399914903913,0.022112698642525675,0.022439926693600544,0.022930598203708318,0.023954620275646793,0.025133006792584466,0.025020474313116756,0.023920425789090975,0.024687837895517765
2023-06-06,0.028748703393980276,0.026268681200892523,0.024514872449247882,0.02317227641270364,0.022488284432311326,0.02232037127437556,0.02229480816170744,0.02243449923224496,0.02277953399592758,0.023283112428179552,0.024323414310172153,0.025497015026460207,0.025372550911390297,0.024247845182017006,0.02498593603357229
2023-06-07,0.028920735846473828,0.026369046242383676,0.024577063812075268,0.02320554735009835,0.022511016851197798,0.022326974756846665,0.0222831759017661,0.022400655127996997,0.022726967475390915,0.023224181224403596,0.0242615668048243,0.025472970577490255,0.025413348954071886,0.024347434762968367,0.025109772410897256
2023-06-08,0.028642652616141812,0.02599577114281645,0.02415545364450914,0.022749134061917215,0.02203028164479762,0.021825959130299118,0.02176197506743749,0.02185595203112089,0.022158913450263384,0.022647457301901174,0.023679385676739176,0.024841988451256153,0.02476096790042477,0.023720932416645937,0.02443936019190333
2023-06-09,0.02867018895284635,0.02573472312992813,0.023758996373965096,0.022274172072606752,0.0215254315584772,0.02130675977593028,0.021235775593132864,0.021340165707235053,0.021664810874262582,0.022167163557163434,0.023226483810657957,0.024396050444790093,0.024326585926423335,0.023278859040511624,0.02400374600618104
2023-06-12,0.02899210180941576,0.026222671111759608,0.024357377016076993,0.022954242361684224,0.022254048475190805,0.022055448046526396,0.021992072952294127,0.022092822033842708,0.022405306678021007,0.022909504824716327,0.02396348295096158,0.02499703530495875,0.025072695664577486,0.02402937287348036,0.024767401081641154
2023-06-13,0.028882417712753197,0.0262023308278561,0.024373128250160123,0.022988624681244657,0.022299975792297557,0.022121007018425044,0.0220814506264083,0.022213135507160663,0.022554353485541984,0.023076676078504717,0.024179901994082858,0.025216964667241517,0.025281477800342702,0.024193682820641604,0.024948465423036723
2023-06-14,0.029298160049577904,0.02669618483276913,0.024914968085023664,0.02354999645599392,0.022892935840612954,0.02270132699264208,0.022646030232166714,0.022763339999293548,0.023108645266439694,0.023627784210655225,0.024728274134580137,0.02585290348710891,0.02591174780780989,0.024797884767003033,0.025558284912706057
2023-06-15,0.029426889718097666,0.026982171139559887,0.025219167525083342,0.02383642396042273,0.02312680136574244,0.022886910227420128,0.022772060369251144,0.022821300677369902,0.02308959435095875,0.023585146740852162,0.02469214571166632,0.025808314873961624,0.025818408442632862,0.02463521955652175,0.025414032249102436
2023-06-16,0.030266252710297474,0.02792700437142528,0.026275275937166526,0.024974339468142103,0.024307884033258568,0.024062438909902336,0.023938823467071144,0.023986896705377275,0.02426109973063348,0.024752117529293162,0.02582154856540773,0.02685521631289794,0.026805041708046273,0.025555600983764883,0.026340710181184897
2023-06-19,0.029958331867695247,0.02776366016177489,0.026156228957682107,0.024862891917696937,0.024177046654956198,0.023909360819726725,0.023759246551629074,0.023758345166205088,0.02396857204836409,0.02443894657983151,0.02546753976879952,0.02644304905284933,0.0263501668487551,0.025046139051824356,0.025831061962874494
2023-06-20,0.0301332844142347,0.027824088770735868,0.026154704495715848,0.02483081797049299,0.024142149013381284,0.023884279026451564,0.023753628015339322,0.02380729196634998,0.0240816328093264,0.024542196369830446,0.025530892934232365,0.02656354478914949,0.026535592800254654,0.02530795844847194,0.02607754686022424
2023-06-21,0.030249008936702293,0.02806318711727433,0.026408478874785833,0.025054441826307398,0.024311678497748863,0.024015447093269037,0.02386030897652742,0.02388691560010696,0.024136948096813368,0.024607598539211937,0.02561951018852851,0.026692840762810418,0.026592702880543714,0.025352745119665412,0.02614401817882862
2023-06-22,0.0302912283987422,0.02797817978356594,0.026265344239469298,0.024883320716000454,0.024137150812116568,0.023838105561743084,0.023676774064582427,0.023695951298454705,0.023949680196534984,0.02442143627766857,0.02539851469528242,0.02645051522997733,0.026427499490132053,0.02514630127499064,0.02597025508673385
2023-06-23,0.030588692273367548,0.028352273549092755,0.02668839580598513,0.025329194143282076,0.02458489893510705,0.02427516258721281,0.024106021808379223,0.024119150079077518,0.024350806981564922,0.024791593795412438,0.025750590203645826,0.026793036031213333,0.02667648874624761,0.02537961877303162,0.026190952121856036
2023-06-26,0.031032580681338264,0.02892214544670415,0.027281921729074524,0.02593225135280733,0.025185195010998977,0.0248651059620106,0.024679063755751258,0.024683731137149837,0.024933953705894914,0.025394025682541076,0.026341587369735527,0.02735400123512766,0.027254969041798558,0.02591739537368837,0.026762560765543387
2023-06-27,0.03051854985837651,0.028400481678197267,0.026676822495260908,0.025225473324091703,0.024382672316274986,0.024017793485798487,0.02379777979884301,0.023769807698112527,0.023974979733246395,0.024419607844038734,0.025362542325066902,0.026288856509705475,0.026161003722749373,0.024798965486798996,0.025625740638985456
2023-06-28,0.03002069174944107,0.027581438734830672,0.025741374556536602,0.024233969651234144,0.023382147598216767,0.023022557246105278,0.022801816903377934,0.02277086153886486,0.022968212873183423,0.02344195711147247,0.024446829908159426,0.025486849877191815,0.025494242693446585,0.024196344739754332,0.024822064748494868
2023-06-29,0.029423853000595846,0.026832151873486622,0.024915921073632684,0.023355394522184058,0.022490875918178648,0.022148533166449772,0.02196497570781316,0.021971537909273864,0.02219624364200445,0.022673133786454323,0.023710861085280126,0.024738967076289555,0.02481876105948828,0.023640639601863345,0.02442960296161461
2023-06-30,0.029457074190156366,0.026801831400455493,0.02481346543927548,0.02318812210401003,0.022300244211106282,0.021960330206588212,0.02178716512655798,0.021834930551222858,0.022077901085381695,0.022522146439590326,0.023552705306034163,0.024628026702971772,0.024711284430439084,0.023597067209447146,0.02434704087358988
2023-07-03,0.03024068597458852,0.02762782169145513,0.02561460768641153,0.023942620688639744,0.02297558949501894,0.02256478296914422,0.02233577950556031,0.022349030893267306,0.02257126588732158,0.02299688902633825,0.02397805990880988,0.02501128268513645,0.025060010131089043,0.02387301918984738,0.02469300349416581
2023-07-04,0.03065477148459543,0.02803181747085575,0.02597084841102209,0.02426385478368682,0.023297333957968364,0.02291726773809748,0.022722902484544255,0.02276869078042259,0.02302190415595775,0.023465814889582753,0.02446969090728657,0.025546751726975684,0.025640020839616105,0.02446958478501426,0.025282386312209557
2023-07-05,0.030502089895217903,0.02784493734555014,0.025798926078438967,0.024112413113661465,0.023164663554422434,0.022802138571447656,0.022632624032767244,0.022701720500747542,0.022974258719634613,0.023434502876382383,0.024471365287115923,0.02557431305463884,0.02572567526803983,0.024594936244584274,0.02543061123239651
2023-07-06,0.03122417540878818,0.028574147113675296,0.026555494471519083,0.02489673264579197,0.023967918302526366,0.023598036212497377,0.023411771016182227,0.023464704042978665,0.0237215276652462,0.024159000503111823,0.025143822798742617,0.026156538505976826,0.02617500892117042,0.024921928209722784,0.025725325943584003
2023-07-07,0.03086335130192304,0.028289202462224855,0.02626965889285464,0.0246043763934845,0.0236703914247566,0.023310716355414294,0.023130528408644196,0.02318091980815505,0.023431202634135898,0.023880203840962427,0.02489582751662683,0.025920569642490558,0.02594041522525074,0.0246998923544383,0.025580679816496178
2023-07-10,0.03089168597778981,0.02820607369201363,0.02608739716496438,0.024347259585568035,0.023361864197294666,0.022959210471064737,0.02274543140496295,0.022757945002725457,0.022964564836603092,0.023396048208208713,0.024426941626685628,0.025410838253770135,0.025430407030112605,0.024192014420691795,0.025006577593664828
2023-07-11,0.031056148540468533,0.02826671484937581,0.026089567025024282,0.024296615491588354,0.02329041266538501,0.022880527846198543,0.02266819537470218,0.022696559154249313,0.02292381392180867,0.02335405857702356,0.024365322492168186,0.025448770570699285,0.025527977774067886,0.024350645370877493,0.025165881913832486
2023-07-12,0.031503405913146175,0.028747245103994054,0.02661314868826254,0.02486787788860014,0.023892776307551034,0.02348858256052194,0.023272747123207285,0.02329355513470544,0.02351451255186954,0.023929599247887474,0.024923119626408273,0.02595066312361097,0.025985523108673064,0.024773675597650324,0.025584044628878935
2023-07-13,0.03157530948985309,0.028939005626588576,0.02686903466298984,0.02516559124972878,0.024198121235615096,0.023780549563546402,0.02354811316881876,0.023554184256023653,0.023760179701742542,0.024161698245392018,0.02513317031607925,0.02617876459170876,0.026204677824990807,0.024960952779185093,0.025758779133899033
2023-07-14,0.032449287753847936,0.029843442175736576,0.027769961080944396,0.026034774545334746,0.024982193824830613,0.024458042999514172,0.024116499337602165,0.024030895788705885,0.02415653988596165,0.02451173699966259,0.02536339359116834,0.026274727110653026,0.02612682986496453,0.02472203751753732,0.025512127787685843
2023-07-17,0.032280968332725486,0.02968381168106763,0.027536709403200677,0.025727548702996487,0.024607183988385434,0.024043978656633637,0.02367063850279822,0.023543860260757096,0.023619114471192717,0.023947392187969496,0.024775032841681217,0.0256248222869324,0.025423527158871986,0.024026733125845214,0.024838749566556403
2023-07-18,0.03304389319424525,0.030557575596820093,0.028483891728549614,0.02671761247252965,0.02562186716017371,0.02507185305841285,0.0247093127391266,0.024601316411085726,0.024694916317605595,0.025020909193696983,0.025826382989753673,0.02670458635844699,0.02657247463540624,0.02516719751973004,0.02595248285163539
2023-07-19,0.03242464075011525,0.029891376488865567,0.027714037386345043,0.025821850241312082,0.024600701937550085,0.02396656916156307,0.023541136630142314,0.02337915500315294,0.023418906644758788,0.023712543373718982,0.024472957363028795,0.02535635680586102,0.025220710131624604,0.023860657997852454,0.024586420889911042
2023-07-20,0.033152263343530636,0.030480749743566165,0.028270800004841515,0.0263804415124931,0.025178040958161004,0.024540204151700957,0.024106467461274064,0.02394654532794415,0.023999079758958354,0.02426597274127907,0.024935149599212617,0.02573691381701349,0.025566389460629408,0.02410982714944197,0.024778544667833982
2023-07-21,0.03388485594416537,0.03129476665389993,0.02911041222052525,0.02722830466447068,0.02601599233441432,0.02534544962067149,0.024869801920088357,0.024655642378515884,0.02465123347823167,0.02487390650746902,0.025425987674171837,0.026046780320809756,0.0257662350178705,0.02417143887982,0.02486020628574319
2023-07-24,0.03287565923292384,0.030071097740054703,0.027686369273841528,0.025640118160188834,0.02433130487769863,0.02364229440268608,0.023165572275001836,0.02296502269998802,0.022975870264859886,0.023223643366146057,0.023856717413859516,0.024606735523622743,0.024520894516002097,0.02310067496794065,0.02380643929775802
2023-07-25,0.03295508905147732,0.030019873994163206,0.027594115794253346,0.025507565962074437,0.02418500703282237,0.0234974779169832,0.02303454014532514,0.02284398967021104,0.022853340837976435,0.023117563302216832,0.023806341236132553,0.024582514720216796,0.02456033420929886,0.02321533629179143,0.023872468797497506
2023-07-26,0.03388328399053198,0.031090633535750888,0.028699368559587463,0.02661418034916991,0.025237104082227485,0.024446145283894462,0.0238597828117894,0.023568687745366756,0.02351428735528029,0.02371602474695144,0.02423623667264508,0.024907802534329008,0.024765489998559872,0.023304249044789522,0.02398198028403608
2023-07-27,0.033203603673118774,0.03036325218255535,0.027973012451526273,0.025898954038160667,0.024558315768025432,0.0238290975957257,0.023309584742463276,0.023076882954093113,0.02306031079003165,0.023317768412541538,0.02395493853444101,0.024659718740920815,0.024517493005890012,0.023069381731094976,0.023746477556383313
2023-07-28,0.03373946331917128,0.031019085263448615,0.028700525407995323,0.026692253559476097,0.02538581002464481,0.02465270183503363,0.02411749618526398,0.0238627872135762,0.023827824709877553,0.02404756532265734,0.024605481620695924,0.02524413483467903,0.025028808338502666,0.02350758923833322,0.024193558789882958
2023-07-31,0.03359023220208041,0.030826182674559846,0.028466086139527055,0.02641565074182426,0.0250781904650902,0.02431457601422401,0.023763230257445898,0.02348924596767581,0.023435747032724503,0.02365515811687417,0.02424265667634424,0.024867924734201838,0.024621984836112835,0.02312785264932846,0.023796833861597547
2023-08-01,0.03393620669622109,0.03124603069939579,0.02891675930323234,0.02695076145318044,0.025601268892328635,0.02479683501077436,0.024211378956949595,0.023900745892738013,0.023829690812245827,0.024007639924315934,0.02445416208231401,0.025062008315983108,0.02469067583492357,0.023132790536929203,0.023723064237432905
2023-08-02,0.03391515582855654,0.031213813698741464,0.02892619492598924,0.02699849026608036,0.025692951334631797,0.024933066967692805,0.024409911734188418,0.024173566426007598,0.024172205152188077,0.024400064739901403,0.024899774120637326,0.025437581017507684,0.02525433021448189,0.02369755285955863,0.024253957616383614
2023-08-03,0.034124547107349475,0.03148551763717328,0.029206711752688953,0.02727709932339547,0.025967140262119173,0.025190931024660874,0.024647355444093768,0.024418321737435925,0.024454067535218803,0.024705691615543337,0.02519823531712702,0.025774754176801265,0.025600081258740297,0.02411134382523817,0.024664152906693545
2023-08-04,0.03453500885273906,0.03231724274634992,0.030349823310761925,0.02865679055891354,0.027480302255556362,0.026757153819551096,0.026232969632041612,0.02597921562681122,0.025953892890776077,0.02615291639269975,0.02655831018060502,0.026969424026465367,0.02655254204104279,0.02486944098569968,0.025483296028709333
2023-08-07,0.03405319723997392,0.031760524925721345,0.02978871411803331,0.028127330245533586,0.027017206126937775,0.026373133042578004,0.025942860441329495,0.02578504897130732,0.025846245419008443,0.026096340327929932,0.02659541710749856,0.027139175824645978,0.026884486483471734,0.025322098971716524,0.025948172523728073
2023-08-08,0.03420504277866367,0.03187798172321893,0.029886019461859384,0.02821025015555337,0.02708282396582987,0.026425422233373314,0.025970565143867988,0.025776783537805343,0.025807492598012145,0.026076565982847376,0.026644507811226563,0.027227592765801497,0.026943382775278638,0.025362643699458527,0.025974460412918645
2023-08-09,0.034362818846082006,0.03204108801698108,0.030013025064820568,0.028293739478689246,0.02712530511944014,0.026439759321835413,0.02596659035176537,0.02575915863031786,0.02577623760929736,0.026023597105666946,0.02659263662752184,0.027182265105783577,0.026869897170101933,0.025291325168008763,0.025994424395551708
2023-08-10,0.033391022320268984,0.030927979526195422,0.028812627383056996,0.027047598599483875,0.02589518063732898,0.025270690664458695,0.024869208328265457,0.024712811773377513,0.024754165228139384,0.025049752740415952,0.025731316431520785,0.026451895341008787,0.026326192689140854,0.02497009467640676,0.025548085712080282
2023-08-11,0.03352866500903279,0.030713173099217825,0.02839638729948227,0.026503872351062698,0.025273063410478382,0.024582201858875267,0.024134340810936954,0.02395650990758019,0.02400621441426108,0.02429303336740744,0.024975570511965278,0.025708420442489294,0.025561737183998765,0.024238348779951794,0.024826923800179406
2023-08-14,0.033971522968144055,0.031213093752605624,0.028901241873850774,0.026996209317815757,0.025741535356502327,0.02502486613140954,0.024536747530895513,0.024311428156162097,0.024313907431807186,0.02460032175829561,0.025262676946083792,0.025912545982983586,0.025707841247703013,0.024302362587351058,0.02489947501684242
2023-08-15,0.034199200633610816,0.03132334149893909,0.028945567254120973,0.026977083583116214,0.025687686820406362,0.024942693562610724,0.024438221954486423,0.02420007269824588,0.024182729944668416,0.024451706100053275,0.02509516699323952,0.02574800507497903,0.02554345255080316,0.024157997454225963,0.024749224892461088
2023-08-16,0.03311919823128607,0.030083530792439517,0.0276248207591762,0.025620884618607936,0.02432884029813295,0.02360569311206301,0.023128547417433757,0.022918007750875432,0.02292866962991203,0.023218958670147696,0.023897009011337907,0.0245751722545808,0.024394458657430437,0.023071729221908643,0.023656269832046432
2023-08-17,0.03380159736293737,0.030725668790761246,0.028282733509781714,0.026299355002783627,0.025043522512345543,0.024346165523259085,0.023896713035346757,0.023716950570230252,0.023756029498462564,0.0240554567186493,0.024728471675870355,0.02538083707079776,0.02516612357470379,0.023780752675084074,0.024396872349488143
2023-08-18,0.03434928832224388,0.031293527661141386,0.028849167242652102,0.02686554588503631,0.02560400851762554,0.024898481807391334,0.024426806902923967,0.02420726764026396,0.02418739123699445,0.02445423718544135,0.025159975276342752,0.025685535078316543,0.02535691629463138,0.023889788206923473,0.02453737453093104
2023-08-21,0.03384424514502549,0.030818553140329438,0.02840313296666775,0.026442358803346496,0.02520243351430137,0.024493548479338073,0.02400987374350521,0.023793305306935904,0.02379718954584317,0.024072023299458494,0.024705223878033568,0.025378299283762697,0.025148094994250213,0.023762345905458143,0.024347909795661773
2023-08-22,0.03350007722640089,0.030458274916560883,0.02802900531095475,0.026059895957079953,0.024825216473970978,0.024126041124931257,0.023647988337882387,0.02344309494390273,0.02346802098164728,0.023772482809765974,0.024448362884438055,0.025088771252109322,0.02491033123747104,0.0235790151382968,0.024166899199760523
2023-08-23,0.03348972299665816,0.03050016901631166,0.028078847191262097,0.026117167100568075,0.024871416798119324,0.024167942395351884,0.023699786763447892,0.023497680379401267,0.02352088391142328,0.02381553350148613,0.024476941796424206,0.0251100677998116,0.02488617826678602,0.023538131628028956,0.02414201983721457
2023-08-24,0.03406141088457883,0.031111276478315172,0.028674505788963137,0.026707802492028233,0.02545197624074525,0.024722558307618162,0.024186689804113842,0.023903863469844685,0.02386100657624165,0.024126832839744573,0.024766853208691913,0.025396034488982287,0.025172031173368886,0.02378973718733052,0.024365885241387587
2023-08-25,0.03408419334624266,0.03097332131765182,0.028483110458209678,0.026483839835185884,0.0252292660881561,0.02450785901341251,0.024011483756015358,0.02379731973706739,0.023818475726303884,0.024090871700334165,0.024693203971857598,0.02529005175064596,0.02510352110875222,0.023778759326563825,0.024357104256058845
2023-08-28,0.033474887523880656,0.03046890616051963,0.028098050824678318,0.02620505897237782,0.025050041979914096,0.024413883847983237,0.023986443387926455,0.023814311671907697,0.02386554533230871,0.024213364916836785,0.024966812895564065,0.025707705276917063,0.025570572373176857,0.02428646210041252,0.024919199927631
2023-08-29,0.033270478901187665,0.03031227501615221,0.027972429388086126,0.026100266675984325,0.024976983363444612,0.024381051106064415,0.02400888910829272,0.023884421427639854,0.023958721536027607,0.024299578424666363,0.02508790049711026,0.025825957774247194,0.025658675633959384,0.024442521515094878,0.02497164269409241
2023-08-30,0.03354910124257493,0.030648962234497316,0.02837616527913932,0.02659931054123268,0.025517730929156483,0.024970661747501913,0.02459572663758559,0.02447264800069889,0.024596522956156677,0.02489670096530609,0.025646338462127848,0.02636714007617919,0.02616289743224214,0.02491942597463394,0.02540830073851779
2023-08-31,0.033216647417076785,0.03024350944256252,0.027961967562300023,0.026187162624558214,0.025115345797475777,0.024575333146815374,0.02421115538233556,0.02410085160126785,0.024234685595075384,0.024534858991142716,0.025255967491577515,0.02602977829906809,0.02583179159711209,0.024635901439841495,0.025086707723671435
2023-09-01,0.032595051262307446,0.02977832347585438,0.027681407104878073,0.026105006999101114,0.02521558383295425,0.024834064882413704,0.02462706670528795,0.02465511571190628,0.02489940405081563,0.02526172051627257,0.0260505866887972,0.026831064458277674,0.02676624488436022,0.025658296905929908,0.02604939741423473
2023-09-04,0.03255113491022984,0.02975636901185991,0.027616826912314704,0.02599741073555598,0.025068328318373433,0.024652626535285084,0.024407965199315627,0.02441329067872306,0.02465170578841751,0.025008423515610164,0.02574880112799722,0.02654285730713587,0.0265019747049485,0.025411966818348557,0.02576582844065174
2023-09-05,0.032769728763338654,0.02990746310145664,0.027818192141532385,0.02626815550709857,0.02540729241671178,0.025040330753383213,0.024831996201605533,0.0248496300315058,0.02508361928587828,0.025444778779331278,0.026218272869093603,0.027021307587602208,0.02692570971223698,0.025844794158393608,0.02618645115690075
2023-09-06,0.03220036403680433,0.029117431700370837,0.0268720645649968,0.025203955637965413,0.024262775522461213,0.023842258370377064,0.023599684015645956,0.023607979232611428,0.023849267971198667,0.024222616069028865,0.025035567836678048,0.02587609521392207,0.02578259644458027,0.02474775167371762,0.025105863195954144
2023-09-07,0.03276835810284174,0.029762835630863755,0.027508985480435597,0.025814949866421456,0.024838091851558344,0.024389276997707307,0.024111724778055555,0.024073789797871094,0.02427880825256106,0.02463463378913383,0.02541512687253591,0.026179431220402054,0.02607548896760126,0.024954434769179214,0.02541422366431174
2023-09-08,0.03309014507682186,0.03007202942805723,0.027859479618184996,0.026206080578146697,0.025269209612910692,0.024840904104335683,0.024590629026158856,0.024591149115002434,0.02482434248427564,0.025190124844972805,0.025970712781742705,0.026846002326029995,0.026832099124701827,0.025795377657754394,0.02629030712142495
2023-09-11,0.03343797400510986,0.030616820590602344,0.02849897491935647,0.026910537879890412,0.025999916695529358,0.0255749760439206,0.025314787936648982,0.025294612257891966,0.025516704846922998,0.025870326780162663,0.026618451893040258,0.027337669580064488,0.027218349184503894,0.02608571433749307,0.026551637582349002
2023-09-12,0.03336068898961697,0.03049693338883062,0.02827878157255102,0.026746497331952016,0.0258234892440624,0.02541648811220483,0.025183385956274014,0.025204003259209667,0.02541956070800558,0.025775409902121918,0.026547984666215375,0.027285761769105528,0.027159001628491317,0.026121898192385903,0.026578970788124903
2023-09-13,0.03388044496972849,0.031071537222049795,0.02885629228008757,0.02729938609307859,0.026345933169893847,0.025907664413294826,0.025631557209520914,0.025602383970772885,0.02577287911894387,0.026112578137183085,0.026894754637903712,0.027581076141644074,0.027474897259647604,0.02628393136407704,0.026797886263258807
2023-09-14,0.03361869105489898,0.030741010304575947,0.028491183045758674,0.02688645461073406,0.025947318964149958,0.025502282636213264,0.025219196336653517,0.025174407666443306,0.02532976638179886,0.02565393262378716,0.02638557615194607,0.027074502963844907,0.026966018599020328,0.025858627028414818,0.026320352907013494
2023-09-15,0.033445691249472186,0.03067300284441881,0.028510103433944646,0.0269807693555772,0.026110261211289523,0.02573824662461969,0.025526032917421934,0.025538297873118083,0.025727504777762922,0.026062492656749866,0.026845445533930933,0.027540845019508514,0.027463561193757192,0.0263571724548565,0.02684827449183805
2023-09-18,0.032778715648515304,0.029911533607567372,0.02769055738851316,0.0261142300372806,0.025214643314153923,0.02483020136786296,0.024620464639199518,0.024646612174610543,0.024846494363799466,0.025193122095024355,0.02598892393454979,0.026749421272378306,0.026843859558963106,0.02579992056359777,0.02632434752343178
2023-09-19,0.03363585984545748,0.030858189623781014,0.028670648778549468,0.02711638560122473,0.026226044528201133,0.025837395059917164,0.02561272534649429,0.025618495461461114,0.025804652927947345,0.026148452512310984,0.026922708918522588,0.027694546321407814,0.027769349506900156,0.02670057833046301,0.02720808609685952
2023-09-20,0.03312259182088126,0.030327281805508574,0.028118368281403277,0.026544704411395944,0.02564907080291462,0.025272264562438453,0.025067565383003632,0.02508594631610453,0.025290297987105484,0.02564494371927238,0.02645248843632865,0.02718055554974367,0.027097822821464966,0.02605863710543171,0.026617601701948716
2023-09-21,0.03235758047647147,0.029331012517866586,0.02698074756257084,0.025303096463436262,0.024340810773309806,0.023918005079748304,0.023686577294050326,0.02370483478546644,0.023913409174402996,0.02427983780854309,0.025108454048738117,0.02590646837307346,0.025962550391511255,0.024971608082809856,0.025511340282738826
2023-09-22,0.03271028216404529,0.029626575214839117,0.027265908767585632,0.025594121629448154,0.024625579973547945,0.02418093147479117,0.023931755647465226,0.02392803317645083,0.02410990643892278,0.024459553972268164,0.025255777558283975,0.02603707951337777,0.026018252608879293,0.024990758961841233,0.025600225867632928
2023-09-25,0.03321663690661561,0.030313164726287298,0.028001439294300046,0.026372127297288408,0.0254342134571087,0.024998171174118497,0.02472643589902597,0.0246952180019441,0.024867389831738203,0.025219673764029952,0.026043127919689157,0.026797566354188472,0.026756377314741318,0.025719348784077105,0.02632490208086189
2023-09-26,0.033382106429603015,0.030361755365775303,0.028013908141141228,0.026346929027384537,0.025379376191765893,0.024923290162802713,0.02465990086715373,0.024661489215188757,0.02487237615968473,0.025241481476880875,0.026063973255388753,0.0268509046513225,0.026861663634111382,0.025844560721513234,0.026506694423627485
2023-09-27,0.032929800097363966,0.02992235608750889,0.027517097678648118,0.025752340039668017,0.02470802499900203,0.024221380318627767,0.023941504317255575,0.023929603863068215,0.024115959412725874,0.02447527618741775,0.025310314692550222,0.02608765216478955,0.026140843892986883,0.025161981340506907,0.025817661313838065
2023-09-28,0.0336302056027959,0.03042513257510623,0.0279325258799277,0.026129259438262022,0.025064809412683686,0.02454351071386626,0.024227519720163078,0.02417852174326823,0.024338461440730264,0.02469337558264443,0.025540296227944046,0.026296096680814892,0.02627975875149406,0.02524477489272113,0.025857726794860397
2023-09-29,0.03272925976365427,0.029372480741251903,0.026829320511743755,0.025043462381294315,0.024044019375821346,0.02361128239615372,0.023399385044122017,0.023460673023174037,0.023714246735912825,0.02412714985598681,0.025059638241821697,0.025918589920216725,0.026061048931071657,0.025132798240512667,0.025777841347106523
2023-10-02,0.03319935735356926,0.02975306378816594,0.027238365124054732,0.025527739282008757,0.02459814254556103,0.024203358990949938,0.024014261926731357,0.024084078641679208,0.02434335734399204,0.024759457320618846,0.025667682794320124,0.026504465011246266,0.026600795967386907,0.02570922710881182,0.02634011060871462
2023-10-03,0.03337814000321083,0.030096130682445935,0.027700898780977083,0.026069344111631115,0.025172455049827774,0.024774842135342603,0.024575307778411867,0.02464069867900988,0.02489460679329477,0.025300576864751862,0.0261778615692205,0.027005766923971747,0.027065918618448436,0.02610448112832384,0.026752808515916236
2023-10-04,0.033674129825536275,0.030425587313908906,0.028018009139929297,0.0263669837594436,0.02546249961497516,0.025067129050136177,0.024866935393950317,0.024926231638423023,0.02517085465684606,0.0255719082009333,0.02645683664490575,0.02729375964495234,0.027453012879932077,0.02651418931315193,0.027167690122631167
2023-10-05,0.03402578246158045,0.03093258875127598,0.0286181024563127,0.027041069094774745,0.026175419531833135,0.02579601772867075,0.02559175127665789,0.025655632499178,0.025920526979816505,0.02633176248651592,0.02720359346989567,0.02799638499384343,0.028071636393599945,0.02704420075438424,0.027709181376218105
2023-10-06,0.0335478664041809,0.030440400617741295,0.028098882555735442,0.026468277064814635,0.025573872710885535,0.025174874155280535,0.024968792285985572,0.02502475693960617,0.025265127032807498,0.025664923219739056,0.026543035648679183,0.02734573440574062,0.02740497371605504,0.02641012171965519,0.027089850960126793
2023-10-09,0.03359407130444378,0.030455382278384662,0.028096185517597728,0.02646362893967207,0.025548033727215518,0.025120036729147466,0.02488112236098887,0.02490797565545779,0.02513226354441799,0.025521152834436057,0.02636138989615782,0.02712874233989588,0.027199867412902288,0.026210638949110257,0.02687822319091931
2023-10-10,0.033847642361329776,0.030753023419538558,0.028436741782654096,0.02684135213016727,0.025966332874646194,0.025573311155488068,0.025363581775740367,0.025409807625846693,0.025654211447858816,0.026059644438778194,0.026936307497435145,0.02771175070820091,0.02778651400212971,0.02684377824886845,0.027503304184491862
2023-10-11,0.03412740643938736,0.03103542545932446,0.02871015212134753,0.02709252050800779,0.02619324931607972,0.025779092125615112,0.02554807730360428,0.025581980549012246,0.025805422341998528,0.026202340115096374,0.02709516094368685,0.027876342119010036,0.027932879803712965,0.026911443560767735,0.02762271345214762
2023-10-12,0.034744109616636716,0.03165078645497432,0.029286792967495926,0.02762468921983961,0.02667836409069244,0.026219471610131714,0.025945524972928933,0.025943928837959113,0.026135897329950867,0.02649481983738401,0.02731417055829767,0.02802875640846781,0.027972050693332376,0.026884606452883222,0.027504578460660886
2023-10-13,0.034459180525699955,0.03128088119853671,0.028793432390403575,0.026953508755282428,0.02594635752123811,0.025448429401798867,0.02517022611883089,0.025172247776204148,0.025367730690153058,0.025743175538001855,0.026627082833712287,0.027454883855083663,0.027544723594420274,0.026627657086441853,0.02719244755349071
2023-10-16,0.03480176646087765,0.03167566179910171,0.029264239788101575,0.027502101767383894,0.02655688783438004,0.026105533022635467,0.025866169470957434,0.025908601326722267,0.026141814882045363,0.02655096731873704,0.027512120779524533,0.02838443921277025,0.028565355260649305,0.027610745220691717,0.02814545299362855
2023-10-17,0.03523881462564066,0.032216422536055916,0.02987040644936251,0.028146360323730576,0.027212858605088333,0.026748941287061068,0.026488865097115236,0.026504055273474016,0.02671102959653865,0.02710312980410701,0.02804733079507269,0.028904454409017108,0.02904841386793172,0.02805990350444981,0.028660859777795554
2023-10-18,0.03530423652640384,0.03233618367638314,0.030002640429792685,0.028271116588189166,0.02731869925504571,0.02683255840342229,0.0265485138898995,0.02654415927724542,0.0267372150877053,0.027119058002442752,0.02801292062606493,0.02882514082433949,0.028936370518738888,0.0278960293071566,0.02848025803848327
2023-10-19,0.03542270485761742,0.03237966820868347,0.029985022695066737,0.02820731363364429,0.027220546458119603,0.02670772238748433,0.0263952295175604,0.026371562624412988,0.02655397301560902,0.026936221220420654,0.02782730527967446,0.028659799722409094,0.028826221263990474,0.02778084773312294,0.028418787110909484
2023-10-20,0.035081660222829394,0.03217067667495767,0.029881661175116887,0.028198236961273004,0.027286319707060924,0.026834487481127305,0.026577735914699068,0.026601313345170054,0.026818926267848577,0.027212787469261184,0.028102208689020663,0.02894680261766527,0.02910026555413291,0.028071157719785515,0.028750771819746924
2023-10-23,0.03485316253100868,0.03183475802163027,0.029484951162181163,0.02778589960045735,0.026890335589955346,0.02647336537493476,0.026257361336655897,0.026313963753463763,0.026551766604144912,0.026943785780608978,0.027817169175370075,0.028704711012879438,0.028947503331348583,0.027997983073143863,0.028684001974801327
2023-10-24,0.03510767229850425,0.031968585151061955,0.029606639234210436,0.02791650001428492,0.027062595339391857,0.026680094960286775,0.026519090000971635,0.026637538898197838,0.02693016876962131,0.02736557359833266,0.02827598275282235,0.02923171679967928,0.029541123868214877,0.028693184258884816,0.029449166362854082
2023-10-25,0.03492697082732846,0.03191760603109274,0.029637775124216514,0.02802345752314176,0.027212222155124876,0.026864220797394322,0.02671606197970226,0.026835945987076247,0.0271296722275659,0.02757582808524205,0.02852114786020357,0.02942691575530195,0.02975361418814542,0.028878923141613576,0.02968722829417227
2023-10-26,0.035178112621557296,0.032159496384130334,0.029912219759487352,0.02834813074120627,0.027566497879501148,0.027227089879448305,0.027091622536882513,0.027236135991886897,0.02755234076955629,0.02800454396623225,0.02892134878943928,0.029818447588635864,0.03015583432397878,0.029325459710210455,0.030117471302583937
2023-10-27,0.03544334200578113,0.0326660121766248,0.03065213591016596,0.02932700856762154,0.028735077113139364,0.02853933720868496,0.02850248455831088,0.02869531362701625,0.0290410248596262,0.02950615710526242,0.030428701680905463,0.0312360172549042,0.031380749283884346,0.030428441220683163,0.03136280544572993
2023-10-30,0.03477940647439498,0.0316914368457471,0.02940737923196716,0.02784506291018833,0.027116743143094726,0.02686018643649913,0.026793593847873522,0.0269712321373763,0.027296686191082182,0.027772263202659315,0.028735442320304835,0.02962521847400195,0.029963259990869965,0.029061772639673755,0.02987788814674705
2023-10-31,0.03507104526083519,0.03210822408879428,0.029948471304417874,0.028502520489299164,0.027865769763048488,0.0276812965877021,0.027695578188737583,0.02794045011991609,0.028315940909750446,0.028811429837944016,0.029805190086561198,0.030751447786361026,0.031110355937633307,0.03028719698551393,0.031123492049656105
2023-11-01,0.03508844034822812,0.0321312915137144,0.03001016707023542,0.02862634192426629,0.02804605222477764,0.027911826508807636,0.02797415578198777,0.028262693473624992,0.02867797441158387,0.029208067472547592,0.03021258554557602,0.031177716154695945,0.03153339906018002,0.030761554292330566,0.031529439912047
2023-11-02,0.034694624194760784,0.03181657557519519,0.029776843694872435,0.028466597405197986,0.027947301059767303,0.027848119599161895,0.027913373410732113,0.028177442490103986,0.028562278894027283,0.029080538657427303,0.030117532276680892,0.03103027089009751,0.031325387072493306,0.030457298000761596,0.03123113302812421
2023-11-03,0.03397808378320635,0.03092124316440166,0.028772064526851646,0.02742392515006881,0.026929635654285237,0.026873025088273272,0.02699304791085867,0.027308720807039603,0.027749107435937195,0.028301771171499946,0.02939950828744003,0.030442480756117274,0.030893742674075925,0.030180660508789935,0.030897978334699674
2023-11-06,0.03414497067672696,0.031147973620022133,0.029174762007772605,0.027729988636402907,0.027245333427401246,0.027192911508103462,0.027321049893898483,0.027649812918261168,0.028099187986090752,0.02866927208859312,0.02978757434182947,0.03080257826477869,0.031193964346638323,0.030459727148018294,0.03104534903770015
2023-11-07,0.033461143227791174,0.030201083478899778,0.028041035778041547,0.02644243053093802,0.025871453831589352,0.025775579542482583,0.025864842798650613,0.026175546869563093,0.026596016785502795,0.027141461079930308,0.028205164661013072,0.029244399549744247,0.02970047840634288,0.02897094717528077,0.02963650375465365
2023-11-08,0.033611630074767467,0.03037915141718049,0.02825231705857663,0.026691651644648522,0.02614033672071037,0.026045303707512624,0.0261370208016159,0.026451584915298445,0.026898078669159997,0.02747248122905618,0.0286109614003591,0.029654324586507585,0.030060357236199684,0.029351091998299564,0.02995319111637737
2023-11-09,0.03358467320165682,0.030417573934646593,0.028252770104826602,0.026631880684903183,0.02598119774413299,0.025775277654058643,0.025749255469427933,0.02595678041507043,0.02632275217208804,0.026840497228508887,0.02791692645975593,0.028873605605567707,0.0290746350962533,0.02828479111159135,0.028921663073047887
2023-11-10,0.03446059167148881,0.031269718768409206,0.02906941739910091,0.027470667893828755,0.02673965477077853,0.026505996283199253,0.026454092275337175,0.026649056419583265,0.027006046310947072,0.027500543003277214,0.028508474929734556,0.029402225438813975,0.02958332405770469,0.028668114464398695,0.02929787375537901
2023-11-13,0.03410112551564004,0.030991215339281352,0.028813064307394127,0.027203914494409353,0.02643583279936479,0.02617677845553859,0.026103039389725326,0.026265299040329187,0.026585637776505546,0.02707611897890299,0.028108875392417604,0.0289981780041132,0.029219033556241298,0.028310401735436808,0.028857855662652743
2023-11-14,0.03425276227948282,0.031104967485176195,0.028926569068883835,0.02734064879404166,0.026614366761998205,0.026387992129026882,0.02634195498862847,0.026541774331528576,0.026902127881084332,0.027419691313861152,0.028481455231849553,0.02943824508067499,0.029751507397813785,0.028907222422731516,0.029476585690212744
2023-11-15,0.03499270244970098,0.03202957352686215,0.029933869953494775,0.02839635831909184,0.027687319531441667,0.027474144155314517,0.027431474504555693,0.02761373980587047,0.027944562674229362,0.028441170368147414,0.029474942508634833,0.03035739940179344,0.030532253322031782,0.02959091891462542,0.030149124371890077
2023-11-16,0.03511417861372629,0.0322427865644636,0.03023644639790308,0.02875959972093415,0.028070177367728533,0.027870307224302695,0.02783417575384844,0.028045275676177574,0.028409526511969724,0.028911479611356938,0.02990319022405794,0.030807897479632692,0.031036058412336358,0.03003768107669987,0.03057003086622496
2023-11-17,0.03476978723787057,0.032097482094337194,0.030209966950270773,0.02877036205765196,0.028179769068284285,0.02801882000360395,0.02801476992140847,0.028241062732508797,0.02861014022301751,0.029123258035084507,0.030169426852362013,0.031020367275957514,0.031144817677021555,0.030077489527780353,0.030529930998501858
2023-11-20,0.0340870556026706,0.03131295249683877,0.029388273965134933,0.027937961055427656,0.027381861830374058,0.027273768373005575,0.027329672330878737,0.027602603928362324,0.0280086019214184,0.028559434318511004,0.02970197141255283,0.030653022370680454,0.030988318648095963,0.03011449450592847,0.03063120562136361
2023-11-21,0.034176918071996236,0.0314083325408549,0.02949583831255085,0.028064626370922507,0.02750601450507,0.02738162966764457,0.027420709794028834,0.027699593024613528,0.02812749715818433,0.028688014161510542,0.02981967750685714,0.030674051517501345,0.030888035221737938,0.02997310969936193,0.030433784692474583
2023-11-22,0.033913711786691995,0.030983354572656472,0.02896029517299913,0.027442906107440077,0.02685767447502872,0.026743510656781894,0.026803022439188348,0.027088076329535707,0.02751306184955888,0.028077362413307296,0.02926657376616226,0.03025691815542827,0.030601630607594583,0.02978861864124705,0.03026298475538269
2023-11-23,0.03436014651232926,0.0313588299531833,0.029328796304362692,0.027825005298445112,0.02725473617856044,0.027155616675362104,0.027236021769651446,0.027554929787640382,0.028014118320445112,0.0286208306748441,0.02981468006488613,0.030758801861677194,0.03119614015528781,0.030361834959799626,0.030856349921975414
2023-11-24,0.03373948787954772,0.030735752049759795,0.028691309866152113,0.027184869602611447,0.02663354431626335,0.026565992974030624,0.026673001531972582,0.027021810506996865,0.02750648987475728,0.02813251586346981,0.029371109717874763,0.030438397772502585,0.030919461351450704,0.03016128936455481,0.03080553915397329
2023-11-27,0.03338447102183954,0.03030602603468836,0.02825135872379776,0.026750611238717387,0.026241393275586552,0.026230592432672957,0.026410691700170647,0.026822194188196126,0.027350608775686902,0.0279987105638557,0.029304597854172644,0.030473577034820017,0.03100576615836534,0.03037668155887864,0.031071646199178023
2023-11-28,0.03331520787761866,0.030354893236609507,0.028380780031112326,0.02694428901182334,0.026477337545461558,0.026486469240104064,0.026674677688618188,0.027096819163909082,0.027640723661815497,0.028300290093706895,0.0295984235499024,0.030666235952014738,0.031148264264429293,0.030483887226955813,0.03121528968766334
2023-11-29,0.03304315430592928,0.029916006606614424,0.027839694886062263,0.026346476687161623,0.025871787876708362,0.02590301797990132,0.02612291270827126,0.026569618298188484,0.027133975274486816,0.02781655214638288,0.02919155808064066,0.030325881512609267,0.030890640210528855,0.0301748538796456,0.030934913645920565
2023-11-30,0.03285592140713031,0.029703789787203762,0.02762126716871498,0.026117064690993206,0.025591706390195527,0.025585004901753607,0.025776657051208685,0.026198602091325143,0.026739993002901193,0.0274188555697734,0.028787398897731888,0.029961787649124588,0.030621745098659496,0.029955514803252765,0.03064673491669455
2023-12-01,0.03293421558743374,0.02970585954586639,0.02755260985838083,0.02600540024448013,0.025444538075556158,0.025387107765349973,0.025513824014193057,0.025883283039078227,0.02640260970391369,0.027078160552250253,0.02847822324164705,0.02965228519287475,0.030230390896935275,0.02953846716359819,0.03019995829225283
2023-12-04,0.032986438929885044,0.029537750165360928,0.027264265212587964,0.025612674086349874,0.02498618591931452,0.02488325758543366,0.024972464141057478,0.02532581095552944,0.02582654789904625,0.02650660397722426,0.027881574009529557,0.029001940400698742,0.029570598803308045,0.028784378837273073,0.029762041907902645
2023-12-05,0.03337951014537508,0.030021333654275437,0.027830745643809975,0.026253811589321597,0.025672942123930325,0.025589298291874844,0.025695160565142896,0.026044919659308472,0.026550675251238085,0.027238052271445636,0.028632855820974627,0.029754619264459777,0.030287054441207294,0.02947081085070466,0.030163342726797212
2023-12-06,0.033034542016374034,0.02961626409087964,0.02735832807077958,0.025729863598560686,0.02509901651139498,0.024971712839415572,0.02503943514755498,0.025361439959062954,0.025839616827341847,0.026491770961106515,0.02781190865360932,0.02888019411405822,0.02930728165492969,0.02844211084570379,0.02920044663660591
2023-12-07,0.03309923075079178,0.029594548901964033,0.02724927813260886,0.025542750036289093,0.024850688788618222,0.02467283566140868,0.0246904431806722,0.024962493220882943,0.025399679260702687,0.026008247755960123,0.027294891678230116,0.02829566377328458,0.028594915576864464,0.02764229701448683,0.028336157782365423
2023-12-08,0.03363084619110791,0.030098855273801607,0.027734021126526814,0.026000575708537813,0.02528828909570435,0.025086168373368523,0.02508988840350491,0.02535656875336748,0.025788133791493837,0.026392257780011967,0.027677417575257927,0.028735763992049877,0.02916800056191521,0.02821578713077003,0.028832368489625226
2023-12-11,0.033791518495399755,0.030374582524789587,0.02810567081452457,0.02645576176435771,0.025779919069859897,0.025589031642870207,0.025592977148655837,0.02585439629066997,0.02627120451214087,0.026844533512386883,0.028089633300763212,0.02914413351727385,0.029510523823538398,0.028510113204072395,0.029115932539267194
2023-12-12,0.03410924436461833,0.030734849088800906,0.028449804463698318,0.026771609291685552,0.026069422529696608,0.025864303491744244,0.025856812782110473,0.02610771954971158,0.026519988112322167,0.027098427728656768,0.028350966522142466,0.029378650244280154,0.029740995316197835,0.028740124694446496,0.029298654633047257
2023-12-13,0.03312348132405296,0.02962495679143886,0.027240650389138248,0.025513744318049474,0.024770437667248416,0.024531181247640088,0.024563745043367956,0.024829460118561842,0.02526191085089846,0.025837800821163003,0.027071274564074835,0.028202556086128087,0.028725634514838026,0.027742668155201513,0.028212902877669525
2023-12-14,0.03339118222542248,0.029928908181916167,0.0275500885765183,0.025840742926260183,0.025111105901997065,0.024896989243800013,0.024947937557703793,0.025212392036945277,0.02563730968061396,0.02621123248481957,0.027471398347981672,0.028575070406792996,0.02907039233936896,0.028105894061730426,0.02862290700319326
2023-12-15,0.03286773815517318,0.029448260861076145,0.02708206898873833,0.02535007987488878,0.024598214684309772,0.024355076674831833,0.024414199925448538,0.024685944390299135,0.025114954128347026,0.025707398441449578,0.02697062489513405,0.02806830323537923,0.02863846374719785,0.02769418135224224,0.028186277299449516
2023-12-18,0.03305355876871537,0.02970037557082272,0.02736181958995278,0.025661234902836106,0.024919041263684192,0.024669941035432564,0.024681794975819214,0.024921892686370087,0.02533170716952563,0.025898838461365512,0.027085860317416666,0.028162028227384468,0.028626273668111372,0.02756272862286901,0.028135969140811432
2023-12-19,0.03322669434510392,0.029946734155345146,0.02764857959309006,0.025977777907793053,0.025248878685140683,0.02500478998614362,0.02502540678021295,0.02526920008795076,0.025681340935749038,0.026241374688419514,0.0274516763645491,0.028505836889539428,0.028903050586099297,0.027874726710579414,0.02841034630250845
2023-12-20,0.03297046987208377,0.02961425628011463,0.027219514051806865,0.025436411908155033,0.024627971064782168,0.02433427296477262,0.024336519878531478,0.024560122371825956,0.024941266008709245,0.025477929586753316,0.02665125690287571,0.02771529387836788,0.028155534586501198,0.027068695772733693,0.02759689571808199
2023-12-21,0.03320099902635083,0.029781663945130564,0.027368125159578316,0.0255956652727508,0.02477855827023793,0.02446507379596724,0.02444020913503385,0.02465351694335686,0.02504719974316298,0.025571813453890882,0.026648221697535366,0.02767025635204008,0.028154203338859336,0.027128322397655336,0.027621031219639477
2023-12-22,0.03351950086079033,0.03027409253015008,0.02796033175177529,0.026249529848716674,0.025440296752609486,0.025106953571179962,0.025045259415596655,0.02522434461168206,0.025573688676994298,0.0260607351716423,0.027059527111595358,0.02806663190214651,0.028452304699708494,0.027371033800523324,0.02788839758136108
2023-12-25,0.033713781189630414,0.03047716378504612,0.028164166071034762,0.02646252886051825,0.025669211754548175,0.02535126797315214,0.0252966099033689,0.02547980706078475,0.02584012995958906,0.026345935821163194,0.027380140321621945,0.02833473292621234,0.028702077724495158,0.027634527092498532,0.02810061966369891
2023-12-26,0.03285601675404696,0.029454273609530356,0.02705441899864668,0.02529501588648005,0.024502017139921145,0.024210371323981707,0.02421244049189873,0.024441580099132904,0.02482546061570518,0.025365361995202753,0.02650702999604626,0.027564219092683938,0.028068971329199187,0.02706163735311559,0.027552376402824243
2023-12-27,0.032325092489727716,0.02886592316450702,0.02646452863460779,0.024725224618547925,0.023957738373499862,0.023690004413424948,0.023724881537265374,0.0240106225617275,0.02445220124420504,0.02502912472174531,0.026227907819431615,0.027358643258780263,0.027944320058467104,0.027019935497713293,0.02750312988170231
2023-12-28,0.03180307993007096,0.028061708383462232,0.025557927586513263,0.02378469450081781,0.023053502739758727,0.02283309557025814,0.022907041420296738,0.02321190919491598,0.0236575636338085,0.024231877935508392,0.025424373255311872,0.026594550782634407,0.027237292764809302,0.026367148553263112,0.026858721426234577
2023-12-29,0.031905964252592914,0.02828798831862293,0.025931760828677732,0.024293177258536393,0.023627080149527052,0.023411119207806703,0.02346366282353829,0.023750237580728462,0.024200700802692567,0.02479308778104389,0.025996452978185886,0.02708572121043419,0.02763438672126092,0.026687677669239348,0.027228543183487428
2024-01-01,0.030718967799712338,0.027083871046939625,0.024745629326042993,0.02312684756084248,0.02250107775002667,0.022338148392550567,0.022444381810057975,0.022756494398625864,0.023200411874683895,0.02378257347972496,0.02503272553011226,0.026195432602812346,0.026841246384478504,0.02601456866031223,0.026467611941320347
2024-01-02,0.03089994670089329,0.02718364434175526,0.02477846801597636,0.023121408371485935,0.0224791520053672,0.02230800797842721,0.022395550144717023,0.022708921368137378,0.023162254288764724,0.023733241528177396,0.024888696452310902,0.026027607985477715,0.026624318905667917,0.025756461700828008,0.026186833950146978
2024-01-03,0.029937154892380462,0.0261452625372658,0.023710270776929474,0.022048078837641105,0.021408527513939502,0.02123425413207605,0.021318583383545624,0.02161571794656999,0.022051318621098194,0.022598025753221885,0.023705595617988268,0.024747748897551897,0.025299444407191035,0.02443870162557216,0.024811289590249103
2024-01-04,0.030517883653253947,0.02657825266321207,0.024059182048288556,0.022324692639042448,0.021629142721767688,0.021392185374738498,0.02142523648889093,0.021674721972221166,0.022077793594403722,0.02261875509426459,0.023691004919140984,0.02470799652622918,0.025184971647832857,0.024216468614507176,0.024623996785975055
2024-01-05,0.030800873521172955,0.026676175638134313,0.024028938979841725,0.022183283636992075,0.0214154733916938,0.021120733580437694,0.021115418316255755,0.02134085394561808,0.021718514123621264,0.022238123908649144,0.023280292815761213,0.024265488852279676,0.02469149997636841,0.023722268251210297,0.024109195679125384
2024-01-08,0.0312285476280797,0.02723170103252062,0.02466718477864401,0.022917594904260603,0.022201563813068936,0.02194689932021429,0.021964640186222253,0.022219497254664846,0.022641692566615156,0.0231874144926147,0.024279120614426306,0.02523146185623598,0.025661661298085617,0.0246452330169125,0.02493828012896776
2024-01-09,0.03124606472921469,0.027149496748386192,0.0244985316103493,0.02271379434456983,0.02199422152917495,0.021736116031616872,0.02175201542729342,0.022002336453692827,0.022415737208179156,0.0229586613172288,0.024037250585419865,0.025023169820322492,0.025459209228053708,0.02444403587406496,0.02481699378879951
2024-01-10,0.031378794794110716,0.02737417686902736,0.02465220319295893,0.022765503254979322,0.021932235948644813,0.02157903547889778,0.021508070226722097,0.021670250096524787,0.022012576349839257,0.02250750516433259,0.02353118792542063,0.024489997602689096,0.02487231519304665,0.023821238836983106,0.02422038200693939
2024-01-11,0.03070077062102357,0.026993884406188745,0.02437787145081218,0.02244260842668572,0.021657209488010896,0.021264960573887846,0.02114729352651127,0.021262286762401626,0.02155803515165806,0.02203016050093091,0.0230277942481452,0.02393342353878283,0.02433320370557539,0.0232783382193902,0.02361449217710677
2024-01-12,0.02936542104294731,0.025748315738430873,0.023233136229592846,0.021416131953657665,0.020739505442210468,0.020459666067594993,0.020438834178780254,0.020646428737377178,0.021011714206635262,0.02154304218957396,0.022637852198701142,0.023605788853115244,0.024063230415909766,0.02318464195415454,0.023517799699813578
2024-01-15,0.029250495199630192,0.02533837754184336,0.022652775648858797,0.020726337359807112,0.02002519853940686,0.01971707175482708,0.019660658836521277,0.01982158278963594,0.020156848396344188,0.020674609811996866,0.021753130083441843,0.02273898265536592,0.023278720868984703,0.022136641905688235,0.022575810060820718
2024-01-16,0.029688784673135533,0.02584023205793218,0.02317060735114678,0.021245140311107413,0.02052691667395864,0.020200452992551805,0.020136707410790787,0.02029407045259503,0.020620495384942497,0.021106540932459894,0.022132695677959734,0.023081797470884537,0.02358667390420891,0.022671703147139274,0.0230192406898498
2024-01-17,0.02919336480789244,0.025224177589446138,0.022477697898912023,0.02051135898386092,0.01980604643125501,0.019512131074511396,0.01948064233740831,0.019664818980621657,0.020006998937028078,0.020496638315822498,0.021556543375939034,0.022505830128646816,0.02300476306602242,0.022098733609380635,0.022436928151066387
2024-01-18,0.028937965404673815,0.024938652982693703,0.02219151485165918,0.020234599200645922,0.019532350126657962,0.019230443092463724,0.019192767862001768,0.01937070802536386,0.019710645759914526,0.020198762610484578,0.02122732510002812,0.022101496853023275,0.02252352871154862,0.021618119982053204,0.021968019385993617
2024-01-19,0.028623882161975624,0.024549563196295504,0.021775352592805622,0.019824742971246662,0.019164976792146116,0.018912349902968504,0.018935842535121154,0.019175822312923304,0.01956926014171237,0.020096970373512227,0.021215342296859254,0.022188854974151996,0.02270109679686773,0.021854735078571483,0.022134590014145493
2024-01-22,0.028605499130842246,0.024524387493396957,0.021748422115531987,0.01980019412441855,0.019140847849490182,0.01887970000153282,0.018884547955743947,0.019106515050990678,0.019490848266519704,0.020019465063757954,0.021125381872399495,0.02212482183545328,0.022656490791283693,0.02185139839423989,0.022295971577563245
2024-01-23,0.028637667480529597,0.024618860599988582,0.021862467066768733,0.019913604790698067,0.019239511706333028,0.01895716455167869,0.01893731017178635,0.019133971402192147,0.019494169311306292,0.02000484129948523,0.021077613045811516,0.022062525699824698,0.022569199388950384,0.021749101766904807,0.02220298829396395
2024-01-24,0.028441901195245377,0.0244252012403251,0.02169295833474764,0.019776591554887573,0.019137878601726405,0.018890777909504126,0.01890622205466356,0.01913625366107835,0.019525557269390596,0.02005378214200951,0.021156335292810177,0.022154621038745576,0.02268358309060092,0.02188206637202589,0.022329433166610065
2024-01-25,0.027895741877017807,0.023964430062311307,0.021199457588995094,0.019209420689356438,0.018489239215014344,0.018176191247833852,0.01814815319479513,0.018340611035168392,0.018688028284932053,0.019182303229976314,0.020210059168389236,0.021283740994342833,0.021871576931972506,0.021144597097647412,0.02147700750429242
2024-01-26,0.027687893040683677,0.023793915900333248,0.021117841523471063,0.019218242869562432,0.018576085687541374,0.018328842331095916,0.01836590666548449,0.018606185518705583,0.018977162261334023,0.01948932243495205,0.020590612651264075,0.021550130564985663,0.02209847216961753,0.02135439049236389,0.021634752285723275
2024-01-29,0.02764796550215925,0.023789704565027492,0.021247065957173895,0.01952971032487904,0.01903897722705304,0.018903308806097252,0.018996897596350412,0.019287100794060524,0.019719690649689245,0.020291491302947863,0.021465030390729892,0.022504374804125853,0.0231270128933781,0.0223856712461327,0.022607413140716643
2024-01-30,0.02767008629838002,0.023779312307746173,0.02122322832151206,0.019501736267470107,0.019012691486317075,0.01888106304491504,0.018979628553222005,0.019275481608817785,0.019714220297564002,0.02029120351012572,0.021474446006483662,0.022507552269625978,0.02313010626189138,0.022385970550322987,0.022601152139853115
2024-01-31,0.02817908483354328,0.02425681594286011,0.02165419776695926,0.019891983014883145,0.01936193278204876,0.019202088995071427,0.0192990877972223,0.019608567817797927,0.0200646838266529,0.02063100348806303,0.0217779010882986,0.022788870434909486,0.023390426226129076,0.022704605381042058,0.02296671089298595
2024-02-01,0.028347223727094834,0.02427727039545812,0.021558132396208195,0.01974903355065194,0.01912964064270446,0.018964761474127814,0.019030718449220073,0.01929232055920196,0.019698102558834325,0.020264994980711312,0.02145971480206522,0.022511806283817236,0.023132467984708565,0.02243394876968604,0.022716671746047738
2024-02-02,0.029118022544099655,0.025050825560609336,0.022350293950057897,0.020584532189604113,0.01998044449065261,0.019801479996163215,0.019846870074025816,0.02010105403089225,0.020528289211727224,0.0210929072906997,0.022251136698034284,0.02320634490042486,0.02373994994205826,0.022982997349448087,0.023296009255130645
2024-02-05,0.0293716811849399,0.025270025242962464,0.022559453400339415,0.020787940088544957,0.020178233703934925,0.019979990539037436,0.020002431427298926,0.020226893649048464,0.020631385112640017,0.02119398501060917,0.02232726104298674,0.02327884578138195,0.023819706656355567,0.022982035830085207,0.023315546309835906
2024-02-06,0.029179137881909886,0.025054279390558685,0.022320082021982657,0.020534410193978427,0.019938466058959072,0.01975898419398593,0.01979922897312891,0.020029196515879078,0.02044564044574688,0.021037587751100054,0.022256502952209194,0.023236011549029947,0.02375951896849478,0.02296439657300022,0.02326328786399065
2024-02-07,0.029650367515543622,0.02562526241326795,0.02294655432245931,0.021213048226290956,0.020635405991891728,0.020455590274301876,0.02047556126369871,0.020679041123202214,0.021080167975799886,0.02165988736589002,0.022859165703715597,0.02383804901174605,0.024304571717707238,0.02345017686979927,0.02374333988648293
2024-02-08,0.029900093894497676,0.02593066344038344,0.023255129293256623,0.021504040039598563,0.02089883350128059,0.020701011592263494,0.020716113631168303,0.02092088706801689,0.02132734325956223,0.021921054345055722,0.02313096539895805,0.02408743253286318,0.024530186466248757,0.023672266528688136,0.023981105784877704
2024-02-09,0.0299470889601972,0.025929717656238055,0.023231161883426055,0.02148908787318442,0.020895270318838238,0.02069852942454675,0.020700394417943618,0.020894115547936607,0.02130408694194112,0.021891503331352338,0.02310179063809424,0.024064576610619073,0.024498690622292957,0.02363570988841609,0.023922899497348746
2024-02-12,0.028920279155493712,0.02489831843436296,0.022274557685109022,0.02060497922949237,0.02009159272763927,0.019962511949735338,0.020035909256892488,0.020284142095608304,0.020733093404559453,0.02137041371498797,0.022637912202426638,0.02364035159955473,0.024170051448946222,0.02337968292456179,0.023704049612420924
2024-02-13,0.02935818631336525,0.025423263077055124,0.022803647465506494,0.021140645464459026,0.020603101858357217,0.020453569915436575,0.02049877317916809,0.020726298120378985,0.02115989938816314,0.021766039736842793,0.02300241392793216,0.024031983685487746,0.024495580994135884,0.023677788480223873,0.023990941319539983
2024-02-14,0.02934170013323616,0.025355439316294498,0.022757024612467775,0.02113319643303188,0.020644802586474626,0.02053098397738523,0.020606290923801705,0.02085089938553972,0.021291137215510993,0.021895026605423,0.023142458499675916,0.024154816641080396,0.02462842383899828,0.0238268438212707,0.024096497131978537
2024-02-15,0.030276134767662752,0.02642013479796377,0.023852546618118014,0.022218225055373707,0.021663211556527846,0.021471983960110644,0.021466883449525995,0.021651338539782957,0.02204531888303183,0.022607319895463683,0.023720246015642057,0.024631662749828274,0.024987178121138105,0.024056360584998167,0.0243529998463692
2024-02-16,0.030278004156673557,0.026350500690449658,0.02378633694120758,0.02217915137426101,0.02166134012223594,0.02150338623993303,0.02153382980698782,0.02174871999464113,0.022161990589334726,0.022731386245875947,0.023850426138930875,0.02481417070935085,0.025256374490855403,0.0243588485852419,0.02465368461752297
2024-02-19,0.03043104428669343,0.026559546208292456,0.02398827158080433,0.022359407486980013,0.021813078932497777,0.021623119639532618,0.021617669036436044,0.02179249202738257,0.022176931302014577,0.02273047944051209,0.023827703763337295,0.02478893571275073,0.025196319936277516,0.02425810227548504,0.024522408265826957
2024-02-20,0.030085673547928415,0.026171919379375425,0.02356232628263344,0.021891794211464248,0.021315446900662827,0.02110938841593488,0.021096160256341537,0.021254627861352633,0.021610821824611572,0.022155740304899307,0.023285924734069104,0.02428708008647276,0.024664573484437267,0.02380441111119352,0.024076769912634622
2024-02-21,0.03050077677949675,0.026626818704087816,0.024056929636004833,0.0224199882485905,0.021861309623183313,0.02166721722063804,0.021669284591919014,0.021855275215501742,0.022243468996601123,0.02280880549111643,0.023952470944759625,0.02500242772746768,0.02544479133635172,0.024554820897291958,0.02478696217172799
2024-02-22,0.03029330024874568,0.02644010475427847,0.02388458388667788,0.02227009280744976,0.02172763585153845,0.0215477073664837,0.021564259667101536,0.021765824958796816,0.022167062195488408,0.022733789759606632,0.023855406760196544,0.024910837219740665,0.025368393093373697,0.024559354967591866,0.024821963046865802
2024-02-23,0.02947267589163112,0.025593248949106175,0.02307321929512142,0.02150322149328438,0.021008912884764145,0.020869684753175723,0.020924961338775257,0.02114582637902636,0.021550956544848808,0.022135683105885397,0.023332236012990736,0.024388404067018248,0.024924628283144106,0.024145614946204964,0.024407643834670464
2024-02-26,0.029528110858768355,0.025668916932217622,0.023148890038870818,0.02158899672836971,0.02110165809816167,0.020965118454588764,0.021022869781541997,0.021256066368734797,0.021686897051853584,0.022281745928479087,0.023475606890403893,0.024615006644651858,0.02518042303892059,0.024447786689923773,0.0248011553490575
2024-02-27,0.028974232747956834,0.02503518834107077,0.02245920773976072,0.020858523125063658,0.02035681478292067,0.020229823938847633,0.02030752047620316,0.0205637725669745,0.021004761715651982,0.02161571153507279,0.022834936112330378,0.02392689847638142,0.02451755359763255,0.02388179949452471,0.024292234352661
2024-02-28,0.029565546936214954,0.025758604529564754,0.023216706857515743,0.021609695592221576,0.02108515697643219,0.0209398939655962,0.02099591998435991,0.021220716274963337,0.021620444541483597,0.02220665556378397,0.023401231970879153,0.024494225918641366,0.025056699174188977,0.024375798528801673,0.024794718613523833
2024-02-29,0.02851365211610091,0.0245745242127252,0.021961817628022403,0.02030905409037197,0.019779218680403454,0.019639208651896885,0.0197078680939828,0.01994088600259512,0.020336987279935007,0.02092378367652798,0.022121965338883314,0.02323172952672547,0.02383675359085567,0.02318545359950361,0.023565599396776445
2024-03-01,0.028838585102557195,0.024842918603221187,0.022176850989012738,0.020487866409606925,0.019880115303154207,0.01970588309735789,0.01975311068689151,0.019959908912883243,0.02037691742615033,0.020944158484641685,0.022143058621472506,0.023229617713451108,0.023823853266450954,0.02314280672575785,0.023362661010752007
2024-03-04,0.030114649993588063,0.02614079510427262,0.023487434023897316,0.021813753039679865,0.021190136031309384,0.020984863853456853,0.020990618388626654,0.021178158032447214,0.02156297547528968,0.02207553448680093,0.02317187288841462,0.02421950932968021,0.024741001486067657,0.02400321198064824,0.02440949873819202
2024-03-05,0.03063626105740101,0.026793917966312013,0.024220845139154935,0.02262254455194732,0.022034230118107394,0.02183792747822088,0.021827716348643666,0.021989689879201822,0.02237064421304026,0.022896917515782576,0.023984319277617884,0.025000660309892155,0.02554578702398688,0.024743178349525413,0.02504962684827165
2024-03-06,0.030191870579822182,0.026394257126104638,0.023832183189508718,0.022235189432416726,0.021648582019538055,0.021460944309184715,0.021456132783864882,0.021612784746728977,0.021975348275313587,0.022488891964733963,0.023605624587911253,0.024655690338197478,0.025238340034531515,0.024484831204144998,0.024881045583263137
2024-03-07,0.03024171205631616,0.026459489132487735,0.023876961200438855,0.022235578922942836,0.021602275805703945,0.02137611467947658,0.02135260277749605,0.021503156994388303,0.021868698868727658,0.022389276190412102,0.023495814107328396,0.024597690352825462,0.025221273080575916,0.02450883789396972,0.024835618718638805
2024-03-08,0.030685732846880646,0.02697702290576083,0.024462991764810028,0.022884646960685293,0.022272316235715586,0.02204610179140473,0.0220188121010923,0.02217028347174797,0.022542623711733295,0.023063881922016048,0.02415541386221416,0.02524513676741595,0.02583335724484907,0.02511395267229612,0.025501340727195322
2024-03-11,0.030898641882118317,0.027286297284476003,0.024829389367844644,0.023279971674547085,0.02266045711378094,0.022410541158560532,0.02235994629422577,0.022481487254504613,0.022833151292002248,0.023335019605096017,0.024391112651550934,0.025410602035571352,0.025947918939328136,0.025108533648233927,0.025443765417113167
2024-03-12,0.030829456566640132,0.027175511484805556,0.02469214060199927,0.02312947584698579,0.022503977446562518,0.022251737429491374,0.022206536902264564,0.02234051608680522,0.022699841771195498,0.02320503948507082,0.024257059689694535,0.025302661405235943,0.025850413589684477,0.025005884541319457,0.02535279285523463
2024-03-13,0.031051140128040593,0.02750989450163368,0.02504670379372327,0.02345624187564179,0.022785981322431446,0.022493416541253187,0.02241283875323298,0.02251479899237925,0.02283821493332014,0.023299553773950227,0.024275766408685305,0.02530129961778904,0.025762787141258865,0.02487648429062376,0.02530653980064549
2024-03-14,0.030862018089164937,0.027232977366364118,0.02479105479488632,0.02312787047917521,0.022428885445180995,0.022123323949339753,0.022049023219468934,0.022195751729022602,0.02250789667526208,0.022958928015922333,0.02395578203438329,0.025022939502188587,0.025519326426585446,0.024662321026223743,0.02497910403192536
2024-03-15,0.031103706567904583,0.027409822133378243,0.024914677737344744,0.023207547588227403,0.022467954876170516,0.022125655089681735,0.02201780397251898,0.02213956039544767,0.022422297458749657,0.022854734130084105,0.023855532462985184,0.024911488523019536,0.025420314325153796,0.02451239091558276,0.024828158341798072
2024-03-18,0.03139525695255151,0.028149379500627274,0.02581988123484219,0.024152417090832524,0.023413308522488026,0.023027347221750424,0.022865533061836463,0.02293619596267637,0.023179484340878357,0.02357977564666268,0.0245120887638828,0.02551115148340295,0.0258985800051305,0.024881663906774487,0.025232637560501314
2024-03-19,0.031469694605140416,0.028137300315104193,0.025780047043935068,0.024101418458824644,0.023363847218123894,0.022985991060822705,0.02285085346324609,0.022955085496160064,0.02322644533541109,0.023654384277611382,0.02463546083483195,0.02566156716904759,0.026092170886940966,0.025145963448017963,0.025450509256170584
2024-03-20,0.031303309537342144,0.02789122196577446,0.025492860671943018,0.02379312222992349,0.023057456540168213,0.022671257034778656,0.022518178355002406,0.022602800105841325,0.022859944540217232,0.02328684134104999,0.02425751812865561,0.025270965928212402,0.025695923281325753,0.02475000812158921,0.025083015991464414
2024-03-21,0.03157052784317135,0.02818835155816629,0.025821378885529263,0.024167028676176254,0.023458858103739808,0.023099888684838643,0.02297845006845983,0.023108239481697698,0.023404845169396872,0.02383986167483556,0.024776091614558845,0.02577164293359765,0.026231645909884152,0.025338979017984764,0.02562226618379048
2024-03-22,0.03213656454764957,0.028752441318059086,0.026326845227203376,0.024587814553385552,0.02379046314846014,0.02333600511948422,0.023125434697014884,0.023181091832362964,0.023418502868037736,0.023820447017137848,0.024678062997652496,0.025523984621328044,0.02593778469863475,0.024954593009319886,0.02524891388242513
2024-03-25,0.03176725665038248,0.02827907096886559,0.025787163845843113,0.023991020106301355,0.023170253860666686,0.022718080179589276,0.0225223469757545,0.022587270945082342,0.02281788877983464,0.023184780535238505,0.023986517955156276,0.024904794474681233,0.025442198230099033,0.02454726581357328,0.02486998024341702
2024-03-26,0.03222610447471815,0.028813036946747955,0.02634233869274458,0.02455612271999518,0.02371726725533452,0.02323977502964092,0.023031812645295153,0.023094367785980074,0.023313672725570438,0.023670534768085037,0.02447463019114026,0.025415881895681672,0.025955378132936063,0.025172371035152134,0.025431061520153495
2024-03-27,0.03236774434697152,0.028882164255164686,0.026416176543048137,0.024645950933796554,0.02384337654757381,0.02339971613518788,0.023226659222062292,0.02331901558414131,0.023562825750437468,0.023924841499921162,0.024741494029179464,0.025741448659677705,0.026275899481206153,0.02547777916172846,0.025727069067019017
2024-03-28,0.032006124782733944,0.0286697056964954,0.0262906297366752,0.02458945790840475,0.023797596583872035,0.023348719919657385,0.023150749892973558,0.023227481805640292,0.023465798301995414,0.0238271259047047,0.024599970017223898,0.02554224946401439,0.026025737125426465,0.02521775838916113,0.025378351493878414
2024-03-29,0.03192584458068274,0.02851519703010107,0.026086455769404215,0.024335527271284466,0.023514304043498177,0.023036336264190792,0.022823271058659722,0.02287889372097098,0.0230927815702447,0.023440571388683166,0.02420083148671273,0.02513743690051956,0.025484675691282904,0.024797308711815885,0.025092888043339333
2024-04-01,0.031692032537500144,0.02813928052636096,0.025686043760108072,0.023960348592554807,0.02314784493308184,0.02270509548198216,0.022524979992197634,0.022607620363963295,0.022844040365130193,0.023209168093673422,0.023988243200694963,0.024914480398003935,0.025338212398808187,0.024662246932038157,0.02478052705080013
2024-04-02,0.031959348997500255,0.02841446751899654,0.02590101732213139,0.02410449495599931,0.02322547401524692,0.02272323025776663,0.022483326718328093,0.02250178229041694,0.02268329687829545,0.023020912377743695,0.023795118414706228,0.024714506403286443,0.025109150167960486,0.024428511601300613,0.024577261756973962
2024-04-03,0.03149561518067523,0.027786826916746155,0.025198019428765532,0.023357803765559113,0.0224589531345581,0.02194574392181948,0.021712517243402164,0.021760996887838696,0.02197074206886996,0.022321467933154895,0.02312227591684554,0.024061456312098863,0.024514588362781146,0.02385669504685071,0.023978671744803056
2024-04-04,0.03204723338956434,0.02826342455802261,0.025660301037085345,0.023826972323173597,0.022954307449031524,0.02244916750102362,0.02220316992062077,0.02221935815837859,0.022400067097249177,0.022729270465121153,0.023495134261158415,0.02440760458121237,0.02480628183541324,0.024132628727956216,0.024265928825689516
2024-04-05,0.03160312594773314,0.027840894874131134,0.025255377002093793,0.02345373353922301,0.022612390233053985,0.022145347702284962,0.021931931156178367,0.021973060459869707,0.022175983896866026,0.02251569244990956,0.023304730220960284,0.02421464192409853,0.02462090562691016,0.023972755666859864,0.024120577716449303
2024-04-08,0.03117828484324799,0.027326593996836818,0.024700543377237066,0.022885602040803324,0.02206269954437444,0.02162167117824045,0.021445239336214155,0.021529047217911646,0.02177000640386047,0.022145200950137587,0.022971633568826963,0.023918327830613297,0.02438746758866145,0.023783521138848112,0.023944159293073728
2024-04-09,0.03148995391384338,0.027712275056102773,0.025150262533403325,0.02337386046706866,0.022561402149559408,0.022113519121016303,0.021934648811332117,0.02201075397161182,0.022243861581434075,0.022611271630249435,0.023445976112730752,0.02440464376027837,0.024815267407322764,0.024151078157696335,0.02432077349023056
2024-04-10,0.03198775330822219,0.02815809789971067,0.02554814671582954,0.02375185666607155,0.02292772507916494,0.02247249113508157,0.022269516022455138,0.022320721249068136,0.022543370505385837,0.022905889844009947,0.023731077246091532,0.024652518062350998,0.024999223466620642,0.024276883877668798,0.02444456356715228
2024-04-11,0.03246571077315869,0.02858831253907951,0.02592908037988241,0.024094153223325133,0.023254294606781137,0.02278871789240771,0.022578057715853857,0.022632196553598067,0.02285767420308055,0.023229005206570005,0.02404836414079211,0.024977119227263374,0.025360084421107227,0.02463289579269356,0.024827361083351315
2024-04-12,0.03217271141840611,0.028705430350764546,0.026321520471938677,0.024666078263429675,0.02391875232578908,0.023492246303352064,0.023302569576231124,0.023366493073537185,0.02360892472395781,0.023987989398475566,0.024812449352575837,0.025636557656592472,0.02597412457539913,0.025198691560743922,0.025356369984679984
2024-04-15,0.032293578679606784,0.028910871042092313,0.026525522092675037,0.024834782390142415,0.02404327103196918,0.023589196334942834,0.023387589174299655,0.023440913469289306,0.023665511986301555,0.02402972259091704,0.024839336781768157,0.025639780229720202,0.025984872610743687,0.025160321666242904,0.02536883537701503
2024-04-16,0.03229462373507466,0.028882644683856654,0.026485401865923793,0.02480430414891131,0.02403967300154529,0.02360921325858243,0.023423127534083186,0.023477283685233923,0.023698914158164337,0.02406682334660525,0.024896805498058484,0.02572641157094173,0.026088467727750194,0.025309322751693248,0.02554738454762892
2024-04-17,0.03196737321138177,0.028555281472655385,0.026162831252452317,0.024496558483906566,0.023755937613272226,0.023357213391604948,0.023206371294040278,0.0232901712973479,0.023528292459899364,0.023897957168557086,0.024712837833089675,0.025537982157858664,0.025925301177259507,0.025184668669270494,0.025431694743330503
2024-04-18,0.03210551597990758,0.0286408201493982,0.026217999639783298,0.024528132368581663,0.023773330275808725,0.02336609425857515,0.023218863572304654,0.02331677649304282,0.023570619212130533,0.023952157734937453,0.024796374669243646,0.025647494716818875,0.026030167913246607,0.0253120262502547,0.025607562490906115
2024-04-19,0.03188947068087516,0.028275684159962833,0.025790594985966413,0.024074970542672824,0.023340617701470688,0.022947292902368573,0.022805262451547476,0.02289809078324463,0.02314534208011303,0.023528558718212748,0.024393716280735167,0.025230647196573173,0.025623916843855125,0.024941602026040358,0.025207901790620272
2024-04-22,0.031102421469656222,0.027612917481029654,0.025162495186280602,0.023444451391541672,0.022669411809567223,0.022238585076532407,0.022072077019532812,0.022146248719862715,0.022374447561860814,0.022745747123813845,0.023607995261540518,0.024460689039127466,0.024879870330642744,0.024221622487341547,0.024469485984047495
2024-04-23,0.03200998257634218,0.02851767590972252,0.026050493789288216,0.024310243750356085,0.023503253046468595,0.02303042090422094,0.022816044772500193,0.022852675137673632,0.023063097668043646,0.023425004645707376,0.02424551783078465,0.025033830788569206,0.025413225885576825,0.02459880890791791,0.02481689188889439
2024-04-24,0.031686930880183296,0.028212147529236366,0.02571391354793775,0.02395453789670055,0.023137088840156625,0.02267038524735841,0.022465149898034803,0.022505183526919874,0.022714928504238077,0.023069588789292123,0.02389634709003923,0.024701030585343193,0.025069801120975423,0.02435843708361119,0.024594065097512108
2024-04-25,0.031395201054754386,0.027803065549774443,0.025243817974411227,0.0234403714708265,0.022602276244709806,0.022118424567291076,0.021910198891292643,0.021953988394080148,0.02216702123682418,0.022533500340885748,0.02339736851855683,0.02421093556105752,0.024608425875395634,0.023920439431180725,0.02418659820668598
2024-04-26,0.03158394338194669,0.027973127500468205,0.025393985565401424,0.02356813677199297,0.022713004154712883,0.022212142343045947,0.02200237067588633,0.022058215561353307,0.022280380855637764,0.02264884042225495,0.023492254287398835,0.02434949646718034,0.024743453582234152,0.02402830250723746,0.02429680395672935
2024-04-29,0.03165844934604964,0.028092495483013038,0.02552425258299134,0.023693557747530188,0.02282325903723232,0.022302780033911052,0.022071140825767246,0.02210508542136,0.02230687078646673,0.022661013341860978,0.023478838995245367,0.02432773853481172,0.024701707882191587,0.023974258582090437,0.024252089593063804
2024-04-30,0.031633070725060435,0.028010523517308906,0.025432877089273033,0.023614157965809672,0.022765621915331328,0.02226860702972998,0.02206038213030273,0.022117942365937053,0.022342951997704984,0.02271272183857624,0.023557079829382287,0.024375597092548367,0.024743962001099448,0.024005124691602174,0.02425972568800936
2024-05-01,0.03151801886108969,0.028199550238260616,0.025858367163333694,0.024244657384180794,0.023541099255821447,0.023151715761042968,0.02301576487796823,0.02312292418530539,0.02338727457699178,0.02377962758827365,0.02462786409889765,0.025463772966411575,0.025849712386152468,0.025104615246268013,0.025387861550172093
2024-05-02,0.03168630831287659,0.028182159797580958,0.025730787482939492,0.02405643489842104,0.02334530009972734,0.02297300827114529,0.02286590652361855,0.023011520413223654,0.023312870938157728,0.023722725984109124,0.02460987166125622,0.025507827428948946,0.02595930965831423,0.02528242659830545,0.02553796093760813
2024-05-03,0.03161466881580913,0.028055775933718975,0.025513419379309104,0.023749915049093386,0.022957165904971932,0.022519593416136206,0.022360844252017356,0.022457551677021972,0.02271116031887444,0.02308502193632915,0.023936757140254613,0.024838253194374126,0.025241638781788207,0.024534235349960423,0.024804000348188752
2024-05-06,0.03172620689447892,0.028255134296730412,0.02579908968729679,0.02410421993047117,0.023361514921597215,0.022959319691728593,0.022838273729875014,0.02298166624565035,0.02327664814740886,0.02367690346043088,0.024537914455973323,0.025439196120789053,0.02584911165674662,0.02509490199204939,0.025338491581836896
2024-05-07,0.0319380571142061,0.028626017670165822,0.02624780053345832,0.024591086920426525,0.023833914657326375,0.02339708786098895,0.02322753833913853,0.02331597850986433,0.02357034390539368,0.0239517742079766,0.024769983001369497,0.02563631674951045,0.025943480500646435,0.025123209927051707,0.02541461017962519
2024-05-08,0.03165951824653807,0.0281972553065728,0.025711764634802445,0.02396637825401652,0.023161428930927916,0.02270237227822307,0.022510092789297168,0.022567986102801776,0.022783717055503194,0.023134782880398826,0.023959755740234838,0.024832313494923226,0.02512640973395678,0.024347049799096125,0.02461004823110525
2024-05-09,0.032344732981747656,0.028957731740465578,0.02649136541539177,0.024749981210128478,0.023918398967817767,0.023414218549455974,0.023183315846585912,0.023214225361744303,0.02342106527819508,0.023760813587878533,0.02452863524679984,0.025349307060471074,0.025545540101769664,0.024663045504988254,0.02495165662225306
2024-05-10,0.03249303230968547,0.029060668336020775,0.026623965119044486,0.024925033277900785,0.024166636089725885,0.02374114498070474,0.023582088410160806,0.023689318001442104,0.023942832472890026,0.024290136860128445,0.025052253511159944,0.025966335091012243,0.02614581692756222,0.02529695494583383,0.02555012671717031
2024-05-13,0.031071736978276962,0.027815644380560948,0.025388411327285986,0.023655727517363452,0.022851083072724508,0.022391205912651684,0.022205595564774694,0.02228425481501721,0.022525348467794047,0.022893998736106813,0.02372038406952813,0.02461351900207233,0.024879948537846655,0.024084948626788047,0.024328541893020004
2024-05-14,0.03170464230758665,0.028534135358194875,0.026181421700403117,0.02452601881440079,0.023813055088041584,0.02343344406758539,0.023296821183963767,0.023395195426550174,0.0236463917611983,0.024019111551221373,0.02485054257934237,0.025712652934460276,0.02604499470170338,0.02520030755577478,0.025433844006606462
2024-05-15,0.03172564407709345,0.028646808210035537,0.026412039642601137,0.024855358791383845,0.024202357327821604,0.02385380344191351,0.023742330331589106,0.023861224680868983,0.024118596355275506,0.02448696442053522,0.025297890481916628,0.026192847071096724,0.026530345072292915,0.02570964215118578,0.025938023096240312
2024-05-16,0.03174556595077657,0.028736892965097707,0.026484395417514756,0.02488066297764811,0.024162805869097553,0.02376629769576208,0.02361332035631848,0.023699575291454604,0.02393523738895345,0.02428218134575579,0.025051555024161856,0.02590943849284138,0.02623469781639651,0.02537431684170371,0.02565765177826315
2024-05-17,0.03195602354947484,0.029001208402012656,0.026773496577643087,0.025186912790640063,0.02446027054556905,0.024043299224922054,0.023867884232898453,0.02393961704614922,0.0241684136341964,0.02451739565967191,0.025283583653829742,0.026101424057840304,0.02642535408117142,0.025562767241804178,0.025817855985093004
2024-05-20,0.03231029604320144,0.029340593557815254,0.027100866362066017,0.02549294865974682,0.024738952390612405,0.024287772388052947,0.024086614129630382,0.024136010952074127,0.02434491803768198,0.024673697683456768,0.02540778493215763,0.026203396867630017,0.0265308268893353,0.025628805398849357,0.025891213304118806
2024-05-21,0.031839093666045336,0.02893477511633959,0.026735319363246798,0.025153881601670553,0.024420690354874847,0.023995994401066246,0.023820819725264116,0.023888258020209774,0.024112134522120063,0.02446043974615345,0.0252090477262942,0.026074972925767385,0.026490558855728402,0.025661327603987063,0.026008141573316684
2024-05-22,0.03176182287628468,0.028860104233584205,0.026669264606985085,0.02509976192938193,0.024367784094343724,0.023955068263318807,0.023808215398535854,0.023914274908273428,0.02416577560779079,0.024516434734789656,0.025278806302087665,0.026139099721386377,0.02651437033966514,0.02573488042982282,0.025986885682714192
2024-05-23,0.032133105759291326,0.029360832646052423,0.027275127747573288,0.025792862682870888,0.02512635278557358,0.024761925235058036,0.02464535311916878,0.024768115889031436,0.025033540747787054,0.02540342346105896,0.026194205313274058,0.02705959445986121,0.027484732560443068,0.026683491222941606,0.02693207669244749
2024-05-24,0.03239970644780899,0.029703491590642173,0.027651558026079475,0.026189893108518134,0.025523536114540002,0.025160223781668926,0.02504066686518475,0.02515881266737541,0.025418770226709617,0.025784022782322648,0.0265670798717593,0.02737298135906119,0.027753981176166963,0.02693884644749795,0.027172561324735185
2024-05-27,0.032309380845057474,0.029502084536082437,0.027343804901406737,0.025786325040145306,0.02504002204561209,0.02460550211979368,0.024426537329725734,0.024499577891360605,0.024724958530572966,0.02506643181924093,0.0258126495384038,0.02662934106495349,0.027008549610538717,0.026211540686791792,0.02642181166686051
2024-05-28,0.03191572310518586,0.02910170722252739,0.02692792604448067,0.02535116510663983,0.024582634502196152,0.02413635936588103,0.023954624956479886,0.024024347731186127,0.024250301331803704,0.0245974019881866,0.02537307830427082,0.026151477789303604,0.02649667760514867,0.025663321644151558,0.02587529985576036
2024-05-29,0.03261248931012541,0.029874760424133444,0.027741224989105424,0.026194185262862768,0.02543261701846503,0.024977940386368,0.024779022581487495,0.024833567997904635,0.025046873443013113,0.025379931051408088,0.026109990860639015,0.02689330263006303,0.02721805021829078,0.02629919143456856,0.02651049036642055
2024-05-30,0.03243187270475866,0.029654343158767787,0.027523976932913172,0.026002214523347153,0.0252460533630857,0.024821932929892845,0.02465740302574182,0.024744406571949932,0.02498650197694198,0.025338821358265685,0.02610276687056046,0.02691144905048112,0.02724906447726728,0.026374577209204025,0.02658088994015959
2024-05-31,0.03225782138973786,0.029545243808893267,0.02744070568785912,0.02590504191493873,0.025114263526162566,0.024651011882067,0.024455883017600342,0.02451268280296832,0.024717961510330996,0.025045273219835948,0.02577854239500664,0.026569560517021824,0.02685146078783151,0.02600083309366707,0.026207889444961285
2024-06-03,0.031805000105485634,0.028958714702907597,0.026793902443976593,0.025242890846317357,0.024464402831870652,0.024018218054093914,0.023852672662465588,0.02393975462980169,0.02416985540771325,0.024507709758494128,0.025253167530597878,0.026077508809375195,0.026444852299082073,0.02570036737655396,0.025855881571219368
2024-06-04,0.03178999478559368,0.028827465736454387,0.02659286319555011,0.02499445471773893,0.024190987278842082,0.023715642842517117,0.023519059901484944,0.023590797981077213,0.023818625099424957,0.024166145571193974,0.024914133804493525,0.025729996438587546,0.026135813253881854,0.02538167151314501,0.025500556325210023
2024-06-05,0.03149880963419463,0.028579983590163154,0.02631135121487289,0.024660218462329964,0.023798550446307017,0.023284894806706948,0.023061215527133323,0.02310389457538514,0.02330646100643105,0.023640558496860194,0.024382327136583507,0.02521110313576095,0.025605189499623475,0.024839386743209818,0.0249382859652863
2024-06-06,0.032113005801581704,0.029121137544179432,0.026846834563324155,0.025212484954826867,0.02437423804800982,0.023860382015272893,0.02363241327055498,0.023676843538784745,0.023888270795410182,0.024230992785934127,0.02497326388486285,0.02577501506811514,0.026159000180156235,0.025359692397568665,0.02543554562678317
2024-06-07,0.03203429184013775,0.029097868868080166,0.02687219784060222,0.025284490828638765,0.024482365512594327,0.024001210611929127,0.023794721281505896,0.02384988197741992,0.024064164462470027,0.0244159104897955,0.02518264286050058,0.02601081583419969,0.026462386716342975,0.025662641677298453,0.025736771925479334
2024-06-10,0.03228899033396878,0.029380242259869557,0.027163074630336945,0.025582573212113206,0.024772447743452736,0.024276470726484804,0.02405844754876532,0.02412208939575313,0.024346211797677177,0.02469248578530534,0.025442183015764477,0.026378745068103268,0.02676726858742016,0.026028951590538217,0.026062873625678974
2024-06-11,0.03217796707647358,0.02928239229511624,0.027074487258282796,0.025489521801339714,0.024675133614714278,0.024174813744804815,0.02395311934632223,0.024000320415840885,0.02421798268774186,0.024577995061648827,0.025355402480746362,0.02624708123629342,0.026667490225065354,0.025899286910609744,0.025965750894403745
2024-06-12,0.03214725314972864,0.029337583950158563,0.027198914086013385,0.02568142128827527,0.024917252300671724,0.02445438487936407,0.024257087115347905,0.0243267024570002,0.024552911854390458,0.02490587952596215,0.02566544041687117,0.026535498495011148,0.026965111400289576,0.02618440349361873,0.026245665750561017
2024-06-13,0.03146079750423507,0.028510906406244457,0.026259884585191445,0.02463561415629928,0.02379410227710329,0.02328813719681822,0.023084450876341138,0.02314893744111119,0.023370397066880787,0.023732255506095153,0.024567440688167012,0.025513852333965074,0.025974614165518658,0.025239304468667942,0.02528827698487748
2024-06-14,0.031717689301392626,0.02882997399569168,0.02661277337016053,0.025023932927055986,0.024203857808123043,0.02369000729718871,0.02345696452540016,0.023493908369328534,0.023702349506333018,0.024061061662719634,0.024864649362614854,0.02575053417507755,0.0262294571087437,0.025416987641644493,0.025483856153558332
2024-06-17,0.03224019330872586,0.02942562562790862,0.027250840127155115,0.025687348833966495,0.02487462353474956,0.02436258485916293,0.024128059359118874,0.024166331558344432,0.024375986589750705,0.024731785328801572,0.025514125394938487,0.026379472705876966,0.02681013273823975,0.026011610619866402,0.026102151903298988
2024-06-18,0.03225320609702022,0.02952239362689425,0.027402703249344733,0.025879603962221876,0.02508170341307491,0.024571061971643385,0.024331384585800014,0.024372916326884955,0.024583615734776215,0.024932187699783143,0.02568534971091306,0.02659886011301155,0.02705590770791801,0.026248759585284376,0.026316969741361763
2024-06-19,0.0319942082713958,0.029243126743147604,0.02711685467233099,0.025589139536799546,0.02479806036775061,0.024303017868630095,0.024078793496965355,0.02411791240172973,0.024321153045512377,0.0246622445964396,0.025453698244155963,0.0263857786854678,0.026833642946600518,0.026064991930113923,0.02616224371966931
2024-06-20,0.03236624537106329,0.029557822754140636,0.027397893765323568,0.025856492299221583,0.025059830304566783,0.02456035439614006,0.024329256285920562,0.024369908399242766,0.024584183720072237,0.02494156631878792,0.02572902971483237,0.02660404333575969,0.027026186869859813,0.026239177913017293,0.02632144879095847
2024-06-21,0.03305573626891842,0.030435107656222975,0.02836611309900083,0.02685833949335451,0.02604222705937698,0.025498565980953024,0.025218088191189172,0.025210064871796854,0.02537683251381188,0.025697903935318796,0.026417634861017975,0.027234069620530203,0.027570114027533517,0.026689242514237398,0.026787365828089996
2024-06-24,0.032874533929828274,0.030253128743071744,0.028148668637312593,0.02658744925295026,0.0257325996356171,0.025172084328665297,0.02488996186825229,0.024867300893268003,0.02502746839434689,0.02535883861903894,0.026101448563595253,0.026908519539882665,0.027251098741706208,0.026390292319307253,0.026463272220223263
2024-06-25,0.032712537632577754,0.030076053432230583,0.027965544758384222,0.02639754405155131,0.025533285816951766,0.02497106387142889,0.02469114132793465,0.024664593537654655,0.024816470886208926,0.02513650307578113,0.02587873276307034,0.02677001599936493,0.027128912258646286,0.0263310398595515,0.02641290741006231
2024-06-26,0.03272010846332008,0.030015196999442825,0.027896586296978984,0.026378883199110123,0.025583847463160687,0.025082843251403003,0.02484988921919415,0.02488054485887915,0.0250757415194443,0.025408298217834357,0.026149811158329334,0.027010857640759858,0.02740788618483793,0.02662205909733674,0.026668419262163286
2024-06-27,0.03321998522442422,0.03049935431124107,0.02842205085976146,0.026977068514820617,0.026266696670546628,0.025826626129367973,0.025629343747566244,0.025693484261420266,0.02591179917770614,0.026257978392117423,0.02699625144417351,0.02786710308768985,0.02833163840252331,0.0274783173158203,0.027461887173999274
2024-06-28,0.03271394200561502,0.030202402241076644,0.028269781181103935,0.026912318952582996,0.026231294890485424,0.025807253517855296,0.0256203425273035,0.025679132190731018,0.025896106329213506,0.026251206733539645,0.027020428527006052,0.02790942552171119,0.028374166113656254,0.02759044787555736,0.027557200067984094
2024-07-01,0.03269891937308985,0.030188533462652486,0.02822934005438715,0.026842244980200578,0.026133058554503565,0.02567970638897746,0.02546390438070827,0.02549854033277518,0.025689945020399396,0.02601685513734303,0.026734301595992938,0.027592384768995108,0.027994789662139797,0.02719467033991919,0.027228738458228575
2024-07-02,0.032194464172501346,0.02965742057844447,0.02769065364127328,0.02626449836111167,0.025525160741608304,0.02507870371159173,0.02487629916170156,0.02490173264713194,0.025093032575470558,0.025438830107653042,0.026196868627297056,0.027046989816118257,0.027482365660806092,0.026725602027523554,0.026757737913960834
2024-07-03,0.03210896236819889,0.029392866793833308,0.027318755390295466,0.02582436586177805,0.02504840665247972,0.024574202016311546,0.024356831051807734,0.024386865835719432,0.02458128396942384,0.024923615393084405,0.025662608002160255,0.026539647486606182,0.026984373214002468,0.026232665482473928,0.026303480960682808
2024-07-04,0.03210154877425183,0.029352255402775557,0.02725458555252305,0.025728393036013302,0.02492165641730733,0.02441457726907372,0.024175165915724963,0.02417542912633537,0.024338315647254923,0.024671931201730116,0.02543096301180917,0.02624491831956723,0.026689829783725482,0.025936055812888045,0.026010498140110725
2024-07-05,0.032257751569957444,0.029618825999168482,0.02758801742254276,0.026112190410290146,0.02532578600044049,0.02482474185194967,0.024586695069393455,0.024593229447936564,0.024763682806987798,0.02509774722276365,0.025835025082090842,0.02661008047214099,0.02697530706467004,0.026186833738408688,0.026268493696019468
2024-07-08,0.032611510985315444,0.030077962236461055,0.02813834090682826,0.026732187127712352,0.025974421166528306,0.02548007802550719,0.025236862872658257,0.025246712434348704,0.02541867940273279,0.02573951189392016,0.02643754402716057,0.027203585560983585,0.02750327579619833,0.02665300654237147,0.02678298363754479
2024-07-09,0.0326547917794459,0.030134868392506245,0.028225731686952523,0.026859780075440296,0.026153797840536147,0.025699862665249505,0.02549203593208772,0.025538993069967864,0.025765419456976517,0.026140397721741405,0.026873148119701252,0.027693304973188417,0.02808795902176031,0.027258370806709294,0.02735118626620343
2024-07-10,0.03219491416695705,0.029505762915454117,0.027523260911302624,0.026162901874958813,0.02551027247758723,0.02512418488478759,0.02498427607215763,0.025094073802625204,0.02535608533549495,0.025745753965266502,0.026522117583508784,0.027365771389824243,0.027746471431838653,0.027102153081488008,0.02722032787586851
2024-07-11,0.031558328628338655,0.028856342275208367,0.026858700562549808,0.025459214971887783,0.024741083414606877,0.024290114271005945,0.024106841184141102,0.024187038682654587,0.024420893110001892,0.024799540457187904,0.025606540940914933,0.026509564914839554,0.026878928148585706,0.026217466544744966,0.026362168094439
2024-07-12,0.03142617207603617,0.02879450716588563,0.02678037711779516,0.025354312745241983,0.02464067403473338,0.02421711302028454,0.0240718889588012,0.0241714909674795,0.024414169800561297,0.024793969392026924,0.0255922360148622,0.026489300799507662,0.026888964770519205,0.026170078550822543,0.02636380138688051
2024-07-15,0.030139218081373775,0.02718324597654594,0.02498363708241024,0.023497491387900027,0.022797809086881574,0.0223880276621106,0.022247061599106305,0.02236689061761355,0.022641386866356333,0.023034939031043988,0.023813785571185013,0.024701072779366492,0.025089870434857123,0.024376237590431855,0.02457044554971335
2024-07-16,0.03030158085473473,0.027655014175201054,0.025625277865589335,0.02422488785410102,0.023545566420400826,0.023141062466452814,0.022995897840081627,0.023107397475689403,0.023374778184779833,0.023771718806192273,0.024558902798512385,0.025410348832611344,0.025785617162657943,0.025053766988295017,0.025252379987761114
2024-07-17,0.03037689665565092,0.027710547227697314,0.025655019570957012,0.024212387613798327,0.02348126222643386,0.02302737786656004,0.022866974209675168,0.02297790111727817,0.02325014008398381,0.023642409392281023,0.024415477550058278,0.02528534346000144,0.025661156668519314,0.024919360629545806,0.02512009243068879
2024-07-18,0.030526694171586287,0.027795822873525458,0.02571898667966966,0.02427025208094174,0.023550042028594464,0.023102813587228897,0.022935808923755192,0.02303439547356249,0.023287610691685928,0.023684393263944996,0.024486524215721218,0.025350789730642472,0.025684682169373866,0.024912495239163196,0.025185576728402267
2024-07-19,0.03071108094328812,0.027991127898506052,0.025933295724024072,0.024514881132740102,0.023813230550995795,0.023381681444268748,0.023222277355858092,0.02333694940011227,0.023605235178465526,0.024010263770194454,0.024839785729967017,0.02575932063432736,0.026062543837308553,0.025297273823929857,0.025552195068670097
2024-07-22,0.03009027288725968,0.027359860333562493,0.025306618100291025,0.023920068038199162,0.0232656639496612,0.02287538002135394,0.022752644697881585,0.02289254657790877,0.023187605362386295,0.023616447117911207,0.024480273642449923,0.025468388464340765,0.02589684464456678,0.025146572278234303,0.025473891228164017
2024-07-23,0.030332414038803147,0.027691519479020713,0.02567518327734785,0.024298555587453075,0.023640223349137388,0.02322959366914154,0.02306930423585997,0.023169566733317284,0.02344649624671602,0.02389270579047732,0.02477903030521691,0.02573518572915474,0.026141441222862282,0.025347600390578363,0.02570951354352549
2024-07-24,0.030151967038339687,0.02751060747083083,0.02549917023052775,0.024131657930652497,0.023498109909266058,0.02311175352828771,0.022951473146580397,0.023044158377028768,0.023314331435757986,0.023773927302632537,0.02464739293723363,0.02559320044741882,0.025995615314828805,0.025197545847699433,0.025613193876624103
2024-07-25,0.03026706253185375,0.027658103615198663,0.025692554309620936,0.024370600029617974,0.023776082662602657,0.02342561329451721,0.023311077868478452,0.023447291841557995,0.023748759635086682,0.02421849134593094,0.025134549922630426,0.026113279175461374,0.026512655965073975,0.025744182303822433,0.026173920694310945
2024-07-26,0.030146742431311734,0.027542928756593442,0.02559991846730204,0.024293033319789218,0.02369170268716223,0.023323450455650187,0.023209342923705918,0.023361015069087363,0.02366876358671481,0.02414048862284462,0.025040055026915874,0.025957281619879244,0.026333473851710306,0.025487774318013908,0.025925902581721418
2024-07-29,0.030569828545083718,0.027933242575975948,0.025963220493823918,0.024649528290458002,0.024048554324905002,0.02368140773007589,0.023564138938579268,0.023728459178182167,0.02406269218524331,0.024534850155911354,0.02540179619391294,0.02636860010472184,0.02680178479604434,0.025998326050355087,0.026404705844277197
2024-07-30,0.031036143287715347,0.028666200035605594,0.026892719189175626,0.02571626632167593,0.025190714439434065,0.024890326773600882,0.02482476240280636,0.025004058605836127,0.025330622830357828,0.02579300566044526,0.026714131925251267,0.027669826145120868,0.02806842464671451,0.027198254602511147,0.027588448191565994
2024-07-31,0.030819953854259764,0.028460953892893166,0.026690840230322952,0.025530622517577563,0.025051731102093928,0.02479450748339786,0.024749970611137304,0.02493707116707561,0.02526999233549558,0.025746638502090576,0.02667552880088105,0.0276503665278358,0.02807823219918269,0.027250172978694868,0.027661046498160178
2024-08-01,0.030639112655356904,0.028255049247074178,0.02640777191984145,0.025238329133152444,0.02466575366761616,0.0243299468174105,0.024229984636714726,0.024381130885616116,0.02469400937345368,0.025154297942017817,0.02607230588473812,0.027027970953502792,0.027374532084720907,0.026634552789928986,0.02707637879261999
2024-08-02,0.03097880833766986,0.028631692800533612,0.026794224048188535,0.025622858387442868,0.025042335620814232,0.024700514874991218,0.02458012827515664,0.024711506659787264,0.02499565684286367,0.025428269866671564,0.026310018959051953,0.027233543460777103,0.027541546006740646,0.026763826282383916,0.027227854891824936
2024-08-05,0.030580628569255593,0.02816884779838207,0.026302144789259928,0.025098735583375182,0.02449382218953141,0.02414284311203826,0.024036941198371905,0.024172879654563214,0.02445970270238381,0.024898051806825798,0.02581920380192538,0.026758568049169658,0.027081728201112733,0.026365373611909427,0.026785949460789948
2024-08-06,0.030629751795225174,0.02821171299447061,0.02630980839507807,0.025071667930691575,0.02444038997038843,0.024071080795682282,0.023938726481997907,0.024055315581988996,0.02432958249679289,0.02476436411095818,0.02567459625160207,0.026615546070552484,0.026939486167194476,0.026216776325109336,0.026642579967240145
2024-08-07,0.03080664467709411,0.02852223372960311,0.026702923054798534,0.02550929115728032,0.024886309708810665,0.024516538202660018,0.02438638032769921,0.024506505198807427,0.02478361527271265,0.025209044889681793,0.026101950997900136,0.02703890819647281,0.027329762023533318,0.026604273303336822,0.027010143424715805
2024-08-08,0.030734228678342905,0.028296004721675788,0.02639143281422204,0.02517042688818977,0.02454825480037353,0.024168946671583036,0.024019099226078686,0.02412164216770739,0.02439076252678721,0.024816209863603146,0.02570874272526609,0.026643994995417367,0.02700679994357975,0.026302148718533033,0.026713259288670698
2024-08-09,0.029940203089733462,0.027466710443105606,0.02556302117419664,0.024365363712745506,0.023767530753929466,0.02341528201941448,0.02329741810545725,0.023422552775599573,0.0237086362282021,0.02415838743264034,0.025089416552228138,0.026084593162895707,0.026480911899592858,0.02595571447827526,0.026339053285137224
2024-08-12,0.029917237591523694,0.027460710842055352,0.025596140422663193,0.024459565578225945,0.023916854411308974,0.023596829610045087,0.02349254605209117,0.023630120530884438,0.02392965189721403,0.024383516319780345,0.025329274816560894,0.026292663278949226,0.026701196403291244,0.026107246567766855,0.02650733910616934
2024-08-13,0.029940930128688308,0.027422317010034964,0.025494649680269023,0.024308957889539396,0.02373645709021808,0.0234062080026249,0.023306430237587047,0.02345289845574461,0.02375649557501311,0.02421645200509643,0.025177430942551638,0.02614397601155133,0.026558706138043613,0.025902975043110656,0.02628608265831466
2024-08-14,0.029423446059807984,0.026814816783399347,0.024850648507107498,0.023668707173986666,0.023116207176236078,0.022803953785523544,0.02271695463683748,0.02287043660549199,0.023179781479524694,0.023642366625300212,0.024615441547137608,0.025663780762952428,0.026089413270439555,0.025392232113811527,0.025791243531815163
2024-08-15,0.029539009589575085,0.026955340920519703,0.024987576664580416,0.0237917938332666,0.023216818055215745,0.02288128682158407,0.022763337592328077,0.02288917077144777,0.02318327914784726,0.023644454361765044,0.024616135630352316,0.025621361883346763,0.025983922734146958,0.025289254969110265,0.025644522779853286
2024-08-16,0.02945804960417095,0.026747579426389684,0.024718297818679767,0.023502727126120084,0.022949727548751284,0.02265366629653272,0.022583459814660596,0.02273717525781063,0.02304227830513347,0.02350966486828902,0.024488911086184745,0.02552028052311891,0.025946013526492593,0.025320970295101986,0.02571435430970085
2024-08-19,0.02966987818597092,0.027038289693355075,0.025078013792405023,0.02392616165318463,0.02341674862110016,0.023136229713863303,0.02306380515310823,0.023229737662182386,0.023555631482007254,0.024042653910596918,0.02503356868426484,0.026070389132726746,0.026523294023577646,0.02591462823073149,0.02630770218266612
2024-08-20,0.02995538294468963,0.027408896767592963,0.025465775700939813,0.024285401227118638,0.023734207019924132,0.023426246025875466,0.023324408380344053,0.023464728197262436,0.023772393100774985,0.024258305215182442,0.0252268033865223,0.026211145281170595,0.02665410360561929,0.025962641004825465,0.026368966037867352
2024-08-21,0.029579558719480425,0.026945756505070893,0.024970254945958177,0.02379095273975629,0.023263831490773188,0.02298409951350956,0.02292210268023936,0.02309227837391694,0.023414459304169348,0.023905181173840034,0.024900944228128736,0.02589763120874275,0.026367964321671843,0.025732027524277716,0.02613676295592202
2024-08-22,0.029245465912622906,0.026613388578854147,0.024670165082025897,0.02354775088619275,0.023069688389541317,0.02283035601019727,0.022806399424334173,0.023013920676120507,0.023369261275867505,0.023883566237921944,0.02490919066457003,0.02590361110462756,0.026444134827564112,0.02589089302693238,0.02635530604854976
2024-08-23,0.028622209487008082,0.026027308427438327,0.02413561229474633,0.023076445186150613,0.022650093115439796,0.0224533163734632,0.02246275626014138,0.02271386545497223,0.023107193808348157,0.023641277368903542,0.024680788907202128,0.025719021394152077,0.026249792817243704,0.025754346719971646,0.02621202868232318
2024-08-26,0.02871800430053302,0.026081029472815133,0.024158310688590017,0.02307967917653091,0.0226498773567947,0.022453901775606494,0.02246298305235355,0.022705272282013748,0.023089979343322315,0.02362927875880141,0.02467227423062142,0.02567711699829047,0.026204642962159914,0.025691543149461277,0.026142214544669858
2024-08-27,0.02869554051611688,0.025985292875485972,0.023997851107789472,0.022866117290889807,0.022378902421998387,0.022140520699171096,0.022118497135649427,0.02233403393417873,0.02269999719121867,0.023224796082364503,0.024250854163291292,0.025259782762162696,0.02574698999171335,0.02520756197325922,0.025584552421795415
2024-08-28,0.028590296426712812,0.025822066206388182,0.023810465645315432,0.022671924360822698,0.02220085063227449,0.021967828258740565,0.02194869979805464,0.022166589536084306,0.0225400711010845,0.023091435389441292,0.02413761044343253,0.025120474354127256,0.02566892842335495,0.025127575736378444,0.025509968630232704
2024-08-29,0.02833118401284924,0.025589111191534508,0.023579804143189873,0.02246700995508996,0.02201913873135403,0.02181154778814383,0.021805594536288123,0.02203055345859863,0.022413264941347766,0.022969509578395608,0.02402426491927171,0.025018041990332845,0.02554389981437939,0.024958229322523392,0.02531348399327547
2024-08-30,0.027879315155620272,0.02502844354173264,0.022990894615143077,0.021880096836020303,0.021379624080203434,0.021161740744266,0.021166139526827343,0.02139145413495493,0.02178110599523587,0.02231835208106589,0.023390540841257475,0.024401219479988454,0.02488762448418059,0.02431606578073478,0.024675901474505546
2024-09-02,0.02676250072672036,0.023845374464172283,0.0218037327666614,0.02074698835094319,0.020309693067625183,0.02013965988617503,0.020188704982191927,0.020473941753107384,0.020910004221475896,0.021465749109789538,0.02254850904271779,0.023612993412070904,0.02417836662126775,0.023702909638300254,0.02411341753464876
2024-09-03,0.02631152293700989,0.02359252211432144,0.02172261405112026,0.02080382364357105,0.02045039438874871,0.02031780083158741,0.02037812361816356,0.020693762892750496,0.021146866130498272,0.021695100512174555,0.022783786009294142,0.02390386731640282,0.024472712895189905,0.023960168641218266,0.024295043895056646
2024-09-04,0.026888930536820482,0.02414891823766825,0.022230753317066233,0.02123427324292523,0.02081455750456018,0.020636551937866628,0.02066080341268675,0.020918334725312678,0.02134023384572847,0.02188544143699269,0.022964554839727754,0.023984049043559805,0.024443433400479997,0.023876013967145678,0.024244602520087973
2024-09-05,0.027158861354377797,0.024465133306360708,0.022631881313335836,0.021741199204478884,0.02141841442566961,0.021317200532746168,0.021381759183413573,0.021678791498650134,0.022136884821822175,0.02271229143549266,0.023820033183889706,0.024890398631232172,0.0254030437605365,0.02481226158151659,0.02516157157733928
2024-09-06,0.02707198932396145,0.024521146912667793,0.022745597295863656,0.0218539032297922,0.02150095548913283,0.0213830187207007,0.02146143995401452,0.021751806675572572,0.022187145032198857,0.0227437709204611,0.023868907164800637,0.024949770267362417,0.02542845797527241,0.02481715453222443,0.025217921468374614
2024-09-09,0.026858620236145922,0.024263210386293935,0.02243735812994726,0.02150400497843388,0.021118398942386284,0.020971787486692345,0.021018461730858955,0.021287803722380285,0.021716264707421766,0.022280749455091658,0.023435315276057533,0.024523430084372733,0.02495711645545938,0.0243896349462914,0.024799014097122957
2024-09-10,0.027068299639123623,0.024416928011147074,0.022567636368852253,0.021634168922427716,0.021259030978185198,0.02112205783519456,0.021175634412996837,0.021453017791148846,0.021885309871862203,0.022457144424819796,0.023622091555349,0.02469349559175241,0.02513933438717775,0.024544092484929492,0.024929197634149088
2024-09-11,0.02663438169899719,0.023924722384484873,0.022040980985066426,0.021092109535690903,0.020702442185566626,0.020545460419766244,0.0205787632534231,0.020835135496536008,0.021251657440329686,0.021814826737808463,0.022979051349403107,0.02404426043725592,0.024471578517845313,0.023838223073814762,0.02418909064364316
2024-09-12,0.026581129462694184,0.02387930946538073,0.021974032522514897,0.021094475633923207,0.020710910546011117,0.02058520957452814,0.02067007886519096,0.02093592423199243,0.021340657549161896,0.021900835635709284,0.023064439143836626,0.024191484197106754,0.02465666225163421,0.024081823095637205,0.024369145125887816
2024-09-13,0.027501613947682864,0.024859391736236667,0.02298447600127417,0.022113608413097757,0.021715030603024685,0.021560629772753817,0.021596095768924534,0.021817083784990258,0.022185315032230396,0.022718067013757722,0.023840425694051596,0.02491488361262536,0.025362088308792642,0.024684615191342737,0.0249196374552048
2024-09-16,0.02700176189460509,0.024493362440514258,0.02268733613368124,0.021814084032486362,0.021438973799337718,0.0212874970391438,0.021331663488188195,0.02156247641112831,0.021941343678915464,0.022478298897601327,0.02361058032043264,0.024675945667393288,0.025131403968816794,0.024448939028656642,0.02468518205099609
2024-09-17,0.027026751847288814,0.02457836477068332,0.02280428171819352,0.021938782227501192,0.021563937952258798,0.02140961817059472,0.02145454344912999,0.02168302814866449,0.02205352752761991,0.02259051408652396,0.023733784488646333,0.024831891798479267,0.025302399548902465,0.024611915505546665,0.024913495012270564
2024-09-18,0.026739099843778615,0.024238099732759515,0.022436888440906914,0.02155126320879474,0.021170767814650337,0.02101120522697418,0.02104993552457647,0.021267551486123307,0.021632609696873147,0.022162626723552264,0.023283745978307437,0.02434365575900793,0.024815021539169375,0.024155224560507022,0.0243658801722375
2024-09-19,0.026563930363070913,0.024084354810967268,0.02232359624783142,0.021472887414874554,0.02111267460613935,0.020968673552034953,0.021028993160555395,0.02126340632363276,0.021639043485367163,0.022174273192637477,0.023323889169858832,0.024408287499131518,0.02495733684908509,0.02431917290189978,0.024494635801055948
2024-09-20,0.02656002559759093,0.024253181633385253,0.02260528570905322,0.0218286673107903,0.02150039645391375,0.021366374764339034,0.02141930781139894,0.021657111302607095,0.02204390152608663,0.022587214766016418,0.023715269905114352,0.024807792090909123,0.025349652011002304,0.02471681429952534,0.024916829152002176
2024-09-23,0.026207009498925113,0.023810150603349244,0.022120707863896583,0.02132814770788004,0.021021958776469164,0.020924752727557193,0.021032661544035013,0.021320409100424206,0.02175055437824382,0.022333536201256766,0.02353193198766452,0.024659822945374107,0.02531250847328396,0.024702982230967698,0.02491189603699474
2024-09-24,0.026246730958318566,0.02399412567032695,0.022388188738341138,0.021642199341819882,0.021342239849810925,0.021233405047949083,0.02130048870222628,0.021542217662797035,0.021926296929241102,0.022461095261834145,0.02359472557239481,0.024693901912818308,0.025277608106553114,0.024656444994254324,0.02484008864788752
2024-09-25,0.026586098991359296,0.024328289143693626,0.022742014117728273,0.022008081384243167,0.02172422837714754,0.021634979370310455,0.021725631073254037,0.021992218156289284,0.02240085873567669,0.02296352898281839,0.02412675650568297,0.025236354695918138,0.025860067930469195,0.025271111755534335,0.025455260628044388
2024-09-26,0.026230476519578903,0.023960215778731007,0.02238237492893564,0.02165677288747479,0.021371356258534775,0.021277551181676176,0.021366806930486232,0.021638776192077123,0.02205438218869293,0.022615533066949408,0.023758392407764516,0.024910892287919918,0.025540303787614377,0.024915301417150145,0.02504777979408938
2024-09-27,0.02604865596116524,0.023839758708563637,0.02231008272979089,0.021657999550660858,0.02143596385321138,0.02139133954191006,0.021512027288031803,0.021812427841469396,0.022254490298430206,0.022838883302924138,0.02402491416262624,0.025187698862940807,0.025833584349984805,0.025137536505186756,0.025267553082678907
2024-09-30,0.02631608333562327,0.02403507415210666,0.02245102935473189,0.021767028993796428,0.021524448252125725,0.02146250288904493,0.021566104778487163,0.021853872036253153,0.022290102609542464,0.022868558932310414,0.024008768511388973,0.025138434589701816,0.02570983110566543,0.025009601450279143,0.025135123188385806
2024-10-01,0.026607005512155012,0.024300513199648162,0.022738035032406973,0.02210563092547409,0.02191146264889678,0.021884909437764354,0.022017583603860923,0.02232221944599379,0.022767628745639458,0.023350679772077054,0.02451617235831448,0.025676350308813236,0.026245955864466822,0.02560934688450762,0.025783983482667482
2024-10-02,0.026099630547119848,0.023668464707429625,0.022021277151851083,0.02133589717470192,0.021108148947089147,0.021062236927977058,0.021194026549801008,0.021508364569970514,0.021963274601668532,0.022547874768275078,0.02368848849586492,0.02481477757263582,0.02541299218753336,0.0248153042105459,0.025006910872946052
2024-10-03,0.025662823592420652,0.023167325613743302,0.021476695692224084,0.020773565455747774,0.020544774252086694,0.02050479475553421,0.020646235973860057,0.020960086762682777,0.021408114769779583,0.02199299078378192,0.02315159483112073,0.02429932714976179,0.02491421790630364,0.024303441825002197,0.024494704905019222
2024-10-04,0.025626596849657533,0.023111616548188725,0.021437073111719593,0.02078183092628105,0.020589601530948427,0.02056478734574712,0.020708262651467985,0.02102662459263487,0.02148171275769202,0.02206561808016867,0.02323489149669577,0.024407058956924486,0.025052719960168463,0.024435768780244546,0.024611356149484148
2024-10-07,0.025101248272687886,0.02259921715512375,0.0209560813840182,0.020334081145312266,0.02018356186233848,0.02019605705393399,0.02037124219867159,0.02071500712851584,0.02118514346306829,0.021787094185200938,0.022979037437433462,0.02418885313979979,0.024854058157836263,0.024285349749668554,0.024450915545250147
2024-10-08,0.024831472853418256,0.02238980132271562,0.02080305432368867,0.020231603934451472,0.020122319646678634,0.020170219128635068,0.020362121673374974,0.02071833015465809,0.021198899358003814,0.0218145199770353,0.02304911716482285,0.024269972551614963,0.02497398091880205,0.02436355184394517,0.02450485728523436
2024-10-09,0.02478197699666494,0.02222598830986115,0.02057005897278108,0.01996999906526647,0.01984406459188172,0.01988357612714063,0.020075426568447463,0.020434762016398586,0.020921218428854145,0.021540707754058176,0.022775229799698732,0.023991503651978906,0.024730291482043133,0.02415015282918285,0.02429449416623022
2024-10-10,0.02445133184550161,0.02176116377230352,0.02003263711978226,0.019413640058618398,0.019295477714890864,0.019350671361342078,0.019566611657260355,0.01994876415437164,0.020452703258398527,0.021083909833319522,0.022337520839549364,0.023592232324684922,0.024363216119809194,0.02386352436413476,0.023945372895329557
2024-10-11,0.025331644881110896,0.022648627058083726,0.02088413175067943,0.020215087456670555,0.02002843979026875,0.02001323557288132,0.020158093976253726,0.020484990126532807,0.020951038752680336,0.02156406425422257,0.022794523290262995,0.02398521095569855,0.024681451578970982,0.024137815818204397,0.02422853355359938
2024-10-14,0.02500024755386665,0.02238408690476052,0.020669642666975928,0.020033825555524735,0.019870664369682295,0.01987740192818122,0.02004002145651372,0.020379232132594762,0.020852294959847705,0.02147194694440947,0.022729395850303945,0.02393943395739681,0.024642025854213885,0.024111851454266475,0.024237251957273866
2024-10-15,0.02467786856458487,0.022179053775961025,0.020489283075623897,0.019881281851365982,0.01973147000141837,0.019745129431450785,0.01990958812116616,0.02024588397066853,0.02071801830391765,0.021344030524834377,0.022632778794581938,0.023833161886960507,0.024510040511757553,0.023989216830111237,0.024100554627366277
2024-10-16,0.02497799076964184,0.022539603666189883,0.020861990044686068,0.02024028727038061,0.020067277500146762,0.020053402527147664,0.020182844955022913,0.020489009368313365,0.020937954285544184,0.02153906828762557,0.022745290590029027,0.023892505393722036,0.024507154675761273,0.023915523449021096,0.024022135626932603
2024-10-17,0.025186561574767504,0.022867109426121995,0.021285469716347833,0.0206999700900142,0.020540378791964617,0.020531823619940083,0.020680525710802374,0.021014113489778805,0.021482106710357524,0.022099758385156067,0.023335128404038057,0.024520274746110727,0.02519060447853428,0.0246404793276923,0.024749391466570247
2024-10-18,0.024397730114184953,0.022225814313177442,0.020764661298412753,0.020233730042109627,0.02014003893961545,0.02019243293972448,0.020395763228971756,0.020768666853821737,0.02126899824949118,0.02190229013346658,0.023188798323285454,0.024432193767803805,0.025200281265604207,0.024672483588376853,0.024895196592799394
2024-10-21,0.02465704172817811,0.022516510365842388,0.021073985756843366,0.020574372195488383,0.02049328734039632,0.020550381037509998,0.020745415565788676,0.021122439723351344,0.021634478337391256,0.022268319749031852,0.023542159489589418,0.02479358383009054,0.025559643108665347,0.02501727688353106,0.02520026936137658
2024-10-22,0.023721111028369615,0.021583621729749668,0.02019451039540764,0.019756916099493455,0.01974714372735069,0.019871449097623374,0.02013513991815783,0.02056357264081398,0.021113775496728656,0.021786050922977633,0.023158152480947606,0.024498186258759328,0.025343796811414732,0.024825360030726756,0.025058731786648622
2024-10-23,0.023443743762327603,0.021237742449742934,0.019816213215818137,0.019382710839625835,0.01938449779502144,0.019505447571085285,0.019748575440550035,0.020153501515294967,0.02069102307611957,0.021375670603486507,0.02273968873718256,0.02405286386402802,0.024901997445943323,0.02438809056263504,0.024577760399323103
2024-10-24,0.02353591752963206,0.021450450102887517,0.020100929377850907,0.019717561243133133,0.01974945503245597,0.019902262413252107,0.020179619609107226,0.02063225293897138,0.02121911700544768,0.021929423640365427,0.023307559150376675,0.02458912119673081,0.025385762901512815,0.024841882142967522,0.025043667570483517
2024-10-25,0.023401799149199702,0.02127091368285801,0.019907296719580476,0.019530669732220216,0.019566644950984726,0.01972596778558535,0.02001426507801362,0.020487447901432802,0.021095648376338916,0.02182382305427315,0.02321261936385826,0.02452294803178015,0.025353262553558718,0.024830194373335963,0.02504798792929333
2024-10-28,0.023048886771420234,0.020975874440492745,0.019631685230954612,0.01924620978124428,0.01926992889542001,0.019418001752916258,0.019687778287405276,0.02013256219320096,0.020714088643736094,0.02142694432271156,0.02280657236841216,0.024116017300922526,0.0249682272928601,0.0244507687300512,0.024650699546572504
2024-10-29,0.022917356352486144,0.02081240100067572,0.019462608710073593,0.019088406693219734,0.019133670356234193,0.01930562211799901,0.019603747733031685,0.020070258667307883,0.020669642092688654,0.02139576703601291,0.02278929000532574,0.024107376766917103,0.02494056906010867,0.024416222872312383,0.024639082054437673
2024-10-30,0.02234762912432531,0.020130083452610827,0.018679192000173206,0.01824399582979095,0.018248170272121046,0.01839671992928144,0.018685275402238948,0.01914728766174892,0.019743592567590607,0.020461483175691356,0.021858837712366602,0.0231485139241634,0.023976120359288245,0.023473573318390294,0.023677755367939868
2024-10-31,0.022885351205769237,0.02072725148285346,0.01935945573959054,0.01901119738753281,0.019072079827036886,0.019248160359049648,0.019535791426070707,0.019990606818673113,0.02058638091774592,0.02132823613125285,0.022740744594077995,0.024021963487826543,0.024797708329585676,0.024309272784427308,0.02451397070836328
2024-11-01,0.02259095073659112,0.020656293548078936,0.019434028520619907,0.019153980158784494,0.01925246620574927,0.019454892346453687,0.019758847676436857,0.02021960012782129,0.02081965333648342,0.021566451084816234,0.02298994336469645,0.024283451365297814,0.025057925358532504,0.0245440648272385,0.024810434848157176
2024-11-04,0.02333044320268048,0.021583326477558836,0.02041921857421063,0.02011700618591854,0.0201633398569164,0.02031789068984099,0.02056430136603314,0.020977972940654434,0.02154010385855521,0.022250645241756583,0.02361210825151265,0.024857699974459073,0.02552475666790162,0.024947105487900696,0.025139779835592537
2024-11-05,0.023868178692247617,0.022062144972534607,0.020876170258974418,0.020552613997946157,0.02057633030629867,0.020709359313756375,0.0209418218168529,0.021337247368245868,0.02187070989115869,0.022551597407555874,0.023887170340569065,0.025119265201371983,0.02575334093520003,0.025120457559637203,0.025360205939844758
2024-11-06,0.02382497474498948,0.02193764348190399,0.020722171684729212,0.02040439274485932,0.02044932810301529,0.020604811473461552,0.020859800298305795,0.02126457893884298,0.021798104273692907,0.02246830082688894,0.023796881671325522,0.025047207018011816,0.025530452938971132,0.025100300510271567,0.02534899185429633
2024-11-07,0.0239799625420196,0.022113587845990382,0.020883369885542416,0.020535368099146228,0.020540767463287733,0.020658600072257085,0.02087761377777878,0.0212563148678823,0.0217707586078928,0.02243006407042126,0.02373297361193605,0.024952092348276562,0.02541361634644284,0.024938911372219333,0.025222743322088573
2024-11-08,0.023976820915151003,0.022043227677481337,0.020813075082646713,0.02048623648137075,0.020518368617160523,0.020665752272789797,0.020915547434189503,0.02131527983112669,0.02183526625397646,0.022482638063879748,0.02374959929165522,0.024973184366257534,0.025460070892552054,0.025043687604873063,0.025333990026893946
2024-11-11,0.023400940757298025,0.0218032169979767,0.020754942835628853,0.02043491696189332,0.020490470267328236,0.020642516970683873,0.02090807179055345,0.021331319817884126,0.021877105653726636,0.022544732604818967,0.023825286038984803,0.025065605499870323,0.02555525673784823,0.025161267576725797,0.0254618864726461
2024-11-12,0.023396458055404135,0.021813646096791758,0.02089462481049201,0.020507121545354282,0.020579200939267336,0.02073705923269122,0.02099776462193355,0.021413482584377367,0.021954148372908842,0.02261798234451754,0.02390115860658806,0.02513609135555879,0.025673004775966155,0.025246679082755966,0.025518891190830863
2024-11-13,0.023160628509629872,0.021464413273133132,0.020450948186765776,0.019991949016881283,0.020020280753971602,0.020149155354687517,0.020388985250489083,0.020783102846262284,0.021299149634067552,0.021945117119015763,0.023211387376357334,0.024429340526076582,0.02496608675290581,0.02457965286722719,0.024821532444108545
2024-11-14,0.022795749745587165,0.020970768043521628,0.019894644068373494,0.019416599260093672,0.01946678130933098,0.019621214754579508,0.019890315227302183,0.020315110728607866,0.020860843058877525,0.02152669263798386,0.02281172523522989,0.024059989798377108,0.024648855239952302,0.024267400927629502,0.024527310441196173
2024-11-15,0.022722374682113973,0.020965858667382414,0.019996543687988463,0.0196446650342361,0.019751154013389144,0.01995189892231385,0.020262707705212324,0.020724488205679386,0.021296875324935884,0.02197385562715762,0.023280853157486254,0.024546016303990174,0.02518285211600559,0.024809998564430964,0.02505344792461873
2024-11-18,0.022261321202804652,0.02056773159215385,0.019628493101784255,0.01930658946655737,0.01943981419472806,0.019670054172944307,0.01999434039663352,0.020462169909697805,0.02104483500229145,0.02172892767401335,0.023055938157098874,0.024346503396195516,0.02498312454506792,0.024629175269646465,0.024965956635522087
2024-11-19,0.022901626256524442,0.021326124880821872,0.020477075051474176,0.020216886733739094,0.0203827626496498,0.020633795559186232,0.020975554542169577,0.02146495050692749,0.022067407868164936,0.02275845946284299,0.02408835873233476,0.025386464154008113,0.026009372005953314,0.025652561523292147,0.025965002558213417
2024-11-20,0.022960916829506496,0.021390182687738374,0.02056599315650603,0.020344522030239755,0.020550031908877952,0.020830804876232248,0.021193472718254256,0.02169872456082327,0.022313663065810868,0.02300968548439218,0.02434127842298123,0.025622461254550713,0.02622885351399142,0.025850520391244056,0.026175336503051098
2024-11-21,0.022364373682275767,0.020901362352574795,0.0201980829548346,0.02009887235054259,0.02040841124003256,0.02077350334589775,0.02119854305514885,0.021753152155385595,0.022405754454558537,0.02312942807927708,0.02449099426654878,0.025803669626567695,0.02650432181915829,0.02615582347485403,0.02647644284064662
2024-11-22,0.02155920842620867,0.02014065860901666,0.019436994670060968,0.019317066046714,0.019606690187352956,0.019968875527341758,0.020400358979763306,0.020953523336422974,0.021595604130394203,0.022300216829942265,0.023621881830017722,0.024905477937755813,0.025582664131028825,0.02524290896906986,0.02549654074990674
2024-11-25,0.02228442052946574,0.020880550604229477,0.020172271240319152,0.020033897065235107,0.02027785301164479,0.02057756974242408,0.020949214771727783,0.021450659413207913,0.02205416748701181,0.02273990780152919,0.024055711362256302,0.025274008184255018,0.02588846349731162,0.02544001659222278,0.025738823544461744
2024-11-26,0.022139248693769403,0.020774980915485863,0.020088158703985344,0.019970987259937085,0.02022567617406555,0.02053490204258486,0.020904307545357406,0.02141792602471181,0.022039322235684947,0.022737665602553043,0.024046620527050314,0.025266408426935782,0.025901237805633328,0.02543984511307729,0.025815205061220207
2024-11-27,0.022393447696998095,0.02111581999287636,0.020492698292503084,0.020410047571443577,0.020686919972420486,0.021006684830958654,0.02138508638442944,0.021894662534659763,0.022508544733555496,0.023202364984121572,0.024501649352546978,0.02568391679804105,0.026224821708753832,0.02572144944104341,0.02611591565762195
2024-11-28,0.023219190538875313,0.021896323326791336,0.021227283938142088,0.021108997390966097,0.02132972302409754,0.021593205090103186,0.02192271468346834,0.02240807266522581,0.023010485516266596,0.023683046441631096,0.024916060202118503,0.026034920936131804,0.026507947542334428,0.02592790690340132,0.026255751032970752
2024-11-29,0.023183193420790428,0.02203904942237883,0.02146363014467648,0.0213448616446228,0.0215426964917094,0.02178152001835006,0.022077952366293604,0.022484528893072824,0.022974889014580075,0.023544040029277635,0.02464674319103563,0.025626965215705916,0.025916984983396524,0.02531613206373553,0.02564697804729311
2024-12-02,0.023104298059148383,0.021877628870574376,0.021281031937537515,0.021183814574795,0.021390319359925854,0.021654423675873873,0.02199810401499173,0.02247481158873932,0.02304014652258263,0.023642336905154125,0.024769721283702577,0.025793739357887795,0.026137918837667556,0.02557895568418002,0.025974874050780805
2024-12-03,0.023028845700098898,0.021931326212254063,0.021383012976289053,0.02128207990662819,0.02145221641737999,0.02166836574808298,0.021956855016218895,0.02237750739960683,0.02289450451972452,0.02346686105206365,0.024541253820089908,0.025422576954295537,0.025548699603268533,0.024938790604461372,0.02533967558940214
2024-12-04,0.023321101620325947,0.0222257378075393,0.021688694942169805,0.021614354614752886,0.021811601514274137,0.022060766052476432,0.022377163774659026,0.02283769204222918,0.023383429050678545,0.023957011421362053,0.02500242427558221,0.025849006291721485,0.026007210411419252,0.025324550572456764,0.02574694895001903
2024-12-05,0.022454135358793943,0.021318731286060925,0.020805660500331814,0.02078758560362176,0.021079767828744198,0.021436035353889743,0.021880117077371516,0.02243706865944394,0.023069753673734202,0.023714499870822733,0.024869973717034657,0.025804448081632323,0.0261800254619233,0.025588570377759415,0.0260498789906306
2024-12-06,0.022469502745897978,0.021451068029373962,0.021037233491685743,0.021100344436361877,0.021431633485580248,0.02180016605092789,0.022255457243648438,0.022825812058495223,0.023467097780570625,0.024102654110536907,0.02525386196836867,0.026211429686279524,0.026554347383708984,0.026042351726365116,0.026673725498578268
2024-12-09,0.022528129829602315,0.02140981076002131,0.02088729820816588,0.020839938303980607,0.02107538979624649,0.0213576054569695,0.021721015275364852,0.022218178059925275,0.022799368737733264,0.023409386631267428,0.024506155918458707,0.025372042439455282,0.025637542566572313,0.02511874123376706,0.02563775588853873
2024-12-10,0.022033482262006993,0.020827881349527365,0.020285113952361232,0.020252842282045744,0.02053017732727181,0.020865765399132617,0.021288776363838403,0.02182438617352556,0.022432246079324748,0.023057945170392294,0.024201595204895256,0.025093108072256863,0.02541850096527337,0.02488653319093043,0.025363463309425707
2024-12-11,0.022203065802781547,0.02095433820493462,0.02043722592374819,0.020457733012026785,0.020777277488479594,0.021129692009225726,0.021549977492246155,0.02208641486026128,0.02269321683291229,0.023306711801302296,0.024398586831058836,0.02523207876227009,0.025365253043038574,0.024773307115293536,0.025220878502013985
2024-12-12,0.022168328414416825,0.021088750996631687,0.020686623929667493,0.020798465647592825,0.021186688864268766,0.0215826208121086,0.022019932251335674,0.02255818981186831,0.02315706428931408,0.023765289347202786,0.02486632690404976,0.025720956843079453,0.025846819345947163,0.025259199485241184,0.025732491349022998
2024-12-13,0.021737826960332288,0.020728991432463303,0.02034041851031259,0.020455604369293563,0.02081521475248945,0.021221216338901405,0.021655413270407903,0.022195772202338482,0.022792928792145308,0.02340778548363234,0.024531180380648523,0.02537468436476852,0.025534024480884904,0.024943369946671377,0.025438480877675463
2024-12-16,0.021643806922944122,0.020657427791228044,0.02027328895377525,0.020380492223103404,0.02073284397620182,0.021143125732385536,0.02159005075877667,0.022149286982057977,0.022756953863597332,0.02337417202034976,0.024496364467314707,0.02538390507461767,0.025611204021863697,0.025039953668760013,0.025555154001122446
2024-12-17,0.022098414219221648,0.021115575401224263,0.020716073430939785,0.02079038346514199,0.021105012355972584,0.021479635754063083,0.021896422263237927,0.022424743201151218,0.023006336528556937,0.02360698132297076,0.024717753618141783,0.02556765582247792,0.0257055309485322,0.025160933922976077,0.02554932662293576
2024-12-18,0.021782711715875536,0.020653970994476915,0.020175009008574295,0.020218195640392664,0.020510799746420557,0.020873335636932867,0.021285764387230427,0.02183880805742937,0.022460760966101334,0.023093150589087313,0.024233731764953546,0.02508820807092878,0.025298234372826696,0.024710319061663866,0.02511025365867107
2024-12-19,0.021893865048769254,0.02084491587328672,0.020439363697553913,0.020547722011087434,0.020899573958653255,0.021311983417982946,0.021767573559384457,0.02233460808590625,0.0229525540605431,0.02357025340790577,0.02469476660621045,0.025544348436043824,0.02565041554312948,0.02509001532615777,0.02557318519623187
2024-12-20,0.021865730564340092,0.02070316876121113,0.020222972719552663,0.020266406564632595,0.020563933655948986,0.02092193248766354,0.021339904730695625,0.021875320420195146,0.02246263288450454,0.02306592297215121,0.024192517060338297,0.02502687011595398,0.02518686310703342,0.024601441834883008,0.025148378671550845
2024-12-23,0.02088421276684999,0.019832931774016342,0.019465425960151786,0.01961520260342296,0.020001439985064078,0.020416312483613728,0.02085593975167081,0.021381127370094045,0.02197129207615359,0.02260901964337228,0.023834001519642302,0.024698993430679484,0.024916181432297256,0.024371899179428988,0.024930200963809192
2024-12-24,0.020798589117168666,0.019704490918697498,0.01925207950440031,0.01929714114055416,0.019578590534914866,0.01991780598019434,0.020315236125943822,0.020843290420450966,0.021437146694547323,0.022073251985368397,0.02323456069135545,0.024088519398535096,0.024256330364829236,0.023771468503799555,0.024305954080909326
2024-12-25,0.02129687357198813,0.020167793659432363,0.019680471660624213,0.019679684212850646,0.01990724816508396,0.020192725049667938,0.020548274811868456,0.02104956528349023,0.021623907046265916,0.022239777878913923,0.023386816122005757,0.02423856322951058,0.02439003929072843,0.023829804240361435,0.024397181063127146
2024-12-26,0.021298349881045366,0.020061201902022357,0.01947706769936237,0.019396607858977143,0.01956679579350283,0.019817130509653055,0.02015536767956269,0.02064104823339421,0.02120263785205333,0.02181871013239064,0.022953096481866893,0.023783835969414635,0.023845533449191103,0.023308109547075573,0.023805470725268427
2024-12-27,0.021017807133003007,0.01975795177858748,0.019157695980932966,0.019066037054041297,0.019235761821425917,0.019497707240262133,0.019854534117663376,0.020349679124193876,0.02091600133951302,0.021537568910950152,0.0226935077822799,0.02354155913204571,0.023598608344404887,0.02315076689610377,0.023666645613892923
2024-12-30,0.020903402028322346,0.019592355977838642,0.018952405102839423,0.018827403224089264,0.01897453423362711,0.01922530540955165,0.019581804892509654,0.02007320609893728,0.020635054717137526,0.021254358447806283,0.022387239813222833,0.023214245316770504,0.023338529036114962,0.022871842837269823,0.023410529249922225
2024-12-31,0.020199963636534504,0.0189440207297196,0.018338063210704227,0.018243674262923223,0.01842564952870227,0.01871367689284989,0.01910576761116478,0.01963060712070765,0.02021868896572827,0.020853711529490036,0.02201461388790829,0.02285943375196558,0.02305804978277714,0.02266593494588721,0.023194969284425323
2025-01-01,0.020834676225605035,0.019579052030743244,0.018931187424842497,0.018777393646972566,0.018871314808723942,0.01907390254682649,0.019384323545070133,0.019859819423413305,0.020408258036950372,0.021018379818116287,0.022137706872035718,0.02287642078560191,0.022952791749526583,0.02248147623763819,0.02301482663640771
2025-01-02,0.02061393410296462,0.01942047795297689,0.01884896848643606,0.018765137720407693,0.01892019180183428,0.019155314618687993,0.019476171919454065,0.019948151441491375,0.02049731233352199,0.02111635189137826,0.022251114467725413,0.02304960409999778,0.023153907922166726,0.022684592425164837,0.023211706564289915
2025-01-03,0.021266618695850628,0.020091197503559168,0.019522607282564493,0.01944830113657685,0.019593010333098255,0.019798849503105002,0.020067210936648358,0.02049653707856969,0.021013509918366827,0.02159875817293959,0.022684072677462384,0.02341180202612829,0.02338339703186005,0.022738382286383182,0.023230161201122264
2025-01-06,0.021267994728533936,0.020033755596592137,0.019418486368220206,0.01928557338120513,0.01938948128375654,0.01957780817303185,0.019858458567149927,0.02031086178632296,0.020844260978510127,0.02144758570134271,0.022569316222488773,0.023342767545177574,0.023290506285684003,0.022741304331250854,0.02329315621976639
2025-01-07,0.021102138313530635,0.019851863085458717,0.0192623469283156,0.019179629562660293,0.019335270337174592,0.019569563000999254,0.019892315114831652,0.020382889903240237,0.02095651844889867,0.021582332514745475,0.02273287775445795,0.023563024402653822,0.023575499431298913,0.023053998402776044,0.023625989639129076
2025-01-08,0.020815589700493596,0.01958332035960021,0.01902544358774379,0.018986914198272163,0.01919047661665361,0.0194708361057638,0.019842574440071984,0.020372932697641784,0.020970396098168666,0.02160538960337569,0.022781636924392504,0.023628771940039022,0.02366522792897076,0.02313312805907478,0.023689930668739492
2025-01-09,0.020523700847617562,0.019371165989614258,0.018867451822507948,0.01886938536611802,0.019100472031700465,0.019399093190348042,0.019782448249400817,0.02032077975925516,0.020927751972043895,0.02157405354021621,0.02278918304554177,0.02368881699652921,0.023850543767757703,0.02328418237416702,0.02395963191588589
2025-01-10,0.02075662984251259,0.019759780264469857,0.019348545535372515,0.019416554907394384,0.01967924100179318,0.01999588292997974,0.02037853353475166,0.020920584897938254,0.021531514942689498,0.022173569927987122,0.023381918391035244,0.024239984561628104,0.024259184886616755,0.02380136103896596,0.024401653188784362
2025-01-13,0.02079350314736216,0.020134726382306227,0.019924983824921944,0.020050216328414264,0.020342844568816788,0.020661488392275648,0.021052531229009963,0.021602667240783968,0.022228724866664436,0.02288889578070452,0.024089454334405413,0.024959479395936596,0.02511132155445306,0.024443587079823994,0.025055426355541012
2025-01-14,0.020739244352494815,0.01997626885503043,0.019695897321378185,0.01977965963528185,0.020056318520406468,0.020380640941614295,0.02079742516392202,0.021369302201459946,0.022001719766715666,0.022652187814864635,0.023856453425159727,0.024728842876988236,0.024939723210934694,0.024245132788142942,0.024840171665079278
2025-01-15,0.02089987136701386,0.020157358448410167,0.019868995753225305,0.019925187940865702,0.02015927329664088,0.020429609508346235,0.020787713814758548,0.021314060515850466,0.021917627732610072,0.022563843287407178,0.023748749420782648,0.024576862940696255,0.024705259237417416,0.02400135963701491,0.024597764108099295
2025-01-16,0.020789933221654146,0.020096630658026676,0.019884381104094136,0.020028385406757228,0.020339294475003225,0.02066563188021458,0.021062962526032767,0.021618477573473963,0.022244510866177326,0.02290104169747676,0.02409614735274234,0.024921620193683266,0.025106211795859118,0.024405521647440597,0.02498737199678291
2025-01-17,0.02096864858713832,0.020317202801286852,0.020195482808466992,0.02043095182149299,0.020813625572219455,0.021195247906274382,0.02164195526755725,0.022236557013377196,0.022878206120649933,0.02353014916321695,0.02470936125867722,0.02551611844997303,0.025641675179974177,0.024934209472772403,0.025531801739487745
2025-01-20,0.020663664476380596,0.019936169177147803,0.019757957641464614,0.019987050859975968,0.02038459893057201,0.020777718451165893,0.021227035916099552,0.02184283607681007,0.022523898864705558,0.023200807214567545,0.024401405858004734,0.02527508445330765,0.025451446724907848,0.024758156767429748,0.025461264868972166
2025-01-21,0.020967387363733096,0.02030320946616442,0.02016647196520177,0.020414224485441657,0.020817336291047886,0.021213033238879204,0.021663248177987402,0.022273139760118875,0.022941529756067714,0.023599069210603504,0.024758828619475967,0.025591228814240585,0.02564274713633847,0.025013584136492385,0.025675222150618546
2025-01-22,0.020962941252166217,0.020222920741580573,0.020044252456220817,0.02027014294438304,0.020664948120551672,0.02106037074549842,0.021511802500248006,0.022122941037673413,0.02278443308247393,0.023439480745508758,0.024595620581876147,0.02541438913463892,0.02545642464490136,0.02488027863089823,0.025477847129489483
2025-01-23,0.02081762175632598,0.020094782189536108,0.019922767355813085,0.020147438487423053,0.020540944691441,0.020937812550471453,0.02139110434728048,0.022002543804317532,0.0226639457979257,0.023320894107117598,0.024480359943214732,0.025317970393836983,0.025379662639386593,0.024822673107000273,0.02543052174120348
2025-01-24,0.02100860939955903,0.020259312389329147,0.020061162269554428,0.02026207243737721,0.020632261914822727,0.02100598157855069,0.02143561020184609,0.022025491099342414,0.02266930233719,0.023314839716069215,0.024453342415795283,0.02525401050782391,0.025276091822780726,0.024688432663210375,0.025287367513485162
2025-01-27,0.020862470906060762,0.0204317236061413,0.020428951721259372,0.020746090303968102,0.021176981409147515,0.02159405715396179,0.022061371162904672,0.02268336643195855,0.023359688907561967,0.024024418084861117,0.025206368081794862,0.02601889851856095,0.025987967390267444,0.0254308337282667,0.026124461745839142
2025-01-28,0.02050026252406941,0.020020578078854965,0.019958623970250153,0.02020661402629858,0.02059066818896477,0.020991060243094235,0.0214738193551079,0.022105519577390098,0.02277694594808444,0.02343062348894455,0.024588361384787004,0.025397547941045512,0.025352260961933725,0.024837637260718505,0.02548812606138814
2025-01-29,0.020726760295718936,0.02020680899158927,0.020141984147436582,0.020399392360466263,0.0207877255240038,0.021186264178262058,0.021664591971321503,0.022310192075846204,0.022998673694054537,0.0236626641137656,0.02482697387842725,0.02566973084531556,0.02567807280127094,0.025131775842100877,0.025842336893835638
2025-01-30,0.020549736675074003,0.020049811870947704,0.019995614500693447,0.02026017915988201,0.020653390789101767,0.02105682244144762,0.02154119746747262,0.02218968112567921,0.02288110466671543,0.023544771520564008,0.02471121519972013,0.025562207773105288,0.025580456554250727,0.02504504172494406,0.02576160924228421
2025-01-31,0.02087404508621645,0.020244126885397614,0.020118122418480953,0.020305783892452592,0.020667294860825094,0.021054351049392177,0.021492210686466718,0.0221056353048219,0.022770777107259648,0.02341856630397718,0.02453507611555788,0.025445000074805615,0.02551926346199605,0.02490823870284812,0.02561700126443373
2025-02-03,0.021465398457639902,0.02094099960130129,0.020871001662171398,0.02108492437157526,0.021446094765466828,0.02182749813131331,0.022251612794495647,0.022852627858368075,0.02351439654183467,0.024165859795428735,0.025289556831076455,0.02617696905740942,0.026237753479823198,0.025576164475113284,0.026273114823302066
2025-02-04,0.02188621051540557,0.021370016860103043,0.021321102708914713,0.021552449478449462,0.021923923049638305,0.022294852179141143,0.022705284836164654,0.023287275549494228,0.02393294228178869,0.024581683687662212,0.025694101401354568,0.02654894216037392,0.026503103903862724,0.025810755724361728,0.026468798005953476
2025-02-05,0.022037937005741512,0.02144051064868209,0.02134686070454911,0.021562195211755123,0.021939052791326574,0.022337281792787957,0.02277886373761005,0.023396231418488726,0.024072080843944306,0.024739454027449488,0.025880379924746826,0.026775166579135413,0.026792861109478577,0.026085337226465548,0.026767564759900733
2025-02-06,0.02183809498018731,0.02132441918895545,0.02130179569973084,0.021573864511564896,0.02200257940596386,0.022447767227584563,0.022932918438175492,0.02358476253089647,0.024274390062587872,0.02494695675659904,0.02609977278469714,0.027013818254101495,0.027080998717184564,0.026431107437576592,0.027179532665265273
2025-02-07,0.021832437530673886,0.021342750272858726,0.021354114494832828,0.021666296466601856,0.02212747927698593,0.02259062592788898,0.023074106208215053,0.023719160567492636,0.02441183795776822,0.02509847693083506,0.026277923384177705,0.02721995261810067,0.027333548036429893,0.02668975904080632,0.027396367968552833
2025-02-10,0.02198370081858054,0.021589218232747887,0.021661354326180084,0.022015282221237872,0.02248866026552839,0.02294812683386612,0.023411498265092555,0.02401614930969046,0.024667718227955368,0.025329285814741465,0.02650282670901454,0.027436304701356752,0.027583850772793673,0.026833869983576685,0.027515292805913655
2025-02-11,0.022349826867697375,0.021960611182601585,0.02201722096659544,0.022341029728482013,0.022795880023624874,0.023244907276472753,0.02370463737261564,0.024276560694523865,0.024881567831992316,0.02550601836857487,0.02663790031037192,0.027537480027286926,0.027671498379168026,0.026829658859978855,0.027506628765799068
2025-02-12,0.02251317036385978,0.022218416235841806,0.022329433687353642,0.022697445447677496,0.023182852053346952,0.02365476347893062,0.024126277874794076,0.024700847055634186,0.025305736943736466,0.025927882211574188,0.027079250984929127,0.028040184672238944,0.02820647596632676,0.02736945610919964,0.028055216389550757
2025-02-13,0.022038404168406196,0.021540990039788134,0.021484439897118606,0.02171178792654598,0.022099119902155427,0.022522953916878054,0.02298641526960352,0.02356333021534823,0.024178792816761753,0.024817058033883854,0.025993322461004,0.02698532306614207,0.027239159105432335,0.02648763026424297,0.027152320774546695
2025-02-14,0.021700428939178697,0.021364368081398324,0.021396353269653143,0.021681229638100662,0.022113813407088234,0.022579722391139298,0.02308435834566238,0.023686753561981612,0.024322594865606968,0.024981739436800317,0.02620941428775496,0.02721721715067519,0.027556428937514085,0.02691978734022186,0.027600512144056795
2025-02-17,0.021854283084380387,0.021437157317764768,0.021411917196309544,0.02164149504509535,0.022008765192513977,0.02241487728139167,0.022864186762565682,0.023431818536056363,0.02404242753035716,0.0246708727055546,0.025833175693794272,0.02680716186025849,0.027104390408744045,0.026441440328759416,0.027067846704014416
2025-02-18,0.021911758362326367,0.021506823469689046,0.02150057203372568,0.02175206168784499,0.022136606047270826,0.02255227382691502,0.02300844021616882,0.023586073289733618,0.0242036160510209,0.02483657574919174,0.026008094108968212,0.027001171173840613,0.02728486121981112,0.026612611941104695,0.027226828960703504
2025-02-19,0.02183257788816613,0.02141527542499761,0.021405749707473092,0.021648730293827016,0.022016180796149313,0.02241826722420353,0.02286314923384081,0.023428171090896822,0.02403585594331313,0.024666591445903257,0.025847003736435597,0.02682701937377446,0.02708076746387331,0.02643495077263283,0.027046769858725818
2025-02-20,0.02206048100246683,0.021674279222127293,0.0216654984679959,0.02190564542404261,0.022263266001891303,0.02265237325837859,0.023077579896981424,0.02362957878388705,0.024230007019775388,0.02486562463854326,0.02605232153702882,0.027026796605244197,0.027294913229038723,0.02666265133665908,0.02727282705135663
2025-02-21,0.022256214480057775,0.02194265301157863,0.021972615606147074,0.02222636168893582,0.022573033309869008,0.022948907592479948,0.02336575708827082,0.023914792863251932,0.024513596044473184,0.025144306481266965,0.02631728949032151,0.027287270259280516,0.027501980339256615,0.02687179652930175,0.02744412797542879
2025-02-24,0.022410516762413898,0.022206189637807214,0.022290272552037756,0.0225521615020881,0.022888991469333205,0.023252731876766682,0.023662450058286714,0.024208196301656524,0.024801639223478368,0.025419105246532302,0.02656865763215451,0.027516433809836698,0.027718508512192052,0.027061493957685707,0.02770154564882044
2025-02-25,0.022408717451112923,0.02195506727271685,0.021904241808752067,0.02210460186343587,0.022418339633729814,0.022766390489974607,0.023161918518324262,0.023709607792135715,0.02431010158665604,0.024938752663536963,0.02609372732373042,0.027030111213105047,0.02720318423441505,0.026489126235693213,0.027173794632846627
2025-02-26,0.02248254793998196,0.022208040724492062,0.022267048332130644,0.022539073219007926,0.022892375347618746,0.023263469893178554,0.023671723774608033,0.024217035077653767,0.024813532551324718,0.025438265340518986,0.026598331811697164,0.027527792934617604,0.027738300978376144,0.02702803554064743,0.02767098015268159
2025-02-27,0.022408132778324368,0.022089347078563738,0.022150730978932876,0.022442397042455507,0.02281915263164289,0.023207679826531723,0.023632553285935658,0.024191433620491445,0.02481092380926286,0.02545934646314427,0.026634106923759667,0.027598413206681566,0.02779686968066459,0.027070281588254287,0.02781728331481118
2025-02-28,0.021684816524427213,0.02137611723310308,0.021449682505144837,0.02174957174073704,0.022127654385869874,0.022526253179303384,0.022966956741438848,0.023541850524538152,0.024164333088664947,0.024813774398343154,0.026010556851969013,0.026986982316263907,0.027285905496408917,0.026609443136953376,0.027336580068826444
2025-03-03,0.020801376515307758,0.020517990852012294,0.020637020951333684,0.020981905027109515,0.021407823558250307,0.021850839820533156,0.022341426923205527,0.02294816945456809,0.023593238418905347,0.024277621152217047,0.02554747493243771,0.026576458822392544,0.026929908968657972,0.026238517774398472,0.02697010466771883
2025-03-04,0.02025825578208737,0.019882449236663036,0.01993037705776645,0.02024828342330337,0.02067512875643122,0.021138456133403916,0.021640417648385635,0.022259792257532315,0.022920827565299222,0.02360096518068376,0.024839111980166317,0.025841797591624565,0.026175834855601147,0.025546405597062997,0.026190915266302822
2025-03-05,0.020577614997063044,0.020181743506840457,0.02023748013499493,0.02056415205046143,0.020992209212958815,0.021446690880151168,0.021942857339156553,0.022563372943678602,0.02322687113502999,0.02390847476889002,0.025142612134802567,0.026151696016402718,0.026440990809127242,0.02581915401911671,0.026481366661218867
2025-03-06,0.02047087770080465,0.020047765501016022,0.02005404128152561,0.020328903900731974,0.020724379893992773,0.02115302521121258,0.021618318161701604,0.022211696719513136,0.02284839261782771,0.02350872680506769,0.024720649836235856,0.025730905824685756,0.026038060087770362,0.02538641128421203,0.02610171561451711
2025-03-07,0.020585227548246435,0.020218232478016938,0.0202637703038203,0.02055975651779853,0.020972696629182802,0.02142003674394468,0.021910073471851633,0.022502055535743637,0.02312843039953821,0.02377488027732129,0.024960247539975174,0.025951180628564906,0.026187248644942984,0.02560244325887204,0.02625748657824619
2025-03-10,0.020623365734078417,0.020218491830109132,0.020253153776008243,0.02055122757326676,0.0209633698675406,0.021409902300062348,0.021900107298536513,0.02251211610991851,0.023154463972312442,0.02381147064438354,0.02501615238630383,0.026011311557399604,0.02629166220682282,0.025704769265595673,0.02633674609281167
2025-03-11,0.020422298587317315,0.019990856358596758,0.020022422340285194,0.020328621170818895,0.020757311794891584,0.02121091580742611,0.021693476971589378,0.022276811447937816,0.022887410209887472,0.023527166769898144,0.02471827820843971,0.02572344141672299,0.026011755803623648,0.025449400391548038,0.026192705151278715
2025-03-12,0.020987788216910618,0.02064299670986118,0.02074577713773458,0.021125612899624124,0.02161887484093435,0.02211416156277265,0.02261578561853661,0.023214585547765933,0.02384573186776929,0.024494207037038026,0.02568873637113634,0.02668169233702644,0.027024247655909477,0.02640709376672175,0.027177146462076467
2025-03-13,0.021555306025386824,0.021234296133748873,0.02135052974141564,0.021729029936877652,0.02220502424174357,0.022670439903874275,0.02314076018779551,0.0237065418588153,0.024309665812160392,0.0249393560695778,0.026097599823914634,0.027070999137602792,0.027379470732220298,0.026820267063043076,0.027533398148624818
2025-03-14,0.021077550005153482,0.020737619596115746,0.020838299353573442,0.021179952261923672,0.02163011329960491,0.022092548233965604,0.022580501458194603,0.02311794782657702,0.023726343443580284,0.024338507656469298,0.025471273904883015,0.02644191853813737,0.02675241804160762,0.02621096809501997,0.02691154853906967
2025-03-17,0.021007022172529657,0.020678074002381967,0.020769906003761343,0.02110676672566478,0.021553633418777373,0.022022732729369925,0.022512338844152817,0.02305366472789703,0.02366860732184207,0.024280535131875416,0.025423632249014984,0.02639563582451339,0.026738019978999182,0.026221371065170865,0.02692265071222536
2025-03-18,0.021285763900432072,0.021026638830421072,0.02116688206512002,0.021539701065390913,0.02201741613448738,0.022509175847208285,0.023023299919371108,0.023585359832810834,0.024213720592085763,0.024830297823028986,0.025964155609025652,0.02695649096919689,0.027328372918024313,0.02682098640723131,0.027556525607964684
2025-03-19,0.021296023189170454,0.02095533440669691,0.02107793650775342,0.021464015451925774,0.02197209516307625,0.022491309150650222,0.023027256032642943,0.023606567603489458,0.02424882616377011,0.024865546337085837,0.0259809759337531,0.02693605727464383,0.02723672072192067,0.026698515928041806,0.02739741628818584
2025-03-20,0.021378210749787015,0.02129808852687519,0.021545716551450857,0.021973051312260725,0.02247747118378199,0.022990633205851378,0.023529550070103128,0.024116995148353096,0.0247642077787818,0.025386340152577038,0.0265049857532782,0.02743606444196094,0.02775412581709756,0.02723466046034226,0.02793713144129643
2025-03-21,0.021179212368076045,0.021099094484113595,0.021349621406980403,0.021778148393860493,0.022279188171010395,0.022786393021382717,0.023325790628337294,0.023907079242464675,0.024548751218151033,0.025164364771839594,0.02626727334608223,0.02723598500277845,0.027604614199732293,0.027150727294479923,0.02793643761679497
2025-03-24,0.020488500175645918,0.02033283863020787,0.020538438336794897,0.020952865952644416,0.021462827780073686,0.021982246276138182,0.022522483845297196,0.02310659679057355,0.023753627493898106,0.024379327629256032,0.02550552332870451,0.026438693061625194,0.026802796060588142,0.026374510220335642,0.027127119117211138
2025-03-25,0.020392150881848495,0.020124608036825,0.020301749685519826,0.020746337152068892,0.02131899716335257,0.021904843602997923,0.022500189411312124,0.023126907685452,0.02380991921014253,0.024466739049377757,0.025653505564001904,0.026610152357098165,0.027081713413117017,0.0266295830315062,0.02745989557802211
2025-03-26,0.02034981426558317,0.02011618117120668,0.020321962341824994,0.02078257188532766,0.021356845391521367,0.021929928942243857,0.02251327622665946,0.02312978782078718,0.02380391878880532,0.024448357381207063,0.025625848144996837,0.026568040395800786,0.026971824832304838,0.026489714039903016,0.027247889465569483
2025-03-27,0.02034552958683939,0.020125315800074327,0.02030089655325445,0.020707285664179315,0.02121721650121877,0.021734001608019214,0.0222720228903975,0.022854114159256533,0.023508530416882466,0.024154692216394963,0.025336505691569703,0.026264933738646152,0.026696739973018656,0.02613552673658393,0.026989584679972704
2025-03-28,0.020058441459616966,0.01981961934514877,0.01995391352646424,0.020332540163545118,0.02084556957785854,0.021409633456929776,0.02200825724182034,0.02263615955434645,0.023318852760297066,0.023989719770362385,0.025202393668964377,0.02615501980864502,0.026613065657073186,0.026162942709226335,0.026952535523654963
2025-03-31,0.01983929458571471,0.019614027667896387,0.019758938675909003,0.020131756065839897,0.020626912183848503,0.02117098504898198,0.02177391717266099,0.022417054518201574,0.02311983068932933,0.023804498582130608,0.025031332498984833,0.026025785835039478,0.026527213556908378,0.026042387185685554,0.026847945935775334
2025-04-01,0.020609850871525056,0.020349386964543813,0.0205116672669365,0.020935369999317537,0.02150353333749418,0.02211652925854433,0.022767903191505217,0.023451018415156438,0.024186325117180208,0.02489738675795977,0.0261442649508317,0.027160143916365512,0.02767066795502476,0.027161598959520854,0.028041249168822297
2025-04-02,0.019987935072124315,0.019654043672525715,0.01979156664875005,0.020222149212963354,0.02082100900148485,0.021493968458741974,0.0222312496647396,0.023003795356043286,0.023818003091875047,0.024586554767524887,0.025933032085555356,0.027031765272998578,0.02767171395607906,0.027297241340113104,0.028110899802488598
2025-04-03,0.021830118878994567,0.022075383838168053,0.022588786293746606,0.023277789421035703,0.02402125074022635,0.02473272186312864,0.025431919438606624,0.02616517954803352,0.026961035996008173,0.02769626882035802,0.028925925261379225,0.029859464300719167,0.03014358561543356,0.029610735576606907,0.030580161760446627
2025-04-04,0.021699924762719047,0.02215942990460998,0.02290506267789852,0.023795818954772497,0.024697156044035377,0.02550836963325514,0.026272807748046134,0.02703855358175156,0.027843759862194825,0.0285669103438954,0.029744050103542915,0.03055493051755219,0.030751201546287906,0.030122995766656963,0.03091202208247499
2025-04-07,0.02132807921217199,0.021510428441711714,0.022085027718939006,0.022861456345808325,0.02369954660210623,0.024506737198151062,0.025316982123906727,0.026145187439542153,0.027015891406180693,0.027781837948970996,0.029013967930415833,0.02997296037602264,0.030345331689223504,0.029669169240897224,0.03068698545013706
2025-04-08,0.021030859859253927,0.021314178732358847,0.02192502879811318,0.02271300271531873,0.02356503218336234,0.024397648889185965,0.02522899362861879,0.02605645265903337,0.026907614442389302,0.02765852007162386,0.02889298607198011,0.02989805885447727,0.030259184388443154,0.02969307703827423,0.030698468857123906
2025-04-09,0.021295980811380098,0.02158386813814768,0.022271667997110986,0.023174567319913988,0.024147914288604497,0.025075977691990162,0.025972234125132186,0.026851360758272668,0.027745719164158265,0.02852045143254655,0.029741450505858455,0.030703253916657017,0.031031001797731286,0.03042594401197771,0.03135463170572565
2025-04-10,0.021221031781620388,0.021548873053950587,0.022230391751114215,0.023114627455973532,0.024063655945742772,0.02496788632668794,0.025833832033346528,0.026690080052471882,0.027575160938177273,0.028347438122712423,0.02955626811690053,0.03052976536905069,0.030918418143697227,0.030409316358342358,0.03119876725105846
2025-04-11,0.020881805680152136,0.021151755715862582,0.02182811497735207,0.0227177516597503,0.023671817858581513,0.024592490843603418,0.025485487719069236,0.02636061300894318,0.027259412983086678,0.02806106053267861,0.02936885269662387,0.030384614952339063,0.030875883293298895,0.030297011437261986,0.03130715853526352
2025-04-14,0.021015464987045807,0.02137582348913982,0.022111438477834693,0.023056323385674087,0.02406300467572697,0.025019414429965428,0.02592916059207926,0.026808295014433263,0.027705585090226945,0.02851347621447361,0.029837700043550554,0.030870100258521615,0.03135469343904882,0.03085388034804842,0.031765206212665376
2025-04-15,0.02105726623340927,0.021251822151470437,0.021825716414625815,0.022599802412425145,0.023454453745059597,0.024299222328577192,0.025128573805800563,0.02594709203562281,0.02678618963160883,0.027546543387677147,0.02882450904665216,0.02982700553406581,0.030174903630802136,0.029637896434552915,0.03053956141760328
2025-04-16,0.020902035931039478,0.021254117149040564,0.02192765955954591,0.022769954315575068,0.023672075645178137,0.024542791197354308,0.02538258328350751,0.02619581729075484,0.0270262914306174,0.027794645784976136,0.029112209225524897,0.030178624996777353,0.0306124001338099,0.030151821688965547,0.030899107530999816
2025-04-17,0.021017760000628386,0.02125468168337104,0.021854706395428438,0.022654936894178246,0.023526034949411412,0.024368586757572305,0.025191234235292386,0.02600789196990512,0.02685396940832191,0.027631755144051924,0.02892895869968973,0.02995165020597474,0.03035892216168542,0.029794964217313848,0.030579578454604787
2025-04-18,0.021085749450299066,0.02129547621484623,0.021871432908950387,0.022640030976048862,0.023484792815195044,0.024313606480549685,0.025136149800674776,0.025953489652190236,0.026800586294926237,0.027582211112052436,0.02891889567772294,0.029990932349246918,0.03047797759887789,0.02993149090164841,0.030760905244528732
2025-04-21,0.020750833562271788,0.021032386664467675,0.021646454185316244,0.02243976970484191,0.023313496682417813,0.0241776110001279,0.025026497599891246,0.025853822114268614,0.026697260982079286,0.027495594847638485,0.02889364304874319,0.029969207521937047,0.030540736047875893,0.02997186996507155,0.030863836393877818
2025-04-22,0.020822359497864738,0.021145872451617576,0.02179216626775898,0.02261504660546838,0.023513980213686975,0.024395046632229352,0.025245791427686164,0.026069350192539194,0.02691496443417952,0.02771406471196006,0.029096696666207858,0.030170732042653654,0.030687619496830004,0.03014064394479813,0.031017061231774463
2025-04-23,0.020521327736931907,0.020859601222916038,0.021557076376144266,0.022432073493477044,0.023387225669536528,0.024317354834414703,0.02521596437403237,0.026071025318887556,0.026926013524707526,0.027716210289080563,0.029104946131297493,0.03023573466227905,0.030800578798967103,0.030284062263108678,0.031089819010951418
2025-04-24,0.020380531733587615,0.020721103966582166,0.021444697158180537,0.02234011352659474,0.023311732714115872,0.024249101658930492,0.02514899790667151,0.02601918882589321,0.02689433094439293,0.027703080797859995,0.029094864357016866,0.030243186310934585,0.030861839312220533,0.03034482859146987,0.03125920259210484
2025-04-25,0.019938579861563912,0.020284591821472752,0.021020554045146557,0.021945820460422965,0.02295729421079548,0.02395174342858462,0.024908353979932733,0.02581413598664235,0.026712948080669246,0.027536022888278878,0.028959488358785628,0.030171235248321944,0.030872319663937574,0.030348579921120812,0.03126678193420512
2025-04-28,0.019603277341863002,0.01987674285248141,0.02059564695965466,0.021516916056915372,0.022531791130261693,0.02352330770786079,0.02448349842661109,0.02539921352372869,0.02631234950007267,0.02714770773693302,0.028577015215982677,0.02976977394041271,0.030446823796833406,0.02993155349699515,0.03087655513432741
2025-04-29,0.01978550208280076,0.019985812238588516,0.020639319234671463,0.021524136256624873,0.022502944103593405,0.02345691249623209,0.024373931172598926,0.02527168666833161,0.026193024488966876,0.027039939187705836,0.028468395793491755,0.029664472336335936,0.03038084598152852,0.029839755226716044,0.030912430577219537
2025-04-30,0.01958190672343503,0.019695276562201085,0.020297971954821106,0.021150451846444176,0.02210795202010723,0.023046410070188594,0.023956622207180003,0.024841894221987976,0.025742035851180838,0.02656760758561844,0.02794398383399873,0.02909610306929345,0.02973797656051406,0.029212398251092436,0.030114711187089634
2025-05-01,0.019763601209851916,0.01991273297687997,0.020547198502184633,0.021418543680570834,0.022386621369332022,0.023335293234928847,0.024259848755776917,0.02516165487469591,0.026075197287749784,0.026908658805787824,0.02829783140600887,0.02947269986660423,0.030218378427020826,0.029692489977614613,0.030719600708551363
2025-05-02,0.01864908125552039,0.018632502377799995,0.01921358403636771,0.020069668467583426,0.021067814691749724,0.02207655045141386,0.023087640478169993,0.024062929810786306,0.02502657695450292,0.02590256315120523,0.027403478399330966,0.028726191898351593,0.02968579910830653,0.02934057808173268,0.03035455795663795
2025-05-05,0.018041967968590814,0.017875962364160336,0.018454115134819447,0.019408907535441156,0.02052461813561639,0.021622847326063416,0.022705659098024748,0.023765034094680178,0.024819896974773013,0.025750005244109028,0.027252140181414607,0.028547137084778827,0.029452536306614083,0.028978448085337657,0.030204577545071047
2025-05-06,0.017918373333781025,0.01794163057095567,0.018658955410728564,0.019681663919564465,0.02086511392439798,0.02205587100381835,0.023236047688758713,0.02435375540187262,0.02544642760433998,0.02640227806682208,0.02795212866379899,0.029272055985030045,0.030255460569159127,0.0299839789697382,0.030866397511712867
2025-05-07,0.018201644864753203,0.018372650736667412,0.01917660555472021,0.020243643655959327,0.02143355421844431,0.022575996379798693,0.023699845145719614,0.024781478264510857,0.025845679220793255,0.026788953270296786,0.028313024990691053,0.029585108767926662,0.030497231795043076,0.030113011297859663,0.031067260954093495
2025-05-08,0.017044272473283485,0.01717923474839539,0.01800385242335671,0.01913222705071159,0.020387621259450796,0.021598455160235782,0.02279066000983687,0.02393223855086388,0.025046383793109042,0.02600075310735527,0.027510487646459574,0.0288245772539522,0.02972647441480409,0.029307010449760883,0.030422747114705922
2025-05-09,0.01807895391267795,0.018238715396684067,0.018974525517876525,0.01997735073939896,0.021098939035078642,0.02218389935817248,0.02326277769619043,0.024307570989600902,0.0253518168231751,0.026266505235102967,0.027747184439964708,0.028998503369716763,0.02967388920600475,0.029651640239952932,0.030187553300799197
2025-05-12,0.01670457342340565,0.017171781767312353,0.01809349195833462,0.01923110568791546,0.02045629982887622,0.021610220379488565,0.022725560862088556,0.023793912770403186,0.02485223361592145,0.025758328535744737,0.02718952154001063,0.028386893212260823,0.02904069825932118,0.02868605629344014,0.02949610092294004
2025-05-13,0.017637711545122624,0.01790575901251939,0.018669882027006066,0.019661485720114256,0.02075037443685593,0.021784250891198998,0.02279457173990172,0.023778973052329566,0.02477709059283647,0.025656613824453566,0.02708415129944925,0.028291210422988756,0.028966969221608765,0.028581121583982454,0.02947336224605134
2025-05-14,0.017524572625328708,0.01786564993234169,0.01869805552975072,0.01974003394769264,0.020877560673910917,0.021953077288632755,0.023006943223257657,0.024029893378309814,0.025054985051473026,0.025964786133760735,0.027442476563771967,0.028728885796002163,0.02949065593905618,0.02912366539651135,0.03005908814221036
2025-05-15,0.017156083334181064,0.017399811667368696,0.018182033425290095,0.019201407301046115,0.020338281762619224,0.02143027887088585,0.022502944195818088,0.02353764642888077,0.02457626139037914,0.02551136132659917,0.027060302344775345,0.02838380536902767,0.029223066016600414,0.0290242683969469,0.02987134111556874
2025-05-16,0.01693668912533227,0.01716429832536474,0.01794478791595996,0.01895755931737158,0.02008240853774405,0.02114325180099694,0.022178464067506096,0.02317597236714129,0.024174346688972385,0.02509412289408649,0.026645444132734567,0.02798359910034852,0.02880356767219713,0.028648890757982496,0.029577337161582073
2025-05-19,0.016513578554045987,0.016829657101980457,0.017694788373944816,0.01878415630962851,0.019978345700365503,0.021102033688311022,0.022196469629699515,0.02324715202667832,0.02428920594630749,0.025236892523752823,0.02683435707812778,0.0282376598026529,0.029135697038353645,0.029039464616806385,0.029977264407697442
2025-05-20,0.01671168720114894,0.017018668252340694,0.017857601949295702,0.018914500628823647,0.02007503901920765,0.0211674575506163,0.02223236898641742,0.02325610557621038,0.02427553713335677,0.02521031340901044,0.026790670357244965,0.02817749262548705,0.029055298448663926,0.028943880892935026,0.02988615887405247
2025-05-21,0.01638159543636076,0.016689305386639597,0.017529566006741885,0.01859167622580008,0.01976388281360403,0.02088114939740976,0.021978589750419168,0.023029426266883687,0.024071740703887682,0.02500671785915533,0.026545691572001467,0.027882462999975835,0.028739173094943254,0.028595337438015202,0.02949426459013645
2025-05-22,0.01759327724884839,0.017860452362728936,0.018615952381595816,0.01959079917223039,0.020676883244561527,0.021723641953209676,0.02275953339465566,0.023766019976967517,0.024778413136277776,0.02569070914161785,0.0272008985755919,0.028517553555071393,0.029320056129102903,0.02912911314272896,0.030047441846003723
2025-05-23,0.016642683583522604,0.01693561165069989,0.017710472916855645,0.018702449116846844,0.019817183175944008,0.020916938559734727,0.022018039944170696,0.023070997776683463,0.024118525252533017,0.025050806258428406,0.02660279129153085,0.0279810632879597,0.028874586462070684,0.028738763739087105,0.029615101746147916
2025-05-26,0.017239564029354382,0.017515090042031674,0.0182749328177578,0.01924778389534972,0.02033594954146844,0.021402726154473205,0.022473811472342762,0.02351394813083718,0.024562869738673224,0.025501665363610777,0.027049824365826064,0.028400544727816782,0.02926814772625694,0.02904634964270855,0.03003328150665822
2025-05-27,0.017053590437493292,0.017436525963602307,0.018275612837216106,0.01930980200034673,0.02044557178819675,0.02155538588220594,0.02266525160662722,0.023733975129574213,0.024799669782994985,0.025748580505410665,0.027324843317729906,0.028682914323275358,0.02955630795331697,0.029373290302570423,0.030196608320380465
2025-05-28,0.017102973114851993,0.01741232053066244,0.018199798332065135,0.019197807180834643,0.020301346595043315,0.02137603881404165,0.022448725901275737,0.023480524483007675,0.024521149310144985,0.02545836388451639,0.0270454403282024,0.028395513354890708,0.02932710718266509,0.029034895290425092,0.029980051631581472
2025-05-29,0.016815137805463422,0.017014099347337525,0.017740628850978043,0.018704420895230344,0.019796152175612796,0.020887197359158984,0.021990440732034624,0.02305294988224524,0.024113981818444506,0.02507019509244482,0.02669124781464515,0.02803909211988208,0.02896936019590186,0.02876600840315248,0.0297664134113939
2025-05-30,0.016576165438702977,0.016869690675701102,0.017659696759706446,0.01866471032843279,0.01977355116162296,0.020883013111703257,0.022001089562364413,0.023067057813514168,0.024133554003272203,0.02509983387317954,0.026736367824414995,0.02811605176206042,0.029081284159457856,0.028906437629372103,0.029922548490784035
2025-06-02,0.017527657952086474,0.017832505640515497,0.018637292544864525,0.019645365534268107,0.02074458369295022,0.021821346846935374,0.022905897512049387,0.0239448512287952,0.024992090688535615,0.025950819656015266,0.027556366796011006,0.028898070622667398,0.02981023746951153,0.029609614382896766,0.0306274973187037
2025-06-03,0.017390924192418333,0.01775026549652774,0.018542998263610416,0.019506823105609163,0.02055316304912202,0.021604789470836584,0.022686416017062554,0.023714982563517308,0.024753264853527135,0.025703385017086616,0.027339528384880202,0.02869246259673276,0.02961902373522275,0.029461466885497396,0.030433296112620502
2025-06-04,0.016939244251288694,0.017349122850076226,0.018207088095940335,0.01924038115631908,0.020348591372623553,0.021448220479966206,0.02257594682789768,0.023651620920236437,0.024731559152477836,0.025708251919938592,0.02736723769849156,0.028762109967736392,0.02976559190699445,0.029664385137198258,0.030567863739696978
2025-06-05,0.01663082179527532,0.016959325205808437,0.017748113181218175,0.01873365156227663,0.019803807096901663,0.020877455812272214,0.02197158887456986,0.02301320090327187,0.024063046327133072,0.025017406959938156,0.026638973808176748,0.028018352545206585,0.028933079735822542,0.028847833582702483,0.02961600665691593
2025-06-06,0.01701583184708983,0.017421584839664727,0.01825078656068186,0.019262782082823397,0.020346302066950542,0.02141351671606678,0.022498354916216975,0.023542368287880085,0.024602726176303866,0.02557982867570108,0.027253210524920007,0.02868475590148191,0.02967898360192549,0.029541834019954243,0.030369250097493014
2025-06-09,0.016983812547791043,0.017479415721480197,0.01837793379381225,0.019428507739014153,0.020534063265680174,0.02160824804008899,0.022698903425057683,0.0237406406689338,0.02479119014522184,0.02575601432333903,0.027403161655664896,0.028802145963161573,0.029695261084858433,0.0295020096455981,0.030379895362880188
2025-06-10,0.01846152107419886,0.018963243900173687,0.01982224468845142,0.020836343494414003,0.0218967641456543,0.02290242365944232,0.023897413118598398,0.024859705302208254,0.025850149155080333,0.026786198797583094,0.02841079872600925,0.02975161952354851,0.030585809770747388,0.030346304530356104,0.03116861385566701
2025-06-11,0.018085892888844615,0.018713346931596944,0.01966800110306302,0.020747982723364613,0.021848375192110317,0.022877874234673034,0.023886416388845963,0.024854927480460795,0.02584355983483198,0.026781004451429353,0.0284144478333818,0.029786109000685353,0.030638017843822092,0.03043479280708703,0.031192112748253988
2025-06-12,0.018138006128434483,0.018753798469629393,0.019740123009430278,0.020862919910711014,0.022003572471545024,0.02304483962226438,0.024052308508372214,0.025011392297105518,0.025988419823116136,0.026900413878470093,0.028488991324988205,0.029845496354858513,0.030841351063902255,0.03059248509718443,0.03152458561054333
2025-06-13,0.01770696866479734,0.01824248319020929,0.01919262705039023,0.02030861762697892,0.02145379837236119,0.022505172004421918,0.023519766018743837,0.024486883481423347,0.02547632553158504,0.02640066623392539,0.027993123022816545,0.029385236534806125,0.03042503167640949,0.030201358594895533,0.031098265065585336
2025-06-16,0.01770904947553095,0.01816291407914446,0.01903100026358563,0.020055840606867124,0.021125672860852637,0.022125610665089657,0.023108244236809156,0.02405726707901477,0.025031413718921588,0.02595256755510485,0.02753119627507722,0.02886468205410751,0.02983229689055372,0.029639036206223837,0.030525653986002918
2025-06-17,0.01747540043761624,0.017934092309805527,0.018794090022477682,0.019827304521034532,0.020918750482231477,0.021946881776065064,0.02295287271446675,0.023928626722577236,0.024924587268497164,0.02585286811630578,0.027440868610402718,0.028800439564805404,0.0298281536764744,0.029634709213812782,0.03048924047224487
2025-06-18,0.0175392879775076,0.017940777216399202,0.018799606200488,0.019849509007867895,0.020969669786828994,0.022041403305137083,0.023093083147964117,0.024106322812032573,0.02514263486493424,0.02611915324248239,0.027795572778490655,0.029197818159897648,0.030402200083992952,0.030319937059333866,0.03126957376083974
2025-06-19,0.017651715836902247,0.018163463573701088,0.019090669491656085,0.020184138108829307,0.021324892473948996,0.022408870825281195,0.02348101232122741,0.02450004760786959,0.025539842756819118,0.026513867515587146,0.028187564693556478,0.029585850008567324,0.0307838910808123,0.03069672877999553,0.03165670193466653
2025-06-20,0.01720439829867368,0.017678247317258786,0.018648851804556416,0.019813453865146012,0.021035163748194925,0.022181207415379833,0.02329320898381459,0.024358087933480037,0.025432955947146098,0.02643397332439195,0.028126344653651172,0.02957988003768327,0.030813592458947808,0.030748176795896403,0.031733810747450464
2025-06-23,0.01660493363297803,0.017067628091616466,0.018026269518742255,0.01918259869543071,0.020390459479344317,0.02153011106172666,0.022650332425865425,0.023709914542938103,0.0247824249429757,0.02577982027366184,0.027507258518871463,0.029000225841759385,0.030330320184735846,0.030305418016290428,0.031199474925548525
2025-06-24,0.017055029889883958,0.017383809487647235,0.018222577011228744,0.01927221664763916,0.02040154985106347,0.021481940607998812,0.022549662837081704,0.023573523822961018,0.02461256161154793,0.02558536691793327,0.027269478258956082,0.028678391994148112,0.029916430093310124,0.029875017731265024,0.03078504105764515
2025-06-25,0.01706675335672832,0.017472445627351185,0.018314944915932226,0.019340363062831847,0.02042217872949429,0.021452829646472726,0.022476419112071298,0.0234662009363595,0.024484903856018193,0.025440989843668944,0.027083222437517103,0.028414276651890693,0.029533820435687683,0.029416439753061293,0.030291775171753934
2025-06-26,0.017336332876409188,0.01769298358946718,0.018541239045316075,0.019565131520200892,0.020644392585724,0.021667593941444876,0.022699554727130748,0.02370419889961834,0.024732108490892347,0.02569170848737241,0.027323618732884372,0.02863551270512516,0.02974283258800691,0.02966359492990933,0.030636003722752957
2025-06-27,0.01671620524477961,0.017217016966176883,0.018122122872890292,0.019182870968254054,0.02029191897120674,0.02134129948321122,0.022374057009612692,0.02335862885488955,0.024363264139303654,0.025307633606120507,0.02693497105262442,0.02823169227960094,0.02944490996616287,0.029419917077832248,0.030183015134249237
2025-06-30,0.01707290373524047,0.01745925685262752,0.018290376193915204,0.019289621377184332,0.020349887054255507,0.021366920294758875,0.02238804399181908,0.02337420274279523,0.024387783022877405,0.02534100134594576,0.02695625154963324,0.02829668376778485,0.029591240975612332,0.029562260164027646,0.030564512429765545
2025-07-01,0.01709851420013907,0.017441942153715497,0.018244186587987057,0.01924352016190221,0.020311695817015286,0.0213345867689931,0.022354299226494324,0.023340189010709077,0.0243554991716945,0.025298935676508594,0.026867213302897763,0.028122920149324725,0.029389525702101585,0.02933484378650539,0.030405577832215383
2025-07-02,0.01734754046281057,0.01764238614679984,0.018401513661502243,0.019363019456550497,0.020395885360763328,0.021396258350267226,0.02240905387056044,0.02339260324555078,0.02440089619220432,0.025338977910761,0.02689900887311174,0.028194916394273357,0.02948767494881926,0.029531279720768237,0.0305418677794591
2025-07-03,0.017440333745845568,0.017799613476705445,0.018630718551493407,0.01964719298864168,0.020714622890376514,0.02171604229282712,0.02271797602707534,0.023699270969561516,0.02471582270411487,0.025659002272058914,0.02721323204555509,0.02847651821846485,0.029740094889127332,0.02974300138807265,0.03076526427341451
2025-07-04,0.01815062360135911,0.01856116830181813,0.019428733444785247,0.020467091311330884,0.021536539439795343,0.022512766843749036,0.023465865123971783,0.024391594025431625,0.02535380330777111,0.02626797415434104,0.02777697201124485,0.028921829720673045,0.030073798378724304,0.029949464310791332,0.03105650846690686
2025-07-07,0.017939429959544905,0.018395591741211654,0.01922776911155229,0.02022540474504159,0.021256670577203825,0.022206456029126406,0.023126249515979542,0.024023249435582143,0.024958836308346583,0.025847344052350552,0.027291785439115514,0.028440965118894462,0.029486113030500593,0.02934900073480528,0.03035163145934116
2025-07-08,0.017954694666434175,0.018483669484202322,0.01934419976864792,0.020339280951359437,0.02134960835015755,0.02228822814176162,0.02322618419507834,0.024155180649345888,0.025125745985162637,0.02605007178888678,0.027564281627207157,0.02874861560763242,0.02983996983930678,0.029523328379286225,0.03084687575824485
2025-07-09,0.01769947806430228,0.018136446616186745,0.018950068420089457,0.01991340425097561,0.020907249843019293,0.021837630399897733,0.02276926989248968,0.023677061624396308,0.024625015052137832,0.025526323955644404,0.027015753602786404,0.028195606663335007,0.02925929466189882,0.02918492357617087,0.030107445320359118
2025-07-10,0.018009616498469272,0.018436642482987844,0.01924239972042551,0.02020264582080059,0.02119377480563827,0.02212100119809158,0.023045417975931782,0.023944208590512297,0.024885242457930473,0.02579092351016145,0.027310711746908228,0.028544388174833145,0.02969544569568781,0.029606616892598688,0.030611196483057337
2025-07-11,0.017513710684026063,0.017839957341473252,0.018601882291330345,0.019563107712665777,0.020575269332427863,0.021537839861079537,0.022496222548659045,0.023419954561813762,0.024378965054971894,0.02528523276962235,0.02680360875936111,0.02805458607226066,0.02924079455389319,0.029212657845439013,0.03002368444291694
2025-07-14,0.01828246051335403,0.018577420141920823,0.019349331223827787,0.020314970338592895,0.02132448924585504,0.022266731326154837,0.02320683803678148,0.0241135524517461,0.025060627746081,0.025960194487787115,0.027465283684796844,0.028698857221671197,0.0298431919666092,0.029765277581039577,0.03070688196828832
2025-07-15,0.01783258919900498,0.018254678167298723,0.01908354787921746,0.020060586848113498,0.02106519146096755,0.022015468959940623,0.022975451233853167,0.023908778395718363,0.024874722544925048,0.025787666584465834,0.02729945694617522,0.02853800286644074,0.02970954261173209,0.029605529452166428,0.030514299341738223
2025-07-16,0.018152002755976154,0.018455793382152724,0.019203941729434668,0.020167862440679352,0.02117411246561587,0.022101561116784258,0.023003893531282935,0.023874728543612188,0.02479563699835675,0.02567755662659343,0.02715030687599704,0.028324139040124006,0.029421609028798854,0.02938747832105358,0.03024404860753514
2025-07-17,0.017582980599246557,0.01793880162425022,0.01869012011229634,0.019628975036988138,0.020624514738397378,0.02158573904163758,0.022530751995739503,0.02342819914664057,0.024360111438538987,0.025240990605376143,0.02675001242256018,0.027954608035516373,0.02905348892933115,0.02898117377839104,0.0299076929731969
2025-07-18,0.01756510280713505,0.01795089472976878,0.0187735763164835,0.019761019823296512,0.020792120311110936,0.021777963818302826,0.02275565855735858,0.02368502130464429,0.02464167492650527,0.025542937851515818,0.027052037699057424,0.02830829178561775,0.029434013419048725,0.02937632874069009,0.03043929860889519
2025-07-21,0.017755412513022737,0.018149756533183146,0.018958017306967622,0.019934802739933512,0.02095589311745038,0.021926747743917913,0.022889579951646127,0.023812604365016175,0.024770616247677724,0.025672288145765967,0.02718465417902309,0.02846033498538399,0.02959280559098842,0.029543650999168048,0.030558169277896112
2025-07-22,0.018017986461686473,0.018362508357645805,0.019121827789835205,0.020026739830448892,0.020972303333914748,0.021886832594937546,0.022813369313290345,0.023698177497342387,0.02461359415025893,0.025488644384620052,0.026976063111261567,0.028166876488212284,0.029206426376332223,0.029239978070546725,0.030011092994388942
2025-07-23,0.018000033281751152,0.018326164924497342,0.019083226962811117,0.020023329874173292,0.021025253608248286,0.02199880708528321,0.022968947719019594,0.023900017435234604,0.024864413128417223,0.025781366084854446,0.027308571085439694,0.028582997879060417,0.029742338388657696,0.029800283531358582,0.030842524754087348
2025-07-24,0.018210816421833455,0.018439992595540265,0.019199372758096207,0.020139872717305995,0.021137586910126866,0.022097777257867508,0.023076937368242897,0.024021560984979252,0.024996503821120987,0.02591295125047819,0.027425381379676404,0.02868306899044,0.029831032908910732,0.029889717974079022,0.031023003522857924
2025-07-25,0.01770040938624222,0.018054688276978554,0.01887344126066144,0.019861339093407298,0.02089816298484423,0.021894679227549976,0.022900182604786653,0.023869384684979993,0.02486859941288421,0.02581086398481186,0.02738110149070391,0.028660646758501614,0.029885500626350522,0.029927761242133408,0.030993730792863182
2025-07-28,0.017914182224913387,0.01828300753086699,0.019143691678371422,0.020188567575320178,0.021281412399130395,0.022312911336731266,0.023335964599769048,0.02432630089811943,0.025338349944859263,0.026276210675043998,0.027823584432047195,0.02910023580551919,0.03021624682807466,0.030285542115457198,0.03136010961731423
2025-07-29,0.017795218936841745,0.018200973789972527,0.01905488415928659,0.020076057917026054,0.02113603253479355,0.02215027008140291,0.02316536685703236,0.024148501481777277,0.02516274697839238,0.026108329088243443,0.027667511797464864,0.028907763353944804,0.030018759669789986,0.030107282486805352,0.031189490687484923
2025-07-30,0.017700371248848594,0.018079023203828162,0.018889816698672856,0.019884816855302866,0.0209362186458496,0.021946894678651508,0.022942055003291006,0.023902243090191018,0.0248959696288355,0.025840161632235573,0.02740922947603972,0.028671168638659983,0.029748336439112906,0.029862932389472078,0.03084312881709753
2025-07-31,0.01770568348532115,0.01822551546229006,0.019147042879313812,0.02022599731481182,0.02134461948275589,0.022401552498372918,0.023437347423386375,0.024430490010935908,0.025447631320046373,0.026399826852358425,0.027984981922061745,0.029259889995099413,0.030354389114351534,0.030418179600986885,0.03139427524012035
2025-08-01,0.017412638640098076,0.017878663115229954,0.018739858382270987,0.019771771268582688,0.02083862986750596,0.02186200520928517,0.022887134684666483,0.02387595139102514,0.024892762521156728,0.02583782519542452,0.027423818545545656,0.028743931604387873,0.029811572724788724,0.029892339110243228,0.030945529949925363
2025-08-04,0.017348348704143503,0.017725963452173983,0.018562117369611227,0.019605811747620674,0.02068234765738683,0.0217114279305434,0.02274090003841842,0.023735950819080042,0.024754732075752593,0.025697804104290345,0.027302823003411282,0.028636086663574277,0.02976526453392235,0.029857508807054223,0.030902485361644836
2025-08-05,0.017764229089390862,0.018190998793186676,0.019075478023253,0.020171510985848372,0.021290543608480133,0.02234844464765343,0.023400629982925567,0.024413157832120495,0.025447111834296467,0.02638524108417452,0.027963446728974665,0.029327995961449436,0.030374307371609937,0.03050621380735897,0.03159280532476663
2025-08-06,0.017714756156848296,0.01832412628214094,0.01930742299988984,0.020448946205704067,0.021592796796487047,0.022659528581475814,0.023700169201356317,0.02470264575678868,0.025730689264031093,0.026672417010747344,0.028248042418612365,0.029593173868900983,0.03066990491210929,0.03072415006909271,0.03186208728855365
2025-08-07,0.01777394308896753,0.0183164437836653,0.019238405611411394,0.02034343661537242,0.021465200509007104,0.02251920495100921,0.02354376822877052,0.024518069373547082,0.02552262913867544,0.026458414516014925,0.028065177333941718,0.02939977220139279,0.03054557345044605,0.030637423239176613,0.031639369249434134
2025-08-08,0.01782134022329514,0.018407851106971,0.019366547137764853,0.02049951625967783,0.02163950982957369,0.022699530364292824,0.02373544469176146,0.024742924914879845,0.025778018728368546,0.026746823551007916,0.028400299110031054,0.029758146432403,0.03101630129580201,0.03102038232163799,0.03215715684079858
2025-08-11,0.01813702474027212,0.018711113504547162,0.01967741400215639,0.020816602722882875,0.021964473325976643,0.0230393533440762,0.024089045914382545,0.025096525915112983,0.026125804424410926,0.027080188481890064,0.028738629415140583,0.030102750657866453,0.03135057527640752,0.03145228343047455,0.0325025790144854
2025-08-12,0.017757174734048888,0.018386899385025506,0.01939152448783946,0.020547921411272565,0.021701404555896642,0.02278816476450983,0.0238617426352974,0.02488100837398684,0.02591767024683534,0.026873244228318605,0.028544752351466397,0.02996651852924042,0.03129148618412139,0.03144141640027453,0.0324359161036977
2025-08-13,0.01767454064386916,0.018213586168132147,0.01918320642038018,0.020332714430495617,0.021495558586399875,0.02258447176660487,0.02366012042152328,0.024683065330258984,0.025727094313403327,0.026690341502807625,0.028378517156586288,0.029782116409092133,0.03110609221788377,0.03118908703292399,0.032272249605556046
2025-08-14,0.017385634428974044,0.017929996952968884,0.01891697514081663,0.02007700005952871,0.021250377930390238,0.022369429641038753,0.02348591359151138,0.024529275626763467,0.025581269367099833,0.026539943552605895,0.028232061440346755,0.029679589711641863,0.031099926085603715,0.03122112748758938,0.032223051051616776
2025-08-15,0.017441769658836682,0.0179183019062433,0.01886914332754312,0.020028109287357005,0.02121708105011762,0.02234390178240174,0.023453550239506907,0.024503145105169877,0.02557164470038621,0.026556937299393023,0.028279759857009406,0.029720514824937518,0.03114043699249141,0.031233488659355466,0.032412211591983
2025-08-18,0.017491430959241494,0.018114375584945306,0.019127725388758288,0.02028983358931045,0.02145239896960572,0.022561560049288512,0.023669941089793953,0.0247261612522867,0.025798233085948884,0.026778649190005287,0.028488576002926654,0.029925010933677595,0.03138378357364704,0.03155013771621423,0.03270137754689538
2025-08-19,0.017255599116516643,0.01766514085157107,0.01852692624466301,0.019588604462955694,0.02068777293608305,0.021754321005198682,0.022826716643806914,0.023833330141013083,0.02486501905689659,0.02582042349510654,0.027529956373010936,0.028957304852348972,0.030332278114202443,0.030502053779733584,0.031525617416616185
2025-08-20,0.017273723886429972,0.017660792197021553,0.018490330913572633,0.019536318806519137,0.020618235912054785,0.021665460546648804,0.02271685471173257,0.023708719955282533,0.024725324804051013,0.02566774913968647,0.02739502728367413,0.028831187757979992,0.03022806859116228,0.030332634625475533,0.03127900512986049
2025-08-21,0.01726420383428315,0.01763593148120545,0.01848577303600063,0.019550433271227387,0.02065429434013051,0.02172151384854118,0.022794525851955023,0.023819854423812094,0.024872741658182294,0.025848656032305864,0.027592205578295583,0.029054043488001967,0.030542015392869534,0.03064554307056724,0.031712527726202894
2025-08-22,0.01801429312265906,0.018673031574421153,0.01964249819924072,0.020743134003956613,0.02183924678035105,0.022870936117439795,0.023902292829414615,0.02490075890928104,0.0259301489215139,0.026879851289074854,0.028571024380017122,0.0299936306857219,0.03133553927638194,0.03146437526338915,0.032443500378274835
2025-08-25,0.018216961553606147,0.01879684094432718,0.019765318193873962,0.02088864798697394,0.022013419701961637,0.023072510871972873,0.02411345578087474,0.02510620043233792,0.026132342470877708,0.027089412446644107,0.028824320916715527,0.030231325438445613,0.03152104087941354,0.03166032808906128,0.032644678838363424
2025-08-26,0.017983838419519022,0.018507447994270006,0.01941713354736547,0.02049240835833044,0.021581039163907908,0.02261650537351662,0.023642414286559166,0.02462869934432923,0.025648323219489465,0.026606686769504048,0.028324895985515856,0.029798172383074348,0.031150557853513262,0.03127256731983165,0.03215898557105132
2025-08-27,0.018085197729333202,0.01870932189539302,0.01965869413032869,0.020753886303218803,0.0218419886487046,0.02286641583302434,0.023871271625219053,0.024828925138967603,0.025823705816130183,0.026763930011470188,0.02845790109216851,0.029895173528015788,0.031174013577339718,0.03127336471504796,0.03213589659937574
2025-08-28,0.018424639832844647,0.018915170431015087,0.019819493124385586,0.020894573738632814,0.021965593797536855,0.022967623168638086,0.023964161954156227,0.024920935740813988,0.025915413192621077,0.026844167031658817,0.02852470676481492,0.029977808272177196,0.03119878128215753,0.03131178464556226,0.032199022350582786
2025-08-29,0.01830119807136279,0.01891734803671421,0.01985871536024582,0.020921748292352202,0.02196484217379327,0.02294651751828807,0.023910691665687198,0.024830963531966687,0.025793441775497486,0.02671701821897107,0.028383444992622808,0.029817158562103405,0.031130904049638208,0.03115367958478395,0.032031065181998254
2025-09-01,0.018295533980014222,0.01877564520235874,0.01967680005747829,0.020762542165384562,0.021844604072403448,0.02283932647192854,0.02380779915826618,0.02476075919162303,0.025759727660383338,0.0267076615669916,0.028357871245058522,0.0298076710103145,0.031120718693299295,0.031224087068338974,0.03196417739437592
2025-09-02,0.017862891382743683,0.018431297964926412,0.01932723656537005,0.02038189031660359,0.02144085485883946,0.02244274230165605,0.02342037426754274,0.024355293427884617,0.025323278892816523,0.02624630358910925,0.02791782813670957,0.029400146966949467,0.03068563230159449,0.030883651298717778,0.031674262365198234
2025-09-03,0.01794206137920466,0.01846092729861062,0.01930890981621067,0.020308627236685365,0.02132031354443141,0.022290873044807865,0.023261863358319826,0.024195890884560086,0.025170556850224065,0.026116507761295326,0.02783330073519414,0.02927951603518444,0.03058834654194902,0.03077126989947355,0.03163909250706386
2025-09-04,0.01794348011913527,0.018471422436627003,0.019338423093560493,0.020350913344391153,0.02135999028306518,0.02232861475884213,0.02330887828760716,0.02425238417296227,0.025231142655303643,0.02616950032774294,0.027872296985941715,0.029368918352717432,0.03068780537858122,0.030834700258426388,0.031720718688799596
2025-09-05,0.018029356077857533,0.01856708375592743,0.01944990450069071,0.020484195843682915,0.021507344654301406,0.022471117786687797,0.02343185893606938,0.02435865784486685,0.025323419391637517,0.0262398979781296,0.027886146467943667,0.029376061406269117,0.030718182544296868,0.030812174979432234,0.03154199447392928
2025-09-08,0.018492460212887658,0.01905097410539908,0.019950983122361165,0.020990869873212168,0.022017827554320614,0.022978576042703446,0.02393759343655053,0.02486513622546028,0.02583005072671427,0.026753428334206485,0.02842361405057642,0.029900194514497713,0.031307947276083055,0.031353149539043654,0.03225551825812294
2025-09-09,0.01834605073716465,0.018949523106568767,0.019869477645796208,0.020925993570491075,0.021971807272448105,0.022958082177710955,0.02394089524306652,0.024890711932351837,0.025872366421231165,0.02680662053527795,0.028509435419648427,0.030035488750962864,0.031487468871598256,0.0316988123514923,0.03250467156530846
2025-09-10,0.018730150398688052,0.019345402258449333,0.020329202219189674,0.021450383718221926,0.022551795079602446,0.023572865475260853,0.02458596659472085,0.025564379045398804,0.026572337678613157,0.027530258709984955,0.02928732786910113,0.030885173247623438,0.03230187460595268,0.032739444291386983,0.03357060067642143
2025-09-11,0.01836052979937984,0.01889995461016636,0.019764472647726065,0.0207736617423059,0.021785144938855756,0.022763946564656745,0.023759961136545885,0.024721980227735113,0.025714849203676626,0.026656320691274573,0.02839916464030377,0.029952511162097836,0.0314445613138544,0.03188084190777381,0.03255879574128252
2025-09-12,0.01864169896057888,0.019118484875808223,0.0200015267749517,0.021059514927698617,0.022124574164287376,0.023146231525955036,0.02414176458621576,0.025136027219520657,0.026147103551570055,0.02708611577458536,0.028834269918504005,0.030388475238089248,0.03189849954943151,0.03230987585278434,0.033043540887015485
2025-09-15,0.01876197024778657,0.019349491420027957,0.02032814631530413,0.021476219879910583,0.02261988172159768,0.023697804083234787,0.024734790244231523,0.025769066277860662,0.026818754189770633,0.027782476691654793,0.0295436830347856,0.031089502553774098,0.03261518040989885,0.03304255996549687,0.0337756417435761
2025-09-16,0.018585153177733047,0.019250718916968196,0.02025881721060008,0.021391023148382374,0.022517955153632484,0.023588729359286048,0.02463198070326562,0.025673662703838692,0.0267146664269558,0.027678231375607862,0.029482137466368102,0.031116051850465454,0.03268803944536058,0.033323539995141524,0.0339968969057736
2025-09-17,0.01855562019907598,0.019236561031955878,0.020212016489976874,0.02132732068326733,0.0224374036332413,0.02350532608752367,0.02453756125677917,0.025561859379350783,0.026595158761524223,0.02754617520022604,0.029355281833778772,0.03090136559716412,0.032378529601061065,0.033089001524770796,0.033753164351431136
2025-09-18,0.01822042888233803,0.018895661849715695,0.019863982287757636,0.020955729927566544,0.02204223639417046,0.023089764301915106,0.024115391309589312,0.025129526690491073,0.026144925221482075,0.027079041225228355,0.028866321947502424,0.030496966794093867,0.03212065392992301,0.032708536250694545,0.03344586602183724
2025-09-19,0.018544534990611195,0.019299561706774736,0.020307215116076444,0.02140200959957036,0.02247917940830289,0.02351969079974994,0.02454193445028206,0.025562710792236067,0.026589679479349447,0.027544309039433078,0.0293522274991523,0.030941453607315254,0.03258813480280677,0.03317881320723062,0.03388881868156825
2025-09-22,0.01842655625172546,0.01902096978376781,0.0199165857343558,0.020944808011486203,0.02199446607497792,0.023032681047083687,0.02405041485670427,0.025061786498103145,0.026068879786697426,0.026996496721247643,0.028788540533273215,0.030390072006391253,0.03203124974347339,0.03263728940270723,0.03324954855280518
2025-09-23,0.01882238411274355,0.01945620653570521,0.020411176255236873,0.021532370464321625,0.02265694816139747,0.023743243195645216,0.02478868645452605,0.025821527402836338,0.02686261786156411,0.027821051567386314,0.029636598643143185,0.03124096795027297,0.032887413863678355,0.033499679790300246,0.03416934954654546
2025-09-24,0.018534744774615808,0.019108178267264308,0.0200153596146683,0.021087245868377312,0.02217604619570435,0.023252014376728993,0.024308066094700133,0.02536016441685149,0.026417511641301065,0.027387125798977754,0.029216210971020572,0.03084914338667074,0.03253870621677457,0.033317804075892285,0.03388560087845544
2025-09-25,0.018310408398196587,0.018788432530640733,0.019638214035630555,0.02068571200241901,0.021773111607575977,0.022875215596609,0.023951144394163584,0.025025149760332887,0.0260965420655626,0.027087340593766888,0.028998740005199395,0.0306737806944687,0.03246044085138282,0.0333384516185996,0.03398836142684321
2025-09-26,0.018584709807571983,0.019098659554395266,0.01994679891208381,0.02096760705253188,0.022018390396433923,0.023079837427598178,0.0241262779232089,0.02517343073743717,0.026221083146609786,0.02718212373861693,0.029031307047883852,0.03067787422505836,0.032398857021811465,0.033209333104562276,0.03371441565030277
2025-09-29,0.01873036430966844,0.019192073144877548,0.020026675274423915,0.021040033890732283,0.022092493912915394,0.0231557561181313,0.02421751539926589,0.025285626061211333,0.026353329661376844,0.027331506059184864,0.029198706774598546,0.030877728797847493,0.03262802887021449,0.03347167688343037,0.0341215171190111
2025-09-30,0.01887967031957601,0.01940701832448055,0.020276099805776368,0.02131372971465054,0.022382998285329917,0.023459728978314772,0.02452815195113029,0.025600018426426088,0.026672481770160576,0.027655809356569618,0.029516063911811066,0.03114312569991262,0.032905980990033445,0.03374633802488336,0.034351083696781165
2025-10-01,0.018935379665667253,0.01945956968432462,0.02034190415416185,0.021410211133010736,0.022513936443906764,0.023613544118678227,0.02469482677328143,0.025772248087365633,0.026846297266155728,0.027833142826380462,0.029711601414953076,0.03136469294990707,0.033128146440023494,0.03396021509604116,0.03463783405731449
2025-10-02,0.018743594898836535,0.019176148380782757,0.02000124842461814,0.02104712307038028,0.02213744002179344,0.023232369879988092,0.024304439361816907,0.025368344795495032,0.0264412641131558,0.027427956761397948,0.029326587882607152,0.030956720469046697,0.032732225105992115,0.03359542351305334,0.034240334800072554
2025-10-03,0.018690217363020158,0.019064422846774703,0.019846633150898026,0.020847720554378092,0.021899507334904755,0.022963310757422573,0.024014367713655543,0.02506701988005405,0.026132069417800628,0.027126004509307796,0.02902726849781832,0.030693523559348082,0.03248224274550254,0.0333832466530757,0.03392039945244066
2025-10-06,0.018558440274845045,0.018823962667288432,0.01953015543077711,0.020475841379361582,0.021492656700120995,0.02252788306032226,0.023546827228367248,0.02456752063300019,0.02560277800957706,0.02658662663128617,0.028497243232284513,0.030197616623305095,0.032050545936216646,0.03295844076553799,0.033453351694514334
2025-10-07,0.018456227392649707,0.018770300318939472,0.019459683414120348,0.020385191013180676,0.021373576902864597,0.02238520367493365,0.023378685513739523,0.02437424741427802,0.02539443522982149,0.02637159708382568,0.028281537417732115,0.029939648501681404,0.03179214003271869,0.03261724545640884,0.03309578305400076
2025-10-08,0.018763392293696432,0.019052474885627176,0.01976094127506709,0.02072351606403522,0.021746903112541974,0.02278196851966103,0.023790606360373785,0.024807135217857827,0.025844603746703863,0.02681928021358384,0.028692023461717626,0.03039196989401788,0.03238715997446684,0.03311962094739669,0.03364204930715391
2025-10-09,0.018802457599236693,0.01909104192662652,0.01978673786909208,0.02071970843022952,0.0217110310054256,0.022715592527688334,0.023703691088741558,0.024696756242584425,0.025713423911230916,0.026674805112638016,0.028565270974914986,0.03026568331622122,0.03219444012007052,0.03299934479319346,0.033577105691649206
2025-10-10,0.019118771888178916,0.019461916011721692,0.02014720548526373,0.021083702607949905,0.02206704149120697,0.023049021512067662,0.02399007378560251,0.024934603233028686,0.02592240036821133,0.026865208345547453,0.02868710120254968,0.030425129015603274,0.03194884058762641,0.032988378640519574,0.033762482551747394
2025-10-13,0.01917475086821623,0.01965646551433173,0.020438001013215527,0.021387784280246507,0.0223740716837415,0.02335115856498608,0.024294619651995204,0.02523951627936718,0.026198166114679924,0.027102197826043832,0.028874436171660828,0.030510625122107296,0.032404555921981125,0.03284506953928213,0.033312803983032054
2025-10-14,0.019174609012038272,0.01959271139530291,0.02031140216431677,0.021226606701839193,0.022183995964033244,0.023143961965948593,0.024078295447336383,0.025015291382448845,0.025969375414047886,0.026867805861120374,0.028656973201823883,0.03030998945817186,0.03221300377707807,0.032752626299254864,0.03324676358899563
2025-10-15,0.01893358882413695,0.01942088048684659,0.0202134080366057,0.021187484690454436,0.02220022527831976,0.023206593275621076,0.02418239997565468,0.02515143293265455,0.026129599159312282,0.027037973885049516,0.02883308041964204,0.030502177158782166,0.032393911411149855,0.0329260193426663,0.03340774906069773
2025-10-16,0.01901487379311034,0.01945188098039504,0.020198551958059505,0.021135756039484508,0.022106317047627777,0.023069968882800166,0.024004126536178026,0.024939548536982374,0.025894003595011834,0.026786485471656834,0.028525237639747437,0.03014210940806948,0.03191135054507167,0.032439390372535536,0.03293957668483074
2025-10-17,0.01925813517032893,0.019668020209629357,0.020457657558274826,0.02142030911282836,0.022414391778673354,0.023390726454962946,0.024353847145335776,0.02533255611936952,0.026333990532642394,0.027267950117376632,0.029047653753439616,0.030726560105544077,0.03246850599996629,0.03310040096328619,0.033611637982821144
2025-10-20,0.01940130165189842,0.01985223112662786,0.020663243625976015,0.02163987556549941,0.022640529731091753,0.023624771603913595,0.024592593574333462,0.025568671238289212,0.02656431124198318,0.027494212108548906,0.029295690454422273,0.030960347287457578,0.032686895485955526,0.033311175090824825,0.03398072572479682
2025-10-21,0.019095169993125927,0.019557754920507292,0.020395030732515397,0.021402552802640272,0.022440473038508654,0.02346605164453641,0.02447159759419908,0.025478376945734762,0.02649680354393377,0.027447833465108932,0.029289953241509858,0.03106581555524861,0.03286062095919901,0.03362479317238039,0.03414315241316423
2025-10-22,0.019172604907688913,0.019654265098446953,0.020485394557284018,0.02148788397301167,0.022511701650784286,0.023513239684730857,0.02448962588565745,0.025472166813313424,0.026474674693648993,0.02741089057789549,0.02922018143336645,0.03091819777472545,0.032696946275932066,0.03339665362648031,0.03391083459686874
2025-10-23,0.019177614347988352,0.019642883692875514,0.020490509745122232,0.02150913091074327,0.022551058299156206,0.023553200366725296,0.024528108581471753,0.02550992711584086,0.02651341526499353,0.027459828077907922,0.029281936078433043,0.0309951074165107,0.032795867010003456,0.03343207237879854,0.03401976990620287
2025-10-24,0.01945605219855422,0.019966402361915502,0.02083006029134964,0.02186417531769112,0.02289566853679647,0.023869650613320987,0.02480640975264421,0.0257451600708268,0.02671355378555667,0.02762149836947532,0.029358187135088414,0.030972502727309306,0.03266108790485588,0.03320295802132815,0.033635920685345114
2025-10-27,0.019344603441560772,0.019844712316999212,0.020663338236583874,0.021641173263828913,0.022632865622962052,0.023590089124717457,0.02451659260443688,0.025457897950509675,0.02642935632215483,0.0273590727061705,0.029105330955204192,0.030764352481075743,0.03250695514886226,0.03315764431080831,0.03363347111732358
2025-10-28,0.0191065350960781,0.01961514310458925,0.020446773287092008,0.021432458795598033,0.022433170448755427,0.02340089909184601,0.02433586744418025,0.02527140990035092,0.026231763204382065,0.027140599261516067,0.028892379455130335,0.03053292930906211,0.0322129418421913,0.032810085130695554,0.03327829263086612
2025-10-29,0.019210877259375096,0.01962497504170711,0.02041711394330804,0.021381392856225395,0.02236864927812282,0.023330219726663968,0.024272727614061133,0.025223834861958366,0.02620176606222141,0.027130622623122862,0.028921223214099057,0.030587506087763852,0.03236597634851952,0.032986769660061366,0.03345629143788809
2025-10-30,0.0191720647212461,0.019548392525105082,0.020323852933114617,0.02129233967731528,0.022297333354629634,0.02329783477537901,0.02426605348126793,0.025228144792027396,0.026201731235296868,0.02713287561826066,0.028940791862299108,0.03060350979704486,0.03239243360915767,0.03309208073576757,0.0336066832086545
2025-10-31,0.019162132938170963,0.019606812888813992,0.020405102215463,0.02136833693525816,0.022362735897344527,0.023349719076501435,0.024300164643667046,0.02524023182615685,0.026187996637235412,0.027102865830726738,0.028927997142858507,0.03057568802632953,0.03237955615457165,0.03306766128265979,0.03331605173280232
2025-11-03,0.019204909405654873,0.01964776003813965,0.020430616508753868,0.021366751288825314,0.02233011072871041,0.02328904925118653,0.02421617905184342,0.02514056569127411,0.026071517759611664,0.026974222977714676,0.02877678422176102,0.0303994005431264,0.03212802854136841,0.03287980096764748,0.03307682446914802
2025-11-04,0.019230457009160127,0.019588883102078097,0.020348015584417508,0.021306300770477946,0.02231217811194376,0.023315316039825215,0.024288129397552316,0.02525114629300836,0.026210393171932102,0.027123820917753914,0.028927588490742465,0.03058974581210953,0.03236391045822413,0.033155193913669834,0.03329263213281482
2025-11-05,0.018996582487443885,0.0194752297269194,0.020296817842781624,0.021280308194185204,0.022297937016586604,0.02331581812937123,0.024299068121395012,0.025262329841323945,0.02621744008969939,0.027136406403031436,0.028971023481044158,0.030640810003066385,0.03242490083397347,0.0332573986469794,0.03347379568475918
2025-11-06,0.018945959601129034,0.01929047766032588,0.020027331047189997,0.020952095294084445,0.021918119748791463,0.02289913525930132,0.023862855575959987,0.024827202211025107,0.025793676456637,0.02671530658651463,0.028529506525131258,0.030165239121757385,0.031973449310696817,0.03281818447559654,0.03292585665568107
2025-11-07,0.019304532824949757,0.01967629183198329,0.020447164968763767,0.021397152252271984,0.02238793898890484,0.023367221248216087,0.024320289172764253,0.025274453389045114,0.026231849986307974,0.02714609055992221,0.028964287501839336,0.030600111030819516,0.03236351669960451,0.03312140148563041,0.03340359711000612
2025-11-10,0.018772267426194766,0.01928431058908869,0.020068631298913307,0.020970749146192028,0.021921484171551903,0.022873836498988453,0.023800544306612242,0.024722097692508688,0.025647236099879775,0.026562634816178474,0.02840071097017923,0.029992074666057054,0.031732196592405795,0.032447188706437015,0.03254756310777435
2025-11-11,0.018745512622861393,0.019176965353061248,0.01990194966683261,0.020764046440449775,0.02169177915759755,0.02264556047946478,0.02359722420451252,0.024550541897800825,0.025506996129220416,0.02643450901863929,0.028271150344317895,0.02989914585618916,0.03163424843612144,0.03243205326693251,0.032692364869004675
2025-11-12,0.018736763879964678,0.01910702541154173,0.019803202888107788,0.02067468645220671,0.021605046326844825,0.02255604832076863,0.023494642991594386,0.024435190662581076,0.025385563798950194,0.02630632009379409,0.028118128686924895,0.029704773126538384,0.031337107233164886,0.03217994747456135,0.03245317792145217
2025-11-13,0.018357425411730483,0.018743491184809353,0.019420213198833323,0.020253046748333472,0.021164023704539348,0.022112894641234317,0.02305506148447652,0.023994493619979605,0.024933826154149664,0.025851395093439956,0.02768912804744533,0.029249788658321722,0.030928885969708508,0.03171803044142187,0.03200131966958511
2025-11-14,0.018566872882951113,0.018964465325718216,0.019676770675579925,0.020489224536228905,0.02138636121820257,0.02231383521752036,0.023245578622648384,0.024179818038723933,0.025125234018653592,0.026041213451944396,0.027868292123261824,0.029458826230789242,0.031113816779691668,0.03193450611942342,0.03228159711539736
2025-11-17,0.018318528571927173,0.018703300406759327,0.019429212564722294,0.02027491424548429,0.021208440343846016,0.022167518890305358,0.023118278410525807,0.024066642490887375,0.02502351535222147,0.025950554646046103,0.02781265307761539,0.029424046586535295,0.03110038291236366,0.03198580095780569,0.03236358772353802
2025-11-18,0.01833186809903356,0.01875606411620066,0.019512307604103205,0.020383139734669098,0.02134089302161952,0.0223192316631811,0.0232773088740565,0.024228017760227098,0.02518298113400243,0.026107485454221337,0.027978666890738482,0.029596917616785293,0.031258827318923606,0.032147120160457635,0.03247640163513693
2025-11-19,0.0182865131869066,0.018646335053458436,0.019366350432269235,0.020215892104958274,0.021161229960470564,0.022120823061899542,0.023055794038090393,0.02398501065904713,0.024926787815008077,0.025838080379540176,0.027673951927087246,0.02924899883543824,0.03087807536363862,0.03166295818021507,0.03199269694726255
2025-11-20,0.01859203528760697,0.01889192203407294,0.01958267564348043,0.02042004837468723,0.021357540042573515,0.02231490482336168,0.023251377218043334,0.02419179594940598,0.02514390458557789,0.026052589700876806,0.02784758353419565,0.02946107740436687,0.03113188829943818,0.031902259798922826,0.03219235605044276
2025-11-21,0.01876160018269376,0.019114479522068763,0.01981603443271844,0.020648251977484277,0.021575776067183753,0.02252469197668523,0.02344902714571415,0.02437344296209582,0.02530981260527078,0.026216017326198427,0.02801057666139842,0.029620844679835768,0.03128511377446152,0.03197887226873608,0.03241563369866942
2025-11-24,0.019191670118518023,0.019605656037105307,0.02034680433816511,0.021199034406057832,0.022120953282793402,0.023041926548466533,0.02393026084268448,0.024821373651926455,0.025727276659556052,0.0266131136284989,0.028388123747894428,0.029992979360294086,0.031651975453424915,0.032447018939800024,0.03280194093024487
2025-11-25,0.018911902124143152,0.019443380047571474,0.02024429541450604,0.021129083377629896,0.02206043133867691,0.022986397951541917,0.02388051679524558,0.024771518536060626,0.02568184710590617,0.026569457926249953,0.02834184216300267,0.029919985079326427,0.03159204116940297,0.0323446247463875,0.03268674543270082
2025-11-26,0.019062551030747495,0.019514694922810893,0.02026460954832338,0.02111350501467473,0.02203116865727826,0.022953727032636224,0.023843865660985467,0.02473006437954524,0.025627067364597682,0.02650499511638898,0.028254493173616384,0.029838416522222768,0.031490789690955936,0.03227944874784977,0.032530370644441434
2025-11-27,0.01889570353709015,0.019367456772167255,0.020143856720240518,0.021016452947819612,0.021952344581008143,0.02288629924374488,0.023792460120760126,0.024693993030137026,0.02560440285513489,0.026488732003573375,0.028239102145322523,0.029869038691798137,0.03150360769525363,0.03230633215722016,0.03248175833239348
2025-11-28,0.019035040497563074,0.019542598565996914,0.02034929947611914,0.02124481314295913,0.022194464706016596,0.0231421238880452,0.024057214636809945,0.024959027612913846,0.02585871513786506,0.026727412022327486,0.028436663386343493,0.030022891349255145,0.031635834121780816,0.032445889054495275,0.03255172568531495
2025-12-04,0.01899501691277632,0.019465266343530154,0.020242729412404886,0.021117816199034713,0.02206336619535001,0.02301933343299885,0.023951372387157235,0.024869865810052606,0.025786679606474062,0.0266820120114942,0.028490501382093688,0.030117056631862586,0.03177009709418811,0.03267604233037408,0.03287355342604834
2025-12-08,0.019366627522655826,0.019802797041124733,0.020565581298724645,0.02144345292813071,0.02237517768338122,0.023303667053649953,0.024204230930875367,0.02510999477757254,0.02602962913664768,0.026922729491516584,0.028683344830006726,0.030264530103973526,0.03190465835853273,0.03286266728606476,0.032946152744953904
2025-12-10,0.019128914931818963,0.019578389565156513,0.020337059467451613,0.021196596208294654,0.022118210683105013,0.023053495594645708,0.02396756320528519,0.024879440266843123,0.025799272824823204,0.02669110957384675,0.02847041305832073,0.030077462265003782,0.03172907858281349,0.032698923626390416,0.03280647840902938
2025-12-11,0.019116674367182094,0.019540487089321358,0.020309929751804585,0.021193458716573948,0.0221386121870649,0.023094359684577157,0.024036862306070918,0.024983028595196095,0.025935055268719476,0.02683978993107642,0.028608951098328905,0.030219401390421115,0.03185312704349006,0.032820511797321233,0.03303876446677503
2025-12-12,0.0191025774208498,0.019558407153208057,0.020336203514975795,0.021215845390118483,0.022156861943377733,0.023111942993416842,0.02404410125176057,0.024968500091229452,0.025898805336009252,0.026804841500922473,0.028616268858830528,0.030220150775576972,0.03193848039672722,0.032852655931401326,0.0330804074035725
2025-12-16,0.019012175593338357,0.01947274106227754,0.02026271328813855,0.021157742771106575,0.022116144923482704,0.0230912689528056,0.024051630936951188,0.025005410910731107,0.025968941773206394,0.026895950454582467,0.02871988740082937,0.030335100647612842,0.03209482693233457,0.03303302308672297,0.033278526471702985
2025-12-17,0.019214053859127587,0.019618903663834664,0.02037706276051099,0.021258677652390163,0.0222090069138405,0.023171473144353978,0.024110512327849234,0.025042717892576203,0.025985559149916754,0.02689676011907419,0.02870821406016783,0.03029307132681677,0.03208966033686866,0.032998521901068285,0.03322649434143929
2025-12-18,0.019022002747622932,0.019455718062962077,0.020220187007745555,0.021091193929858795,0.0220286819329376,0.022983683655782586,0.023915511297938306,0.024839246118079222,0.02577258675314493,0.02668312464642373,0.028480278609824796,0.030049756775898395,0.031814019146803305,0.032752720269241045,0.0329364709144176
2025-12-19,0.019161402457141496,0.01954460456643403,0.02027309171851041,0.021114229597759923,0.022024425806086472,0.022953177459281108,0.023866013681414815,0.024775803865810332,0.02570287215330298,0.02661348657055168,0.028412790805723585,0.029922918183384484,0.03171687155124177,0.03260289700131128,0.03282115066063545
2025-12-22,0.01950272715282249,0.019881432446321835,0.020619407011074342,0.021487377476747737,0.022425058814383916,0.023363265736924765,0.024273756749793804,0.02519920947487431,0.026134237873440845,0.027039411085767857,0.028813819110018613,0.03036873309425382,0.03222332955596276,0.03307231050718763,0.03331846714090943
2025-12-23,0.019241634298590143,0.01976824449225204,0.020591049057325186,0.021508734845608165,0.022480566275613866,0.0234576538495159,0.024404246684131173,0.025358031627254637,0.026310827629382957,0.027224141855441645,0.029014235222685408,0.030565418376964845,0.032444507529885445,0.0334390614511847,0.033685783521856104
2025-12-24,0.019425037046333703,0.019855479989493923,0.020633516356092788,0.02152844617771759,0.022493638891214574,0.023471122922041038,0.024421305889347586,0.025383060617403242,0.026339461562948877,0.02725353191901501,0.029025965091340283,0.030589934166836436,0.032444113459710724,0.03342358328461193,0.03372307008508375
2025-12-25,0.019383730794230933,0.019807301653642667,0.0205605769653218,0.021424199561991437,0.022364265236462143,0.023325383906130922,0.024272942236718442,0.02522789942166893,0.026176993318008338,0.02709090442812153,0.028891403669592027,0.03051834545701023,0.032451439387472865,0.03344898870780682,0.033750747079757
2025-12-26,0.019346250341031185,0.019790872902325687,0.02058554365850045,0.021494696913525006,0.022470511458751515,0.02345339022189578,0.024418094303259467,0.025387686549444125,0.026353454994148658,0.02728036396432841,0.0290892259482457,0.030688159374258634,0.03257648808793995,0.03358335465346993,0.03392435457889512
2025-12-29,0.019240270331805774,0.019749707435248877,0.02056002406136134,0.02146979950362803,0.022445764988788825,0.02343242328439139,0.024387630347258236,0.02534515543044964,0.026298782808049804,0.027241836248343813,0.0291074363775944,0.030712822056790438,0.03253307386902823,0.03366835760586352,0.033964286346559035
2025-12-30,0.019048246412289097,0.019516671204716785,0.020312063365325386,0.021219375316553945,0.02219255324887654,0.023178660207288954,0.024143344124383487,0.025111000324171857,0.026078568158202104,0.027027240097196786,0.028903870458777035,0.03058143980761923,0.03242320553207291,0.03354985822358815,0.033764249637989144
2025-12-31,0.019081871184631886,0.019559490132653713,0.02035944112043132,0.021274481784727163,0.022254742664063357,0.0232418969185624,0.024192417331769602,0.025143939072445033,0.02609899364550969,0.027042514505466592,0.02892978787212286,0.030569170504249784,0.03246333654177094,0.03354345280384557,0.03371288864975687
2026-01-01,0.019182116498911717,0.019609242628615024,0.02035463798114784,0.02120835279303224,0.022131213304629017,0.0230687691472461,0.02398114833873461,0.024900111125457182,0.025829267111960916,0.026759247218161215,0.02862981305974415,0.030249169003762275,0.03217272999721321,0.03330772619145164,0.033462351710601995
2026-01-02,0.01909249377611763,0.01951521401993172,0.02025708833911732,0.021118557215318995,0.022060161981238287,0.02302258925659515,0.02395521340688261,0.024890022932918,0.025827274227384556,0.02675295373705063,0.028637566478511962,0.030276711784397416,0.03222399386231143,0.03341527737574503,0.033361482287626414
2026-01-05,0.019075839669096525,0.01955511377952516,0.020319716639890024,0.021174806085846726,0.02208735902155799,0.023012144567762988,0.023919056474073462,0.024837175860805624,0.025770592645234798,0.02670455646286582,0.028578256442559156,0.03023183140455128,0.03224397542682095,0.03340803591806201,0.033332511130246725
2026-01-06,0.01918307516504088,0.019664344518484127,0.020449277061470997,0.021338431042192168,0.022279936771386826,0.023222460833794523,0.024135858346349407,0.025060390641936582,0.026001698809589097,0.026935328728546704,0.028800319047350607,0.030493841781418105,0.03249791171363027,0.033721302423861364,0.03361612734928458
2026-01-08,0.019524686634764296,0.02009019708535981,0.02097968608171466,0.021966033577499107,0.022983295317296683,0.023975093158804035,0.024912322461450725,0.025847963197119187,0.026782198884440195,0.027688744247219607,0.029488888488218103,0.03116337239115465,0.03310309379592434,0.03446694207575586,0.03420718260887376
2026-01-12,0.02023791295959629,0.020968861639588783,0.021977582045349484,0.02305880344549402,0.02411615432305357,0.025098077288272694,0.02599557540739213,0.026886982301264545,0.027783788165430683,0.028651649540309434,0.03039015092010645,0.032049517318924525,0.03407077931149544,0.035180372589259344,0.0348108430862348
2026-01-19,0.019982349068183428,0.020826666443681727,0.02184948104888427,0.02289802754114678,0.023919022347813443,0.02488989467502739,0.02578794824822455,0.026679398644559517,0.02756756318108134,0.028441509507197756,0.03020937482424925,0.031799199024732695,0.03366997990505478,0.03476929100586358,0.034516726311443216
2026-01-21,0.019892304244827762,0.020729774473277347,0.02172961374108343,0.022756651704005107,0.023753454115324212,0.024710215528657955,0.02560595382067318,0.02649643546332152,0.027390305843537757,0.028268202683352377,0.030051921109945548,0.031700437295421866,0.0335594659711411,0.0347825212869791,0.0346188390081043
2026-01-22,0.020042193897757923,0.020894667772962634,0.02191336704151202,0.02294163870613824,0.02392988628937903,0.024879748616311967,0.02577848089773683,0.026677920794680926,0.02757237643171389,0.028452130207503062,0.030236320211634606,0.031880279893912546,0.033658262559732824,0.034874230196627845,0.03476373848805443
2026-01-23,0.019583586547186907,0.020464246363681417,0.021521853514476105,0.022603939696430722,0.023643120284628685,0.024638699474009745,0.02558087177353427,0.02651838319655133,0.027454828570245823,0.028365924653462365,0.03020506696431747,0.03182046036146417,0.033747344334818234,0.03490699273635371,0.034786521782324664
2026-01-26,0.019681836566745325,0.020589757907162796,0.02165270777321474,0.02273259978767513,0.023760975449507546,0.024744169620326044,0.02567953190706365,0.026611776502789366,0.02754763339921918,0.028457150399034136,0.030268059885053707,0.0318897909659125,0.03377322350766684,0.03497340632753092,0.03491146331045353
2026-01-28,0.01967797697741632,0.020575461713859714,0.02161761739245777,0.022676476443665064,0.023699436972868554,0.02469353199449153,0.02564110814650361,0.026584386574428902,0.02752708825112442,0.02844947824338475,0.030283660321513813,0.03199343015613598,0.03409020179465375,0.03524095757807183,0.03510971568380682
2026-01-29,0.019948833248916387,0.020874032463918155,0.021945064639716155,0.02303066104837744,0.02406874677892827,0.025067263836243886,0.026017182929227715,0.026963012430476527,0.02790939427043875,0.02883095649968621,0.030670974118069995,0.032381581277690405,0.034528765614816596,0.03570088498136376,0.03549803827741782
2026-01-30,0.019828416667175865,0.02084288216681077,0.02198507222646873,0.023129458544128713,0.024208561642537162,0.025234626726921717,0.026202618537270277,0.027161379780825622,0.02811443490374565,0.029032567085237486,0.030849883653732826,0.03253694388321731,0.03459824629926054,0.03574895641044273,0.03556566627129485
2026-02-02,0.019740530873979964,0.020692889885851416,0.021768525181388224,0.022849903775915233,0.023879412953330827,0.02486743134050808,0.02579697261038263,0.026717050868054412,0.027636854000457303,0.0285389321016546,0.030350392662362585,0.03200155722333909,0.03395780520225611,0.03511766230837552,0.034982352669667996
2026-02-03,0.019934003096703217,0.020833529418074065,0.02188383684955487,0.02294501092391265,0.023959869646970694,0.02493632514896046,0.0258665270715988,0.026792475833937204,0.027719879373060672,0.02862990286938496,0.030436391788080025,0.032129844900890096,0.0341911005445181,0.03525771988704691,0.03510818161317163
2026-02-05,0.019828880527729974,0.020702157044552544,0.0217570507478764,0.022837017612696252,0.02387561314942425,0.024873420075358817,0.02582235849936476,0.02676515588083741,0.02770651617691929,0.028623206347290688,0.03043586531894885,0.03213291080208253,0.03419966488719593,0.03526654180890107,0.035111738480957264
2026-02-10,0.019834741719143727,0.020740518358114687,0.02180287646739131,0.02287668039195494,0.023905048638025155,0.024894568269293094,0.025837651069952994,0.0267751455110577,0.02771205440403527,0.02862923654317005,0.030448983746092027,0.032159083514661534,0.034241226770705464,0.0353351593688573,0.03518083213941732
2026-02-11,0.019553525801473227,0.020412495425257467,0.021452643524151174,0.022515906035689016,0.023545773136814153,0.024546912796754812,0.025502066718705824,0.02645360993265234,0.027399790362549897,0.02832166900158389,0.03016278956248441,0.03185486992904777,0.033918054760907486,0.03509852331292265,0.034896586987524646
2026-02-12,0.019778131742446504,0.02065916529116895,0.02171992448693935,0.022802137450975188,0.023842543494727846,0.024851464649274985,0.025815573033636133,0.026774171266334357,0.02772841128248059,0.02864867094646306,0.030466653019945816,0.0321490950257622,0.034151068952882856,0.03532572365711498,0.03523979820964987
2026-02-16,0.019739569648684726,0.02062774130230426,0.021699488825493583,0.022788302917328314,0.02385250220498657,0.024870479899987682,0.025827101686550096,0.026766729935372942,0.02770333999464378,0.028616398137801202,0.030471120926633,0.0321552674777167,0.03422547946279204,0.03535890519368649,0.03513892761813841
2026-02-17,0.01986069464290478,0.020688013384263557,0.021731774955339695,0.02281126626768303,0.023873250541427735,0.024888875654654804,0.02584166349273506,0.02677883209075195,0.027714106910932082,0.028621950166727906,0.03045975583298338,0.03212164335612724,0.03416054144251425,0.03526449626418989,0.0350277378417911
2026-02-18,0.019966470063037825,0.020926788155184124,0.02203932158059043,0.023148585394138364,0.024226060172194582,0.02526149146281348,0.02624223710864786,0.02722181725657149,0.02819366302532952,0.02913013929696819,0.030986338703201163,0.03266361863989149,0.034709971836785744,0.03593957424362399,0.035719063592573166
2026-02-20,0.019945075781097964,0.02087880737789128,0.021960007705262772,0.02304342992611267,0.02410138685160513,0.025120425803922528,0.026085699086851107,0.027046270641406994,0.028001846099311813,0.028931956999772128,0.030768481187460096,0.032456473932014535,0.03456182057451926,0.03578279704452263,0.035489807102216255
2026-02-23,0.019682404635859383,0.02053444291757817,0.02158575835574121,0.022662054743871323,0.023732000911703587,0.024769796022549053,0.025759197293707712,0.026741785621896583,0.027711523799755448,0.028644814702785536,0.03048268391677251,0.03215620669395114,0.03435126015923418,0.035625619463917575,0.03529008320406675
2026-02-24,0.0197665736272851,0.020591709057871457,0.021608318561356227,0.022657932995095064,0.023708337219086346,0.024732626338789136,0.02570209230458483,0.026661981096575905,0.027619336080171947,0.028562722917058962,0.030481243897632317,0.032175639544938114,0.03429067043314584,0.03558818594329089,0.03519954498918364
2026-02-25,0.019799326343248668,0.0206165350031087,0.021613371208294728,0.022641048152516205,0.023662922546911255,0.024654091533419832,0.02558500986336434,0.026504832252012916,0.02742131962322868,0.028329139104689857,0.030216408297144098,0.031892268485509495,0.03401547590508655,0.03520163906957714,0.034819522893563645
2026-02-27,0.019958178078826872,0.02073175076956487,0.02172625097894599,0.022772585969302567,0.023818254348359796,0.024828968997990378,0.025771612327177843,0.02670469049459663,0.02763787802437381,0.028560515473165342,0.030464659266083046,0.03223694058360838,0.03435096005060005,0.03552204377106124,0.035293304684759594
2026-03-03,0.019950379503359865,0.02080940676521194,0.02188012886054897,0.023010393657762616,0.02412827470627374,0.025204740198733564,0.026199776755713163,0.027178513816638442,0.028151281366135657,0.029093190161369187,0.031007707951296596,0.03279535047219411,0.03497989808870539,0.036182640710088206,0.03592276250916044
2026-03-04,0.02016054637834869,0.02103472408441634,0.022089280919706376,0.023180924320532332,0.02425316731811272,0.025285008924463087,0.026242340921049673,0.027186928792795217,0.028128651533728996,0.02904916585409549,0.030916681105377906,0.03268522768554654,0.03482074531650911,0.03597011694851099,0.035775847639408095
2026-03-05,0.020110574768354678,0.021065227850549734,0.02216238552742018,0.023277306732008212,0.024351867636796053,0.025377446247337208,0.026317642603817477,0.027245327383373884,0.028175272017867677,0.029091541486076546,0.030947920460292547,0.03269340309219153,0.0348734055723451,0.035948581096062346,0.035733531708749565
2026-03-06,0.019919317764892756,0.02080948999458687,0.021852850985183192,0.02292191895124688,0.023971664028338887,0.02498403744151304,0.025917882572746322,0.026841638023874605,0.027764909028426273,0.028679078496445985,0.030535138701049198,0.03230717231851964,0.03449159216701387,0.03556945824397239,0.035341373371840505
2026-03-09,0.019701454807920647,0.020541275860465537,0.021575093175668487,0.022658380391471028,0.023736346758186814,0.024781302986181183,0.025761091472561826,0.0267327841438417,0.027701132282562158,0.028639823518179258,0.03051997778900705,0.0323364954990963,0.03455835819842361,0.03585334226146501,0.03559084267125804
2026-03-10,0.01952009060369295,0.02030733757932111,0.021306263714686184,0.02236387540745404,0.02343091922224812,0.024479496420131145,0.025467395086276344,0.02644113222650394,0.027406415024659434,0.02835467668111628,0.030286026519382333,0.03211853295543899,0.03440976195773383,0.03575720056746147,0.03546160558324811
2026-03-11,0.019723677445661524,0.020496221625792364,0.02149338672936624,0.022552314371641555,0.023622000153805982,0.0246735197091362,0.02567310308323048,0.026663552779705457,0.027645808789003308,0.028602871605044267,0.030534669442401328,0.03238705814896575,0.03466518612713293,0.03603332967681998,0.03561470079518725
2026-03-12,0.01990800365906865,0.020778791686770617,0.021817106432898265,0.022890883734276564,0.023964652852831492,0.02501387490841671,0.026000376772789085,0.026969613344015767,0.027916649460858454,0.028848912513904604,0.030782496166208328,0.032647963238775994,0.03492308277602598,0.03617775864261476,0.03585683031658338
2026-03-13,0.019840430881512106,0.020738566632513993,0.021810074218108298,0.022926041112159772,0.024036590721422207,0.025116083326374317,0.02612265104311017,0.02711274523886402,0.028081084165891633,0.029029544243243017,0.030972150176005804,0.03278618599387047,0.03518780706660399,0.036370757818652635,0.03615868780207744
2026-03-16,0.019606635154363623,0.020375748996683277,0.021373900197281272,0.022447756569491197,0.023531185764299935,0.024593269246616756,0.025598695131289484,0.02659107510805374,0.02756946580395408,0.028524632984322347,0.03051959674886857,0.03237055176893882,0.034685688092139504,0.03600389957454634,0.03576091792226164
2026-03-17,0.01949693614981216,0.020232591242673962,0.021184800595900485,0.022211835039761315,0.023262876330209684,0.024310243522628488,0.025311011161129802,0.026296736648536382,0.027271989340643614,0.028241754499351956,0.030288848253236446,0.032169837704003244,0.034584953191005,0.035970422588031285,0.03563259668839913
2026-03-18,0.019577621745835307,0.020320411772254195,0.021268831528074118,0.0222895734082041,0.023327162054900076,0.02435984685800352,0.025342532449668782,0.02631133102517328,0.02726845705567397,0.02821633525687,0.030221858853050915,0.03208674506432441,0.034467912402199666,0.03582344131112702,0.03551811430127186
2026-03-19,0.019639346126195074,0.020252880489671592,0.021118348578368713,0.022110755292110797,0.02313464418564332,0.02414534808511495,0.025109726692098884,0.026075481147172883,0.027015358089510992,0.027964942126164582,0.02994069292287085,0.031775142159085674,0.03412580647495776,0.0354391067918663,0.03512265341071973
2026-03-23,0.019449813012221682,0.02005492433594614,0.020896457670258082,0.021855377252298233,0.022857299794849736,0.02385833374069208,0.024821149081494864,0.025785319684050692,0.026724943298157576,0.027680561930547038,0.02967436660015423,0.03155833141127876,0.03393050671001234,0.035261482322744335,0.03488927150507447
2026-03-25,0.019482631390604715,0.020079876581936527,0.020908976887732546,0.021861491775885603,0.022856889703323998,0.02385404925911865,0.024811536985746004,0.02577263798732728,0.026707855778607775,0.02765470555267871,0.02961654552302863,0.031484503841592786,0.03378599267056269,0.03505173456009684,0.03472654686575594
2026-03-26,0.019540606313855426,0.020135165860248997,0.02094661756378488,0.021874531426024003,0.02284624441971588,0.023824803734782598,0.024768209955999106,0.025716607049611165,0.026642069365122194,0.02757767031132372,0.029521988847233525,0.03143886949312879,0.033753429296543395,0.03505639033058319,0.03474816520823047
2026-03-27,0.019533271126916017,0.020128340170134713,0.020945317156216933,0.02187954538745771,0.022855360741719823,0.023835781750402883,0.024777218276521944,0.025720817316045353,0.026637395775702837,0.027555552811120113,0.029475001696166934,0.03136273888333294,0.033666424775903384,0.0349874140103284,0.0347810827837877
2026-03-30,0.019318497263087937,0.01988287824692509,0.020672427819260784,0.02157853102774497,0.022546750462751012,0.023531505580082,0.02448297839152327,0.02543866036936021,0.02635742160941732,0.027281082399551012,0.029214365638084137,0.03111738700943014,0.03340761512523679,0.03484777899373831,0.034658730540644334
2026-03-31,0.019475359065306026,0.020000427636482226,0.02075554178883171,0.021638234844892523,0.02258984901179065,0.02356512680964739,0.02450606889060907,0.025452319682825846,0.0263624580691782,0.0272767913479384,0.029187411309947172,0.031085900962238146,0.033363063833536585,0.034811722611377306,0.034604401578562184
2026-04-01,0.019587612439606692,0.02010298736152228,0.020835748729080766,0.021694847516003896,0.022625970384963754,0.023581776743936193,0.024506940201965546,0.02543618832925714,0.026339632658088825,0.02725446364621574,0.029171974544208452,0.031044027762453814,0.03338517645712305,0.03479268864069938,0.03453344424034889
2026-04-02,0.01934653792257437,0.019733256283045765,0.02036860567977243,0.021165310874874218,0.02206201272622628,0.02300888477346425,0.023927714663666198,0.024854513765526,0.025751853317190626,0.026666111664716306,0.028597030383701844,0.030446506841438455,0.03288142732525012,0.03427047900703037,0.03387789694500618
2026-04-03,0.02094359121577623,0.021439104454979988,0.022105339920813954,0.022864902200844264,0.02368637779227408,0.02454855823056887,0.02540187717544304,0.026278918398660644,0.027146242586319706,0.028029307812381086,0.029869427902769384,0.03161329476267238,0.033654647618860424,0.0350887718755879,0.034512432212117805
2026-04-06,0.020459837550233066,0.020905168904021512,0.021538230752047274,0.022279321908695568,0.023104018781456296,0.02398092335774501,0.02484831942492972,0.025739115004187248,0.02661407771810252,0.027509397164975045,0.029377861063786016,0.03115287352479756,0.033278830974932415,0.03469703663554946,0.034441749668824594
2026-04-07,0.021329377029698362,0.021947947368599483,0.022701892404786032,0.023527151571186202,0.02437542370354823,0.02522461218036902,0.026038731731992698,0.02688124234985933,0.027730730603861338,0.02861179851269152,0.03041112846221571,0.032063271498429184,0.034012148276716454,0.035078472322857865,0.03484371691931679
2026-04-08,0.021882831779068267,0.022492618483565423,0.023176766554119262,0.0239073569275391,0.02468710180531531,0.02550994503680086,0.026307789777426396,0.027134246476043754,0.027957339432299094,0.028804889573575788,0.03053328176307754,0.03211933528827656,0.034020590035054386,0.034827540057200734,0.034634163473917824
2026-04-10,0.022019444032262955,0.022582638769836797,0.023229381892427247,0.0239267065674784,0.024690436215450515,0.025504788174315476,0.0263092031388698,0.027137186014048686,0.027957664051973308,0.028799377458155896,0.030551238122380045,0.03224239252271405,0.03416308582925066,0.03493708954878715,0.03489489544608343
2026-04-14,0.02149629735375136,0.022005942365941892,0.02265495455062435,0.02338517504914991,0.02419151921459293,0.025049611130831113,0.025890162197752694,0.026750778511461452,0.027585691698522995,0.028441131534635435,0.030248421348850738,0.0319826635127495,0.03327417892447268,0.034775528801573245,0.034851378548265
2026-04-16,0.02258200956271048,0.023147444284296246,0.023792652974793334,0.02449113772750002,0.025252845533565015,0.026065288761171056,0.02686441799508415,0.027684740673063236,0.028497035629200047,0.029334001751195552,0.031114177669379663,0.032765913020549146,0.033917104146053076,0.03513991829986083,0.035463718466655705
2026-04-17,0.022935505695707993,0.023431296171371727,0.024008302539759753,0.02462288397317238,0.025329810907682195,0.026107754255676345,0.02689188413018227,0.02770652920015964,0.028508954160630175,0.029344625674584273,0.03112498508352418,0.03275486797494331,0.03462826078166074,0.03502578044357027,0.03560838202963617
2026-04-20,0.022868673523708298,0.02336491800624923,0.0239741012832099,0.02464781352537144,0.02541091331070733,0.026240971297650007,0.02708019798514583,0.02794819317285129,0.02880337351098326,0.029664295785888514,0.03146292017378209,0.033093406141797,0.035004754842305384,0.03541292145545344,0.03586544801359971
