FORECAST_DATE,ZERO_1Y,ZERO_2Y,ZERO_3Y,ZERO_4Y,ZERO_5Y,ZERO_6Y,ZERO_7Y,ZERO_8Y,ZERO_9Y,ZERO_10Y,ZERO_12Y,ZERO_15Y,ZERO_20Y,ZERO_25Y,ZERO_30Y
2014-08-22,0.000459828499831121,0.0006901738870363175,0.0012871483065548534,0.0023044714326519835,0.0036448514482467645,0.005271439969829531,0.0070381084758200495,0.008872834464644638,0.01072223933455917,0.012420135483431885,0.015853499611499598,0.01807964231632294,0.02087700961012972,0.02181282234201603,0.022108916507275325
2014-08-25,0.00038445179763382944,0.0005748426082145168,0.0011234675116984616,0.002091522266692047,0.0033964434036831983,0.004998486271036553,0.006748617122753489,0.008573649317909488,0.010416525034615471,0.012112645203780038,0.015545959539747654,0.017728641234386392,0.02053023009637684,0.021466382127934995,0.021763734656330275
2014-08-26,0.0004477504074233656,0.0006613167043825985,0.0012264872681864553,0.0022020877866384967,0.0035005124971001066,0.005083901816462233,0.006809181935013267,0.008608264268121883,0.010426749177636719,0.01210236946849909,0.015494276444056725,0.01756793158917886,0.020345012989108728,0.021276037397878894,0.02157356161273818
2014-08-27,0.0003855729399337488,0.0005725500686928346,0.0010999287018681767,0.0020328648795675075,0.0032910985918325124,0.004835565084396379,0.006524297078508476,0.008292541399632954,0.010086688151513284,0.011754429168754176,0.01513150091963534,0.017061367472132733,0.019827374214396138,0.020765229984718366,0.021062274231812207
2014-08-28,0.0005061065947886573,0.000724968414727018,0.001308199751341105,0.0023076648809663273,0.003627448796325876,0.005222456805020739,0.006954899151206339,0.008756104313486297,0.010576410966183836,0.012255809162758589,0.015656701570075475,0.01757929543256281,0.020404882962856967,0.021401601582343777,0.021685476447420114
2014-08-29,0.0004402741481867219,0.0006385195228246647,0.0012197698524759474,0.00222881225677908,0.003573327873443142,0.0052084984669775606,0.006993846027298871,0.008850334814833816,0.010720738167468713,0.0124278934785606,0.01588509903950383,0.017753876930313318,0.020612908934733044,0.02163008312859063,0.021903415588374376
2014-09-01,0.0003329382730622932,0.000549096306951576,0.0011169573261022052,0.002064735846178428,0.0033999671570307155,0.004993422774591867,0.006746819239731958,0.008581701464801795,0.010443923463683133,0.012152576535489347,0.015610327679153019,0.017439689085787292,0.020343145016968017,0.021355380530622692,0.02163642151924309
2014-09-02,0.0003580415847214979,0.0005707580603599696,0.0011325861468805434,0.0020747638323828374,0.003405769461508475,0.004992211080780305,0.00672677166105478,0.008534762728077874,0.010363719931562338,0.012044785074060045,0.015450709049722204,0.017358180964940195,0.020256194935190906,0.021238102866639092,0.021522280402971463
2014-09-03,0.00039491226184422683,0.0006346561533109492,0.0012434795426924442,0.002241193264763212,0.003614406741017981,0.0052334630638861115,0.006999415741487623,0.008833312013694566,0.010690035633759011,0.012384239690455894,0.01581648324331681,0.01759626360897977,0.020479773956371718,0.02147988194563607,0.021722588572123683
2014-09-04,0.00035054250035703295,0.0004984663846870829,0.001005261279289284,0.001908136305518994,0.003206849237895289,0.004760799318114673,0.0064699703120404545,0.008253215753164254,0.01006265868404538,0.01172259849567223,0.015084690846781235,0.016870332647433543,0.019753385937752985,0.020774494988114695,0.0210224434832564
2014-09-05,0.00026527000378005517,0.0003803475501200285,0.0008636837499915756,0.0017445051123145506,0.003019694404211232,0.004548752822517879,0.006233322089961929,0.007991419726008663,0.009777335668737204,0.01141730494494064,0.014739844175915494,0.016532100091363553,0.01940757274004792,0.020419217139331976,0.020668658822258035
2014-09-08,0.0003252226981268294,0.00040470360410862854,0.0008587567979301158,0.0017133130138483558,0.002954294178226832,0.004442854437690533,0.006079613775516255,0.007789133254479595,0.009528063560079675,0.011125148908830068,0.014361248517728391,0.016125261900344544,0.018957973146420403,0.019968430844114697,0.020205000631799894
2014-09-09,0.00024746765012166583,0.0003353480276589918,0.000815161214768508,0.0017038431369511616,0.0029788128088765065,0.004497438916583404,0.006164715207013298,0.007899602175858366,0.009662156609015867,0.011270007307346952,0.014530106246158333,0.016345458598506796,0.019181419538025348,0.020206345158426127,0.020444053283936486
2014-09-10,0.00026505405647664083,0.0003239472935919304,0.0007801814066633433,0.001651799941663889,0.0029251069682239314,0.00445257485955739,0.006133826415723649,0.007887980208446178,0.00966733133493426,0.0112953062952979,0.014597827652939644,0.016447382537582402,0.01932555840455738,0.02039643774786766,0.02063920098295515
2014-09-11,0.0003360518670695712,0.0003606422343047247,0.0007407250443286716,0.0015316681784400437,0.0027523670857191158,0.00424788210377529,0.005913023154844872,0.007657734068590006,0.009433380162837254,0.011059696927415345,0.014358857232151934,0.0163363543039016,0.019191628879976528,0.020276169101825097,0.020519273198875823
2014-09-12,0.0002635464415782724,0.0003412590047728676,0.000737202044885283,0.0015225753662176965,0.0027169591186185955,0.004184118709233461,0.005822665936847454,0.007538230993976416,0.009282624101201387,0.010876850057273473,0.014106273197632371,0.016087172765418822,0.018914736728935046,0.019972990904435942,0.02022199262442152
2014-09-15,0.00024088531067843958,0.0002870208781261896,0.0006429892832632229,0.001384795870486724,0.002526600296835561,0.003937978158993938,0.005518373417990239,0.007178318010066266,0.008872227094056311,0.010429229948238741,0.013582904495934613,0.015579972071276552,0.018326324320896058,0.019338311529861388,0.01958477508571173
2014-09-16,0.0002482826279141723,0.0003488329036511642,0.0007685642848987355,0.0015776749947136973,0.0027745617858086114,0.004230770981596653,0.005851229245126941,0.007544289272756043,0.009268317755462115,0.010844287034044314,0.014035537774552494,0.015988225354369386,0.018731371918148856,0.019745302170242802,0.019988717896398105
2014-09-17,0.00021040513889676298,0.0002998872941803605,0.0006972789001168221,0.0014857121447152573,0.0026604841346669003,0.0040962543877822106,0.005697103834649159,0.007378629202079473,0.009097374016991833,0.010682279511674289,0.01389395227891584,0.01577784125306833,0.018492599000924464,0.019499756942744313,0.019730812027485268
2014-09-18,0.0003008584803547863,0.00037170796764386226,0.0007413358845021451,0.0014988655753018843,0.002651835490830996,0.00406480377206405,0.005642422310116235,0.00730223782556089,0.009002640747021005,0.010579528609276198,0.013777662907516265,0.01555240371738386,0.018235795347204924,0.01923339436206368,0.019470058947831416
2014-09-19,0.00022758204784980855,0.00032133054623687945,0.0007216225858245882,0.0015101572245590088,0.002678259899730852,0.004100225066688842,0.005684264490804895,0.007347745334083466,0.009049496208946949,0.010624075749655562,0.013817945738882757,0.01547810053155907,0.01820747011877146,0.01923300456942483,0.01948175174126595
2014-09-22,0.00023259346367843548,0.0003428771567607587,0.0007485542420779549,0.0015384591091268268,0.0027037129905217584,0.0041175923331658836,0.005690363321926448,0.007343273160619684,0.00903920931432324,0.01061864497464283,0.013824631950785825,0.015413938988832301,0.018100734327259976,0.01909582864323349,0.019329074873658945
2014-09-23,5.1223876981943534e-05,0.0001267022108943826,0.0004994083560734411,0.0012628768498929523,0.0024084007006535415,0.003810616054781835,0.0053793661994595374,0.007031880259150694,0.008729520881379299,0.010316429482932182,0.013537770031253333,0.015190994438823109,0.017934512035356783,0.018971435534835844,0.019199909247230678
2014-09-24,0.00010738189592895476,0.00022636669818968704,0.0006093272174077384,0.0013583230876719817,0.0024687509491434605,0.003824075003708612,0.00534370933492369,0.006952107636545346,0.00861440331928427,0.01017967100564201,0.013359498217739945,0.015003810887055182,0.017714439197805243,0.018724852569644276,0.018964398774470797
2014-09-25,0.0002490259101283691,0.00030645500419399017,0.0006001293815141859,0.001256242700300573,0.0022992400607269583,0.0036021542185542114,0.005080583557982523,0.006652877278213784,0.008284113647708528,0.009823926009076988,0.012949759423870371,0.014672299389609242,0.01739949032210589,0.01843691647615323,0.01867060183761086
2014-09-26,0.0001905217700141521,0.00025518672682744704,0.0005673062999861925,0.0012382776824221742,0.002266157515959819,0.0035347919156621167,0.004969801794401935,0.006493195665669845,0.008076792462066882,0.009573164799853278,0.012609873271121296,0.01434469751129881,0.01699731835116663,0.018043405322386682,0.018291924526534768
2014-09-29,3.582750265644157e-05,0.00012096931992214825,0.0004605660999298202,0.0011634512874909683,0.002217558872914338,0.0035064447570917084,0.004959467853876777,0.006496824870760521,0.008091942530842661,0.009594375414885526,0.012646068404182462,0.014417016484611455,0.017099601830982445,0.018149809014000463,0.018401582244879023
2014-09-30,-2.861804381147716e-05,1.3250648062392585e-05,0.00034588745457451374,0.0010596794125646227,0.002126126055728201,0.003433000229905284,0.004905600355398923,0.006461798158674415,0.008075290833847608,0.009594700127672502,0.012681542672374356,0.014525990450011258,0.017253465478533944,0.01837633040488187,0.018634284239951365
2014-10-01,4.129059715568223e-05,0.0001020473171776577,0.00044636577206818824,0.0011752345228511873,0.0022773126469670473,0.0036345409301248312,0.005167489036885845,0.006786479229881952,0.008463521140897394,0.01004032399049662,0.013247268593461217,0.01500570305624033,0.01777071683194289,0.018935764243690242,0.019215992029518656
2014-10-02,0.00020089829600455648,0.00027553596428023805,0.0006234483367319647,0.0013568821630650504,0.002475946432906886,0.0038529961243137277,0.005382341088276307,0.007034813950040143,0.008742155261088855,0.010370665072384343,0.01368653904089111,0.015380678957119108,0.01817599465182496,0.019378640057581636,0.01965448878441155
2014-10-03,-0.0002887065599141745,-0.00019889978447821738,0.0001448645744643961,0.0008700101327649048,0.002033191818298956,0.0035081705955146178,0.005174240657662363,0.006981194411498214,0.008823307673592882,0.010549212125737667,0.01406367224721943,0.015839838258750065,0.018761170155848907,0.02014381764850019,0.020426518554487922
2014-10-06,-0.00030900942583501645,-0.00019006031401940939,0.00015628831351853603,0.0008466139447444221,0.0019422854277982658,0.0033348832270308376,0.004918035569717751,0.006654057088033255,0.008447115319561523,0.0101620085511895,0.013657484447000517,0.015412264715390643,0.018320054284767913,0.019663177218299646,0.02005947317172114
2014-10-07,-0.0003902832353244648,-0.00019796854160819964,0.00020299145408422082,0.0009326848369949487,0.0020481391751800493,0.0034471909349610558,0.00502888489204942,0.006758459016261759,0.008543399448663025,0.010249372229344047,0.013725504447966585,0.015372030232963466,0.018247693374831463,0.019570364873689263,0.019959074376337788
2014-10-08,-0.0004661133822245922,-0.00024620670705406244,0.00022481178212407723,0.0010452007842221168,0.0022537206940196446,0.0037477391951272272,0.005413381745252308,0.0072157792605676,0.009051787108023642,0.010790648357156476,0.01433838392771823,0.015907115326834143,0.018825416852305366,0.020211096997557843,0.020619273564910282
2014-10-09,-0.00034793509428859647,-0.0001504919682308282,0.0002842382574960633,0.001071528148577204,0.0022673991315199818,0.0037591519795398846,0.005431759446913529,0.007241242334601228,0.009081339494440293,0.010818344154855778,0.014361465617846502,0.015906994373095666,0.018826575778929395,0.020223731036924306,0.02064022887712511
2014-10-10,-0.000457505220132638,-0.00025113762668207545,0.00019778001829793047,0.0009989719585965287,0.002209083659886323,0.003719938746126704,0.005410219699640973,0.007234620161053468,0.009079907554691853,0.010814853440007308,0.01435495084167444,0.015829511031249164,0.018697651065019832,0.020069745938405967,0.020513229715328277
2014-10-13,-0.00031920674594875843,-8.041895475391402e-05,0.00040607187919998217,0.0012459501743993602,0.002487880336967727,0.0040257924559396205,0.0057406723896238875,0.007586172432001367,0.00944633305874045,0.01118406804217887,0.014732602293969612,0.016114243994542168,0.018999727843674045,0.0203859397778328,0.020812021673730408
2014-10-14,-0.0004094407997838922,-0.00021637740728130508,0.0002209133986154975,0.001029349572279922,0.0022556649714599642,0.0037889310888035155,0.005505853333621424,0.0073550038617586485,0.009217929904224247,0.01095459799297961,0.014499883373132823,0.015881268261104534,0.018835362163521305,0.02024829654636106,0.020674120683282497
2014-10-15,-0.0002890344837202074,-9.350501157823884e-05,0.0003418051472791506,0.0011449366258100197,0.0023588748802836376,0.0038772012958982745,0.005574607358770396,0.007402464833718833,0.009242182760148583,0.010953413903735384,0.014447899562797446,0.016149268948135648,0.019093612093938266,0.020473924833283124,0.020911740687867605
2014-10-16,-0.0002838571726927306,-0.00013050949780484255,0.00026062290032323416,0.0010314515694040043,0.0022308689371879627,0.00373942951063885,0.005434166296541589,0.007258530612925604,0.009099624371106051,0.010812135133394577,0.014308892877633431,0.016073586224348926,0.01903528985309062,0.020391564137790447,0.020820255523141117
2014-10-17,-0.0002777701705917214,-3.983735742357916e-05,0.0004569006076526538,0.001331512377131291,0.0025888298764930443,0.004123257696966845,0.005823145303115187,0.007636260030807226,0.009467712867591233,0.011166348939037169,0.014638047471847293,0.01635651683631474,0.01930716357678328,0.02064397183188931,0.021086562000632043
2014-10-20,-0.00036988873460953436,-0.00018931130397617147,0.0002370381770579706,0.0010371162622202874,0.0022416550318419513,0.003739454973835751,0.005414215812499751,0.0072116284771459455,0.00902931368769223,0.01071867517079405,0.01416805904947233,0.01591844939260242,0.01886219945068989,0.020213741156957565,0.020646897305911946
2014-10-21,-0.00033900584153671024,-0.00016462022361673798,0.000252974683788998,0.0010400407465606647,0.0022165366621735485,0.003674423133208368,0.0053015315283953925,0.007052592955498212,0.008832590494683408,0.010497735570694642,0.013899993672905326,0.01564990642698189,0.018579165554183312,0.019905472361546543,0.02033892805652046
2014-10-22,-0.0002467712942764535,-7.214314140600143e-05,0.0003311792430470405,0.0010939985340293556,0.0022373079974102837,0.0036535472323099274,0.005235233200680267,0.006941968127555351,0.008686696762182113,0.01033666394233562,0.013705765187525237,0.015421488017625483,0.018292388493830244,0.019583688915786834,0.020009877734096564
2014-10-23,-0.00020873888385424138,-5.742400615022006e-05,0.0003250109078950581,0.0010783578668317974,0.002222013845915415,0.003633596667376601,0.005210036342407747,0.0069072043617983345,0.008647462335924052,0.010298961051088691,0.013672024164424628,0.015421273995829505,0.018265464980130854,0.019576597116067008,0.01999207756160265
2014-10-24,-0.0003291435160050617,-0.00023048892894946726,9.60595565463487e-05,0.0008005503990300144,0.0019174628809512633,0.0033193541731418173,0.004894144949222861,0.006594105192735318,0.008334276079466697,0.009983088243870935,0.013348099269175746,0.015163355185819153,0.018017801079866815,0.019351666050826277,0.019811870854312946
2014-10-27,-0.0003432293295123014,-0.0002491853660733522,6.679244540998772e-05,0.000759783149674261,0.0018693715461044146,0.0032670376685467214,0.004839638571516486,0.00653834780406182,0.008279159190585592,0.00992655228519172,0.01329309307142199,0.014994408960864737,0.017804263617781847,0.01906570146682691,0.019522406431046777
2014-10-28,-0.00034456077828083187,-0.00024375365960241192,7.073308782378915e-05,0.0007581239963661766,0.0018633759728619778,0.003254108246314146,0.00481834586619432,0.006506423043950839,0.008235482944293673,0.009877820119349153,0.013230810204648618,0.014905261539561506,0.017661040181767413,0.01892919550245094,0.01938574355078597
2014-10-29,-0.0003836268372746365,-0.00033371900818671195,-5.6803936332279714e-05,0.0006061783900242032,0.0017022980127865892,0.0030949301451395,0.004665304644268486,0.006364556376157475,0.008101381675965972,0.00975020484455007,0.013117668727058286,0.014800304776447566,0.017602980626066515,0.018959107249515866,0.01941271820581269
2014-10-30,-0.0005111979996740619,-0.00046745351839125944,-0.00019958103527509215,0.0004556417156868596,0.0014977648543870856,0.002856881130512009,0.004403462454484469,0.00605215977951294,0.007784256483294662,0.009498145459477709,0.012994198024207065,0.014379722785973282,0.017203048162425027,0.01856581672535558,0.019035746318037866
2014-10-31,-0.0004354162180131751,-0.000354533990364088,-5.900279664815308e-05,0.0006177049653747518,0.0016675507067541626,0.0030204323596187293,0.00455474559264745,0.00619051847572438,0.00791059103648826,0.009614252648520684,0.013088666050220901,0.014475270429310965,0.017262741309370295,0.018643774166860694,0.019106464593594337
2014-11-03,0.00016822326987925567,-0.0001026580341694093,5.2434076182922756e-05,0.0007276803092924692,0.0018041528107191674,0.0031711983491566533,0.004708073824547431,0.006337657248053037,0.008048166541123584,0.009732765130040849,0.01316847517248021,0.01441158003764523,0.017219213862912607,0.018583903107973875,0.019060938867147624
2014-11-04,-0.000442809445072966,-0.0003673535842315721,-7.283972327458615e-05,0.0006120475958337105,0.0016694616061802567,0.003017301848620043,0.0045370105455035635,0.006144354923970016,0.007828923321695852,0.009488158510353764,0.012869094467600624,0.014205204348786532,0.017042466406739207,0.01848393839947465,0.018966921399522184
2014-11-05,-0.0004006191556722561,-0.00031639929761281057,-2.18295452219436e-05,0.0006617662929302096,0.0017281328769007107,0.0030785390407491457,0.004598929923560572,0.006203449902705916,0.007888816608825955,0.00955554677000196,0.012952559952006525,0.014379661211671358,0.01720662996092176,0.01866380854145906,0.01914477033849191
2014-11-06,-0.00043341902310296897,-0.0003108324829857431,-6.590215556524455e-06,0.0006752609721856359,0.0017315278619332603,0.003074540222866975,0.0045879006502641505,0.006188849398256367,0.007873888272924944,0.009547533694347653,0.012958726716637954,0.014336780434732096,0.01717021963193494,0.018630572534647265,0.019108516354684867
2014-11-07,-0.00042497542444763276,-0.0003137702081434753,-2.4225672047604682e-05,0.0006963136467430806,0.0017175132359018074,0.003046467079608193,0.004564385215126636,0.006171258635624426,0.007863548853983389,0.009542842031326458,0.012968659218343526,0.014378413092875091,0.017214883012144834,0.018691395188692877,0.019197879715955907
2014-11-10,-0.0004017380213197975,-0.00027015177568832954,0.00010351957133185746,0.0007236153177118198,0.0017227857146669189,0.003025750219644852,0.004515813814330112,0.006096544440091656,0.007765180955744456,0.009428178493120803,0.01282376668915573,0.014182926476298525,0.01700514724971064,0.018502995928770933,0.019017268910510213
2014-11-11,-0.0003023694063637909,-0.00013357592593981696,0.0002534099527508626,0.0008835028979139013,0.0018796297585171446,0.003167622946594547,0.004634743032799892,0.006191994419186528,0.0078410869129754,0.009487036830168116,0.012847755861080555,0.01430338962211619,0.017149937879212387,0.01866929815820406,0.019184206445604965
2014-11-12,-0.00038458383086065965,-0.00024041944205069874,0.00010194086008084524,0.0006807789264643627,0.0016156082930103206,0.002846220721714697,0.004263597603749828,0.005778496106723453,0.007392947013913973,0.009007620642047399,0.012302638437905347,0.013662469901151837,0.016484163469133683,0.018035438786240456,0.01856031287831575
2014-11-13,-0.0004117878037913279,-0.0003401420164233043,-8.635590925591601e-05,0.00039921146083117005,0.0012388559318612846,0.002377367326094182,0.003709356502351092,0.005148657857094458,0.0066973677065554375,0.00826545337753719,0.01146807252697374,0.012728021571984176,0.015480039738999578,0.01706428465743802,0.01757153160924866
2014-11-14,-0.00045003248939555084,-0.0002605349598081591,0.00012322755087764716,0.0007318045139722397,0.0016582379104701159,0.0028451746801716657,0.0041985310977719695,0.005648843215770514,0.007203013281696642,0.008765546383937365,0.011956335652133004,0.013187126605499701,0.015903071491206906,0.017542758579226537,0.018022212258306962
2014-11-17,-0.00045652642356934346,-0.00023989662158504556,0.00019357258258716748,0.0008613043288975806,0.0018582285857247558,0.0031148862647929778,0.004526574827568816,0.006014656790151809,0.007591040877201699,0.009164238868515206,0.012376012471485771,0.013599520847049372,0.016359920215329355,0.018119609045732208,0.018611247285347254
2014-11-18,-0.000505097148658477,-0.00032302135334631553,6.895185410427667e-05,0.0007000018806406124,0.0016845134972413307,0.002951953758311783,0.004395101371660163,0.005914421381808334,0.007515764823372636,0.009103653491462709,0.012341870275474306,0.013569988283955255,0.016364129214889417,0.018149206476686205,0.018620114960495544
2014-11-19,-0.0003993742195601469,-0.00019532315386192959,0.00020644589776246399,0.0008402314439242119,0.0018235579278122731,0.0030917734417418635,0.004536358696410338,0.00605630166023182,0.007654848521778318,0.00923589691264602,0.012462786880343269,0.01368274438085039,0.016486509170636883,0.01828407192665957,0.01875819245733326
2014-11-20,-0.0003617009632094583,-0.00016905780654908475,0.0002070552579456925,0.0008107496327712516,0.0017714554709083378,0.003025156909315953,0.004464246602812867,0.005981830596105061,0.007577963134091846,0.009156468418270766,0.012375908121690716,0.013600394040961677,0.01640289560058565,0.01823065719521339,0.01870169851343469
2014-11-21,-0.00037903486986176545,-0.00015498955726233018,0.0002741441580858615,0.0009330617684378978,0.001944170694831541,0.003242415076567183,0.004724172376093958,0.0062796996174105165,0.007906246932093729,0.009502383734850748,0.012757063784126025,0.014016516113341754,0.016785354200300046,0.01860594213876863,0.018944283950068
2014-11-24,-0.000311708002283408,-9.625380374763701e-05,0.0003162633254313239,0.0009586757662872758,0.0019545571719902623,0.0032413075722575535,0.004710630305624879,0.006251976591855283,0.007865590754577512,0.00945342575066748,0.012693659314175763,0.013963512296541714,0.01670734630616388,0.018520098658891072,0.01890097649337907
2014-11-25,-0.0003428952547346471,-0.0001523518518853353,0.0002399905980760741,0.0008640991609407731,0.0018358163323717968,0.00309274756972197,0.00452948183541632,0.006040667708795625,0.00763057674934831,0.009207592323662432,0.012425013288646418,0.01362391044548927,0.016331335718942463,0.018127706994375523,0.018586071904618126
2014-11-26,-0.00035086378446248773,-0.0001583121055985718,0.0002470291171826173,0.0008893229927978362,0.0018754724360205031,0.0031450806146752115,0.004592524215796709,0.0061093417280066505,0.0077017674750558185,0.009268127871184712,0.012464293729665569,0.013591621360057874,0.016299391735989963,0.01810028368725482,0.01855418503079136
2014-11-27,-0.00030231341920790235,-8.635190662999244e-05,0.00032738535505855105,0.0009730401884625648,0.0019668524396629842,0.0032509688271111885,0.004715771358807812,0.006248057620745615,0.00785296678847208,0.009423465952690587,0.012629600731538173,0.01375920613887778,0.016472552257128344,0.018295227356550266,0.01873371167982672
2014-11-28,-0.0003145875983808912,-0.00016073002783392252,0.0001873408573002629,0.0007708721631956224,0.0017126336859262065,0.002953914970849228,0.0043857656725861316,0.005893169653016913,0.0074755749388863224,0.009031682137892757,0.012208148562567932,0.013363427366584454,0.01604874670375423,0.01782130858281938,0.01825626855065352
2014-12-01,-0.00032630684258691723,-0.0002385795870366328,6.853827068159339e-05,0.0006288280835054687,0.0015685680789505982,0.0028247666891916966,0.004283017036831952,0.00581808328103711,0.007426570640128107,0.009002863470312712,0.012220201400468285,0.013404514288450646,0.016147300142578987,0.017964553117769674,0.01839779464985813
2014-12-02,-0.0002435310506080897,-0.00012305111004134008,0.00021014022751397233,0.0007896387451736267,0.0017370417203616997,0.0029901121122160425,0.004440473504045644,0.005967218671766654,0.007566906078494192,0.009135050850066504,0.012329716289052106,0.013585844833841313,0.016370556809803767,0.018195806969288193,0.018634411229595405
2014-12-03,-0.00026631582660524713,-0.00020783181166923845,4.4999114163185735e-05,0.0005466222954591998,0.001423202335705686,0.002619115188363376,0.004022115356681063,0.005511630680116794,0.00708169980491687,0.008639527122079478,0.011814824588893992,0.013016279598835234,0.01578080899954935,0.017601379502507862,0.018040246161325515
2014-12-04,-0.0002955110573533184,-0.00021123806902694094,7.137696753705956e-05,0.000603099457565246,0.0015079875122602645,0.0027269220353639476,0.004156858109882235,0.005676877506591411,0.007282097350679665,0.008871227426422594,0.012109722078123133,0.013350564881770647,0.01615365042872673,0.017983640373327708,0.01843309813752957
2014-12-05,-0.0002937209032483195,-0.000211200570557811,6.551589451434947e-05,0.0005935468713971021,0.0014949942674858166,0.0027170872037718865,0.004159943434073706,0.005696918509739847,0.007326399675908411,0.0089443358677905,0.012242610980522383,0.013468039313153456,0.01632487031443805,0.018130898877660888,0.018552487529267653
2014-12-08,-0.00033509222496434446,-0.0002607036959718383,1.1057954342253079e-05,0.0005323787336542837,0.0014222620208060928,0.0026295282200572137,0.0040565676447663086,0.005586068168084989,0.007213286002333545,0.008842376999085452,0.012168849309474641,0.013322401800461698,0.01615281303375211,0.017951314397951734,0.01842125875196243
2014-12-09,-0.0002702536825651743,-0.00019035107726023487,9.243015632271472e-05,0.0006175801148992327,0.001497206277516975,0.0026826898220449137,0.00408547204386967,0.005596084298411976,0.00721129553969104,0.00883810202000388,0.012157496103093005,0.013290242027889386,0.016049896695790593,0.017787943088094896,0.01826897014109591
2014-12-10,-0.00023986318667669026,-0.0001604122132894165,0.00010889910900451894,0.0006173449157695505,0.0014925998711547075,0.002682506990292432,0.004092267163035028,0.005604604311653029,0.00721312040588894,0.008829904711225231,0.012131582218540755,0.013292860963312985,0.016078608110911868,0.017822145723781026,0.01831466982069078
2014-12-11,-0.000251387914458026,-0.00018181662039026255,7.381550920158354e-05,0.0005633613707827536,0.0014172387450246608,0.0025878339376339226,0.003979974442165099,0.005476821099706989,0.007070602054771742,0.008675443529909427,0.011953552662831837,0.013115915256476445,0.015900035151069053,0.01762519526538963,0.018128203487660192
2014-12-12,-0.00018311898328078938,-0.0001421961198430726,7.360884035797366e-05,0.0005262745717090846,0.0013537616128500936,0.002509016392768898,0.0038867643197502354,0.0053647665177384484,0.0069358559809928185,0.008518506822928429,0.01175044274598441,0.012930365609150517,0.015748929500073262,0.01749471062355273,0.018020999552742143
2014-12-15,-0.00019618727501448908,-0.0001443276373055898,8.01464800969046e-05,0.000530710627141997,0.001336472870832194,0.002458472528074083,0.0038133812809936322,0.005283606367169137,0.006862477359098455,0.008465454724428893,0.011739368672744326,0.012791218600806842,0.015526032641626789,0.01724095772449765,0.017733489546696478
2014-12-16,-0.00019615353767144168,-0.00011093032860774943,0.00014468595326459202,0.0006202183951501262,0.0014358110852586508,0.0025534985297785925,0.0039014445885814514,0.005368135852677769,0.006948751268876337,0.008557779585088039,0.011843122713802274,0.01288345058145338,0.015590252949216349,0.017283033569635134,0.017774160911374744
2014-12-17,-6.861073755215362e-05,-3.2708287074275544e-06,0.00024017655379570107,0.0007048485529789684,0.0015064766403850953,0.002604791328057476,0.003935513870839962,0.0053901105231098315,0.006964159319960403,0.008570181344001605,0.011847788384400305,0.012916648700451479,0.015627394486437386,0.017315646599369718,0.017808265449049034
2014-12-18,1.8221617458131978e-05,0.00017020517112898543,0.0005027531979224017,0.0010408998352894978,0.0018859348802478407,0.002996088895390946,0.004325254264920524,0.005776326203538927,0.007345793263421961,0.008955798176610583,0.012239301857064084,0.013288067051423073,0.01599582889517816,0.017669637444019816,0.018040818293119865
2014-12-19,-7.871835698843734e-07,8.841761474227057e-05,0.0003522137165862648,0.0008265923401569439,0.0016259420602726103,0.0027034549416969094,0.00400737625662913,0.0054356732285259345,0.00698295920192707,0.008579211870693527,0.011834234502573456,0.012932466096112752,0.01566861738450862,0.017314677758469222,0.017820362794465486
2014-12-22,-0.00012412038604918415,-3.352106481830712e-05,0.0002211780017542287,0.0006821899731620415,0.0014690536739482248,0.0025352124793255287,0.003823724031211713,0.005233134789082129,0.006759027881316065,0.008332531309269307,0.01153937341817096,0.01278377497470065,0.015528138876006192,0.01717912493289084,0.01770520190405107
2014-12-23,-0.00017490118608846954,-6.157474209956124e-05,0.00021787900717436687,0.0007018480183063587,0.0015025835604395752,0.0025758095843011475,0.0038720175787951704,0.005299052660405071,0.006850492870786473,0.00846675717307663,0.011761266999118948,0.012850104915457159,0.015638520546595622,0.017291693498680247,0.017792335798044727
2014-12-24,-0.0001705735780155669,-8.691438456166142e-05,0.00016627722909262182,0.0006220389645626754,0.0013826879222111083,0.002405903809235379,0.0036435885803325512,0.0050177389495533,0.006527116605147071,0.008125839429334942,0.011384932308732103,0.012479100216278356,0.015280208717257038,0.01692042580927753,0.017418135385812397
2014-12-29,-0.00020619129623457787,-0.0001387547733217626,0.00010388394344724403,0.000548628314031243,0.0012914137063281754,0.002288921372680867,0.0034983939475843537,0.004852243946795547,0.006349251035037077,0.007954355146499188,0.01122194890027615,0.012190021436289075,0.014948904771939575,0.016569698995855406,0.017069267062464505
2014-12-30,-0.0001643854377474021,-9.700567578356212e-05,0.0001384874528699674,0.0005733825309135536,0.0012856549765638626,0.002233771352825277,0.003380520094651856,0.004675413741778729,0.006120097671635098,0.007689200984284965,0.010879183542469034,0.011830275987052389,0.014601652212374826,0.01620776450079009,0.016731920861759383
2014-12-31,-9.817001639642032e-05,-5.784811061994061e-05,0.00016016820136270817,0.0005827293354398437,0.0012872198671377577,0.00222314079217749,0.0033635166389152107,0.004653434681357215,0.006096341555254805,0.0076591656805037375,0.010835122951969358,0.01173392066055612,0.014507504670529381,0.016114603191127626,0.016634048459160156
2015-01-02,7.141007385964988e-05,0.00012358735408501511,0.0003658362380545991,0.0008176955129532569,0.0015334084867381686,0.0024826767190902796,0.0036286824779033027,0.0049192848941854985,0.006359457163193658,0.00792518841921168,0.011107552219400846,0.011923767204552443,0.014707131614880893,0.016302660322041713,0.01684149349323431
2015-01-05,-0.00010797818750121387,2.387221669925526e-06,0.00030761417505108273,0.0008299732060407897,0.001632232025727068,0.0026434888707676236,0.0038208932368961183,0.0051178319217095565,0.006549474530894989,0.008104666724052821,0.011266699671493085,0.012103655693628248,0.01490975888213709,0.016530551053571027,0.01708670556872105
2015-01-06,-0.00013486143571355525,-5.1846145038717356e-05,0.00020688967302379132,0.0006855335345075756,0.0014753358779072579,0.0025043455414280294,0.003723530397155134,0.005071276135475762,0.006549958108796863,0.008145003095479138,0.011388836363126185,0.012102361318694691,0.014934185689553483,0.016590330759576777,0.017135476748047117
2015-01-07,-5.814683131745099e-05,6.082065985160126e-05,0.00033861678270987535,0.0008188461274742335,0.0016071357087409444,0.0026406562064648785,0.0038714352076336276,0.005236810035895713,0.0067308662480238075,0.008359507662340409,0.011667275431605013,0.012201948784371244,0.014985827687776917,0.016638735749288917,0.017204242306380842
2015-01-08,-9.774078214841289e-05,3.609284101235144e-05,0.0003431513417999403,0.0008559378755061507,0.0016731287937559608,0.002731307052577424,0.0039807386849252694,0.0053651341603856316,0.006877962307110214,0.008528132204615521,0.011883283098655103,0.012264295309714974,0.015092922811443706,0.016728971789000006,0.017292413849435875
2015-01-09,-0.00011486080951833986,-5.762012476238578e-05,0.00013822051869399188,0.0005512772304991967,0.0012942674336816982,0.002302965068658778,0.0035061412080066175,0.004829722028800239,0.006276449871594651,0.0078401837541551,0.01101754773084127,0.011699261746292497,0.014495677659644756,0.016112197792809566,0.016668283921691913
2015-01-12,-0.00019076985990145137,-0.00012388234177922018,7.40223033854936e-05,0.0004931699015264507,0.0012365096179097826,0.0022385067167804036,0.003404468551379236,0.004668522204251063,0.006037997205166989,0.007524557555076978,0.010538544146858033,0.011331146078692605,0.013990267472954808,0.015564187439359556,0.016156780013930814
2015-01-13,-0.0001522149363150882,-4.8358492362651735e-05,0.00016574037556896346,0.0005736948466078312,0.0012882474701463701,0.0022553423823982554,0.0033949961233412183,0.004646019896655021,0.006006383385741951,0.007491569761751722,0.01050113632553183,0.01122165065927523,0.013822716398718815,0.015342453625382288,0.015915181656632037
2015-01-14,-0.00016365354116748567,-1.5333306844864666e-05,0.00021567974478418415,0.0006157233210938815,0.0013145635663846934,0.0022626241518408745,0.003382986501116741,0.004621087657809257,0.005964766189326636,0.0074456759388329,0.01044328963982133,0.011128757602364262,0.013690773354810117,0.015168831880220803,0.01575164436741898
2015-01-15,-0.0002986616633441693,-0.00018125441811896206,1.5443627091239268e-05,0.00039507666820425995,0.0010598325775431783,0.001953170854814615,0.0030032904755421335,0.004173571081685799,0.005464013449052862,0.0069032583435370025,0.00981108909377542,0.010423514805349688,0.012974308708466798,0.014483272460376857,0.015069216408580261
2015-01-16,-0.0003560564398831658,-0.0002877163091039513,-9.572686007895055e-05,0.0003038256150565876,0.0009945435844595453,0.0019087657673716933,0.002978084444206614,0.004161845098673179,0.0054620185848229105,0.006895018885068752,0.009791082906216352,0.010440728629823388,0.01304032148030891,0.014563553034456039,0.015155229759750066
2015-01-19,-0.00028687603411897754,-0.0002620433783695776,-8.2120871708147e-05,0.000310156581158206,0.0009672925067099299,0.001824248787317541,0.0028321138441473525,0.003969548396201325,0.005241388946438112,0.0066770325689082585,0.00957586380593933,0.009992241175180406,0.012568415222579411,0.014081923733398366,0.014689553008383668
2015-01-20,-0.00043782740057714064,-0.00036165244394050915,-0.00015183435044344016,0.00023474866169094846,0.0008778075421639156,0.0017286577062946653,0.0027387202572131232,0.003897630256530345,0.005183624806958382,0.0066493924245603015,0.009603879572708607,0.009927396150384819,0.012535094407422266,0.014081375602911417,0.014710542058872835
2015-01-21,-0.00044734328490809305,-0.00038438455979635016,-0.00017008781621501916,0.00024250034812099914,0.0009185433110531007,0.001803762841253983,0.0028688488986194113,0.004088529453043846,0.00544798095830921,0.0069717069081730795,0.010041610975504175,0.010386005075917566,0.012976973266834663,0.014609411959743919,0.015253181514638543
2015-01-22,-0.0005500455638553814,-0.00046641636220504914,-0.00026088654660818634,0.00013778162462136544,0.0007930430793271243,0.0016573513747195883,0.0027039670071720943,0.0039097739992234246,0.0052600051108888605,0.006778336158870441,0.009837200666632583,0.010315065818279167,0.013020480373038863,0.014678099704446428,0.015338905949474681
2015-01-23,-0.0006202866323953453,-0.0005187525367032871,-0.0002964092792593033,9.688735976175242e-05,0.0007503581558712364,0.0016244427303291355,0.002690309443226485,0.00391427228897785,0.005269844161098054,0.00678083432356355,0.009827523304605677,0.010312633203581278,0.013007762012305494,0.014657628664735897,0.015319041687789114
2015-01-26,-0.0006558034998104628,-0.0005539336035510006,-0.00032146097230206495,9.334363568639472e-05,0.0007532399917023136,0.0016148835284573843,0.0026605028978774234,0.0038618252755028377,0.005201615023092087,0.006695450623590092,0.009704372490881578,0.010223977689422542,0.012888008430005723,0.014519036733610989,0.015174737565469117
2015-01-27,-0.00047004450968260317,-0.00038315785297491424,-0.00016560885266628117,0.0002037214660422086,0.0008249762365281114,0.001679953336214653,0.0027409272393834998,0.00395356895756758,0.00528647627569049,0.006786729845866709,0.009806173826172404,0.01044477765191884,0.013026429218816235,0.014649492574090593,0.015357203865006183
2015-01-28,-0.0006862774694712928,-0.000658908692860739,-0.0005297602766133699,-0.0002135209202056582,0.0003808602559580458,0.0012057765909435018,0.0022370359003765785,0.0034272527514922794,0.004754085614413416,0.006225793452840686,0.009187705446896566,0.00972715469168734,0.012356205776246134,0.013977989690145198,0.01463003201963521
2015-01-29,-0.0007845581920986169,-0.0007197583719820629,-0.0005576130831742174,-0.00022447742775101275,0.0003696650118012931,0.0011901229053690333,0.0022125923109081284,0.0033999888428163693,0.004722354168715285,0.006200082659251557,0.009171521425499032,0.009615257817690275,0.0122000831143547,0.013859363607140171,0.014516714420988846
2015-01-30,-0.000657675697551594,-0.0006163707201894494,-0.0004803192134284438,-0.00014241224851890767,0.00042558298928365866,0.0012490460890124107,0.002248889414215419,0.003417320529327402,0.004740244764685083,0.006204997588500847,0.009167488588841739,0.009763187794600515,0.012247734751203396,0.013855357297573607,0.014478398662096858
2015-02-02,-0.0008392025194043301,-0.0008038465177660015,-0.0006149037933440806,-0.0002292261178191787,0.0003288986340747276,0.0010893614512234285,0.002003668827947424,0.0030902855902794632,0.00436374382495526,0.005779399333350377,0.008641760173801832,0.009072569126128815,0.011638266067236617,0.013321661531699372,0.013966556224823123
2015-02-03,-0.0007124600530697972,-0.0006175269769886083,-0.0004517721523744094,-0.00010497658119433003,0.0004372040609651637,0.0012098122395444028,0.002149183413097086,0.0032614314685750208,0.004557763404683823,0.006028415943289883,0.008997292957365899,0.008975784980072508,0.011490954631742156,0.013184457383906672,0.013847620319081079
2015-02-04,-0.000815799688112523,-0.0007325656720115306,-0.0005725336442647434,-0.0002361713494813772,0.00027574803957760164,0.0009922902962492491,0.0018580381099981443,0.002886501502311685,0.004095221529380537,0.005458463317857642,0.008208084913759336,0.007940167536045714,0.010353619195607122,0.012027828614519408,0.012670472172095201
2015-02-05,-0.000839545211541437,-0.0007339645813349486,-0.0005436160035512,-0.0001953875246379237,0.0003352272782965773,0.0010651297127837152,0.0019486365369716448,0.0030020088509223213,0.004228968443232625,0.005625627144624603,0.008442016124513127,0.008109359938940667,0.010491732067385543,0.012258871042631334,0.0128969873957483
2015-02-06,-0.0008546965945089853,-0.0007170032760460049,-0.0005136867883650866,-0.0001476819116746603,0.000404544112834547,0.001168719262775173,0.0021003689906091173,0.0032122051259403915,0.004518061223760825,0.006007204706566243,0.009012608212890343,0.008624882255898294,0.010998425176517486,0.012838901202898666,0.013499426447337329
2015-02-09,-0.0010395519475241155,-0.0009423281602779953,-0.0007469375185129639,-0.0003672736593186848,0.00018050079968540342,0.000924624739066816,0.0018378726501201994,0.002921831529310566,0.0042030040663371335,0.00562492078340707,0.008494820453311376,0.008437116144470893,0.010609055877896428,0.01235031286387432,0.013004044541194453
2015-02-10,-0.0008859830905550462,-0.0008163021002857209,-0.0006284501669286178,-0.0002572458180789422,0.00028013780197910624,0.0009951765012046595,0.0018681171349588864,0.002916843875461191,0.004180463526002528,0.005645121026947508,0.008596548776294314,0.008269960726147697,0.010388870428492975,0.012095227391015605,0.012771228304109228
2015-02-11,-0.0009523441058618984,-0.0008500304953857323,-0.0006402877073438848,-0.00025344658621450624,0.00029757729032059025,0.001026412032270423,0.001908949446222275,0.0029599889355378523,0.004208724326540285,0.005645411044003835,0.008540452437605072,0.008318232464711537,0.010448991804409592,0.012127648207276473,0.012785577616435746
2015-02-12,-0.0009659877271941254,-0.0008795944036769262,-0.0007136650357853039,-0.00037432505599899364,0.0001273766350978197,0.0008093803793987831,0.0016352549077198553,0.002621093953646119,0.0037998505495794683,0.005159634374001382,0.00789304491463419,0.007842145256308478,0.00995137058058434,0.011611773875158094,0.01226101091081485
2015-02-13,-0.001200696538828829,-0.0011059693695879664,-0.0009433110333122044,-0.0006036321968538579,-9.455106766543044e-05,0.000602176307413179,0.0014495659362332761,0.002450545237579623,0.0036453930588561142,0.0050257677757357165,0.0078015480936849575,0.007810610166828698,0.009942986977822737,0.011635656008626781,0.012296505938326457
2015-02-16,-0.0012735562362389157,-0.001206239040066558,-0.001019966043829744,-0.0006416806610271085,-8.194293929431039e-05,0.0006548676020806987,0.0015155000332182902,0.0025116608399385915,0.003669975439536835,0.004989774922349605,0.007636932857038763,0.007861219966785741,0.009920745409847095,0.011601882569860097,0.012247503764020225
2015-02-17,-0.001433441658073345,-0.0013200695578368556,-0.0011183785600094942,-0.0007373371146905413,-0.00019799907334172064,0.0005106761579786901,0.0013332315746648045,0.002282197887212354,0.0033893674159973623,0.004647826830469,0.007174105733950436,0.007564451053826863,0.009630281253219448,0.011290396108594069,0.011938481077416054
2015-02-18,-0.0013415134798256444,-0.001218296915612278,-0.0010069828198134667,-0.0006096457084252998,-5.83069524661252e-05,0.0006485835737817426,0.0014600241145316427,0.0023898747647349556,0.0034896359788616762,0.0047675820415837315,0.007326732924380845,0.0077021958681141945,0.009685109050167498,0.011250592750376874,0.011892188794012697
2015-02-19,-0.001341753116074901,-0.0011564542818708315,-0.0008259195815441473,-0.0003279830527226378,0.0003080035902254251,0.0010731166586886284,0.0019366786760763512,0.0029193753249549133,0.00406395495141016,0.005390341799379217,0.008049223436454039,0.008369860301987327,0.010309935134545922,0.011786464439618718,0.012431691924690787
2015-02-20,-0.0015372776646579444,-0.001356364043708895,-0.001063838675666486,-0.0006005775189978015,-3.2474680637950706e-06,0.0007168405352429475,0.0015140288737866975,0.0024177519372785656,0.0034835382689604195,0.004715285814234035,0.00718122041972245,0.007885939748961198,0.009713435020389842,0.011235484287912828,0.011879849242851025
2015-02-23,-0.0013580832176616638,-0.001310387179543409,-0.0011292584495124173,-0.0007727932390452425,-0.0002789616654197646,0.00033020628702034514,0.0010239519702448187,0.0018220633347910287,0.002787802762354164,0.0039376771731448644,0.006229895262470774,0.006969738927695142,0.00892926681841455,0.010494323927213275,0.011129041163426435
2015-02-24,-0.0012113738501337717,-0.0011172208210727752,-0.0008925207244014348,-0.00047602444456764823,7.848897045605545e-05,0.0007377346667583545,0.0014553153769462286,0.0022455245776011566,0.0031820349653774874,0.0042846537189248435,0.0064831272088348955,0.007080241676272775,0.00905986448491275,0.010649943220131372,0.011277967948838839
2015-02-25,-0.0012465495535415804,-0.0012077235738682914,-0.0010245377450963827,-0.0006221281118979679,-5.280675928181902e-05,0.000639182361170276,0.0013659036929446044,0.002145117441301349,0.0030327778104064017,0.00405685251875222,0.0060966830813496894,0.006887796990161759,0.008840360254527668,0.010432746276605624,0.01106544394969122
2015-02-26,-0.0012507543451902193,-0.0012906890945144215,-0.0011567802013004846,-0.0007938172729380427,-0.0002296519987400395,0.0004780277528709072,0.0012267210058493462,0.0020306771631945046,0.002909433583716745,0.003913087331269211,0.005910180695894107,0.0067337135840888455,0.008651865917986161,0.009928798146013593,0.01088108443283312
2015-02-27,-0.001260244123884046,-0.0013277515914410887,-0.0012192193367339614,-0.0008645243350758719,-0.0003193829029402359,0.0003716365450519307,0.0011121712487574403,0.001907305314471842,0.002808153433490895,0.003832647712391531,0.005875213530704008,0.006529741038717897,0.008424592682872392,0.0099929680106738,0.010610776397357942
2015-03-02,-0.0013963956049961057,-0.001451783050276324,-0.0013521352200443295,-0.0010327033758499799,-0.0005202181619717429,0.00013506646306642614,0.0008418902991794208,0.0015989293631304248,0.0024436787120931873,0.00339747479100815,0.005297036827318887,0.005905141587629698,0.0077886935288008895,0.009281708706210945,0.009905467920109897
2015-03-03,-0.001429484950786545,-0.0015145053792167571,-0.001447811111352871,-0.00112875692958445,-0.0006202112921863105,3.178327087977104e-05,0.0007331598512210502,0.0014852533866964047,0.0023784519993442915,0.003379065570974906,0.0051933503798772184,0.005654990907778514,0.007419905207755157,0.008873318593750176,0.009481433427189752
2015-03-04,-0.0015960899656327337,-0.0015685476589645901,-0.0014242856751320787,-0.0010472989447934441,-0.0004889797733643429,0.00021252376962695234,0.0009689283764453553,0.0017733295819998096,0.0027133326291723654,0.0037531447040962357,0.005593790437237631,0.006029292285893445,0.007823068240863812,0.009298348765833893,0.009871242817012467
2015-03-05,-0.0015992958557586427,-0.0016129032289225046,-0.0014869583741364317,-0.0011056707805284726,-0.0005287725176008317,0.0002055070241819719,0.0010049606912573197,0.0018623638448980143,0.002854555506877226,0.003938681992822022,0.005801072434264687,0.006173294939573929,0.007882937805457941,0.009308814004997498,0.009863459231409499
2015-03-06,-0.001533870480405786,-0.001561615469053005,-0.0014358815265455617,-0.0010535327208614116,-0.0004721889333113749,0.00026398233566133624,0.0010675811479422333,0.0019240062890970413,0.0029023207147748664,0.003960847111736798,0.00578407313411509,0.0062245729556160735,0.007886365046992751,0.009242368572994469,0.009765402140328823
2015-03-09,-0.0015409449534778679,-0.0015447945276706987,-0.0013941684573921837,-0.0010100686407121604,-0.00042868103816068846,0.00031500857471178085,0.0011373156628632479,0.0020225539860240587,0.0030224305798858815,0.004099226639421417,0.005926130251584826,0.0063257413408529806,0.007978627102227399,0.009293234443434778,0.009807869464548057
2015-03-10,-0.001633142518932549,-0.0016733481414304477,-0.0015678365085898993,-0.0012065128626055502,-0.0006395142692101641,9.095919639050567e-05,0.0008967694208871068,0.0017569033572088061,0.0027336709027924963,0.0037835666299438453,0.005577975209060239,0.006036768858450443,0.007712602947353964,0.009054964475622308,0.00956437568362961
2015-03-11,-0.0017012931560803368,-0.001716821438917236,-0.0015551643995048508,-0.0011448329746752079,-0.0005235154665258456,0.0002593492045816947,0.0011150652145179366,0.0020236376875335522,0.003024336551032601,0.004087069849849133,0.0058768734800110954,0.006328443214568728,0.008001282948668555,0.009309824331113102,0.00978826629983841
2015-03-12,-0.0017324398721034872,-0.0017640672538705832,-0.0016173464417996383,-0.0012179844104717517,-0.000598925924135266,0.00018181113444077154,0.0010322115559012683,0.0019333728818672399,0.0029280259753828616,0.003990493305693411,0.005791233022317351,0.006218130760984559,0.007866784638444558,0.00915331546432313,0.009618228060076199
2015-03-13,-0.0018282812159270082,-0.0018915050023183425,-0.0017767412070271342,-0.0013903428263429283,-0.0007909834680327263,-3.548313382413746e-05,0.0007805831455623941,0.0016464701324592512,0.0026003072236237264,0.003511166469037348,0.0053804222939421616,0.005883767401647322,0.007500055050930021,0.008764663319258787,0.009235777255470829
2015-03-16,-0.0017023530571023003,-0.001796413620456227,-0.0017016470228254483,-0.0013471060139342665,-0.0007669463842453415,-2.1062268458740812e-05,0.0007928516101705651,0.0016714317122043824,0.0026377980815599947,0.0035856415363680477,0.005538454362264338,0.006050784006634904,0.007682041050257368,0.00891700844404076,0.009376356355993707
2015-03-17,-0.0017414652244456537,-0.0017995596745819197,-0.0016819261943985184,-0.001312841121084945,-0.0007247010314112862,2.0614475100152812e-05,0.0008372730890942804,0.0017177806294736298,0.0026932670828155015,0.0036587420161844986,0.005644434571468508,0.006187011112480152,0.007849929225637823,0.009111842120686746,0.009565454400296443
2015-03-18,-0.0017801094576765039,-0.0017229257051879028,-0.001532281151789089,-0.001150254830705235,-0.0005710165662445423,0.0001692780981397941,0.0009917952656863613,0.001890333469826438,0.0028752020765881966,0.0038483556217258673,0.005853822767082527,0.006441190447955136,0.008120128730899788,0.009362335322745044,0.009813279962657122
2015-03-19,-0.001755978163369012,-0.001799525652905718,-0.0016621650039001419,-0.001271423679750247,-0.0006581232989612887,0.00012804182472466198,0.0009999194575772501,0.0019430420240170397,0.002982163022743458,0.003995055154933678,0.006074903170545917,0.006763340481533249,0.008545068821174418,0.009854494003822883,0.010310385525317173
2015-03-20,-0.001707600301830562,-0.0017810696797179435,-0.001668166843662123,-0.001267959673842261,-0.0006799332878502786,0.00010525470775522379,0.0009840767050610746,0.001939537797439855,0.0030037960780541885,0.00403922646894395,0.006165975611725694,0.006935005661664561,0.008765292252226381,0.01009240857975711,0.010585762498803485
2015-03-23,-0.0017135485397407155,-0.001799767175021958,-0.001678015079146744,-0.001343953334581108,-0.0007900033082155308,-4.031990141408833e-05,0.0008065602328030498,0.0017382022470567987,0.002789222151987279,0.0038347145222271213,0.005988364182015558,0.006836213817360921,0.008734507452850992,0.010059934875318111,0.010556562507182399
2015-03-24,-0.001708419098989278,-0.0018024279365074795,-0.0016886717446835309,-0.0013544274651221058,-0.0008060234598458026,-6.90452967737613e-05,0.0007622735044839289,0.0016818843088540827,0.002728297649164992,0.003778366826243691,0.005942631944213464,0.006899096293934691,0.00885571593928718,0.010214252103416411,0.010721911382535653
2015-03-25,-0.0017557445945731737,-0.0018140794707662846,-0.0016703609064559486,-0.0013156452088725673,-0.0007540781213706463,-1.4304473040614074e-05,0.0008163706555968529,0.0017376521873911006,0.002792428465262922,0.003855513537138725,0.006046966662588131,0.006920376765824608,0.008888333275168893,0.010155547042905017,0.010679682484031047
2015-03-26,-0.001757291660486476,-0.0018597167338968712,-0.0017671195091285598,-0.0014708417822095396,-0.0009704420503045596,-0.000294866841807193,0.00047731991980638766,0.0013441185291524383,0.0023540565403559286,0.0033941078262543552,0.005540709341135867,0.0063908060119656825,0.008341259556011353,0.00956107958169326,0.010073144071076475
2015-03-27,-0.0018416675944200364,-0.00193043159657748,-0.0018219594686163564,-0.001511453188166174,-0.0010257669238308623,-0.00038561260066818524,0.00034275623466331644,0.001164549052239241,0.002141485261824562,0.003153766620044685,0.0052533376906616245,0.006053651025822879,0.007912792670308977,0.009107400174642158,0.009623624568258462
2015-03-30,-0.0017823285560303484,-0.0018494654206002094,-0.0017289529816469575,-0.001420099707177661,-0.0009240902896431764,-0.00026911315210377475,0.0004834225793683,0.0013353059809536906,0.0023420776775759846,0.003378646844078762,0.005529464839581455,0.006235589402360371,0.008143565987083351,0.009327190866195023,0.009843411287326166
2015-03-31,-0.0017571559490694277,-0.001748174784180216,-0.0015743712840329573,-0.0012299357423000076,-0.0007162071132408307,-5.851786664755136e-05,0.0006833088947096757,0.0015227248434438053,0.002517429972949586,0.003560550301067225,0.005726093647186369,0.00647573500886915,0.00843602215344684,0.009692176029222599,0.010219592634976184
2015-04-01,-0.0017843454234964648,-0.0018108393624505972,-0.0016447271856121267,-0.0012771970203335984,-0.0007268550091724979,-2.2526648136413274e-05,0.0007598543020480811,0.0016262631241497527,0.002638772867140003,0.0036656144788633762,0.005795536100621161,0.006570651150937842,0.008492029198023327,0.009693763631388817,0.010199701098660193
2015-04-02,-0.001715249859530096,-0.001689696578520701,-0.001482522298848099,-0.001100873024830557,-0.0005451938156322484,0.00016303489010180877,0.0009591247287977182,0.001845453412400348,0.0028693729102015424,0.0038853891929142713,0.005991907526308265,0.006685349217563265,0.008546328116697985,0.009741712886673491,0.010260622257195184
2015-04-07,-0.001769067304398778,-0.0017065904585704113,-0.0015211348642309506,-0.0011781641532591296,-0.0006677795936660565,1.5228251565205886e-05,0.0007998462075366167,0.0016741028305765505,0.002684225227574697,0.003666408542640712,0.005703479973640663,0.006306444825263521,0.008106419208982524,0.009288229841234931,0.009808402351741267
2015-04-08,-0.0016082893889463126,-0.0015842676206035433,-0.0013941516424879204,-0.0010408292088154103,-0.0004962292116134424,0.00024381710826384736,0.001096787276920218,0.0020435685650727134,0.0030921028171258806,0.004084029993169605,0.006141787316508199,0.006644192565888267,0.008399472146572372,0.009539248279000429,0.009973145016186272
2015-04-09,-0.0017993407859549177,-0.0018490346826279351,-0.0017004429477665143,-0.0013653017629763021,-0.000862934439550964,-0.00020423077150115348,0.0005468044953574826,0.0013789298312886539,0.002335934311294161,0.0032495427718590513,0.00514156049126138,0.005638455441539449,0.007346894455613848,0.00858463681749476,0.009023660714780158
2015-04-10,-0.002046937720097721,-0.002107992533904007,-0.0019808944911414153,-0.0016734483843684333,-0.0012246515836031272,-0.0006538778809827773,-1.2301317139825485e-06,0.0007273083265616897,0.0016034540510449626,0.0024532970155672785,0.004216488006688844,0.0045865277199295664,0.006160233020006966,0.007214309618939612,0.007657897739249923
2015-04-13,-0.0020160906458051185,-0.002097467408487355,-0.0019877704432606563,-0.0017007568584981707,-0.0012791577979532804,-0.0007392649329123777,-0.00012201248517849137,0.0005705958803097677,0.0014022695796844017,0.0021990884793905837,0.0038534715000697562,0.004203314302006107,0.0056344825137033105,0.006607321871587323,0.007026730508451207
2015-04-14,-0.001998019536107032,-0.0019961543010562992,-0.001819372714956696,-0.0014961410622690732,-0.0010395716421308522,-0.00045481838775827943,0.0002151467394925577,0.0009712365563560613,0.001848518376227933,0.0026728738709560643,0.004387864482845219,0.004618348441585565,0.005952146259712561,0.0068286415387831196,0.0072290065611653655
2015-04-15,-0.0020221293274964975,-0.0020131556819860015,-0.0018156952012255442,-0.0014575611283175298,-0.0009782475506667704,-0.00039111073638769736,0.0002681441104987361,0.0009989408416932694,0.001856916685896617,0.0026624190360955927,0.004335708916482484,0.004644132388011822,0.005942147054255442,0.006835632536995413,0.007198500368436906
2015-04-16,-0.0019169638448698594,-0.0018637462802903399,-0.0016195523974856466,-0.0012279832331308575,-0.0007309134574382776,-0.00014984939903102415,0.0004944064937047707,0.001211797259267862,0.0020618033230657474,0.002862667704315041,0.004532483403791217,0.004718757935579238,0.005934214335075353,0.006668677673995819,0.007010035113128666
2015-04-17,-0.0018562490663042242,-0.0017825400301367876,-0.001519548515922592,-0.0011120435381707602,-0.0006043267320982972,-2.601439957764365e-05,0.0006073319256492189,0.0013069010916989413,0.002131679208453442,0.002928746071537517,0.00458455443344994,0.004865785147186133,0.006112934765591679,0.006921012567149783,0.007255952388010557
2015-04-20,-0.002021808640122814,-0.002032491840388828,-0.0018680310293425443,-0.0015387709592801753,-0.0010859560357609822,-0.0005458412975352347,3.5075572304471445e-05,0.0006701027067077517,0.0014133193761893688,0.002170877446419206,0.0037421079474318623,0.004281631016028482,0.005491579929859718,0.0062994271309021466,0.006614527452602935
2015-04-21,-0.0020682558499857816,-0.002085053460119507,-0.0018943249634577322,-0.0015442566328770046,-0.0010718452508814598,-0.0005283160711942505,4.230587306342812e-05,0.0006637522525238194,0.0013780274497591726,0.0021194348577684395,0.0036535594493657775,0.004272241649366205,0.005448930005018657,0.006269675847985747,0.006575510961999353
2015-04-22,-0.0020267902054681396,-0.0020623496390583616,-0.00188836868038149,-0.001560791020189883,-0.0011035493077357387,-0.0005699900085443906,-2.848163988525088e-07,0.0006260027775796056,0.0013446548419569476,0.002084083678397292,0.0036167778487948476,0.004171438892811869,0.0053546583729926,0.006195495902008237,0.006517878285258774
2015-04-23,-0.0019707190104392073,-0.001925557224299782,-0.0016816820796998187,-0.0012864058234223744,-0.0007911896094862597,-0.0002443414783461323,0.000326873009252623,0.0009502959872227029,0.0016811984823678916,0.0024377568836316185,0.004005748517605228,0.004536783905228493,0.005684412203217635,0.006482782559584587,0.006792870448054353
2015-04-24,-0.0019305296100340162,-0.0018561051188873906,-0.0015889529761767755,-0.001186311370849429,-0.000679883591255246,-0.00012334890545181103,0.00044703682359867493,0.001079255559063823,0.001815547284085233,0.002601191653913573,0.004237180098230971,0.004629513127953807,0.005770271394814796,0.006556242433499175,0.006854377604597481
2015-04-27,-0.002092017864755469,-0.002028751915217027,-0.0017629527428712365,-0.0013459679581629316,-0.0008182321378820283,-0.00024425149684161973,0.0003320045657482601,0.0009597825099019561,0.0016847358437373087,0.002454907835600939,0.004053715516879826,0.004531669149650124,0.005626460440193275,0.006372235907800989,0.006660621531421478
2015-04-28,-0.002216695596694622,-0.0021752345724451064,-0.0019250914196109299,-0.0015113528757052675,-0.0009761549270853292,-0.00038583122962419927,0.00021472881570288585,0.0008678943578174546,0.0016173657106025134,0.0024014424455966166,0.004027340692724607,0.004498706593949981,0.0056763218760943175,0.006502818009459444,0.006774408077623726
2015-04-29,-0.0022393869383439467,-0.0021659993889427123,-0.0019193567655550639,-0.0015249093675370707,-0.0010145729948545885,-0.0004435739162354087,0.00013722966685549254,0.000773682244941664,0.0015053309896086652,0.002287740235719686,0.003907287205623379,0.004368250277543519,0.005564747099423198,0.006394730708952113,0.006614325519903923
2015-04-30,-0.002175387953298706,-0.0021072295292028915,-0.0018469783741738935,-0.0014404583115912245,-0.0009375393980354194,-0.00039284813814666067,0.0001646705491186115,0.0007874338273919081,0.0015279034644999346,0.002318031265436217,0.003958820735664202,0.004297715320048772,0.005506253923684666,0.006326079360846463,0.006551177402560227
2015-05-04,-0.0022339223988314637,-0.0021933371954065617,-0.0019523932093274327,-0.0015673263873830859,-0.001071620212971571,-0.0005342339224054661,1.0562797451606117e-05,0.0006140172505555501,0.0013153954550957237,0.002062350453229192,0.0036111592718436076,0.003981460604255026,0.005140753066297122,0.005955755830074008,0.00617553097741615
2015-05-05,-0.0023109077000765905,-0.002209793675677093,-0.0019148636544819703,-0.0015046554159119383,-0.0010075967474672519,-0.0004865519302921655,3.779459230521039e-05,0.0006118406133426405,0.001268204170512976,0.00196910949950283,0.0034146594763322276,0.004037560283516705,0.005204396406511747,0.006053285598158916,0.006264007840938724
2015-05-06,-0.0022256174568573536,-0.0021738410056941237,-0.0018942214518625979,-0.0014798422925303297,-0.0009644642455440944,-0.00041499965622304,0.00013980791799654563,0.0007456511245348837,0.0014365990694034502,0.0021662441088442265,0.0036711815753619095,0.004229500449507976,0.005448431087400663,0.006363051794742815,0.0065733430314929035
2015-05-07,-0.002352466382480751,-0.0022958806037961773,-0.0020115782390772584,-0.0015841992109622656,-0.0010480388027230372,-0.0004777259274658781,9.205123018386444e-05,0.0007113666777762792,0.0014139081006649464,0.002159320428269019,0.003695674243287159,0.004262096914575511,0.0055549576815339535,0.006563554620223328,0.006759268371813902
2015-05-08,-0.0025151862272647235,-0.002448012162571242,-0.0021759034183743264,-0.0017836897013349833,-0.0012663469019380917,-0.0006945272385714954,-0.00012064187911636022,0.0005018829877722806,0.0011877145747882822,0.0019310598659574435,0.0034597459126733472,0.00412247532020867,0.0054352917649251155,0.006494073488820973,0.006691776798817586
2015-05-11,-0.002452820551049233,-0.002431051847862055,-0.0021835101310336393,-0.0017945449777160831,-0.001290945459419894,-0.0007342550094309142,-0.0001669919978788124,0.0004532811712312518,0.0011557846013940279,0.0018974238994393573,0.003426405469416353,0.004112151213927685,0.005442712053308222,0.006533166970651994,0.006691413799163874
2015-05-12,-0.002460231585761541,-0.0024281257673817824,-0.002166679047604768,-0.0017724801021815775,-0.0012724176292459243,-0.0007318498823701974,-0.00018536302802477328,0.00041855115182718117,0.0011053589636135681,0.0018453374900077998,0.003374503998170281,0.003936555097356185,0.005288090161260585,0.006351160664611194,0.006475683451913421
2015-05-13,-0.0024574494048056035,-0.002426601115405938,-0.0021798536511573228,-0.0017989484680487632,-0.0013022417466292526,-0.0007558820328487802,-0.00020875045017078341,0.0003956411879795052,0.001077043035264252,0.0018080784270034062,0.0033183530854285753,0.003792837265710879,0.005057095450595092,0.006142611534247131,0.006250593877382057
2015-05-14,-0.002489444874660254,-0.002459911863931184,-0.0022201526629509645,-0.0018424528189491174,-0.0013578344654492276,-0.0008303726188907715,-0.00030526549909721564,0.0002713540842596966,0.0009294152830671547,0.0016313263478584831,0.003083797004690807,0.003557033228394833,0.004771941069650016,0.005804989350491394,0.00593100776019033
2015-05-15,-0.0025175960415655483,-0.002484347774714373,-0.0022726107925370997,-0.0019353898802430692,-0.0014983960908427727,-0.0010238035785338148,-0.0005571662336536525,-3.7956577662345076e-05,0.0005747629822242278,0.0012582837116603901,0.0026723988545570843,0.0030710626633957214,0.004246571476473943,0.0052588527896665115,0.005377118478262852
2015-05-18,-0.0025284307252128294,-0.002482647008831131,-0.002232353807973958,-0.0018636139327146818,-0.0014219193336728634,-0.0009725284852596927,-0.0005440201676172685,-6.013702471006709e-05,0.0005206638854395923,0.001186190336508363,0.0025550005020763054,0.0029429473124478814,0.004059349600155117,0.005045082494705432,0.00516912701184626
2015-05-19,-0.0024791265295526907,-0.0024236569541568357,-0.0021969592258124144,-0.00187761352239106,-0.0014797351129647149,-0.0010590636500784419,-0.0006438492390833452,-0.00016660198214162817,0.00040580250651703575,0.0010581718223744555,0.0024051218259643252,0.0027423472596171585,0.0037768483247005453,0.004773555565679851,0.004907307596991104
2015-05-20,-0.002474933380534207,-0.002395421389543471,-0.002171969391933478,-0.0018604066792941212,-0.0014833120757779066,-0.0010877301818012252,-0.0007011287187467106,-0.00025697529322113086,0.0002855753758864119,0.0009120166183210782,0.0022062427591069585,0.002542205206632445,0.0035498657060813042,0.004520225436849025,0.004648909569827156
2015-05-21,-0.002466202759514211,-0.002390354786641596,-0.0021514982944293593,-0.0018282684797341063,-0.0014298939682879578,-0.0010004927180107725,-0.0005609257585239708,-5.6670779584924066e-05,0.0005404176572401878,0.0011906663171352512,0.002538576745859569,0.002831075428963398,0.003913406416913428,0.004921844018894377,0.005041157256452104
2015-05-22,-0.0022279833453998383,-0.002118354072364564,-0.0018209718949653772,-0.0014395899272861348,-0.0009988065027051578,-0.0005448639796519647,-8.820336957643784e-05,0.00043731068569630903,0.0010582653885424995,0.0017348185748508522,0.003140144759918229,0.0033931589492539067,0.004514899223431014,0.005543826242359394,0.005676890791263404
2015-05-25,-0.002462592193478943,-0.0023109533335246464,-0.0019867555302006948,-0.0015652662459721162,-0.0010768191231135512,-0.0005643068029417103,-5.307141746167109e-05,0.0005098879691377288,0.0011491660773239277,0.001810600415902559,0.0031783857872804584,0.00356478874967356,0.004746287954182451,0.005814645395451559,0.005942548927798447
2015-05-26,-0.0024525051736585483,-0.002313852641983614,-0.001989833825364637,-0.0015666131852052432,-0.0010846456213841004,-0.0005883554748111676,-9.589372625340232e-05,0.0004464557933844406,0.0010692132402524371,0.0017341463617021292,0.0031060429860453164,0.0036013788312056734,0.004822847236427233,0.005939621771591913,0.006097376054916984
2015-05-27,-0.002502420141462115,-0.0023572115907284125,-0.0020168628619395327,-0.0015731071338269294,-0.0010676257678150357,-0.0005476536969649876,-3.0983083945903286e-05,0.0005335043259156731,0.0011710554538159324,0.0018416255887540285,0.0032212660773636385,0.0037170290023483235,0.0049454853499995705,0.006087780810750887,0.0062617125839473315
2015-05-28,-0.0025558876418234427,-0.00241736553497314,-0.002099956655184236,-0.0016825108616685034,-0.0011933097578438279,-0.0006679557101037023,-0.00013518216019446267,0.0004474308475351534,0.0011037468135217249,0.0017920519292920763,0.003210483625880063,0.003714139975533381,0.004993170552291501,0.006186221892608043,0.006397525183820201
2015-05-29,-0.0023482566081091676,-0.002033176442672669,-0.0015514612589255334,-0.0009935587618833603,-0.00038871245449655274,0.00023476725946785485,0.0008589854059146636,0.0015306329196420768,0.002271805507763348,0.003017105768700815,0.0045626493182462724,0.005011803968252265,0.00639303734680746,0.007696724721970034,0.00793237490549814
2015-06-01,-0.002274595281762624,-0.0018744592093376702,-0.0012875228809198947,-0.0006246378730169996,7.606751799742227e-05,0.0007830836218755527,0.001483417177435624,0.002221164520322266,0.003013061224650238,0.003774723857305198,0.0053606134244861435,0.005713355718561034,0.007072308546645749,0.008345705647264012,0.008614431141139179
2015-06-02,-0.0022870981265973346,-0.0018240125973189635,-0.0011564200213496044,-0.0004005000845479592,0.00040339117245747014,0.0012210015801203096,0.0020324029078835557,0.002877282232730136,0.0037607402249561542,0.004580365931309611,0.006289077976811032,0.006713672997707078,0.008181944985089045,0.009577426228401246,0.009848472026443272
2015-06-03,-0.002268077561523627,-0.001782997271622004,-0.0010783259649030273,-0.0002696653120440345,0.0006108436065128163,0.0015304530786902583,0.002457631979067512,0.00341932984350148,0.004411741577990019,0.005290202892868606,0.007137657806418381,0.007438165622953239,0.008965485801132605,0.010341997547017557,0.010639809006494512
2015-06-04,-0.0023277626677024963,-0.0017770870208033776,-0.0009984604352538881,-0.00010541408668732365,0.000872446629250131,0.001896369549917538,0.0029286129959846963,0.003991484907058787,0.005077016947696317,0.006035788413307774,0.008052480494832759,0.008535434037514144,0.010208093172930881,0.011689207806888724,0.011944396142107919
2015-06-05,-0.002297809975010755,-0.0017398610558946642,-0.0009565421887084924,-5.771685259957721e-05,0.0009098118631914752,0.0019089500166505709,0.002910260677603613,0.0039436047104887345,0.005018363125500324,0.005987957756616827,0.008024644387622126,0.008495480423482972,0.009956992798579907,0.011214399496005566,0.01150453089973429
2015-06-08,-0.002303830589226124,-0.0018464699951705387,-0.0011867847963016025,-0.00040677949752910143,0.00046842980740406485,0.0014096500309524389,0.0023723016632072715,0.0033743976962285417,0.004424190452675673,0.005380302133443085,0.007389721525078332,0.007919726053734753,0.009438561025907592,0.010691498389070112,0.01095269782273181
2015-06-09,-0.0022867672489923097,-0.0017908652951333082,-0.0010693049885002676,-0.0002219507917354996,0.0007207221728076568,0.0017229354726321319,0.002743574621893855,0.0037971613496920876,0.004887840089585663,0.005874124940136554,0.007944073610799381,0.008509728917674514,0.010073096248628535,0.011322910259540775,0.011646683074526851
2015-06-10,-0.002271216569175513,-0.001719117354807682,-0.0009347488552506475,-1.1123244574293906e-05,0.0010323468179222932,0.0021673900611680627,0.0033350715702222347,0.004526279304753904,0.005729057613270784,0.006762373233371996,0.008947829469891797,0.009590108902553513,0.01127022940575363,0.012620269288755476,0.01293110569606004
2015-06-11,-0.002211607917867327,-0.0016136397542284692,-0.0008044686178109021,0.00013997560404874467,0.0012086945764206083,0.0023775451344096054,0.003586161888578459,0.004814337728170461,0.006052149364580543,0.007117183825790343,0.0093676414824188,0.010056670216989905,0.011793378350037865,0.013164362615008978,0.013492390819759292
2015-06-12,-0.002183241587870319,-0.0016116330153895181,-0.0008076953339836964,0.0001394689852475825,0.0012194088586760451,0.002394047700834757,0.003606538604636394,0.004841798187194129,0.006087031422160138,0.007177441836894231,0.00947916942609786,0.010270564186806478,0.012067312123645261,0.013474317352805,0.013793080249822344
2015-06-15,-0.00217919675538075,-0.001692029187342826,-0.0009603586774975774,-8.51424270433037e-05,0.0009134110504637873,0.001991903188430202,0.0031018136354870117,0.004242471626938631,0.005404991306996037,0.006432291921332132,0.008604686473580595,0.009280160773858839,0.010974652421785485,0.012247955796082169,0.01260154182913618
2015-06-16,-0.002272452731932682,-0.0017819763408527952,-0.0010663247398268068,-0.0002068958415975179,0.0007884862974792888,0.0018793139133690918,0.003004239260160135,0.00415802625127021,0.005330486355687625,0.006373304834023246,0.008579901721228616,0.009281325034079626,0.011026379623599807,0.012335949624116336,0.012653594748981886
2015-06-17,-0.0022803018980033863,-0.001808550758234709,-0.0011110769292192767,-0.0002685203741240082,0.0007064310098802784,0.001771474964752092,0.0028692986077722355,0.003997741359919631,0.005145756278196002,0.006162276742401251,0.008310898180497435,0.008967816210299795,0.010605206070248155,0.011778148232111476,0.01208515199932634
2015-06-18,-0.0023290169357562352,-0.0018940408605840125,-0.0011992695071804654,-0.0003439074744673768,0.0006516838761369668,0.0017345303766318789,0.002850056545744857,0.003987493561958327,0.005129192644632451,0.006121603888101728,0.008218007001094067,0.008925618441176151,0.010535304528306429,0.011672512466338957,0.011966126251806413
2015-06-19,-0.0023494984471973722,-0.0019327164313213,-0.001240102518304909,-0.0003770860267855825,0.0006370680711791936,0.0017418244406126992,0.0028834773448213444,0.004053958030896357,0.005233070590435572,0.0062553056139169165,0.00841690007870823,0.009086888557598441,0.010717405336943361,0.01192777667006303,0.012222641259400037
2015-06-22,-0.0022886969683988197,-0.0018820181686756067,-0.0011987820588678175,-0.00034852997242023904,0.0006389161055994039,0.001701101766015525,0.0027954341377102077,0.003919418514029839,0.0050650473611790914,0.006079166150168573,0.00821807637738552,0.008911635916219636,0.01060141932070095,0.01182391831776975,0.012091684942041324
2015-06-23,-0.0022602535340094615,-0.0018587064787428875,-0.001167999471032083,-0.0003016321541537336,0.0007044394213938385,0.0017888428398030777,0.002906700141496703,0.004056373224579776,0.0052239480626672975,0.00624416340165297,0.008398993838780454,0.009067277210316063,0.010761546131451463,0.011993007488998519,0.012288209036393211
2015-06-24,-0.002288558590511586,-0.0019796536188797127,-0.0014014023851051244,-0.0006468811858014336,0.0002575380000771849,0.0012516284190259924,0.002289101812005183,0.00336797685616039,0.004481290903338068,0.005484866136882489,0.007593435843522805,0.008389298390717724,0.010034740306728176,0.011214430631284928,0.011562854546443862
2015-06-25,-0.0022918638696367132,-0.001972348867976586,-0.001389503188548171,-0.000632324907507963,0.00027713683071505597,0.0012748858879674415,0.0023229626501284147,0.0034188211665570397,0.004556559389198721,0.005595217259142245,0.007774109830858477,0.0086426499555299,0.010227933593034873,0.0112984362642138,0.011676287245622571
2015-06-26,-0.0022446113388472086,-0.0019288433281986314,-0.0013458861307141818,-0.0005890932979123063,0.00029817899588760363,0.0012531171499935855,0.002253825539774894,0.0033135410673920947,0.004439237181110556,0.00548931671671779,0.007691224343903156,0.00854387048404165,0.010035433386693618,0.01102827917668115,0.011431890085361138
2015-06-29,-0.002212408568363037,-0.0019332174748105107,-0.0013930352076672414,-0.0006695533420042807,0.00018544706073027225,0.0010930899541258584,0.002044641735567687,0.0030730443242516026,0.004191362656987598,0.005248414966367293,0.007466693202288815,0.008274559885198537,0.009744807227375734,0.010670245472533424,0.011072619435212717
2015-06-30,-0.0022166921714010797,-0.0019616545404354943,-0.0014295259867773084,-0.0006883590901295292,0.00018239460841709015,0.0011102943353545546,0.0020860537624359955,0.003149492324246632,0.004320274390558926,0.005411182097403379,0.007710469642114474,0.008327248421204567,0.009772357401290104,0.010707105087404224,0.011121567698530769
2015-07-01,-0.002095017763722754,-0.0016941699195356986,-0.0009935698351700721,-6.0691801459049794e-05,0.0010185128196312252,0.002161317664598523,0.0033584487456861456,0.0046301325972445875,0.005990539060384879,0.007165767909891749,0.009679418507471966,0.010021698132532706,0.011535663925140575,0.012540243117811536,0.012926901930033898
2015-07-02,-0.0020290669910926185,-0.0014617512445893276,-0.0005619987569173815,0.0005888336319394671,0.0018864039226370464,0.003243623248641805,0.004646007123415318,0.006114871605484583,0.007656158922853591,0.008942614243062691,0.011714979309525083,0.011804861580834144,0.013425937375086365,0.014550192811337724,0.014903160204782523
2015-07-03,-0.002069896323790892,-0.0015540452780571006,-0.000694606718714173,0.0004431181598927505,0.0017456971141136233,0.0031069549946849736,0.004496856848190892,0.005942073869354314,0.007451903788291659,0.008727261619760764,0.01146489566060108,0.011771451830475592,0.013427284129277258,0.014471662187342088,0.014875991048199876
2015-07-06,-0.0020186211610495296,-0.0014735529424329877,-0.000600065970702247,0.0005451629096830738,0.0018551090858075889,0.0032186775982120416,0.004601149658636305,0.0060205481163708744,0.0075068523827411535,0.008785461543942875,0.011520415799455973,0.012045102045038954,0.013720031063083933,0.014813541075923574,0.015217850249986533
2015-07-07,-0.001976285004717732,-0.0014216045400131552,-0.0005254181877800299,0.000663994963186724,0.002036214924732237,0.0034656195261400617,0.004903401042202207,0.006369273470342243,0.00788973008338932,0.00918967691028138,0.011974263117989848,0.012503909252543516,0.014243818650980128,0.015324003817513495,0.01574155470986509
2015-07-08,-0.0018549809992348641,-0.001237849794532501,-0.00026755460916277684,0.0010059567132696188,0.0024719774494599855,0.003999891939478054,0.00552588079764449,0.0070664407377506655,0.008629476776125508,0.009949025947562124,0.01277535255794504,0.013432382417787764,0.015166709302920673,0.016230999067134294,0.016653536343480334
2015-07-09,-0.0019664542641353766,-0.0013321183448863475,-0.00032583657267827815,0.0010025730756933768,0.002550631743027072,0.004181413312208608,0.0058125259895446795,0.007455694490512901,0.009115779073846381,0.010521634046185295,0.013538159060756592,0.014205605644703984,0.01603788539483375,0.017126295993336337,0.017512634795220097
2015-07-10,-0.0019495641414859317,-0.001388663053366575,-0.000475294611618358,0.0007498304900258034,0.0021739034442774703,0.003663955629916435,0.005138879570530201,0.006629082976907501,0.008154631454971391,0.009495186027975888,0.012351446571223572,0.013129481699984138,0.014880805067588852,0.01589997597246362,0.01631957295983711
2015-07-13,-0.0020177065626008177,-0.001520035079107445,-0.0006506365685029055,0.0005306492690605787,0.0019048534063582936,0.003337729286485246,0.004758997391253506,0.0061993649292466126,0.007681938048760349,0.008994235420181839,0.011783287606797612,0.012624274929688867,0.014354475496764725,0.015383489565120367,0.0157901034191694
2015-07-14,-0.0020713523705271496,-0.0015495438219232918,-0.0007060582922136422,0.00046316101151255037,0.001828606638025234,0.0032489263506865103,0.004640749079900903,0.006045217664388969,0.007487377267895581,0.008784259637753705,0.011532180781996708,0.012459578847324307,0.014189402980119663,0.015141908886128153,0.01555230217657428
2015-07-15,-0.002149012076382338,-0.0016384806001945972,-0.0008043534866453531,0.0003569231861113344,0.0017154598267144516,0.0031351214644503704,0.0045307144914127385,0.005939004159253499,0.007378081566192055,0.00866769912139,0.011396771720035517,0.012376947064228917,0.014103697789545165,0.015092990892238548,0.015504795491059415
2015-07-16,-0.002125578998332963,-0.001614299437624315,-0.000796930195242428,0.00034255549048837293,0.0016839117697260851,0.0030996888561036144,0.004498153997854849,0.0059083660583117885,0.007344097741170015,0.008625235527985003,0.011339047202429913,0.012311196433898212,0.014015493921076694,0.014950569116239059,0.015355274424653918
2015-07-17,-0.0022169516844621354,-0.0016893300065463632,-0.0008641173450967153,0.0002823577758051554,0.0016295977381086955,0.0030480930825317674,0.004443792269518227,0.005849497991758435,0.00727744798016705,0.008558523333722147,0.01127011598569821,0.012254681135498328,0.013977298498604697,0.014898714383944106,0.01529275026189408
2015-07-20,-0.002277121118979025,-0.0017709813813658964,-0.0009942848551009389,8.718933752263578e-05,0.0013723119974857019,0.0027412598552070677,0.004094742744541382,0.005457825140342149,0.006843640819319876,0.008097849307386672,0.01074366221498005,0.011783659531792674,0.013486714875067009,0.014410349736825813,0.014806319225732108
2015-07-21,-0.0021844786220717384,-0.0015710899649832599,-0.0006601847747013702,0.0005753646537544771,0.0020167663610170775,0.003534253943165337,0.005028574004543413,0.0065347199069593735,0.008056317581535738,0.009392643731197697,0.01223619856750376,0.013152956747392607,0.014978551673540286,0.015985191952557178,0.01634824781313859
2015-07-22,-0.002226734580854508,-0.0016299834409778066,-0.0007391721151210181,0.00047266567191935977,0.0018914104218024752,0.003397542679394225,0.004891322970159531,0.006401568756472811,0.007934472556375341,0.009297763915387548,0.01219496877168413,0.013219904418739046,0.015070120779573194,0.01616945754084084,0.016550730277880198
2015-07-23,-0.0022571304802980943,-0.0016713356825290753,-0.0008082550798264348,0.0003661765144294924,0.001741206519340866,0.0032045241252110874,0.004665055965689962,0.006153798142043107,0.007682340199775345,0.009048713404878197,0.011954572949091519,0.012951664769785659,0.014864549131356689,0.0159862792102056,0.01632765824835412
2015-07-24,-0.0023103138083058,-0.0017398238346367611,-0.0008798253591209257,0.0003044523067366404,0.0016939262863931133,0.0031822559038471214,0.004671920859142929,0.0061872264281713505,0.007734564742806451,0.009110074088950341,0.012038664178002001,0.013101036594260694,0.015052389959147958,0.01622306979667879,0.016625743990307796
2015-07-27,-0.0022593954627140576,-0.0016397764591444875,-0.0007160165269636647,0.0005368936128923677,0.0019950273667000955,0.003545686999529624,0.005094238277632106,0.006658110221999085,0.008244668961848967,0.00964116260013058,0.012619544471474509,0.013793826025204643,0.015780121386570575,0.016959511662525666,0.017393685092094237
2015-07-28,-0.0024207021755719383,-0.0019130828445798008,-0.0011104836801829907,1.924533205751605e-05,0.0013460141001114545,0.002760282011774071,0.004172657748536303,0.005609058112036427,0.007086578950165574,0.00842846838116782,0.01126664014525407,0.012537531182123569,0.014563234904350358,0.01573813304228938,0.016130238026293445
2015-07-29,-0.0024380478797068547,-0.0019774171286078856,-0.0012209440918828731,-0.0001324783557170579,0.0011703049492602373,0.0025742947532602593,0.00398987563610148,0.005433285366001926,0.006918256776791224,0.008272490625762782,0.011129595407814843,0.012424337085967735,0.014472467288726133,0.0156354413172163,0.01602931415229576
2015-07-30,-0.002555894953134239,-0.002078505435645073,-0.0012684050623745803,-0.00013442147388667967,0.0012501593796842747,0.0027473007713873106,0.0042746099302264935,0.005824963702341781,0.00740664915511105,0.00881329014130971,0.011798725262084532,0.01308250898008804,0.015188479607578643,0.016328745382885434,0.016766811041725237
2015-07-31,-0.0026317150870332796,-0.0021156096773282743,-0.0012589580674328277,-1.5201411170739604e-05,0.0014267271716734784,0.0030177150598636225,0.004639380121496515,0.0062989405656251355,0.007989880196216331,0.009468980081589319,0.011226234726341008,0.013698900436738382,0.015818847070261627,0.017050410710138464,0.01744277948471045
2015-08-03,-0.002645275328146291,-0.002208418663883999,-0.001429201181676489,-0.0002660103512377422,0.0010964508800294494,0.0026141089358997995,0.004166571076263987,0.00576204522161725,0.007396804860334284,0.008829787580210684,0.010509340974207308,0.012929341002700557,0.015000553813857434,0.01619451638215713,0.016609122677886896
2015-08-04,-0.0026715292167197296,-0.002248326824366361,-0.0015007730066774966,-0.0003814975266748389,0.0009361800150190409,0.002408789059462609,0.003919926799704118,0.0054773375534982955,0.00708408940152878,0.008509351654840219,0.010197066595035723,0.012644905933915675,0.014695709184132936,0.015929336340700755,0.01633055350374689
2015-08-05,-0.0027116550754159737,-0.002398837363977656,-0.001757226128868025,-0.0007504938115944681,0.00042504948805806476,0.0017237220423994128,0.0030417507068045803,0.004405232429332676,0.00584576745984914,0.007174009767557895,0.008831583805990985,0.01106471818750871,0.013005345963523414,0.014143702201014987,0.01455671702991714
2015-08-06,-0.002633150632774156,-0.002241174133296581,-0.0015044702631013221,-0.00040052498414654857,0.0008643061284019753,0.0022326505022733202,0.003606683489414092,0.005012133178425346,0.00647772017296154,0.007797293295953203,0.009296417192584661,0.011546265380413173,0.013358248655022208,0.014312797633101655,0.014717942641140878
2015-08-07,-0.0026453367946676614,-0.0022313871952001772,-0.0014719129600108424,-0.0003344755749733345,0.0009819324581212673,0.0024199285063511975,0.00387425703174379,0.00536699320290415,0.0069136314078427075,0.008284549969644058,0.009823016016529355,0.012146726969638692,0.014015382481276295,0.015118447902611553,0.015492524269650903
2015-08-10,-0.0024334922298120116,-0.0017974775652599211,-0.0008406923316353122,0.0004685520074362159,0.001932013129264003,0.0034928898174449983,0.00506098839188462,0.006663439555578915,0.008323167753909115,0.009754320086778848,0.011162576395234157,0.01352005341093865,0.015413733760410548,0.016539994009171614,0.016905770721318332
2015-08-11,-0.0025298389696169483,-0.001978140002550542,-0.0010924391334934474,0.00015831385567464614,0.001584251610541823,0.003133278696633008,0.0047062850577065645,0.006322917990514374,0.007997838574802183,0.00944591608992402,0.010951174950945872,0.01342675211826296,0.015440818158050512,0.01676228168488844,0.017126351624958312
2015-08-12,-0.00251737516138042,-0.001989608036694167,-0.0011376753830638032,7.377803460599342e-05,0.0014604959882331611,0.0029760932950076533,0.004523521603822131,0.00611896319863868,0.0077752967723157445,0.009208460988794343,0.010717188182228651,0.013125062929477196,0.015141581765426671,0.016430627698361466,0.016802105154967526
2015-08-13,-0.002489638779851086,-0.0020479569830391623,-0.0012749127584661551,-0.00013929599122798533,0.001168822462568665,0.002604176713243443,0.004072571938751947,0.005593432535619667,0.007192866760278537,0.008597055632427157,0.010051081558956355,0.012344035830219766,0.014322383529208312,0.015651917282128985,0.015983627242748794
2015-08-14,-0.0024268475027050774,-0.0019725438809557053,-0.001184948922155906,-3.872546371322131e-05,0.0012729714573737727,0.0027061967776451095,0.004167347849994874,0.005680467935930185,0.00726484022747921,0.008652694217811074,0.010072499391957018,0.012371881603181202,0.01436527779379845,0.015671907110154103,0.016058767213540895
2015-08-17,-0.00242121538766452,-0.0020161444186496268,-0.0012951875834168287,-0.00021842518236486134,0.0010282610144586363,0.0024027344022238017,0.0038089561251794923,0.005270076180429136,0.006803927336948943,0.008153569866860368,0.009519086329365722,0.011772723961445682,0.013708074907691296,0.0150468953706971,0.015418297469854623
2015-08-18,-0.0023710298495100337,-0.0020004386656281535,-0.0013181057348484568,-0.0002767443059511509,0.0009401467039692802,0.0022880333537604438,0.003671240825755825,0.005108440347130077,0.006619661447062061,0.007942272402603937,0.009236469761250284,0.01142669030987162,0.013353709593280071,0.014719641208164212,0.01509711424801609
2015-08-19,-0.0023855770113247244,-0.0019808856711373505,-0.0012631721450132001,-0.00018418811584355562,0.0010669586518485543,0.0024488149579109785,0.0038616161900848454,0.0053251050177890785,0.0068567980861402155,0.008190630831021723,0.009508142805229122,0.011762604667518403,0.013716590909297052,0.01514869664165656,0.015557002675479919
2015-08-20,-0.002406187207688305,-0.002069803377335448,-0.0014113369010328304,-0.0003832210617403222,0.000821867702251191,0.002157852786314486,0.003529253644403177,0.004961624804629063,0.006482483952846432,0.007825899068102984,0.009110825251769008,0.011335035261480482,0.013278703605474111,0.014722274720550398,0.015096989975304259
2015-08-21,-0.0024016759570119135,-0.002061725112618226,-0.0014156553074990779,-0.00040101879430997543,0.0007974135864704256,0.002140386386881666,0.0035289747907936977,0.004984414142930376,0.006531703991187372,0.007887119439874803,0.00915342553900144,0.011370864458393607,0.013332696583092581,0.01482012280852764,0.015186020829367458
2015-08-24,-0.002381710133375808,-0.0021211758186339713,-0.0015385211635081531,-0.0005792370028072307,0.00055954454640413,0.0018347849352843685,0.003153114878535086,0.004541072079114311,0.006031324520966666,0.007356595927459256,0.008599604747287761,0.010736788552457889,0.012641342396914269,0.014017031530334161,0.014407443011490164
2015-08-25,-0.00233831605543203,-0.0020747143141169387,-0.0014868641465260624,-0.0005252001026291933,0.0006115113696933583,0.0018770152395034539,0.0031842814517594863,0.0045587624977581,0.006039901926432795,0.007349418576541505,0.008543491651005347,0.010651368170928991,0.012590501911630891,0.013990479185888485,0.014388617424053092
2015-08-26,-0.00241149830937152,-0.002176189226574173,-0.0016065825512126168,-0.0006554115466778712,0.0004794822852961953,0.0017518984571598258,0.0030727389272741596,0.004464215075936017,0.005958368715364588,0.007268864617566256,0.008408229806080062,0.010542267408254341,0.012476608576248684,0.013919420569387077,0.014326752489593749
2015-08-27,-0.0024492768001341063,-0.002208103950243283,-0.001619420104970003,-0.0006431651892232178,0.0005204241696847295,0.001823965288758328,0.0031794491477677355,0.004608945330148604,0.006139705311089714,0.007464357462341914,0.00856150399753551,0.010730146782781178,0.012747860512304266,0.014245551821993213,0.01466273106084658
2015-08-28,-0.0024228385049110054,-0.002214775367454575,-0.0016868023396708178,-0.0007788792356543041,0.0003154043954932375,0.0015495162109780845,0.0028373272356833276,0.004202740363404571,0.005687348956414507,0.007000941612421767,0.008089167286011055,0.010251743625994627,0.012270297307193884,0.013759807452890722,0.01420123954570414
2015-08-31,-0.002400270994601677,-0.0021881452623123566,-0.0016677925018351682,-0.0007731825035054714,0.0003048365721681448,0.001521876180648351,0.002792358217535554,0.00413897131652333,0.005601902590189416,0.0068858371703705195,0.00789366937335728,0.010018771023718155,0.011900053082957648,0.013350209785884118,0.013764314251926169
2015-09-01,-0.002498643899697528,-0.002248794292559684,-0.0017192687507700155,-0.0008352707422185002,0.0002488684790589766,0.0014526799985839223,0.0027101276883027604,0.004038193498609291,0.0054619921515636745,0.006786904018489604,0.00789947942773736,0.010018330179826444,0.011894380414907563,0.01337514102385036,0.013809746072259436
2015-09-02,-0.002571176455370944,-0.0023122367376310457,-0.0017892800623856358,-0.0009144497943056954,0.00016405498888411493,0.001376836590426061,0.0026484608483390622,0.003990968951990202,0.005423632321129155,0.006755830038725074,0.007961339630871095,0.010121646980202877,0.011999897592300569,0.013524331609260955,0.013942480884780832
2015-09-03,-0.002518413781372205,-0.002193828003876499,-0.001591586963653241,-0.0006255146213377852,0.0005532075637540176,0.001873082514721138,0.0032641408996497093,0.00473555280435799,0.006299718956085283,0.007733266449697242,0.008957427874889885,0.0112163045456105,0.013122296729616683,0.014677802796113618,0.015102082457613865
2015-09-04,-0.0025121604542753034,-0.0021897001564100647,-0.0015956251727032831,-0.0006441429318895733,0.0004971374003167933,0.0017659406517988206,0.0031000838490467565,0.004519569843115816,0.006061232252193979,0.00749634736890641,0.008759691782184286,0.010987242896813675,0.012871694109731921,0.014435036894046786,0.014860126521489637
2015-09-07,-0.002634044461732599,-0.00237440023980349,-0.0018342848674071188,-0.0009286263855293838,0.00017186123449970526,0.001400372080469808,0.002701067526736827,0.004091575351134937,0.00561626990388712,0.00704837659961678,0.008353074138260246,0.010614857420069545,0.01245977132826514,0.013965829937555128,0.01440014427146095
2015-09-08,-0.0026388805345470925,-0.0023487956570511074,-0.0017513411123416165,-0.0007745194301490214,0.00039630475935532313,0.0016878894034181083,0.003047148884606488,0.0044917381853657,0.006060202556728929,0.007518543888259742,0.008767531677647537,0.01102060610167153,0.0128454539851495,0.014345363839876548,0.014772436417509784
2015-09-09,-0.0026318897246533487,-0.0024465091990404603,-0.001964989081751596,-0.0011015897376375659,-4.526894359769227e-05,0.001140466449904249,0.0023976739630183932,0.003753380475449328,0.0052665384111085555,0.006695306895877688,0.007868404777486605,0.01005014823496724,0.011764577131693287,0.013193359413319871,0.013636115535627763
2015-09-10,-0.0026092707468166913,-0.002454824192005661,-0.001994054971586175,-0.001143840061719822,-0.00011163960916732554,0.0010364288435565155,0.0022485243478227363,0.0035584745844591524,0.005037877792398791,0.006450758355523767,0.007669331694547811,0.009860173341803351,0.011565198604070945,0.012963758423963734,0.013398853718173865
2015-09-11,-0.0025977832245668575,-0.0024181934966289076,-0.0019390646366967686,-0.0010691998604572673,-8.913284544534352e-06,0.001173423109997925,0.0024225465816901347,0.0037775672631813082,0.005284795302152347,0.006339182243876241,0.007976901538728149,0.010182871895006862,0.011853064523326427,0.013212029053637598,0.01366759572737027
2015-09-14,-0.002579844109984073,-0.002330604405026801,-0.0017904251993304903,-0.0008789906007782016,0.0002246611994386489,0.0014343063362121037,0.002690242213292094,0.004038823821220146,0.00551597210868604,0.00655954251136865,0.008172047230860024,0.0103765272041877,0.011986613190461546,0.013334161689858319,0.013786463955436092
2015-09-15,-0.0024965848198114237,-0.002264679687569336,-0.0017799983217832104,-0.000944564365297515,9.923785470426504e-05,0.0012617478764999255,0.0024761176205711326,0.0037829744478359985,0.005216619507528445,0.006243416048405736,0.007838878630271261,0.010026824164491792,0.01163224109136967,0.01295719346135044,0.013501371619417052
2015-09-16,-0.0024567864187447705,-0.0021848939239045816,-0.001676995869881944,-0.0008263817226758548,0.0002265493059586592,0.001402741847903807,0.0026282019499573365,0.003941576502946069,0.005373805963569516,0.006406573944526622,0.008033295953376856,0.01023487196674833,0.01184277462198194,0.013203947671668359,0.013771486647471293
2015-09-17,-0.00244745401015182,-0.002163887219964816,-0.0016633849097105271,-0.0008314485817033725,0.00020177845347724415,0.001361659834537003,0.0025754735203196697,0.0038789084834380647,0.00530540009912879,0.006336127375453493,0.007953951903383518,0.010172346488203048,0.011790643785959986,0.013163368674561181,0.013752000583670425
2015-09-18,-0.002476996173317671,-0.002252221841769292,-0.0018198760555595897,-0.001062789027000524,-0.00010340343864327153,0.00099275103817454,0.002149472712401545,0.0034053029043330687,0.00479526380834589,0.005808609202366157,0.007408558931239061,0.009564468485615383,0.011156903343258796,0.012486245415791368,0.013092507856364812
2015-09-21,-0.0025023166124939645,-0.002254662187316698,-0.0018052338097148196,-0.0010427022218028592,-8.668257547939651e-05,0.0010061245775767607,0.002162574822053738,0.0034189011242833434,0.00480322773461695,0.005794387678865751,0.007331422698158994,0.009457408844663052,0.010976693724623768,0.012244950265115552,0.012891182288995101
2015-09-22,-0.002463525935980041,-0.002209006839641172,-0.0017528340144394566,-0.0009889975588386784,-4.445711911405172e-05,0.0010228165163552012,0.002146097187060641,0.003365901229434062,0.004717371043960351,0.0056880372737505265,0.007192318992435216,0.009267329394416147,0.010709666817399547,0.011915483316803735,0.01262717185760576
2015-09-23,-0.002350399866283628,-0.0019332307642959195,-0.0012996731994601967,-0.0003587287324092189,0.0007736719698054873,0.00203362053524527,0.003351596689024979,0.00475641372116544,0.006257574668622805,0.007275266601993591,0.00882141386643967,0.010985678275378356,0.012530053276834485,0.013826311760946548,0.014542349491528857
2015-09-24,-0.002423945816608615,-0.0020110424452768794,-0.0013758898428265919,-0.00043211121548457896,0.0007031856126665995,0.001966651279891678,0.0032861530715533587,0.004693578167944065,0.006197500943819602,0.007216997053044085,0.008767523795474462,0.010917612620138593,0.012458139560943002,0.013750362928254049,0.014465518041847676
2015-09-25,-0.002255223041195075,-0.0018604243180121278,-0.0012636113866686908,-0.00035975009747918026,0.0007453874575900668,0.0019956796108035633,0.003310623827622961,0.004721134231689057,0.006232741423765019,0.007268825448223961,0.008879692189854276,0.011096128545234197,0.01268917302667251,0.014180611144835039,0.014920820664781145
2015-09-28,-0.0021882889658213795,-0.0017805800663704715,-0.001175448545655806,-0.0002815554517206724,0.0008008572790848845,0.002015345547975625,0.0032891276495285275,0.004660700978100739,0.00614049149678024,0.007157821805025226,0.008727123908378832,0.01094739296192053,0.012567975935372993,0.014015788843025933,0.014698489210995494
2015-09-29,-0.0021304255505322288,-0.0016483933683775203,-0.000971038809124328,-1.1661820128092726e-06,0.0011649910916891244,0.0024554178384911733,0.0037953640080609728,0.005220497769062996,0.006741883244346387,0.007779482955643293,0.009382989002297878,0.011641636753706936,0.013313334731412666,0.014839130140991455,0.015520860009290129
2015-09-30,-0.002232846680325294,-0.0017333976653728476,-0.0010093039399361227,1.7860495342732186e-05,0.0012243303527264906,0.0025543298301575162,0.003915059685222475,0.005350785106301409,0.0068579773469106976,0.007874922711345276,0.00943848928571337,0.011642421776289498,0.013313820388765853,0.0147991087659578,0.015483610288002547
2015-10-01,-0.0021853490696164923,-0.0017043560916254444,-0.0010106293000101503,-2.4238075763876862e-05,0.0011502505825329132,0.002454265224293719,0.003796560262916202,0.005222800459096556,0.0067347307459891155,0.007737648217037602,0.009249235407971703,0.011435570182519722,0.013112006383365309,0.014583440409608853,0.015248552340321898
2015-10-02,-0.00239845490113424,-0.0020010869585811806,-0.0013793427539005722,-0.00044948294031989233,0.0006941202874720475,0.001984590286963724,0.003340772901537326,0.0047768339786268006,0.0062991743093895125,0.007323842877700436,0.008907876056483828,0.01115335092489023,0.012912709094898054,0.014469752712664773,0.01514198375683469
2015-10-05,-0.0024184162259394183,-0.00206804083115202,-0.0014881800772085394,-0.0006104041851706662,0.00044739381400199697,0.0016299884424133256,0.002869303440286706,0.004199345181097874,0.005636825179382702,0.006645075553272797,0.008223553120177508,0.010412686180142565,0.012119657363744098,0.013614404662539126,0.014308204972428032
2015-10-06,-0.0023182508579000605,-0.0019986019539322713,-0.0014737369799869657,-0.0006638028580081666,0.00035609151061557993,0.0015353680108744136,0.0027962346212001142,0.00415738660031276,0.005620579479587008,0.006646641176845119,0.008270906319849197,0.010550607933975385,0.012334331415967402,0.013872864469827155,0.01458085256165166
2015-10-07,-0.002286639574371417,-0.0019528248137405896,-0.0014106691129631972,-0.0005853996662136004,0.00044397900098569617,0.0016223848566852546,0.002879775764226789,0.0042388457108404045,0.005713149201082681,0.006749996471964855,0.008384718562821452,0.010668297684065686,0.012500107262565138,0.014065380519874595,0.014794842438883054
2015-10-08,-0.002315553733707502,-0.0019690716322974585,-0.001417885354161681,-0.0005794300958160435,0.0004667245961003037,0.00166820705322103,0.0029540519376295695,0.004350349060909383,0.005871177902886486,0.006920699033090529,0.008553274958843926,0.010832677697096534,0.012680588791957888,0.014239885137849904,0.014968290275523072
2015-10-09,-0.0022942212195334,-0.001961257226888076,-0.0014310421937358676,-0.0006165608942635042,0.0004011598943079602,0.0015768449394692532,0.002842634893196587,0.004223398508473642,0.005735339271813065,0.006779325693510069,0.00841055569332409,0.010699892041092096,0.01256993420816358,0.014153816929513187,0.014885421093948525
2015-10-12,-0.002330951562832956,-0.0020326844409303663,-0.0015313477189783527,-0.0007507569373991794,0.00023371348614690504,0.0013749728278785343,0.002609227322760723,0.003957227082394817,0.005438405582911216,0.006507737950115946,0.00824408891785398,0.01054070782364602,0.0124067078962151,0.014049073352469653,0.014786259024737083
2015-10-13,-0.0023755232620263932,-0.0020659680942936645,-0.0015731121576640394,-0.0007904895013863353,0.00019284652450690106,0.0013323635508268648,0.0025669645215219816,0.00391423765695348,0.00539643768660075,0.006447565081822334,0.008147089172690466,0.010428360528948893,0.012286147315424186,0.013895027540523507,0.01460099163914494
2015-10-14,-0.002299628992987428,-0.001901259236364907,-0.0012917905807179027,-0.000382395060170624,0.0007174392452915926,0.0019601476939219483,0.003291199244135011,0.004731313599049702,0.00629082511429003,0.007355565780665575,0.009053866452417427,0.011365167900201064,0.01324351223392405,0.014848809593583716,0.01554366686369849
2015-10-15,-0.002261850907721964,-0.0018321038298524362,-0.0012032221345438568,-0.0002800108407029881,0.0008363816718113197,0.0021024530993860842,0.0034595505232334236,0.004930546560595075,0.006530707241745017,0.007608855869600344,0.009275040055877608,0.01156345107144453,0.013393772896726407,0.014984941707275677,0.015708033548193504
2015-10-16,-0.002159705511427949,-0.001677005571860944,-0.0010162020345297327,-8.052695962340245e-05,0.00104072314908143,0.0022863897467967844,0.0036101759218660867,0.005045253545048728,0.0066151795204560755,0.007665990227301207,0.009275217868248644,0.01151298038994493,0.013278032541711587,0.014839990906089088,0.015551282886912435
2015-10-19,-0.0023558400179270406,-0.002010772689354081,-0.0014727753650511718,-0.0006442786974317899,0.0003858655828635413,0.0015382915203534244,0.0027632145348670243,0.004092542274150722,0.005554352162316546,0.006555494084794378,0.008117651070018685,0.010335195042096356,0.01204958463211064,0.013594191026653449,0.014306725313422222
2015-10-20,-0.002339107012920171,-0.0019894316824999505,-0.0014413637559463357,-0.0005977597352171069,0.0004527675455975584,0.0016312030873708067,0.002883099221739242,0.004239912926575263,0.005722581599208481,0.00673868181691846,0.008337000196598532,0.010587124346913702,0.012322061292534254,0.013900805039084722,0.014607198013377527
2015-10-21,-0.00253320952004099,-0.0022729709236031445,-0.0018104726064545565,-0.0010470520769028768,-7.360343433151028e-05,0.0010242236292348438,0.0021919355026799522,0.00346542221728829,0.004872338394306024,0.005869555250063451,0.007453957462249751,0.009692906295103674,0.011369111470778508,0.012924504456327124,0.013638148180959164
2015-10-22,-0.0024163321817521344,-0.0021261949051081504,-0.0016496707918430495,-0.0008798345991761336,9.876544360259233e-05,0.0012046884201512094,0.002380157559582313,0.003663286027008142,0.0050769773218414475,0.006072396925039043,0.007647316637104245,0.009892717623857511,0.011569071104464602,0.013103165838054319,0.013821837747569772
2015-10-23,-0.0023988180748196392,-0.002122807197775244,-0.0016645969713295784,-0.0009120727916025165,4.300105084306999e-05,0.001120264809918961,0.00226488678309621,0.003517881759761904,0.004908169893553865,0.005884679225743991,0.007417685778783614,0.009583889149066273,0.01121158240180087,0.012712787240113816,0.013425475259324695
2015-10-26,-0.0023470109274396646,-0.0020295274294174137,-0.0015202097943945744,-0.000712924501523725,0.00030736025746850887,0.001455863861017072,0.002678123179629661,0.004008596993368704,0.005468396450639669,0.006469640725805483,0.00803207720322768,0.010262734472906546,0.01196350373450926,0.013510227159948197,0.014233583927548988
2015-10-27,-0.0024175755325476548,-0.0021358391550252444,-0.0016645099813065323,-0.0008917096978804306,8.105655713822747e-05,0.0011746488504588005,0.0023374177587124614,0.003608463746196607,0.005016990443121292,0.0060046908491396475,0.0075669293866566486,0.009819668263956853,0.011503703589726195,0.013013405733853756,0.013728565563050927
2015-10-28,-0.0023997048921823093,-0.002103051352817306,-0.0016227741426470541,-0.0008498080441445026,0.00010981782289310329,0.001183881794657232,0.0023239515999139452,0.0035721454505932594,0.004961499830957249,0.0059490194100001005,0.007533785156571253,0.009814139687780311,0.011445552575332321,0.012938533697625378,0.013675298745874299
2015-10-29,-0.0024050428446713433,-0.002107937278645307,-0.0016288375973718394,-0.0008534690525458336,0.00010964595822492169,0.0011916002632098128,0.0023402956755484918,0.003601110908152314,0.005002771599845053,0.00599584129384536,0.0075985904385693845,0.009904809191325024,0.011580063412363735,0.013097759275813622,0.013817062538355757
2015-10-30,-0.002516095317011236,-0.002259169247274939,-0.0018347717655874266,-0.0011226784077914703,-0.0002072606703194275,0.0008368141194929971,0.0019586786407953262,0.003196874381425776,0.004579963427239924,0.005569829722671771,0.0071653247779162295,0.009487242774136352,0.011219896679524216,0.012744672504185324,0.01344404869892745
2015-11-02,-0.0025729823189725087,-0.002340133373497587,-0.0019456394742625174,-0.0012729841635995866,-0.0004055682595367821,0.0005913336192616393,0.0016679496446831876,0.002868026754284799,0.004222677097060788,0.00518619977680135,0.006735257330581083,0.00900885411292016,0.010700246163401175,0.012207892801692896,0.012896704422564815
2015-11-03,-0.002551090877942181,-0.0022578265780413857,-0.0018113596564973266,-0.0010954913459334111,-0.00017639525795073858,0.0008808484217692871,0.00202664767493126,0.0032952805533892652,0.004708538773315843,0.005693163307125584,0.007287451260256196,0.009671835350125045,0.011449155342049155,0.01300028116744831,0.013689250205851001
2015-11-04,-0.002479900891625197,-0.0021520393539075184,-0.001670653554694946,-0.0009249662674719861,1.4872027533196559e-05,0.0010863150449297394,0.0022433476895971703,0.003525843543462005,0.0049609706848580916,0.0059572448069009,0.007573430589937553,0.00998063670381417,0.011776601001791865,0.013329141424767661,0.014023335842255428
2015-11-05,-0.0024798689529009193,-0.002141737194873784,-0.0016509963656317075,-0.0008980056599750876,4.351530572127541e-05,0.0011140493921094762,0.002270550770387295,0.0035557522870121984,0.004997385968333305,0.005994898124549516,0.007595553341566844,0.009998334058137437,0.011808510800155724,0.013326666495004445,0.013994015964510519
2015-11-06,-0.0025246360238058672,-0.002182240260320584,-0.0016886238735185138,-0.0009043078634455959,7.381219035716966e-06,0.0010667746132192566,0.0022095728559401564,0.0034831274888717915,0.004916662285019517,0.005903104967311207,0.007492842849861598,0.00989743581404588,0.011673443340308554,0.01315825148756524,0.01383072378812699
2015-11-09,-0.0025321888179708984,-0.0021724374645207905,-0.0015877544095519909,-0.0008324059069761133,0.00011896805151382022,0.001220100297960106,0.0024071498446518354,0.00372199336414257,0.0051902778992245074,0.006181757913517924,0.00776860856383335,0.010173072498420161,0.012008659378005373,0.013500117035653783,0.014166547327267433
2015-11-10,-0.0025610161001245486,-0.002239748280476715,-0.0017038764102522074,-0.0009997745654474056,-9.672718382075527e-05,0.0009677797274402311,0.0021215514713825378,0.003409982688386621,0.004856275312606098,0.005834475323228763,0.0073892036634441985,0.009769900091879538,0.011626813169999582,0.013112471473045206,0.01376801849233324
2015-11-11,-0.00255933160507474,-0.002210452308734873,-0.0016494216769999315,-0.0009225859448790329,-7.221676196582437e-07,0.0010783395160504155,0.00224813630523314,0.003549006378130751,0.005005247193831469,0.005989242845227685,0.007578502634352279,0.009991703740154047,0.011880496960810933,0.013406773503611528,0.014052447373524747
2015-11-12,-0.002574186860976288,-0.002282361599788233,-0.0017912088953969422,-0.0011325104371505271,-0.0002753580619928409,0.0007531536548950597,0.0018825067434852297,0.0031485739798031097,0.0045791895346143675,0.005563840162312198,0.007168126524568887,0.009582946752374812,0.011479499983719832,0.012956437649520897,0.013622237643416829
2015-11-13,-0.0026173175291969255,-0.0022809389169066224,-0.0017410650999980723,-0.0010468917785396103,-0.00015905285035083737,0.0008855113945303662,0.00201460217753352,0.0032805723527229323,0.004715150518546675,0.005696117023353176,0.007275588428881115,0.009674066863393418,0.0115721602343408,0.01303096105511947,0.013678707201708013
2015-11-16,-0.0026631052470332006,-0.0023428163545376893,-0.0018066302908211946,-0.0011111488722148311,-0.0002224680060614845,0.0008169321981884266,0.0019394549594699327,0.003197834749792444,0.0046256762239477245,0.005598864675875223,0.007161547776003572,0.009547830081975735,0.01143076564735397,0.012869915506269054,0.013532491120024573
2015-11-17,-0.0026479583100449213,-0.0023226189816362088,-0.0017849114389799068,-0.001085541611604266,-0.00018834651209114815,0.0008703831817064799,0.002019146982596131,0.003307202514850307,0.0047619033044353646,0.005736738420471899,0.007297946028205537,0.00973190921317455,0.011627216128941706,0.013108680405219612,0.013760508120518664
2015-11-18,-0.0025263105200871785,-0.0021303966735967206,-0.0015256079341123081,-0.0007645756792524935,0.0001855776822836606,0.001294384671105637,0.0024956144601144137,0.003829923283069105,0.005317552824082293,0.006280889648260451,0.00782913899100033,0.010268847238267851,0.012162085172124307,0.013643952706127747,0.014291347116935239
2015-11-19,-0.0025915185713504102,-0.002288077459019985,-0.001768223964822301,-0.0010863470325384954,-0.00020323355853224743,0.0008496503285827762,0.0020081422196140336,0.00330422122305204,0.004760461485082333,0.005693235548617766,0.007193115555647306,0.00959861985797158,0.01145688473912737,0.012994856903356958,0.013601381471173558
2015-11-20,-0.0030027262680328995,-0.0027644042385049565,-0.0022782933402951586,-0.001613555258049441,-0.0007474424328958198,0.0002861214054786318,0.0014323041154835387,0.0027210065891530044,0.004182643239472503,0.00511525675302361,0.00663220670789426,0.009055228336117672,0.010953435461776106,0.012467453405034117,0.013118092854667258
2015-11-23,-0.0030619328410938086,-0.0028262673378127096,-0.002340955543856254,-0.0016754942144264276,-0.0008055274464729267,0.00023868622681571207,0.0014031226571453745,0.002711598665061551,0.004192287576939863,0.0051173621064476435,0.006623376088895318,0.009052031156599225,0.010955139850963446,0.012479553360563493,0.013105213836201321
2015-11-24,-0.0031026357959593183,-0.002855056544067272,-0.0023603717805759845,-0.0016875432113264731,-0.000815389750950536,0.00022735697647248133,0.0013883365897164397,0.002693687127200718,0.0041705378757185595,0.0050844692886700535,0.006569912216989519,0.00895622125990713,0.010814655859903259,0.01234649436945454,0.012967690233444728
2015-11-25,-0.0031973543768186235,-0.003006438261872022,-0.002564848157322741,-0.0019457463445313177,-0.0011295367718782254,-0.0001460941718701288,0.0009560051689678966,0.002203561770450875,0.0036291924472811126,0.004529959418522433,0.006013121775958905,0.00833363115689029,0.010161985140476405,0.011693429145178721,0.012309751127556206
2015-11-26,-0.0032294285364527207,-0.0030514567064734016,-0.0026178412410579866,-0.0020022315499505935,-0.0011872546862745654,-0.0002027331222238145,0.0009010209545264166,0.0021550829534546893,0.0035905147978032366,0.004503042143099712,0.00597119670249236,0.008318046278368324,0.010099567835622842,0.011614576085473765,0.012224049322411492
2015-11-27,-0.0030914716710346837,-0.002808296387612493,-0.0022569339967474147,-0.0015228815987417398,-0.0005936647406933367,0.0004857775700163682,0.0016713420110410773,0.0029966263712503786,0.004485367654168547,0.005402900159131735,0.006855027709761957,0.009144544688786421,0.010913900431375174,0.012436806450847146,0.013046244514552906
2015-11-30,-0.0030317986884861882,-0.002756593936858894,-0.0022162487011568002,-0.0014955318622327104,-0.000578049685280863,0.0004912430084364042,0.0016660350202361853,0.00298071423900568,0.004462137788608996,0.005381151495401386,0.006800173097888203,0.009057029987285761,0.01082313308669429,0.012335870624815629,0.012993583055310187
2015-12-01,-0.002939765184770687,-0.0026549662187080806,-0.0021032233353830473,-0.0013679162226552866,-0.0004283697487964688,0.0006692729916677327,0.0018765875964305964,0.0032232406854834227,0.004729721118578696,0.005650988012736254,0.007110485288467651,0.009439648041181728,0.011255438550426483,0.012850182123476666,0.013465010223509488
2015-12-02,-0.0030547643948734414,-0.0027716848925502316,-0.0022039391815413803,-0.001444046629475004,-0.0004758307492947211,0.0006558015028076162,0.0019016748935742629,0.0032855463198702135,0.004824857434825385,0.005769221033532852,0.007291241496471621,0.009718079313729854,0.011544105679917907,0.01317353525911013,0.0137921887963997
2015-12-03,-0.0030503160841165245,-0.0027739456363590565,-0.002200944749644668,-0.001429494601996628,-0.0004341789316502207,0.0007385473700312243,0.00202558381388327,0.0034568047289823254,0.0050403648495631025,0.006005987793082383,0.007560534355470438,0.010008729937221046,0.011953523704854292,0.013668995739620786,0.01428509764478633
2015-12-04,-0.0030516148086905713,-0.0027553896224109388,-0.002163832914561279,-0.0013761473625657004,-0.0003786639735859155,0.0007916789909082299,0.0020899895786742487,0.0035392099548363083,0.005153766606006824,0.006137911639952087,0.007735499304275019,0.010303447210584122,0.012283296605207251,0.014075224563749518,0.01466150159257578
2015-12-07,-0.0028640627360060765,-0.002476682678587224,-0.0017862562103738283,-0.000900626550140187,0.00017702882765666635,0.0014072549346362587,0.0027669086951537408,0.004273217501281168,0.005947189737785493,0.006939718661485185,0.008553103877583809,0.011097243288150878,0.013087708082709957,0.014969755258246996,0.015561683742557396
2015-12-08,-0.003063932243791992,-0.0027324103833300498,-0.0020914929443958245,-0.0012393087089992297,-0.00015800073969878643,0.001113303818752205,0.0025241559597963437,0.004086604542694751,0.005811337034118801,0.0068790183660558234,0.008647529413745497,0.011423095604672686,0.01353344410345873,0.015520184737998821,0.016140665161776084
2015-12-09,-0.003236779326465883,-0.0029828891646471447,-0.0023933472554722515,-0.0015776019908621491,-0.0005208919881079313,0.0007266794473271083,0.002113570809286042,0.0036493887240758656,0.005349687167910717,0.006408466235601432,0.008162324911712145,0.01094349443465472,0.01310879256786993,0.01507290311361559,0.015695655264967568
2015-12-10,-0.0033321677537408584,-0.0030944182885007444,-0.002503101561451117,-0.0016807888900033884,-0.000621229411028946,0.0006190188308567555,0.001985236585963388,0.0034978151349386527,0.005174081685284782,0.006219337944823947,0.0079486853674019,0.010714784712145108,0.012827219805135374,0.01476230597953676,0.015369499661495145
2015-12-11,-0.0033144985896048787,-0.0030667548909280437,-0.002465251069877957,-0.0016370591997770005,-0.000581563735194735,0.0006447711127608803,0.0019949775004487187,0.0034922383587123124,0.0051542340245771786,0.0061669431445359945,0.007813403835712183,0.010385024851992662,0.012512776414921174,0.014410258799175204,0.015006125054058668
2015-12-14,-0.0033908670295100074,-0.0031814226447881093,-0.002623540253685249,-0.0018357212027867679,-0.000822055895339863,0.0003629180608933526,0.001672122000642864,0.003129378617592682,0.004759661972758026,0.005761123832743949,0.007399607184549397,0.009965624258187158,0.012109915134449476,0.013980825980837878,0.014630720397814274
2015-12-15,-0.003409144476917785,-0.003232706650704265,-0.0026949054155572215,-0.0019282600915996309,-0.0009356313589385464,0.00021955983941203123,0.0014943788254885531,0.0029187100496330816,0.004521826759893174,0.005518471998384926,0.007185794286224358,0.009697346912759369,0.011816438886328584,0.01368787820530692,0.014303482744649154
2015-12-16,-0.0034577031899773684,-0.003310418714101775,-0.00279365921917689,-0.0020401660735859754,-0.001051255052252834,0.00011063735253096002,0.001400818034157457,0.0028385222543500814,0.004447455122266155,0.00544667990109955,0.007127189932919099,0.009685048870201126,0.011837012755870104,0.013766045303593101,0.014369367747102443
2015-12-17,-0.0033891188341846844,-0.0032508193466533504,-0.00275355612831557,-0.0020252976988570435,-0.0010658267678085999,6.590539619862102e-05,0.001323490292148572,0.002731970920497893,0.0043213614334055355,0.005306575016880495,0.006944331954262303,0.009456418199421328,0.01146507457984837,0.013332350919369355,0.01398458029155248
2015-12-18,-0.003409552691582207,-0.0032997760407732293,-0.0028306645199452965,-0.0021333800768929753,-0.0012136444510213542,-0.00013203608855745218,0.0010784797526746776,0.0024405831981001787,0.003987014659284224,0.004931814157582734,0.006506537334768895,0.00898218631846282,0.010963155795189559,0.012828148553689257,0.013424657078592318
2015-12-21,-0.003537661878019983,-0.0034187443489578197,-0.0029349794673705666,-0.0022123098927681172,-0.0012800239614999774,-0.00019290477795370323,0.0010201382686100852,0.0023899216922978086,0.003949719764991806,0.004847584380423264,0.00631388267113528,0.008723457203193265,0.010602032706475443,0.012437036400160282,0.013045416126228131
2015-12-22,-0.0035648860694860803,-0.003409778615027131,-0.0028889957012233737,-0.002132563607842966,-0.0011374457169470505,3.99989136170671e-05,0.0013559326910278062,0.0028214543811035243,0.004456874350397696,0.005367650093511913,0.006851108294119913,0.00925537111855534,0.011153098169110207,0.01301892806935441,0.013612025215693243
2015-12-23,-0.0035172218833231894,-0.0033780720352270953,-0.002898177973448762,-0.002189125300488047,-0.0012447452660942974,-0.00011047768026137148,0.0011640965423010247,0.002590181119528684,0.00418653155325869,0.005101727647739348,0.00664400263711925,0.009100242970137465,0.01110422731617949,0.012976477876247842,0.01364477468776091
2015-12-24,-0.003738581622157064,-0.0036456151061508646,-0.0031939617395604285,-0.002506284147026112,-0.0015814913602946326,-0.000470050593858533,0.0007858667075535103,0.002197195727060466,0.003794928861043147,0.0047614685700424295,0.006351299060861878,0.008818738440811937,0.010838844051493244,0.012817496420943887,0.013401317300383287
2015-12-28,-0.0037846303769015904,-0.003687373378322366,-0.003242133265008686,-0.002566750283473776,-0.001651405132647283,-0.0005372813894408569,0.0007319801756165696,0.0021578972837585546,0.003766651820737074,0.004735402016129953,0.006321349691063814,0.008770910017892142,0.01073945997253548,0.012710472789521652,0.013302332348450277
2015-12-29,-0.003785777486459551,-0.0036894828464188096,-0.0032494437212317795,-0.002583271719945228,-0.0016858361207353397,-0.0005961667011565926,0.0006504803846185777,0.002059639097613638,0.0036646504115431322,0.004660028009683071,0.006280314235787809,0.008692101700566088,0.010686217397927333,0.012675274061464101,0.01326530740796549
2015-12-30,-0.0037659178241528863,-0.003632320550749972,-0.0031560606080099315,-0.002457361465042536,-0.0015386481977385663,-0.000445089237172583,0.0008007711107482957,0.0022193169311470456,0.003847969803811875,0.004920558308172511,0.006671801100300028,0.009052556982001515,0.01107530783265706,0.013075543837819902,0.01366281919493442
2015-12-31,-0.003931328622349453,-0.0038276571505420024,-0.0033420949967331113,-0.0026226351338853398,-0.0017016117017063918,-0.0006090523933789346,0.0006399109913182764,0.0020779164219016577,0.0037498186119144885,0.004880402380850849,0.006757912607430987,0.009258028881128377,0.011347322457163404,0.013332899044669635,0.013848067220514869
2016-01-04,-0.003943758439128131,-0.003854671720930504,-0.0033874298211249497,-0.0026827703570022985,-0.0017535280283716814,-0.0006328818990822705,0.0006402812299404314,0.002105658617858773,0.003804287783064964,0.004981108294313491,0.006907579229785876,0.00939340549288761,0.011390992398141576,0.013327192422875181,0.013907645813715704
2016-01-05,-0.002863967350315502,-0.002613250076809472,-0.0020255968342721914,-0.0012390250382027692,-0.0002548419399740348,0.0009035442016194852,0.0022230380869091336,0.0037274535902252753,0.0054257461415816105,0.006557221253809719,0.008439743547613886,0.010919711647286723,0.012684308637128109,0.014515258933186581,0.014907416836550348
2016-01-06,-0.002844057587219158,-0.002566471171542103,-0.0018934176043584779,-0.0009923407883332832,0.0001039465290578386,0.001324752165312229,0.0026509046584928665,0.004145354236284839,0.005849446542240808,0.0070055760251411395,0.008840375001274317,0.011246326025812792,0.013031901780364874,0.01489330963382029,0.015362129605028937
2016-01-07,-0.002949946081261259,-0.0027051337138593256,-0.0021251748185617454,-0.0013356797285626809,-0.00034226456998858785,0.0008077118180565902,0.0020767555686925622,0.0034978787523494686,0.005097155311474171,0.006233011426891644,0.008104008517003039,0.010478206802798021,0.012272130205369595,0.014013811646359649,0.014550401715204053
2016-01-08,-0.003072969002295595,-0.002762145562238427,-0.0021672475455134883,-0.0013773720716465413,-0.00039372380012121083,0.0007368516242758825,0.001986521166495193,0.0033817605641537317,0.004959919910090186,0.006075248127685656,0.007893158282274316,0.010228425984532441,0.011985726703663513,0.013647556000201308,0.0142443138351912
2016-01-11,-0.0031485775152992053,-0.0028262672576753432,-0.0022199583012193487,-0.001413999918803664,-0.0004070655545242731,0.0007600939227425767,0.0020645878848258403,0.0035241592018342895,0.005170609322018613,0.006298598122570438,0.008136673137407612,0.010474924476461296,0.012300413641725997,0.013954763800869319,0.014542049632089122
2016-01-12,-0.003215451304554429,-0.0030070203941725917,-0.0024272130046350585,-0.0016265930415055947,-0.0006150798192563035,0.0005230025004113886,0.001803342432189752,0.003248057865383363,0.004903259504048009,0.006044169746551707,0.007913801375757453,0.010274960699143463,0.012136691449506581,0.013838103021647763,0.014409801071331435
2016-01-13,-0.003362985576813436,-0.003112069344466887,-0.0025670975441381455,-0.0018089539764045957,-0.0008503219581177228,0.0002612403576379843,0.0015195696710607338,0.0029441233569792724,0.0045798127840385805,0.005694151380645137,0.007514312341758221,0.009813540097283349,0.011597034280146325,0.013249767470640253,0.013806980754561268
2016-01-14,-0.003303552499856729,-0.0030940104495653497,-0.0025271864485186236,-0.0017246303764719478,-0.0007088686915427248,0.0004476337423395065,0.0017367019288589583,0.003190919538969638,0.004846798102751871,0.005950954890935485,0.007717229432249551,0.010004486561021495,0.01178504305580292,0.01339786746311388,0.013959803743422376
2016-01-15,-0.003299516607820944,-0.0029290671429643197,-0.0022387547383543737,-0.001306994248716012,-0.0001854259217056055,0.0010714889215098962,0.0024458656985381416,0.003976744613711158,0.0057027020340220174,0.006767290893678308,0.008488609657158882,0.010777030443547619,0.012554170755844123,0.01414133324979304,0.014715517186083231
2016-01-18,-0.0032939648484785864,-0.002902444896273951,-0.002198557408343426,-0.0012542427371475895,-0.00011717746992945461,0.0011526279648943418,0.0025421289265251975,0.004079407191351279,0.005808077515509899,0.00686703907746348,0.008593834711360921,0.010886657189277088,0.01268765501046376,0.014285757720378966,0.014878931287710395
2016-01-19,-0.003400027580907678,-0.003091805662306467,-0.002464020043011085,-0.0015920946652545852,-0.0005062075467573629,0.0007258179770333372,0.0020522197039002455,0.003509205275617384,0.0051323084347130446,0.006174778278439454,0.0079030215890273,0.010155986094487611,0.011926827801690939,0.013483601467890826,0.014115726808615229
2016-01-20,-0.0034944009669403975,-0.003187850476843441,-0.0025920498673028323,-0.0017588918614671596,-0.0007171719345428311,0.0004626446576035863,0.0017315361361460774,0.003133351628532146,0.004706272873563965,0.005730328576865942,0.007433501036740577,0.009647091010006575,0.011372370219603918,0.012925841158563491,0.013566125075362694
2016-01-21,-0.003585026308746194,-0.0032482004256927815,-0.0026353640784140624,-0.0017887943995976306,-0.0007332415526081482,0.00046026111516330544,0.0017382429085634613,0.0031462973629582548,0.004721554102833844,0.005748868123020633,0.007456106458082172,0.00966774875688097,0.011368315016751644,0.012910453721117062,0.013580605129715333
2016-01-22,-0.0034791711203323696,-0.003082813192352942,-0.002397001759811056,-0.0014873776487233433,-0.0003846580542745108,0.0008317779269340818,0.0021308356888301923,0.003556842686423109,0.0051403709452100075,0.006190663510907249,0.007970963753895995,0.010280369841350783,0.012043025317220379,0.01364732867354352,0.014256853661488352
2016-01-25,-0.003446280140338843,-0.002999321673929725,-0.002256095695148799,-0.0012779826628629954,-0.00011965329016014567,0.0011283127665909472,0.0024410787655338713,0.0038723568543825326,0.005447595509542417,0.006520472376336871,0.008388123753137683,0.010758297139445759,0.012621533756682844,0.014265456930842392,0.01490365953797659
2016-01-26,-0.0033673189370755953,-0.002962774338555338,-0.0023393472766436636,-0.0014614865992021758,-0.00034831976460297407,0.0009156318558165503,0.0022535640965087736,0.0037033653379780042,0.005304903575395523,0.006410912120732185,0.0083366812423975,0.010799863767386663,0.012581325226708899,0.014288535681428047,0.01487692068895982
2016-01-27,-0.0034942298196842373,-0.003097775047449016,-0.0024475414290821974,-0.001553612538960161,-0.00047414643175472577,0.0007017580999596091,0.0019352021080903574,0.0032886374422901616,0.004819024607054544,0.005864491439284495,0.007643711462113532,0.009973635497547357,0.011788503029414478,0.013359848887603274,0.014072372128987659
2016-01-28,-0.0035231999681945786,-0.0030399733889354447,-0.0022877643393633745,-0.0013279717176712708,-0.00017935914858514568,0.0010716616958428267,0.0023918394702331187,0.0038379606593221868,0.00544214678101704,0.00654479813036937,0.008460044922910845,0.010891468271766002,0.012846825896200502,0.014694901131999694,0.015300697644244965
2016-01-29,-0.0035961533592228897,-0.0031141168263731558,-0.0023511825830578263,-0.001362427177987202,-0.00019801840047162152,0.0010523140570961676,0.002368168403246899,0.0038160360469065664,0.005435818686772751,0.006509866439992358,0.008340537019182996,0.01077370842618372,0.012723642807477554,0.01448076872220825,0.015151729923401252
2016-02-01,-0.003523345323505829,-0.003102818318863,-0.002417894719704705,-0.0014764292330162706,-0.00033473918932437174,0.0009401012900731113,0.002283287690729158,0.0037766178205284337,0.005411464716853053,0.00655173862355194,0.008432390516791264,0.011021532148229965,0.012861608590491555,0.014639016704141061,0.015377638010919022
2016-02-02,-0.0036758691758358385,-0.00325683088287744,-0.002563624720687308,-0.0016219602965501093,-0.0005264516450315604,0.0006658206565532929,0.001890922781793382,0.003288116323065602,0.004853708887614149,0.005936759449711672,0.007747380113722219,0.010290173012692477,0.012117061658256479,0.013899298143233454,0.014569042136776355
2016-02-03,-0.0036737772198552217,-0.0033271854454237173,-0.002686164150093826,-0.0017832849187330996,-0.0006715489922730243,0.0005619962524696517,0.0018545059615267105,0.0033041914909714473,0.004893628164956937,0.005975677828672733,0.007817579127833839,0.010404498920299713,0.012288901926354468,0.014097048975761904,0.014747772717156033
2016-02-04,-0.0037459204234122174,-0.003413415070001511,-0.002805310990840596,-0.0019380670654280912,-0.0008592629587500923,0.0003465921550025186,0.0016013355397666092,0.0029947089655462367,0.004512615010978009,0.005583239347681494,0.007452290624555793,0.010060916483773488,0.01194183422443823,0.013695729490600673,0.014317679883597943
2016-02-05,-0.0037592731284929117,-0.0034016245753183258,-0.0027571880478534237,-0.0018465434699206022,-0.0007112683049044874,0.0005394187497316609,0.0018377440274716115,0.0032673255106859304,0.004815363513114728,0.005904399408241341,0.007787094123140658,0.010454481137555599,0.012327291393028973,0.014101425430624018,0.014729122235447962
2016-02-08,-0.003828767589537683,-0.0034995225328117653,-0.0028700058897137694,-0.001971231669907391,-0.0008490183007196341,0.0003712902627524593,0.0016297908919795095,0.003013879185704982,0.004516622398379838,0.005597985468331429,0.007448966946903681,0.010070679054907272,0.011928097038161011,0.013651220076321023,0.014286840313729598
2016-02-09,-0.0038024414266799957,-0.00344960227493519,-0.002801203841041972,-0.00188372899264463,-0.0007293163252496402,0.0005299320930099916,0.001826356829213578,0.0032336391990816773,0.0047362788644018305,0.005800611316562437,0.007568368135424532,0.010220486368327354,0.012014786601497903,0.013709314322372471,0.014353890002222784
2016-02-10,-0.0037897870571034086,-0.003418121018534331,-0.0027542872657778726,-0.0018283848083711033,-0.0006738002377460304,0.0005806560994418622,0.0018662612949409522,0.003253484292776056,0.004724849394240803,0.005753109613309066,0.0074825092226291036,0.010055360476733492,0.011766131658950454,0.013346525496203803,0.014004714228823182
2016-02-11,-0.0038444640972112552,-0.003488941820333872,-0.0028523957069058886,-0.0019615634576887046,-0.0008549958753042873,0.00035416987137711303,0.0016054068482758142,0.0029868017870845302,0.004496839840250445,0.00550282007762082,0.0071537431900328,0.009672360827869032,0.011401763495595503,0.013042914220454544,0.013697949013718198
2016-02-12,-0.003774547437129063,-0.0034320365751682224,-0.0028088653765074053,-0.0019295191327676124,-0.0008261228605384999,0.0003821614436273883,0.0016412822608410165,0.0030274246671835488,0.004524874650772422,0.005557245424509997,0.0073025454630207785,0.009848438267301689,0.011661056788677245,0.013360912683477806,0.01400866284955647
2016-02-15,-0.003861488603114604,-0.0035860984563394413,-0.003017331587371871,-0.0021795962457230754,-0.0011171301533429122,5.2199581477122264e-05,0.0012794778940507872,0.002639652933358465,0.004124307095250297,0.005154793433014276,0.006917554011349908,0.00948055495905395,0.011235769979219047,0.012897789299388038,0.013545135595349927
2016-02-16,-0.003807548274855275,-0.0035409999960413466,-0.002976551782634111,-0.0021399658795709688,-0.001080320814633876,8.955197549412067e-05,0.00131684568707187,0.002683388470177819,0.004175881397035423,0.005222737264636044,0.007003709409012158,0.009580679580480745,0.011354714895021234,0.013046002519424137,0.013685830733912947
2016-02-17,-0.0037572843950911083,-0.0035326035788912765,-0.0029858385564547675,-0.0021514013974407056,-0.0010840685585956765,0.00010192045393149013,0.0013490011816708783,0.00274052622965741,0.004259828996461761,0.005304896553782991,0.00707580785588591,0.009663225372059181,0.01143906283423764,0.013131656784691349,0.013793401304141086
2016-02-18,-0.0038776394805375785,-0.003690155040936157,-0.0031915780589600153,-0.002408492134224532,-0.0013795876504820032,-0.0002645039049866592,0.0008976832918856411,0.0021847619284313113,0.003599335612463564,0.004638085294468274,0.006364730917442586,0.008822373398693644,0.010537675791871176,0.012123470761485901,0.012776407442016786
2016-02-19,-0.0040923564560220145,-0.00394620061894488,-0.0034827416308977474,-0.002719300631643941,-0.0017090935033139403,-0.0005891357936202542,0.0005935964939921113,0.001916861847805841,0.0033806955814497533,0.004443747452974843,0.006232430691984392,0.008717223318950475,0.010394643012758043,0.012045060508508242,0.012702144149881078
2016-02-22,-0.004183987402060354,-0.003966570789588689,-0.0034762205379632047,-0.0027073336120486107,-0.0016987452681372951,-0.0005643572368400709,0.0006509915091401879,0.0020141636819228834,0.0035209395083338085,0.004627206796920618,0.00646632461613401,0.009007981588453848,0.010744034777290423,0.012491029583130203,0.013126169375541704
2016-02-23,-0.004126999387122725,-0.003933767689086968,-0.0034567339378301877,-0.0026959863454405577,-0.0017002337203324259,-0.0005665154311492168,0.0006357955785416526,0.0019964994941937073,0.0034948912903077283,0.0045811445915329065,0.0063849513024936706,0.008882897794364502,0.010559305080131275,0.012266380101145589,0.012922465211426122
2016-02-24,-0.004205906969457199,-0.004035294036618069,-0.0035731714940828462,-0.002824889535880849,-0.0018556496590981517,-0.0007537959089357813,0.00042034920586084474,0.0017584395728974206,0.003240790885646175,0.004317885249596328,0.006094038602581102,0.008580029929235606,0.010198107693901759,0.011905144095619892,0.012583634145306742
2016-02-25,-0.004115680903886711,-0.003933505498486765,-0.003486342619460878,-0.002766934202799167,-0.0018237358565410889,-0.0007380337318979067,0.000422679037241893,0.0017529285447044876,0.0032244535540386374,0.004292735549512588,0.006054099142514302,0.008492714329816544,0.010074055004114775,0.011760469439770138,0.012457195577843938
2016-02-26,-0.004149375577283143,-0.003970249291432119,-0.0035506636336546387,-0.0028795428877509653,-0.0019906455369406656,-0.0009488636769531607,0.00018088685586483327,0.0014921790615193566,0.002947603414063522,0.004018734627540605,0.005782111997335691,0.00819791643007505,0.009702090804093887,0.011340832008014067,0.012041152196638759
2016-02-29,-0.004409957946660367,-0.0042846081731837075,-0.003910168918986709,-0.003285854408663228,-0.0024512535917010692,-0.00146543502207077,-0.00038809701713634796,0.0008754014587096971,0.0022839991555023056,0.003335949261908864,0.005079147090598146,0.007470469987910484,0.008948540272667773,0.010579199657743052,0.011288535658842577
2016-03-01,-0.004202574159287289,-0.004132077779720377,-0.0037597962139237964,-0.0031179641661906073,-0.002259900155873748,-0.001258847498305166,-0.0001689923215926856,0.0011049587022740445,0.0025077654888645507,0.003655149590004408,0.005258766877389577,0.007607996252630834,0.009089748561764284,0.01077274947653884,0.011461729352044184
2016-03-02,-0.004268790949824695,-0.004206214801777697,-0.003859183617351629,-0.003249485807448489,-0.002421390324139439,-0.0014545129988681482,-0.0004009685910672188,0.0008327228467322457,0.002191284632066014,0.0033220710387989586,0.004946503478027994,0.007317127675498659,0.008833416553660297,0.010556732761109274,0.011261229800336161
2016-03-03,-0.004465189524863785,-0.004434368262171999,-0.00411309261888765,-0.0035240064652726634,-0.0027117261878371207,-0.001762606796714711,-0.0007247788133066831,0.00048710420860009957,0.0018217805831605707,0.0029357633082181273,0.004517831831541403,0.0067968681187180425,0.008282311000475176,0.00992622180234152,0.01065690917081439
2016-03-04,-0.004356596993699008,-0.004305028755298409,-0.003957271541831359,-0.00333775623083634,-0.0024943407433790175,-0.0015176262130410939,-0.0004532123622685771,0.0007819161039740338,0.0021351772398705724,0.0032311695246108048,0.00473936057535018,0.007065538561264296,0.008558994558723436,0.010203850045597165,0.010929401782512763
2016-03-07,-0.004393598003375458,-0.004335963731516056,-0.003975024209565968,-0.0033375258507649785,-0.002477666904827022,-0.0014961314127367236,-0.0004356478730909899,0.0007903756598444826,0.0021396387427995147,0.0032310432369415097,0.004697418317956635,0.007017481029329668,0.008560883132882969,0.01027654904892135,0.011016406479072566
2016-03-08,-0.00451760210313683,-0.004525146398272617,-0.004233532611467876,-0.003669645651435231,-0.002894627477891361,-0.0020196525970486504,-0.001073927189955394,4.845745443527949e-05,0.0013179069699398944,0.0023593388002287035,0.003645753977906468,0.005861052320874426,0.007320055517653287,0.008965958429924202,0.009720615586099591
2016-03-09,-0.004676661693464793,-0.004676748431129583,-0.004365105719770232,-0.003773393874031763,-0.0029627443576521815,-0.0020492596823638667,-0.0010650851864988278,9.391431794804803e-05,0.00138937643280479,0.002443941699803905,0.0037552238262400597,0.005998502191054981,0.007509912951904076,0.009188081224657833,0.009930937715318592
2016-03-10,-0.004585853359897666,-0.004550172010015073,-0.0042397010489446645,-0.0036633253943694675,-0.0028607250284852473,-0.0019454929238012823,-0.0009509433126499409,0.00022218262307494108,0.0015360328229141512,0.0026076054919299515,0.0039722767485026065,0.006225459007115744,0.007743420942151001,0.009444492272566822,0.0101296513852232
2016-03-11,-0.004794997554388848,-0.004820732795051973,-0.004559941882519485,-0.004035331086688167,-0.0032907562481416085,-0.0024407159151816375,-0.0015132269166866644,-0.0003970233360825602,0.0008608261704613218,0.0018917528593998406,0.003169005473239381,0.005340893406346158,0.006769880214220739,0.00836548500153646,0.009103827476664817
2016-03-14,-0.0046045583016476425,-0.0045487942658768675,-0.004223333883655083,-0.0036418101889596627,-0.0028357335733106533,-0.0019154917164893378,-0.000898533649979267,0.0002580594499515311,0.0015831038641441362,0.0024579742195708866,0.00386242411478794,0.006020005497309343,0.00753086515720832,0.009164892999657285,0.009908327284273186
2016-03-15,-0.004622805076747684,-0.004604126150412621,-0.004319259581757586,-0.003772902342693086,-0.0029890679251183662,-0.0020768397489943037,-0.0010602796343497916,0.00010105705697097681,0.0014333743095790259,0.002324181874194258,0.003781177630305494,0.006004630913842945,0.007502731805808729,0.009188831824028772,0.009921965597770874
2016-03-16,-0.0046170964653557255,-0.004566244725951144,-0.00426170853373083,-0.0037001726399672383,-0.0028993153249203497,-0.0019659567500235143,-0.0009287748840806882,0.0002521355047982105,0.0015971756768828544,0.0025008075658905977,0.00399363206154655,0.006320255722062362,0.007830306572430789,0.009589413106542648,0.01032104769154026
2016-03-17,-0.004566429120713994,-0.004520381300379398,-0.004216487905799311,-0.003660266176574436,-0.0028568413506151265,-0.0019157664892531674,-0.000864381997429513,0.00033764830689295003,0.0016991087841658071,0.0026179703127997343,0.004145323990339113,0.006479026632005471,0.007956845298428739,0.009714885171953982,0.010493551889810932
2016-03-18,-0.004639489220907449,-0.00462074378469395,-0.004367363625636602,-0.0038709440515598222,-0.0031376281615923024,-0.0022658635740764243,-0.0012868519256326028,-0.00015214851528138823,0.0011489692981589055,0.0020324992337526567,0.0035067813629521562,0.005790061684512618,0.0072182516258600974,0.008914348718862194,0.00968096133588304
2016-03-21,-0.004764339997671456,-0.004734109449154463,-0.004432137510961605,-0.003939798926943081,-0.0031992898453118033,-0.002329964276252334,-0.0013557915617164603,-0.00022813221880456068,0.0010634478592415225,0.001957617300602268,0.0034662637662713014,0.0057306007779022086,0.007140289200286903,0.008849767286083417,0.00959696572652689
2016-03-22,-0.004779360002432931,-0.004783849636244227,-0.004525909660517018,-0.004066962227915409,-0.003348676752708586,-0.00249667762098089,-0.0015385135770844688,-0.0004233725751794665,0.0008590596561376581,0.0017557471748433345,0.003264731693528342,0.005538949911541693,0.006897679194012934,0.008615635221536536,0.009365030803628426
2016-03-23,-0.00476593295738988,-0.004722610802460457,-0.004431542066365541,-0.0039543668908604565,-0.0032369246458625643,-0.002391268409489523,-0.0014406788114430975,-0.0003282528494291546,0.0009471839513352146,0.0018222459060660806,0.003281667868616773,0.005513106562033025,0.006844282724905884,0.0084936949005421,0.009252094087350017
2016-03-24,-0.004714509783972138,-0.004704228147681493,-0.004460482242459716,-0.004038691420072667,-0.0033829122849805622,-0.00259970444983534,-0.0017138325501584793,-0.0006645108410901511,0.0005584168932673073,0.0014174237026347814,0.0028675265350328813,0.005090501548493524,0.006382885934800706,0.007990057398796532,0.008761011012988033
2016-03-29,-0.004861360989682074,-0.004857044639226349,-0.004624620205584434,-0.00421777307579509,-0.003567361640930309,-0.0027770466674713517,-0.0018734075878029013,-0.0007975475180034738,0.0004413857656652254,0.0013131110359673826,0.002791356225098065,0.005058652843394874,0.006385019198934582,0.008021524248024579,0.008813333860052626
2016-03-30,-0.004932006836492668,-0.0049228631505221394,-0.004688033341702777,-0.004279950648866498,-0.0036148255749110917,-0.0027872928757912484,-0.001836167745775053,-0.0006986730930517186,0.0005904526070927307,0.0014866413859011291,0.003006564400385524,0.0053197664356002,0.006689025580890922,0.00841659225238452,0.00917552805686181
2016-03-31,-0.005098465419368713,-0.00515011689222557,-0.004962031580710943,-0.004595908187735668,-0.003970866409271413,-0.0031833667025122597,-0.00226795753770166,-0.0011600323842039324,0.00010709721563044016,0.0010030121727616819,0.002535397342969396,0.004878876723394952,0.006281098995186689,0.00801051168145655,0.008743898740557395
2016-04-01,-0.005021024668427403,-0.005087271801302949,-0.0048639760389953095,-0.004446795931606365,-0.0037946690756870387,-0.0029573569868791977,-0.0019835847611091154,-0.0008127091166550855,0.0004976245087469699,0.0014389928591035136,0.0030685365643587743,0.005521823529631874,0.00702207407337602,0.008886094199022128,0.009622469676294543
2016-04-04,-0.0048987609507158405,-0.004948639979566097,-0.004690353646223843,-0.004233056877970479,-0.003526045477073891,-0.0026264380074245003,-0.0015828966992586923,-0.0003442381993135066,0.0010163226999401148,0.001972613211268149,0.0036158187812499348,0.006105771262209418,0.007645598538655645,0.009601362894184036,0.010330005041137172
2016-04-05,-0.0051097440068751075,-0.005212962821327452,-0.004976313084270788,-0.004526243346113105,-0.003819316723065662,-0.0029168479190763252,-0.0018729635025023683,-0.000635767402314237,0.0007235815686285438,0.0016724593021753833,0.00331111976277174,0.005796156789509628,0.007305109029477945,0.009268371887872199,0.010013701056684827
2016-04-06,-0.004886335120022136,-0.004937600305517623,-0.004647866581952047,-0.004149696332528869,-0.003402296279631605,-0.0024645411259030417,-0.0013890286608478474,-0.00011847086038025292,0.0012691661605045725,0.002210198052694779,0.003814611342707624,0.006292035227290625,0.007796856757771468,0.009764133113994999,0.010511143684869637
2016-04-07,-0.0048848083444933505,-0.004977827161166489,-0.004744862747209954,-0.004301946377284114,-0.003590260690092744,-0.0026650794447188896,-0.0015939086989108387,-0.0003246833183693426,0.001054576642650864,0.001991879396116871,0.0036047434735366826,0.006168715197157648,0.007683146381879458,0.009733094642491516,0.010496446894076516
2016-04-08,-0.004999360819356647,-0.005141918197830672,-0.0049345588540212265,-0.0045073752806988,-0.003810323641651102,-0.002916506220041888,-0.0018916874078013458,-0.0006808097388520786,0.000651325347243638,0.0015812774590523565,0.003193153560291146,0.005723256946868441,0.007211555810010991,0.009259200208924566,0.010016972707180355
2016-04-11,-0.004809759550297832,-0.004892984780611635,-0.00462287941609234,-0.004131003490481857,-0.0033787098641182025,-0.002438485859292143,-0.0013735840209725915,-0.00012375830455742972,0.0012401432531293308,0.0021546698433472554,0.0037233836738018613,0.006204403872910032,0.007665603853462051,0.009643600112232002,0.010423530436910652
2016-04-12,-0.004139896614051004,-0.004089803112334242,-0.003720997650077056,-0.0031576272826212078,-0.0024012308717272397,-0.0015120193843733759,-0.0005273171717281444,0.0006395848194650429,0.001937891144866649,0.002834517619155116,0.004400176283036603,0.006893526240327927,0.008360561769433448,0.010327967451673341,0.011121214823666323
2016-04-13,-0.004284829319531878,-0.0042697259865846085,-0.003965920117144485,-0.0034830141142524473,-0.0027706611888899586,-0.0019008966984282237,-0.0009099378367575375,0.00027244955234315523,0.001590729858949029,0.0024862149269362223,0.004026788801779674,0.006496993894537976,0.007907330627966567,0.009820310546453648,0.010632168886281716
2016-04-14,-0.004299088529996306,-0.004251842231510552,-0.003915963432072729,-0.0033991818934711736,-0.0026644604924429037,-0.0017916476182069478,-0.0008078074734415931,0.00036350117999056083,0.0016726194263000623,0.0025446275590004794,0.004052526790755408,0.0064783714558726245,0.007874066328030218,0.009793182683062592,0.010630683097682093
2016-04-15,-0.004281645739317454,-0.004203711349469238,-0.0038268457716090602,-0.0032634313006248703,-0.002473276873250815,-0.0015563894081952652,-0.000535997827414865,0.0006639917268391725,0.002000111931880076,0.002882072122029383,0.004406462303204078,0.006897950713869282,0.008293904164629922,0.010275544768060833,0.011119123841947362
2016-04-18,-0.004335315561853253,-0.004255107762924905,-0.0038997702921476445,-0.003362128195196829,-0.0025922622467467724,-0.0016956890198062402,-0.0006989603740535092,0.00047553943174191026,0.0017941238066692675,0.002661601951310653,0.00416247593683813,0.006618756187428654,0.008008302255582774,0.009955382861889933,0.010752563006769675
2016-04-19,-0.004390874561509569,-0.004365885413796233,-0.004054609408522915,-0.0035607385082580788,-0.0028486301433192024,-0.0020188905553676128,-0.0010949408437936792,1.0799509545494615e-05,0.0012702313535052157,0.002110336287578849,0.0035692262098838985,0.00597037713271235,0.007306947777213602,0.009143949025515302,0.009994492004047109
2016-04-20,-0.004477970944953115,-0.004440259629966886,-0.00412806924780672,-0.003640532972570334,-0.0029396112000509714,-0.0021218797874215547,-0.0012090516184546378,-0.0001098208199001273,0.0011451712902883434,0.0019674727777503954,0.003383161828864291,0.005764556225918168,0.007081901467000574,0.008845763522639865,0.009735945853600483
2016-04-21,-0.0045350769424780625,-0.004503253327500452,-0.004194203391466648,-0.003706881615093782,-0.0030015588761118355,-0.002164678080851467,-0.0012237576086078295,-9.427220400614396e-05,0.0011810114882595695,0.002016447029197988,0.003461094396248056,0.0058629890663595375,0.007200734246130833,0.009012763196074317,0.009898740057171194
2016-04-22,-0.004570998880203496,-0.004522156116272877,-0.004206501548267084,-0.0037161827271342375,-0.003019051393382641,-0.002197761184719891,-0.001275993928657526,-0.0001643457629732257,0.0010931290657847658,0.0019128062374711608,0.0033237933346195315,0.005667493899002774,0.006980242754082397,0.008751601319901981,0.009635612130928327
2016-04-25,-0.004623561430510631,-0.004570400822651099,-0.004259807885185129,-0.0037800977624120255,-0.003094666401066327,-0.0022827994853750746,-0.0013689344690445754,-0.00026637461423065705,0.0009791676130779922,0.0017951951335783971,0.003216854309995894,0.0056217106799879586,0.006902869645731098,0.008618444938222392,0.009538555878712756
2016-04-26,-0.004570158935889471,-0.004523177339488006,-0.004219495650751115,-0.0037513861822789296,-0.003093368602991365,-0.0023221415606223127,-0.0014557689373595336,-0.00039711022629862475,0.0008117703012472613,0.0016025810187039497,0.0029738940871919103,0.005310575107207885,0.006559775648967954,0.00822381919145716,0.00914619154457463
2016-04-27,-0.004685730582340327,-0.004677696639257867,-0.004448658651440177,-0.004055474007670865,-0.0034486338654048905,-0.00270161989430569,-0.0018450253353587255,-0.0007933428699084754,0.0004083137264899948,0.0011847804813695996,0.0025295825456163913,0.004901570351766606,0.006086521460337185,0.007647575800184135,0.008619848323016084
2016-04-28,-0.004666718304943627,-0.0046593175784784965,-0.004411748399870161,-0.003993253468722314,-0.0033565980031323144,-0.002582071203113314,-0.0016981957599339766,-0.0006193917153216771,0.0006030588992550543,0.0013904331777520073,0.002753547882096581,0.005155515219047221,0.006375654270227226,0.008016955698663909,0.00894945620938036
2016-04-29,-0.0046849548459067525,-0.004661447178210337,-0.0044144329820036314,-0.004001071588274535,-0.003373793832600367,-0.002609699786362619,-0.0017393788858450353,-0.000678121778211295,0.0005252968464688615,0.0012982787126484213,0.002638670657108669,0.005017382630141329,0.00618733503531405,0.007815674830838129,0.008744983530084809
2016-05-02,-0.004648598123516084,-0.004633898004675622,-0.0043983327505383385,-0.00399670796722432,-0.0033877309888558607,-0.002642598490849975,-0.001792786576588309,-0.0007500498627218533,0.00043741103564755247,0.001184153440645249,0.002474807771518892,0.004818002751780098,0.005933468930430901,0.007530584647477661,0.008436019493574386
2016-05-03,-0.004640303222380737,-0.0046177818489974865,-0.004391844185685644,-0.0040055260890777935,-0.0034104444273802726,-0.0026768155841789955,-0.0018380529140251353,-0.0008053319748301519,0.0003730301073771494,0.0011037782850889244,0.0023589574187601907,0.004674233834068189,0.005724994200914149,0.007296021118068723,0.008216471424390933
2016-05-04,-0.0047322966110389456,-0.004747870632825025,-0.00456650764658603,-0.0042243001661574865,-0.0036670871817950754,-0.002960217559215674,-0.0021405119173330536,-0.0011243851809305209,3.659672820661087e-05,0.0007604779296345107,0.0019816332597511165,0.00423897713952071,0.005297057696002833,0.006885782054244039,0.007803797401691924
2016-05-05,-0.004724794106474078,-0.004717126571679055,-0.004516714471978515,-0.004156774294253294,-0.003567455835423106,-0.002815385149158425,-0.0019414446486733484,-0.0008696340068300888,0.00033616148419065184,0.001078541178873687,0.0023321766532028994,0.004650052063727436,0.0056890800885148,0.007393254434120269,0.008296931802363919
2016-05-06,-0.004855674591149267,-0.004878429479353383,-0.004713779889654005,-0.004387908508119458,-0.0038147443364615974,-0.0030782514096148457,-0.002208363852170407,-0.0011411925421902212,5.6742519874255e-05,0.000779472728286419,0.0020025534394113942,0.004276641847056014,0.005326861844927994,0.007023840914279049,0.007904993649719902
2016-05-09,-0.004934189546701359,-0.004959541337032553,-0.004791314915017228,-0.004461290154429045,-0.0038691453402162103,-0.003114884405884662,-0.0022237199206947087,-0.001135561926503638,7.747787821896499e-05,0.0008096736157655116,0.002056495221841847,0.004386267973146422,0.005477758761752519,0.007241059896716062,0.00813564288573368
2016-05-10,-0.004919132367257138,-0.0049401548098501466,-0.004768396895874767,-0.004425447111188736,-0.003807725991308465,-0.0030193167821739903,-0.002088843159394053,-0.0009618444024648388,0.00028552290202151935,0.0010510329694493952,0.0023684765657794745,0.004780157426803133,0.005912001660526308,0.007799047264194483,0.008663102089104174
2016-05-11,-0.0048627700946019085,-0.004831636403743497,-0.004608671359117741,-0.004215903181417752,-0.0035503743402654627,-0.0027164835195835593,-0.00174255996740851,-0.0005738599067641884,0.0007061151514901918,0.0014850496303935108,0.0028283164642181583,0.005297194988135289,0.006452187938084315,0.008379058824716176,0.009288452051302253
2016-05-12,-0.004881158952127609,-0.004872860848881964,-0.004664444645579553,-0.0042848390357465484,-0.0036389795830789576,-0.0028288487066372957,-0.0018843619878436161,-0.0007471923523815798,0.0005013328556287,0.0012507374403865732,0.002540685651921393,0.004961036341304402,0.006094263425258677,0.00797547309193887,0.008859116013502021
2016-05-13,-0.0048024689367324085,-0.004767435447593034,-0.004534390737530215,-0.0041139642178979995,-0.0034770320676165882,-0.002661352095519612,-0.001713520393105054,-0.0005747077420708793,0.0006720490369650455,0.0014133757423670898,0.0026957861540853247,0.005125497203552696,0.006226910815336225,0.00810893990242576,0.009039915141188392
2016-05-16,-0.0048283239234819045,-0.004825995195279988,-0.004632453410652139,-0.004250900844406262,-0.003642133873714445,-0.0028451784437877395,-0.0019129199694722433,-0.000784330117224302,0.0004542873217494789,0.0011952422553114788,0.0024642975697328423,0.0048823863758194015,0.005983520509760833,0.007834933061865132,0.008722987116718374
2016-05-17,-0.004782540487248112,-0.004763258114876581,-0.0045435354111040506,-0.00413212673713576,-0.003494315590660889,-0.0026714611774006814,-0.0017128751128165976,-0.0005577452540330189,0.0007037583046635624,0.001449410737335773,0.0027306246425972008,0.005165494900636348,0.006254847837724991,0.008137268864950895,0.009013845851313878
2016-05-18,-0.004800312437490312,-0.0047811526156832295,-0.004555669050293826,-0.004135400190708519,-0.003480691891496243,-0.002635558704345274,-0.0016496304525765297,-0.0004648173846746165,0.0008234912101771266,0.0015875106372663468,0.002910995421185611,0.005395387434520757,0.006501350573001521,0.008441256866635678,0.009317401291588048
2016-05-19,-0.00478571592074898,-0.004781372237651307,-0.004582360609247133,-0.0041917086181800095,-0.003575562798266975,-0.002774229595092477,-0.001836010855030089,-0.0006987980906393722,0.0005513948161197993,0.001301168722589436,0.0025977548892009514,0.005042139291302999,0.006141837283570934,0.008020075621810497,0.008904024278343955
2016-05-20,-0.004720903503072957,-0.00462018991153027,-0.0043105572101060545,-0.0038057413811638527,-0.003086565755091022,-0.002195204621497785,-0.0011739597772529513,4.051737270347228e-05,0.0013492526260086247,0.0021134829546944063,0.0034343223591537173,0.005942738992371241,0.007055495692331599,0.008982372060308608,0.009889243665127199
2016-05-23,-0.004779483423028641,-0.004703344878987498,-0.004411483439600304,-0.003917334362113759,-0.0031917881476988988,-0.002284661973355382,-0.001238531856381954,-8.922848054938051e-07,0.0013280575803975834,0.0021059171233779954,0.0034606504142017124,0.005989779827931933,0.007152717858410132,0.009164867644946036,0.01003470642940426
2016-05-24,-0.004807193824931752,-0.004696286580492567,-0.004363549179573184,-0.003824612423497282,-0.003055988831734038,-0.0021138850820028076,-0.0010422721897009202,0.00021903032491943895,0.0015735649880073452,0.0023687247538184608,0.003753570928188081,0.006314707819271129,0.007541641805176495,0.009561229826806872,0.010450099561303775
2016-05-25,-0.004752617322862933,-0.004587832078620181,-0.004200455880669985,-0.0036084622175660184,-0.0027914693255688453,-0.001813135780271737,-0.0007148716819939087,0.0005623059588941284,0.0019245328996248744,0.0027098705747545266,0.00406539796185152,0.0065914717478444095,0.007799173907631404,0.009823686920516451,0.010723043922895432
2016-05-26,-0.004812479858674317,-0.0046733330319318235,-0.004313483800277598,-0.003740504611710279,-0.0029310477622430733,-0.0019564968099069703,-0.0008604148565323325,0.0004084710952974843,0.0017691098790969353,0.002589961916557147,0.00405789849080181,0.006663950822063138,0.007863551480065022,0.009928057439050826,0.010803209382426496
2016-05-27,-0.00481323920924263,-0.004713813093380393,-0.0043992587578154,-0.003865132493561844,-0.003090208316018633,-0.0021555342740449198,-0.001102506684697708,0.0001210463339883746,0.0014468657736414982,0.0022507563149357047,0.0036807942047350443,0.006270610312400705,0.007485745474199345,0.009556978484503233,0.01039492469770009
2016-05-30,-0.004668608115048556,-0.004513806539265721,-0.00414088491151775,-0.0035515059488142524,-0.002740808305685314,-0.0017963406015959313,-0.0007498663808523224,0.0004586945707479019,0.0017749424487058234,0.0025622835509428645,0.003945832028005068,0.0064856408554091905,0.007663509734409166,0.009735257839879214,0.010628485891139735
2016-05-31,-0.004633063117489228,-0.0044888423831278895,-0.004131737602251517,-0.0035551164718417173,-0.0027502660283430344,-0.001802742968352452,-0.0007485965358394951,0.0004688339017478873,0.0017876507313377735,0.0025500410989687775,0.0038776366119492355,0.006336721728297203,0.007475294930013082,0.009487152059331665,0.010364621178652967
2016-06-01,-0.004758649468784532,-0.004710615330309738,-0.004451509784863668,-0.003966286310404807,-0.0032480604586493573,-0.002378038765814213,-0.0013997335883572282,-0.00025213905715317886,0.0010074233885042738,0.0017510563580590975,0.003043204231494077,0.005371469631354995,0.006576426917367608,0.008615481972467112,0.009451034938243282
2016-06-02,-0.004781727711860705,-0.00473423866069485,-0.004480386725683955,-0.003998465483496037,-0.003281364709738961,-0.0024114167392631407,-0.0014292118757038544,-0.0002763899180106677,0.0009913154687575243,0.001733618524793932,0.0030439136845124863,0.005377694095127974,0.006676736448588983,0.008682322966210467,0.009559521272478031
2016-06-03,-0.004837717931233753,-0.004846127966252217,-0.004640127209818886,-0.004200556368063436,-0.0035132951765654047,-0.0026656594434307838,-0.0016981807251489137,-0.0005536111012832155,0.0007097547671379204,0.0014415909008795046,0.002727048846746168,0.0050513062823585786,0.006258621469239751,0.008320668233478568,0.0091920385478936
2016-06-06,-0.004889805698979685,-0.004922363350379421,-0.004734725635585356,-0.004311810133131707,-0.0036478256745269195,-0.0028310691115851464,-0.0018961083232064994,-0.0007788369418089818,0.0004696088900636469,0.0011866634787523983,0.0024381641929665404,0.004744242155339841,0.005924187962015926,0.008011836692565416,0.008866399341520325
2016-06-07,-0.004902243468124727,-0.004950219418826713,-0.004780516182646767,-0.004377368705613808,-0.0037336256124773956,-0.002935662968170301,-0.0020163850630188916,-0.0009101344047676569,0.0003277938261954528,0.0010414566952957533,0.0022761974719979206,0.004512527608126435,0.005749312930857323,0.007848158564863332,0.008697650906958317
2016-06-08,-0.004868824575864532,-0.004921751469471245,-0.00476009616614851,-0.004367975746405808,-0.0037408402098250966,-0.0029663328879933927,-0.0020769230353961626,-0.0009979933960499042,0.00022361925008318212,0.0009312263188888942,0.0021617668305044043,0.004382360584017297,0.005638778941570157,0.007794043740090132,0.008625522376852
2016-06-09,-0.004870206658169299,-0.0049263720036324685,-0.004768971908282168,-0.004376534079843948,-0.0037404541960748073,-0.0029512259701396345,-0.002044859030225941,-0.0009491060719160603,0.0002837288754949703,0.000998426587465412,0.00224302895071764,0.004451702002211598,0.005730754929560992,0.007958072710473397,0.00879219276191456
2016-06-10,-0.004907423924940355,-0.004938098197346035,-0.004744942323148722,-0.004312116889485291,-0.003629488118152078,-0.00279583072483974,-0.001835549418258944,-0.0007018138068580292,0.0005599760701622286,0.0012795545414825747,0.0025321441860591868,0.004828842884654783,0.006091968542036126,0.008341152474556053,0.009196676234638932
2016-06-13,-0.004917062863741591,-0.004957781615257186,-0.004778926690287392,-0.004364628065648187,-0.0037078724786945025,-0.002911760989842199,-0.0019981557970303143,-0.0009109585404554962,0.00031079145395405776,0.0010201073482841636,0.0022677903558362394,0.004588426274947607,0.005826774635025904,0.007984302101118704,0.008868895756173572
2016-06-14,-0.004902927019811255,-0.004925865723386419,-0.004724658245949954,-0.004285355737187526,-0.0036029613783601744,-0.0027774677395290084,-0.0018325683603152658,-0.000722090313449189,0.0005129760438821907,0.0012187958648504035,0.0024543351195171125,0.004792994160946724,0.006034256513134714,0.00821064532700563,0.009083217846325368
2016-06-15,-0.004873890627830887,-0.004906867018253447,-0.004727283986158526,-0.004313603623420591,-0.003651823044087299,-0.002841921469375014,-0.0019162914458728695,-0.0008254915533158352,0.00038690485638589653,0.00108275264276316,0.00230239827341711,0.004634385965983986,0.005847327436005681,0.007996610367407545,0.008872762828380997
2016-06-16,-0.004878554628976684,-0.004884812048474742,-0.004670426979309249,-0.0042136679351757874,-0.0035039739629889296,-0.002642268583255727,-0.0016619807819570787,-0.0005183859001621094,0.0007370146196444447,0.0014419560557644942,0.0026820066327952106,0.005027779262810338,0.006300800581732201,0.008534057874354134,0.009439797541528102
2016-06-17,-0.004836339004010289,-0.0048279681838679055,-0.0046064086962628635,-0.0041466102551299296,-0.0034400171780848655,-0.0025902602691059186,-0.0016284960198937473,-0.0005046915730361543,0.0007302831978978962,0.0014213847698021924,0.0026208954403979285,0.004954624060825819,0.00619719833555575,0.008411270961641126,0.009317264245232586
2016-06-20,-0.004832152767153431,-0.004803615081345696,-0.004557702679900439,-0.004074536429473748,-0.003348096427735055,-0.0024832565092717403,-0.0015126769729326345,-0.00038522138691141024,0.0008505096215562216,0.0015457889035460997,0.002768081834400373,0.005095317733522669,0.006394835874502476,0.008643089098624218,0.009548451572607447
2016-06-21,-0.004847352062388367,-0.004798665096896888,-0.0045347085779992675,-0.004030465653928413,-0.0032811665769027737,-0.0023921696840765575,-0.001401232775143126,-0.0002573951961834034,0.0009905905878453986,0.0016914919109411184,0.0029273350003332942,0.005284043202298015,0.00657702702980612,0.008831250130723953,0.009793091976509467
2016-06-22,-0.004880259089810767,-0.004828073860990676,-0.004567264083523477,-0.004066378461716334,-0.0033200877392811526,-0.002437109731959621,-0.0014508456365126914,-0.0003070835318852975,0.000944627473429488,0.0016518782063427973,0.0028962594322736435,0.0052816816005764435,0.006564613579887069,0.008800450283027412,0.009786335224002775
2016-06-23,-0.004912734310514832,-0.004886476280330437,-0.004653397709796911,-0.0041820385185283035,-0.0034661965139269673,-0.0026121679082318624,-0.0016560930341894392,-0.0005367097263380257,0.0006952379295826302,0.0013838886011059062,0.00259384639383294,0.004976399122719832,0.006222191627547095,0.008367231401611995,0.009394922541733684
2016-06-24,-0.0049703126281739575,-0.004968784650511475,-0.004750351828607084,-0.004286616430541921,-0.003572456815892432,-0.0027152623383683763,-0.0017493095801701638,-0.0006155539257774199,0.0006306495553037939,0.0013205656224843823,0.002520971977836572,0.004896809483370818,0.006137974472554086,0.008280347174768651,0.00929207986638581
2016-06-27,-0.004990103142180835,-0.004976358005360446,-0.004750280419445109,-0.0042825241482349835,-0.003565907401093844,-0.002704052747608833,-0.0017325475362614613,-0.0005947126349093474,0.0006504268493673181,0.0013381591642608116,0.0025513527210948047,0.004948966276193247,0.006190962491847329,0.008350057285298485,0.009365907303831734
2016-06-28,-0.004954764434965369,-0.004903712966513445,-0.004638692740894149,-0.004133357417302199,-0.0033855304814881916,-0.002500220043957159,-0.0015070776331501808,-0.0003493689668041814,0.0009131975196573925,0.001607514815120225,0.0028370659001662707,0.005242691996762236,0.006505094338754636,0.008673317115557485,0.009677859849547811
2016-06-29,-0.0049307527776574,-0.004881731939414844,-0.004634875495254696,-0.004151643537413835,-0.0034360120363377974,-0.002587008144333985,-0.001633866385793067,-0.0005105369427133383,0.000729624395995331,0.0014131224211186364,0.002625293493491591,0.005015137698834933,0.006200617034342268,0.00834985252272841,0.00935669171184852
2016-06-30,-0.005006288412412688,-0.004989596987360478,-0.004773753146685807,-0.004314133649141952,-0.003620778598738097,-0.002780456280261,-0.001830722431212346,-0.0007075688456935753,0.0005345765017820217,0.0012080091988156906,0.00239973695915622,0.004761674964244761,0.005968094124878847,0.00811428041866384,0.009113457731826945
2016-07-01,-0.005000109222182623,-0.004995110531438622,-0.004786724641021716,-0.004334691495773411,-0.0036632454261234892,-0.0028605299693510327,-0.001956300515068306,-0.0008817140493516823,0.0003168552016187121,0.0009724028663425951,0.0021405736473025555,0.004503608419223071,0.005672315008175706,0.007781106840144297,0.008791117343725426
2016-07-04,-0.0050963379648204825,-0.005125822044357211,-0.004949549642888771,-0.004531563097535871,-0.0038994717196991686,-0.0031420725041659157,-0.002286589594904212,-0.0012548133232209938,-9.313957990944242e-05,0.0005324747569455915,0.0016440491411964498,0.003894013031905656,0.0050174695619155385,0.007080536662030029,0.008075141712334512
2016-07-05,-0.005212286358009301,-0.005219878248535898,-0.005004637370139991,-0.004548567498312614,-0.00388930700706578,-0.003115899643130174,-0.002244688377012688,-0.0011964968837215202,-1.7095635753006722e-05,0.0005973765039464006,0.001676148889014297,0.003941388187262121,0.005045443507828686,0.007078657401585245,0.008161495569851436
2016-07-06,-0.005222619477328274,-0.005234038569678772,-0.00504771954786074,-0.004633673973469777,-0.0040225306828028965,-0.0032985625917030612,-0.0024725759734655767,-0.0014629275112712952,-0.00031161777371483963,0.0002790480203665318,0.001303580863096589,0.003549550319622569,0.004621626149515814,0.006678240166632617,0.007693023072116994
2016-07-07,-0.005196694984397021,-0.0052031618393937286,-0.005019190872846023,-0.004612636866465763,-0.004002893410059473,-0.003275899102353216,-0.002444240118330501,-0.0014263160533920746,-0.00026989079982075884,0.0003004171313856503,0.001254518534242096,0.0034455621830612217,0.004491645211549625,0.006508569809472577,0.007473341352765913
2016-07-08,-0.005259946632208316,-0.005270883821859267,-0.005089299248397985,-0.004684463621538439,-0.00407691046874666,-0.003353822506214792,-0.0025274281219284218,-0.0015237936961355573,-0.0003930989771547283,0.00014352939762193095,0.00103168320353973,0.0030987387954799117,0.00407150180664822,0.006003756852395328,0.0070259840524554305
2016-07-11,-0.005260095262329601,-0.005256720266476338,-0.005088923133005929,-0.00471138978202954,-0.004130567786757027,-0.003426834267633087,-0.002614777451486358,-0.0016332372431419819,-0.0005355908287470584,-4.016070560557095e-05,0.0007739590059654316,0.0028007881565791314,0.0037082338645801293,0.005560244653758946,0.006518988787850438
2016-07-12,-0.005250711012197002,-0.005262843063414309,-0.005101970670838993,-0.004729912533641057,-0.004144157435246999,-0.003422937416371601,-0.002586268849976461,-0.0015820751187405801,-0.00047376635441199067,3.162874817724767e-05,0.0008691600940844076,0.003009406504265189,0.003914039372417504,0.006004318980084063,0.006920167293335125
2016-07-13,-0.005523949946423025,-0.005593038089335366,-0.0054574869357597484,-0.005092848719898241,-0.004498403841212305,-0.0037633080923224534,-0.0029164217292984985,-0.0019038622867435624,-0.000789743354352661,-0.00031676322511351557,0.00043490719579920124,0.0023870166879040103,0.0032729502529608785,0.005215678141201511,0.006146862007939574
2016-07-14,-0.005525721062125709,-0.0056257354008838615,-0.00552123793442556,-0.00518115515606096,-0.004592587742560112,-0.003852012873185928,-0.0029888983640575127,-0.0019590332424095636,-0.0008324281306957485,-0.00036784958159683255,0.00036643452855879434,0.002338712338527033,0.0032247590368125393,0.00521906412808999,0.006134412899954455
2016-07-15,-0.005616292119697378,-0.005704508929425521,-0.005600372474878527,-0.0052724916637117885,-0.004696454742976266,-0.00396192929619353,-0.0030936325674163177,-0.002051292522027112,-0.0009190463427298409,-0.0004881316784153007,0.00016524646516482113,0.0019832953601430564,0.002876169694013478,0.004745703910192341,0.005636108042377356
2016-07-18,-0.005665076698958702,-0.005744350218580579,-0.005623631186328053,-0.005278047519790983,-0.00466270478349297,-0.003862933561952604,-0.002906069336100547,-0.0017701786111858743,-0.0005606125101709901,-0.00010625529929624976,0.0006132707467398173,0.00255712079615088,0.0034719696418984945,0.005569022118763952,0.00644881199371724
2016-07-19,-0.005469219143687266,-0.005510507784938708,-0.00535042095632065,-0.004965179670812375,-0.004316045735122243,-0.0034854589859127654,-0.0024980891657281194,-0.0013351211762765052,-9.782179026516509e-05,0.0003717904565396131,0.0011380646326327566,0.003134014709827945,0.004087984793990019,0.006300242077639756,0.007151348524013015
2016-07-20,-0.005538758633067188,-0.0055469426761631715,-0.005370884592034715,-0.004982143648837903,-0.00434703047067062,-0.003537992314032088,-0.002575719315834809,-0.0014353351860340441,-0.00021815298265091959,0.00025319919033897105,0.0010311926870721277,0.003044422849299999,0.004006083723059526,0.006199537606407884,0.007067597047016945
2016-07-21,-0.005521350642458527,-0.005501729299684652,-0.005297885728265203,-0.004881672621502151,-0.00422454767702299,-0.003404029028174971,-0.002434080050877302,-0.0012881343217142592,-6.134104184544057e-05,0.00041257721999658585,0.001197852692163874,0.003225741190633251,0.00417088462174853,0.006377514392225677,0.00725502509494874
2016-07-22,-0.005471999742906637,-0.0054258363604822585,-0.005212227615278107,-0.004788912561776081,-0.004124549211725996,-0.0032942554743508852,-0.0023092621798018026,-0.0011427058533645708,0.00010446282702030444,0.0006016463882829433,0.0014570847665216226,0.003592392168106204,0.004535875693971312,0.0069009353460011205,0.007749966675558788
2016-07-25,-0.006204477216423111,-0.006175508585306801,-0.0060216858173654545,-0.005682785759017196,-0.0051083451511266835,-0.004357232648900778,-0.003444945070495591,-0.0023543157643645743,-0.0011891586258388938,-0.0007563552837796651,-3.209192056259231e-05,0.0019094250430969327,0.0027614859671270253,0.004648435099072789,0.005553556871798531
2016-07-26,-0.006240125193043815,-0.006202085137877421,-0.006044748440275804,-0.005715699436194017,-0.005187467527021341,-0.004516542016767477,-0.003709166238579415,-0.002723749073861074,-0.001649118363454568,-0.0012674035453340878,-0.0006472855574247624,0.0011209561861420176,0.001935786020782639,0.003745855769434915,0.004602701054247155
2016-07-27,-0.006329946130314207,-0.006332365694501772,-0.006194904314739572,-0.005876501601547048,-0.005348976807886638,-0.004676990014692403,-0.003863635937979166,-0.0028671134019025305,-0.0017800520849030107,-0.001385306396971006,-0.0007282186751368832,0.0010956403446287513,0.0019511297510283305,0.0039261031508562565,0.004750045084477793
2016-07-28,-0.006247730917293232,-0.0062482906427392204,-0.0061189173180108206,-0.005816362494473346,-0.0053082269732587055,-0.004653969839030424,-0.0038572785647458265,-0.002871301721802675,-0.001792468620077778,-0.0014191079698858654,-0.0008043281767416226,0.0009916301334984123,0.0018304571120745764,0.0037213776348821617,0.004580686298513718
2016-07-29,-0.006301876755875514,-0.0062901747931446645,-0.006157549669413188,-0.005856807202927977,-0.005353051408370228,-0.004715517282737829,-0.003943911884134636,-0.0029839763235224672,-0.001922642212504293,-0.0015470268712095474,-0.0009466601290820225,0.0007534134333271805,0.0015748021357069846,0.003420529801950625,0.004485704500238675
2016-08-01,-0.006295370858056886,-0.006247362901452803,-0.00610351084239235,-0.005771481317844927,-0.005287385103137131,-0.004636572494396431,-0.0038758247155694643,-0.0029048613555997184,-0.0018368637653265489,-0.0014667651801860506,-0.0007870357925524485,0.0010641823768037415,0.0018896768312525736,0.0037958020662507527,0.0046108855157113654
2016-08-02,-0.006418559873808497,-0.00640037049771564,-0.006264724460756972,-0.0059282222342705035,-0.0054389484980015956,-0.004781756328454831,-0.004012514504516467,-0.0030199825159315666,-0.0019243326994130608,-0.0015290941352202087,-0.0008042656881432546,0.0011583485740463454,0.0019403113808845645,0.0038643744150724337,0.004720502240071032
2016-08-03,-0.006552750718143048,-0.006567816733335225,-0.006482237631192705,-0.006213722252072937,-0.005761718165372035,-0.005152356085228328,-0.004425361565826352,-0.003466327406095871,-0.002394846024057423,-0.002013942272702069,-0.0013257250941939658,0.000617619265446778,0.0013026960098843118,0.0031564380381605118,0.003959858550740415
2016-08-04,-0.006547108705580467,-0.006607108953347025,-0.006523965965897868,-0.006237497507840795,-0.005771726139019122,-0.0051649565639739214,-0.004445896368096668,-0.0034868308137865275,-0.0024047780174059575,-0.002024320410812909,-0.0013343440149883102,0.0005799124933896604,0.0013009142986357021,0.003217739038632009,0.003991645002029587
2016-08-05,-0.006564157262285196,-0.0066240711836367825,-0.006536735851097094,-0.006239786258254089,-0.005760458517661796,-0.005131718073402152,-0.004382795161527223,-0.0033892878708935894,-0.0022782037234620766,-0.001898544071096358,-0.0011931314227532576,0.0007777257905603306,0.0015121591499961727,0.0034972192354174483,0.004251468812289729
2016-08-08,-0.006594835814537363,-0.006691786522874187,-0.006627748536022677,-0.006346394836939626,-0.0058738251042347416,-0.005247185120659699,-0.004496604709889639,-0.003497810108636812,-0.0023869603092129175,-0.0020025256404446364,-0.001295510956858142,0.000660845820215316,0.0013450122237276146,0.0033391379391820033,0.004090639244023899
2016-08-09,-0.006654067234072119,-0.006726726196481849,-0.006639250882451571,-0.006339112766911829,-0.005849029748836482,-0.005207113831660688,-0.004439120302328382,-0.0034220904232115535,-0.0022924507210199817,-0.001908632332644126,-0.0012169553506900636,0.0006685461712756957,0.0014399442958998032,0.0034748498562994553,0.004287992895390007
2016-08-10,-0.006464159702852837,-0.006516412961686686,-0.006397208237459295,-0.006051228687949422,-0.00550427231760302,-0.004797928414369214,-0.003962888512141871,-0.0028760989756067157,-0.0016817004159436167,-0.0012668473678829155,-0.0005130139426626249,0.0014779394896541147,0.002277479795480992,0.004441237818430363,0.0051987145471559994
2016-08-11,-0.006491423773329494,-0.006560359316585512,-0.0064692201338870155,-0.006159646362437231,-0.005658786902626082,-0.005005894995622972,-0.0042351594077699945,-0.0032177766634447166,-0.0020863067916598696,-0.0016791834583460056,-0.0009562751653756291,0.0009658849526413299,0.0017344095545927434,0.0038406596590437286,0.004571407337809276
2016-08-12,-0.006371872627139591,-0.006439497265816313,-0.006337862411508817,-0.006005152643071958,-0.005464640125278588,-0.004765255100823756,-0.003945825987094237,-0.0028820377272100878,-0.0017112689831995144,-0.0012722068483143971,-0.00048819059005857725,0.0015420680091125217,0.0023259306735825425,0.004512035003536451,0.0052463393523117996
2016-08-15,-0.006323135529583845,-0.006350734466631732,-0.006209477418202473,-0.0058318520186258415,-0.005243532983481886,-0.004498970244127809,-0.0036393050601792568,-0.002538930250672041,-0.001335369608805312,-0.0008748060085109327,-4.5599404670635775e-05,0.0020166388246383063,0.0027652120536201426,0.004956628880936,0.005731169428712668
2016-08-16,-0.00633548833927502,-0.0063961897835270575,-0.006285878319253226,-0.005933319241871403,-0.005363408114254326,-0.004636070031341967,-0.0037958285838837424,-0.0027155406598509727,-0.0015273534791286935,-0.0010568454285705571,-0.0002107910639165399,0.0018829785507821846,0.002645729542939269,0.004859205528625046,0.0055975441611813065
2016-08-17,-0.006260257040519713,-0.00631485527802806,-0.006206136678096013,-0.005857268368476454,-0.005301486947464451,-0.004591287501607371,-0.0037707986142546538,-0.002707961522771462,-0.0015352708909277828,-0.0010743536912206485,-0.00024589277204602075,0.0018470412275219481,0.0026140733523991938,0.004826181679993871,0.005553907691534968
2016-08-18,-0.006121728378203995,-0.0061936563126045955,-0.0060969336219632375,-0.005753252978611589,-0.005195173263604508,-0.0044832184374858,-0.003659079001181092,-0.002592161146366813,-0.00141235209223285,-0.0009485500383629223,-0.00010473816739462694,0.0020034485198674404,0.0027855759173764957,0.005039807403343341,0.005748544160946687
2016-08-19,-0.006077152288584139,-0.006149177773697402,-0.00603230102016139,-0.0056555412555418265,-0.0050783887519965385,-0.004360640488425244,-0.0035407122832787938,-0.002477710443333938,-0.0012988276443225647,-0.0008460374265348249,-2.3587477147978554e-05,0.0020507337333367623,0.0028128056867550147,0.0050136429471891696,0.005728651987128926
2016-08-22,-0.005997793694283567,-0.0060482901409477504,-0.005929627995234267,-0.005566200837178546,-0.005017068019971291,-0.004334000902223239,-0.003555574212504194,-0.002531463493831039,-0.0013842033474211243,-0.0009371797193993193,-0.0001575948357138182,0.001874968986324088,0.002595405603828659,0.004711138483577851,0.005462404978280761
2016-08-23,-0.006006619394546032,-0.006102784463025715,-0.006028120113644151,-0.0057039272341284425,-0.005192807504666296,-0.004551755919579281,-0.00381492969134928,-0.002825687545103826,-0.0017041414591426021,-0.0012918717250900312,-0.0005518897376460818,0.001410568999035846,0.00209051735279189,0.004109115071800964,0.004856671045921185
2016-08-24,-0.006022816614140921,-0.006106128868034086,-0.006012223489393518,-0.005666436264348301,-0.0051377595447511595,-0.0044821215622092535,-0.0037326584384958597,-0.0027303372657696066,-0.00160080060173757,-0.001202658387054225,-0.0004933052860904476,0.001446081701831455,0.0021111198194497644,0.004157694356899924,0.004892217446078936
2016-08-25,-0.006088782158957873,-0.0062535669124992605,-0.00623350220601419,-0.005941058066324311,-0.005457430965620729,-0.004847094482205353,-0.004150062929694773,-0.003207544878617034,-0.0021306424826915103,-0.001763173366198867,-0.0010937728627754366,0.0008333689765191569,0.001450228219098367,0.0034232400092987507,0.004186107894026938
2016-08-26,-0.006017813554766141,-0.006178837388885655,-0.006153266928023592,-0.005855410069733429,-0.005380052820457919,-0.004794668036858947,-0.0041321221260123345,-0.00322728844796364,-0.002179670214954286,-0.001821695393751334,-0.0011894219094147568,0.0006504672052344079,0.0012390058130022823,0.0031595092225355143,0.003928713253631999
2016-08-29,-0.006086074880246536,-0.006290442426993503,-0.006301215275115279,-0.0060266000007427,-0.005567829217431753,-0.005001304574217444,-0.004356150315471172,-0.0034677124865287712,-0.002433152746423301,-0.002071740546566193,-0.001436943253808165,0.00041759219857596074,0.0009893375980256107,0.0028771454045883214,0.003666009845406736
2016-08-30,-0.005977028581410817,-0.006172032508845162,-0.006169397024932705,-0.005852568125424672,-0.00538176667384651,-0.0047994876714528515,-0.00414682557847758,-0.003241191072181233,-0.0021533299133097276,-0.0016367658432006632,-0.0011596653435216725,0.0006404129050207299,0.0012176907475542483,0.0031463019560196903,0.003905992921143999
2016-08-31,-0.005909618505897254,-0.00603746974344624,-0.005971597336561408,-0.00559231237259198,-0.005059785270036554,-0.004416536194649827,-0.00370110167678408,-0.0027350769644341783,-0.0015976910767420028,-0.00105431880282466,-0.0005400327320155646,0.0012853549599427438,0.0019062714850542055,0.0038953612311869307,0.004698931905723327
2016-09-01,-0.005877522854130218,-0.006005414756346324,-0.00595750525301819,-0.00560324389035566,-0.005089872670183493,-0.004458080247294328,-0.00374720171480959,-0.002786411931023185,-0.0016515431688138417,-0.0010988327266625536,-0.0005739008356478579,0.0012122131722532117,0.0018444431270116751,0.003872091316109846,0.004653977945763774
2016-09-02,-0.00600241782676433,-0.0061971309184509216,-0.006216117866794994,-0.005931170684938257,-0.005479762529787579,-0.004903612198583812,-0.004243287365877995,-0.003322444561454314,-0.0022183368797251968,-0.0016538403208972241,-0.0011014217179243233,0.0006811065787719865,0.0013376484935326168,0.0033608638958473,0.004125195258206695
2016-09-05,-0.006004535308526359,-0.006173042986801049,-0.00616211509880602,-0.005842919556329452,-0.005354859875713774,-0.004740393425385365,-0.0040389855392021536,-0.0030710879729518472,-0.001918681555886795,-0.0013149642785961733,-0.0007247961362472443,0.0011062327858644275,0.0017703226824740367,0.003834923668778788,0.004594645418129398
2016-09-06,-0.00608568526806568,-0.0062501313653053146,-0.006238584848043495,-0.005915048403749484,-0.005418901371648843,-0.004785550406047259,-0.004061130693547558,-0.003073452082914593,-0.0019065114973780837,-0.001290684633284712,-0.000661882053591551,0.0011816292174133243,0.0018524576685001032,0.003956304467460196,0.004716528519175221
2016-09-07,-0.0060661484350013305,-0.006254744703277017,-0.006258765653642848,-0.005952985332910386,-0.00548004486988345,-0.004878189170650119,-0.004188274211458876,-0.0032311345370451957,-0.002086239501579908,-0.0014778460911702735,-0.0008616581481284292,0.0009494534178919547,0.0016155527471945538,0.0036612478630997044,0.004430664383526415
2016-09-08,-0.006143345481706584,-0.006341101914529869,-0.006361696433672637,-0.006081612326845198,-0.005633991732544274,-0.00505229684237463,-0.004376756308354066,-0.0034269835743002772,-0.00228548969100185,-0.0016702721338837227,-0.0010459834280605442,0.0007446358907503776,0.0014242027408119951,0.003448634578893575,0.0042211701998540775
2016-09-09,-0.0061102052562151425,-0.0063005053335692465,-0.006316227631988016,-0.006026574855822038,-0.0055720155636936036,-0.004985053326505294,-0.004303907405109906,-0.003345081089192316,-0.002193123291186713,-0.0015629138373229865,-0.0009230429743271371,0.0008899606137375483,0.0015827734042698559,0.0036625868361979644,0.004426432032071519
2016-09-12,-0.006055041413219825,-0.006241318534992429,-0.0062653342875883,-0.005995433880146814,-0.005564164705282431,-0.005001776307135075,-0.004310291848389481,-0.003371186193388669,-0.0023722332083437494,-0.001677639905580996,-0.0009579757410700775,0.0008940545107113208,0.0015619443122473985,0.0036463416069421528,0.004496827713101177
2016-09-13,-0.0059456041503579415,-0.006072681980168623,-0.006043184496803882,-0.005728623927264491,-0.005258812399449115,-0.004661887107390982,-0.003941719503402147,-0.0029765941146904216,-0.0019637469639624083,-0.001265269636283874,-0.0005477863484495371,0.0012660754375656749,0.001930294099480474,0.004003836270317167,0.004875240709028172
2016-09-14,-0.005941237964977262,-0.006036897094773449,-0.005971047693499841,-0.00561560558410113,-0.005103961918099918,-0.004466619653538956,-0.0037020336618535403,-0.0026919756578794945,-0.0016450618089283895,-0.000925587373979805,-0.00019927523817963588,0.0016421178761930175,0.0023091060258841993,0.004414332577961024,0.005284237560108751
2016-09-15,-0.005952481282563581,-0.006066746102581891,-0.006016333484162489,-0.005676461050158963,-0.0051845263200782496,-0.004571115964142162,-0.0038326746609783496,-0.002846146061300415,-0.0018188452492186465,-0.0011125408535463033,-0.0004046219511111292,0.0014080816631165186,0.002065591356839544,0.004147558076182972,0.005014194390803222
2016-09-16,-0.005950986927178295,-0.006091496068866772,-0.006080774820662356,-0.0057855389747115335,-0.005340630258338222,-0.004773589415725368,-0.004076703504580506,-0.003119882622648385,-0.002112561552942451,-0.0014241904216219005,-0.0007371074572494887,0.0010576611083353193,0.0016897232221626975,0.003691768033088206,0.004561963350326554
2016-09-19,-0.005911697466602422,-0.006010024501979261,-0.00595851775519681,-0.005625438649985146,-0.0051447734208954045,-0.004543628077786787,-0.0038098110463155054,-0.002820514655683107,-0.0017891982731672235,-0.0010857578175594478,-0.00038132074442084695,0.0014389907774754434,0.0020836133418000525,0.004131688389008499,0.005006308852934252
2016-09-20,-0.0059455381038266185,-0.006076334485404247,-0.006058640876942438,-0.005757336303743042,-0.005310624272542819,-0.004749547358282903,-0.00406156300062513,-0.003113477163660069,-0.0021123703297094946,-0.0014258023579693923,-0.0007342334359131997,0.0010554472504105401,0.0016756445323967337,0.0036848206084258745,0.004555158134583351
2016-09-21,-0.005971364206259155,-0.006118967664928075,-0.006103513511139231,-0.005798796955747966,-0.0053535578138280806,-0.004811180717169858,-0.00414846075487445,-0.003226454330057942,-0.002239277711101591,-0.0015593075424204818,-0.0008760895877193589,0.0008957038473617344,0.001527317532590266,0.0035266505828603664,0.004403209194767475
2016-09-22,-0.005942444456904776,-0.00607640212874094,-0.006043089957613005,-0.005717188582127645,-0.0052493465619660624,-0.004698228948291058,-0.004037473415907761,-0.003127030619523843,-0.00214628183197428,-0.0014594543283353778,-0.0007409052446872942,0.00107857220887479,0.001701614419663247,0.003767015860029315,0.004632207793337942
2016-09-23,-0.005911118021143537,-0.006013695458702328,-0.005952497609898596,-0.005671186002191365,-0.005214893946766287,-0.004661967832987544,-0.003990529610228015,-0.0030926142769555098,-0.0021768317908435588,-0.0014555490659031113,-0.0007177148370490842,0.0010943751025830853,0.00221551901705725,0.003790549636682755,0.004584341151150053
2016-09-26,-0.005956383011420218,-0.00610257187159853,-0.006080621773535626,-0.005771527009183581,-0.0053191128277817945,-0.004779899230358216,-0.004133226747678363,-0.003238208650470134,-0.0022768091300565813,-0.0016001287928063953,-0.0008712550413777411,0.0009621870928548863,0.0015907680434555074,0.003662876831788741,0.00453303884453612
2016-09-27,-0.006000673203266393,-0.006136000798264207,-0.006095333193117289,-0.005762942080292364,-0.005285063230382435,-0.004724570539785228,-0.004057771546481567,-0.0031494334970865114,-0.0021819938419788245,-0.001499973952684641,-0.0007504350225696593,0.0011144372849789645,0.0017587037685585123,0.0038971356508203437,0.004748660330000671
2016-09-28,-0.006007632380506814,-0.006141014809396955,-0.006107593907592676,-0.0057848185110262644,-0.005304812284868653,-0.004738680475300973,-0.004073220807062513,-0.003178017746236686,-0.002225487330980367,-0.0015499751919833898,-0.0008163050436882668,0.0009713121809134513,0.0016089295860857835,0.0036409069070723276,0.004548937601123133
2016-09-29,-0.005992138601371215,-0.00610244472550894,-0.006048192910827626,-0.0056997362835783634,-0.005196677100349094,-0.004605001461818018,-0.003908410441745727,-0.002977329217194339,-0.0019918879790262424,-0.001290617886374647,-0.0005272791453364936,0.0012811556474931548,0.0019298004147142581,0.003982556768634336,0.004864682211912776
2016-09-30,-0.006014712550241309,-0.006105849233888784,-0.006046265522642231,-0.005684853904335951,-0.005201663669698534,-0.004583517639937489,-0.003864745962792044,-0.0029135038082734543,-0.0019150076814828919,-0.00120598684273383,-0.0004065528835375947,0.001487977281549972,0.002130438009233024,0.004268003083119757,0.005191726909321686
2016-10-03,-0.006067533365477269,-0.006137901492844129,-0.006036419269285169,-0.005638344252325847,-0.005117149242942848,-0.004461805377275995,-0.003697687073673603,-0.0027026934553661544,-0.0016727184255917336,-0.0009358654988815292,-8.45750361617505e-05,0.0018659275567631918,0.0025490734232803906,0.004790547226639442,0.005708905807878229
2016-10-04,-0.006169116090035973,-0.006239672733592171,-0.006151405782427924,-0.005765701949623865,-0.005253755024883957,-0.004592400490411332,-0.003823442717180866,-0.0028391932007541657,-0.0018239709064283912,-0.0010975653554706677,-0.0002478420075146909,0.0016894167600700948,0.0023536526734444867,0.004589858550882287,0.005536850864264386
2016-10-05,-0.0063651332896106725,-0.006498623907111394,-0.006471570424925805,-0.006135322615994533,-0.005662067811618112,-0.005026487404029093,-0.004281544313313418,-0.0033190815864728444,-0.0023242556290922877,-0.0016150750312970063,-0.000808559469661514,0.001130354195118451,0.0017031424206427701,0.00387206731464517,0.0048076661162034405
2016-10-06,-0.006428202320778996,-0.006531307745191146,-0.006503980070544874,-0.0061854035081646145,-0.005731156228376631,-0.00511438844675136,-0.004386970192380074,-0.003437152717948083,-0.002458896298874801,-0.0017748210666537307,-0.0010293595822591707,0.0007939523142592756,0.001438533565136181,0.0034837634693029615,0.0044528124009796674
2016-10-07,-0.00623279987649782,-0.006293509299877607,-0.006212118584282892,-0.005839020901812564,-0.005337488525410344,-0.0046864493742127915,-0.003929013264544927,-0.0029490357925791347,-0.0019404848468118172,-0.0012233266746923407,-0.0003998451758231418,0.0015379972692007254,0.0021556534867492477,0.004372858109784647,0.005240648189242807
2016-10-10,-0.006141704938281702,-0.006148442397397494,-0.00599510159116432,-0.005543385039912785,-0.004957135243786306,-0.00421882882178088,-0.0033710471807019003,-0.002298796742835023,-0.0012121914948146635,-0.00041972600203801666,0.0005119045775961722,0.0025133218484567313,0.0031904996027573764,0.005545255613194297,0.0065537473369768695
2016-10-11,-0.006174408473230488,-0.006148319826250515,-0.005958678097577737,-0.005464311341996933,-0.004848922862125714,-0.004085845633356221,-0.003215529347922605,-0.0021141688466710796,-0.0010096287420766075,-0.00022766787394105508,0.0006441301899850145,0.0025480429987684967,0.0032694016337876915,0.005553503579152991,0.006591538716396795
2016-10-12,-0.0061200044192042495,-0.006065285658226936,-0.005879011358935093,-0.005394243648481314,-0.0047917366443560976,-0.0040332302230986555,-0.003163340372213792,-0.0020612354054837206,-0.0009555681821405882,-0.00017790559910548255,0.0006908751454969662,0.0026268245493275355,0.0033045880202909753,0.005618793933978823,0.00663801360638547
2016-10-13,-0.0062904199674999875,-0.006256094844202176,-0.006086430787964666,-0.0056018024770766615,-0.00498685954762355,-0.00421010077680109,-0.0033237134105740056,-0.002210361785272911,-0.0011004366376547296,-0.00031571080801649174,0.0005790057244936742,0.0024903678951370004,0.0032223135470875928,0.005582533260351837,0.006591506618238489
2016-10-14,-0.0063085477994450105,-0.006259797962037145,-0.006075858488770334,-0.0055725716579768944,-0.00494562086202961,-0.004160618685630978,-0.0032646458089297652,-0.0021390598913368004,-0.001006911018592938,-0.00019573295234703888,0.0007430460173708221,0.002684614766624478,0.0034513474574132843,0.005937265189334891,0.00696609182293521
2016-10-17,-0.006394953284519121,-0.006362510934763685,-0.006209831263164855,-0.005757101820201827,-0.0051709056296158455,-0.0044228509865528315,-0.0035587822892587185,-0.0024598689277923746,-0.0013502680206251328,-0.000553081178982018,0.00037748572689925145,0.002303058395955877,0.0031201121487032294,0.005639524580150917,0.006648123718087265
2016-10-18,-0.006375064366130118,-0.0063234794373905456,-0.006152625237790711,-0.005681695543090374,-0.005074104430227641,-0.004306976935476864,-0.0034277726284147295,-0.0023164886467887617,-0.001197788786484884,-0.00038993929860741284,0.0005486656160923083,0.002462669226721082,0.003269866238153311,0.00577647596129421,0.006807057681814918
2016-10-19,-0.006438813917141827,-0.006400999345154529,-0.006245407836895601,-0.005785051837084314,-0.005183616805807969,-0.004435139609243194,-0.0035931206988045927,-0.0025408069247278573,-0.0014761947804303528,-0.000714193930758612,0.00014081984288096872,0.002018662593292011,0.002715242435034281,0.00503191258129353,0.006072431530061177
2016-10-20,-0.006390441994710885,-0.00633168810609333,-0.006153545513834666,-0.005671410397287447,-0.0050523872560546,-0.004276122764455821,-0.0034019228191524515,-0.002320723472574338,-0.0012420867870297772,-0.0004796508308184253,0.00037253684671668453,0.0022511454868887723,0.002949028873730327,0.005277207191353514,0.006340035850655157
2016-10-21,-0.006458032998501035,-0.006492881739900452,-0.006414511345805403,-0.006039095375835249,-0.005529610186414383,-0.004866593814872,-0.004102314594432261,-0.003118142494251366,-0.002117507755776539,-0.0014114299546066059,-0.0006120759493457448,0.001172736086804977,0.0019165123558746184,0.004152020386245392,0.005183917314043812
2016-10-24,-0.006441427682858998,-0.006478040280533196,-0.006395686374438024,-0.006010435932077108,-0.0054855332674185135,-0.004806078871506289,-0.0040220537206017044,-0.0030168682813138045,-0.0020004157173228996,-0.0012890440952518126,-0.0005030759584672269,0.0012560609972134575,0.0020114180241198975,0.004218438222568017,0.005244977038500192
2016-10-25,-0.006516336237080872,-0.006588368183100885,-0.0065447343766944395,-0.006196590574771182,-0.005709731988615351,-0.005067546118720178,-0.004321098344752497,-0.0033475573966222478,-0.0023503417581753156,-0.0016457640038577508,-0.0008478298888709418,0.0009152158684104904,0.0016647982286470196,0.0038762051632916174,0.004898062915573714
2016-10-26,-0.006726208359743947,-0.006822563563552738,-0.0068084516770691335,-0.006478177059746204,-0.005997613321343512,-0.005351485153114323,-0.004601396092717193,-0.003624506948111254,-0.0026227303617682965,-0.001916024140562284,-0.001106410138901106,0.0007054173495471957,0.0014528505502004918,0.003662452718928458,0.004698582161276294
2016-10-27,-0.006710338325221182,-0.006819041987621186,-0.006817909651956863,-0.006501742124598055,-0.0060406043663667605,-0.005416074682649169,-0.00468983234911967,-0.003734032134596761,-0.002745330559272044,-0.002048792868991962,-0.0012626879054734156,0.0005294251344554856,0.001259522906742781,0.0034491825899269643,0.004462617590560041
2016-10-28,-0.006658846405578578,-0.006734618106978165,-0.006693818456465783,-0.006325384358833896,-0.00580544729901155,-0.005138408234282505,-0.004378168671692029,-0.0034079418730948263,-0.0024175086847759092,-0.0017261106407271247,-0.0009417478348126477,0.0008970197287272965,0.0015876766145327664,0.003806617496032582,0.004845847419695655
2016-10-31,-0.00665182024603261,-0.006708061866224445,-0.0066430763059858915,-0.006257776237348092,-0.00573665669535319,-0.0050723113597575115,-0.004322068421499455,-0.0033547729399181977,-0.002361705784008606,-0.0016697245026400815,-0.0008912867019646519,0.0009813055987913048,0.0016293003419400195,0.00387123071856515,0.004931372928241
2016-11-01,-0.0066313789911925415,-0.006681070254911092,-0.0066051341119405796,-0.006201172727854491,-0.005657262687415069,-0.004961847230229007,-0.00417731054901744,-0.0031756801583029816,-0.0021604100126547602,-0.00146022015865923,-0.0006741458521522215,0.001143217032677677,0.0019104474963004003,0.0042049769491033714,0.005237152477615848
2016-11-02,-0.006673865593290869,-0.006722854687497087,-0.006644284893536333,-0.006230750380997515,-0.005669224307513287,-0.0049541036266683835,-0.004145784425763562,-0.0031153811498595358,-0.0020794669216391737,-0.0013698710802581223,-0.0005672833535559755,0.0012843318563213444,0.0020609735907874877,0.004439737569464019,0.005479835699348068
2016-11-03,-0.006593426828340268,-0.006559247267570495,-0.006387661826573515,-0.005880527604096035,-0.005242209985728064,-0.004464960684731944,-0.0036017033127439782,-0.0025180502117959284,-0.0014411042445280034,-0.0007089568308726499,0.00011812212654800492,0.0020848611687391727,0.002800065264759018,0.005302768863425341,0.006363471956158945
2016-11-04,-0.006524491460466444,-0.006494069434515253,-0.006320456072024142,-0.005800485007325168,-0.005151311020167515,-0.004369044560516882,-0.0035104409086823664,-0.0024358074483984272,-0.00135787193343869,-0.0006191235434566982,0.00022829663631450224,0.0021352362809746663,0.002939079917476832,0.0055523196548465485,0.006613048752380552
2016-11-07,-0.006548942586363796,-0.006496619998788785,-0.006289562892484677,-0.005728608415419615,-0.005045344288400707,-0.004236702499904087,-0.003352367980638203,-0.0022488477369669176,-0.0011522981628596539,-0.0004070724907355413,0.00044511789352508625,0.0023901520734248127,0.0032016892030152055,0.005833457692798651,0.006925932008932138
2016-11-08,-0.006514495661259714,-0.006420768191690346,-0.006094454876387183,-0.005576258791668427,-0.0048538636078452255,-0.0040017129904512585,-0.003065779211000436,-0.0019131368601553469,-0.0007787456247613339,-8.191078346857964e-06,0.000870232885537641,0.0028091099631702356,0.0036551030896573495,0.006353186682263835,0.007437133112318147
2016-11-09,-0.006573267092128031,-0.0064720296722150655,-0.006140351397254894,-0.005612442265955022,-0.004894167799236918,-0.004064797239317441,-0.003161503998587551,-0.0020443958229690636,-0.0009299829226466807,-0.00018045655714501828,0.0006741439238465505,0.00261497102376054,0.0034130289098776587,0.0060576205519278555,0.007131848568976373
2016-11-10,-0.006528399172911759,-0.006376831712022104,-0.006001051284667888,-0.005440333387093265,-0.004697096722075008,-0.003842571842155414,-0.002910840866308698,-0.001762023696638907,-0.0006308270079937189,0.00012809119948030417,0.0009870245840190458,0.0029471110063308097,0.003753778089296,0.0063610963761843685,0.007486217052631638
2016-11-11,-0.006518315875657897,-0.006411427035699803,-0.006084240169407874,-0.005588798984547081,-0.004878499613664931,-0.004066305322210414,-0.003171284997549484,-0.002052898121873653,-0.00094242728305533,-0.00019009928950006492,0.0006619104178130016,0.0025727732707604006,0.0033476176526298328,0.005826645210325555,0.0069155705192542275
2016-11-14,-0.006541384490477165,-0.006397741640298514,-0.006042063065298696,-0.005520566719091184,-0.004782464836102225,-0.003932367147578667,-0.0029954999978780788,-0.0018395686997657035,-0.0007048554274137218,7.215289995750779e-05,0.0009823264667729956,0.0030315227954353235,0.0037712353309121618,0.006268230508813231,0.007392439676695017
2016-11-15,-0.006525605302541008,-0.006413867905925531,-0.006090174274743614,-0.0055922619329149634,-0.004858115272506852,-0.004001108756524174,-0.003049205324422259,-0.001881525611921122,-0.0007275718575979521,7.373390363482824e-05,0.00104171455250068,0.0031140344250574384,0.003836036891193902,0.006320981680952839,0.007436564722069055
2016-11-16,-0.006638780176468079,-0.0065308072426224365,-0.006208942904188579,-0.005713309299500111,-0.00498676979269648,-0.004137935392532332,-0.0031949312004138177,-0.0020341157363996634,-0.0008951995855258652,-0.00011547821445433085,0.0008088728503530835,0.002828413389927559,0.003581726410111519,0.00601495036253709,0.007182340080983263
2016-11-17,-0.006659927662051211,-0.006531921087540694,-0.006204218117944948,-0.005712971728889642,-0.004997949023699391,-0.004162727837573994,-0.003231117044400931,-0.002082846726049975,-0.0009539872818397049,-0.00017854175750978726,0.0007420235988487948,0.0027236851288172837,0.0034686664306819697,0.005876415792702665,0.007014981402515767
2016-11-18,-0.006643370340131001,-0.00651776908426894,-0.00619310318262579,-0.005706839736530104,-0.005010820379206587,-0.004211633109208116,-0.0033330555121803716,-0.002228888926533624,-0.0011333883563331396,-0.0003889781463991095,0.0004723544655519253,0.0026004684065170894,0.003063548929172595,0.005371497162916892,0.006470796988901725
2016-11-21,-0.0065910284559774525,-0.006474884394802973,-0.006151566967800276,-0.005665734486220484,-0.0049867435624967515,-0.004215215865012528,-0.0033630645807701054,-0.0022950095101294263,-0.0012189396851257867,-0.0004510013221973269,0.0005277598337240256,0.0024108485054103786,0.00313221598633522,0.00538576217302987,0.006534743968386218
2016-11-22,-0.006557460836237688,-0.006421672061108379,-0.006084462339605683,-0.0055865120062171016,-0.004887773579305801,-0.004093971958541596,-0.00322195630465953,-0.0021471572718893806,-0.0010640754963493833,-0.00026395133196802567,0.0007970440136042396,0.002736431199705313,0.0034729236878354307,0.005854401987177107,0.006944570009111756
2016-11-23,-0.006553170098158439,-0.00641451135019517,-0.006072534116108541,-0.005567157191090971,-0.0048656974059862294,-0.004081243973515108,-0.003225894170798858,-0.002158352313289783,-0.001068374454999397,-0.0002648406274758935,0.0007818081694897889,0.0026684272835290346,0.0034032002453146365,0.005699967121693875,0.006829140078164689
2016-11-24,-0.006495311354441482,-0.006264019556922643,-0.0058275618658147985,-0.005227811002157005,-0.004445376012282673,-0.0035967522284865087,-0.0026866135278165496,-0.0015687650835726629,-0.00043047248827878627,0.0004028041160527553,0.001465924974387648,0.003456720113897363,0.004117710149877415,0.006488257697225041,0.007649526087796368
2016-11-25,-0.006407699468553281,-0.006082550888662097,-0.005559971329454926,-0.004879537793174174,-0.004019978737005828,-0.0030867777237664163,-0.0020835778344093095,-0.000875136586075947,0.00032829842528679556,0.0012089772744240436,0.0023288416753125775,0.004334242328919217,0.0050443321258823075,0.007537556044733518,0.008705954783094851
2016-11-28,-0.006403438415543451,-0.006062243191685094,-0.005524919387377712,-0.004837967557367433,-0.003989119583449618,-0.003083072844489393,-0.0021078201958566133,-0.0009184271825664812,0.00026978603997774566,0.0011292898686395322,0.00219549210924212,0.004077737495806224,0.0048425270609157075,0.007256017809576244,0.008428532761213041
2016-11-29,-0.00643285777544636,-0.006094569639421466,-0.00556140414645584,-0.00487644473436534,-0.004026217499589424,-0.0031206002751130494,-0.0021519204645919056,-0.0009706123565048823,0.00021139260127065487,0.0010687280227023026,0.002110346056683488,0.003909497160991223,0.004704304270385795,0.007117459104878716,0.008261908694758848
2016-11-30,-0.006436252668820667,-0.0060561642843879986,-0.00549072575510476,-0.0047872002011576705,-0.00392070635318427,-0.0029881857209492,-0.001984517982672086,-0.0007787786559038427,0.0004157665971719272,0.0012935905467287123,0.002361032879955718,0.004253856545817487,0.004870000276138107,0.007275996491985477,0.008450852581229925
2016-12-01,-0.00653941993455648,-0.006225931550508909,-0.005725023474901281,-0.005080772536401474,-0.004262755911232879,-0.003374948104823645,-0.0024121371714045927,-0.0012395767456526196,-6.8945233513563e-05,0.000789766000789672,0.0018486264355855454,0.003618426871021288,0.00437472086328819,0.0067415606973876534,0.007872754213613047
2016-12-02,-0.006519333429425721,-0.006170949083688266,-0.0056236119169405475,-0.004934041363169402,-0.004074432112641719,-0.003139178167439948,-0.0021239251460268773,-0.000893131288679854,0.00031414336642343057,0.0011907711820309983,0.0022541109879524596,0.004017986500238328,0.004782617545380023,0.007117334094214984,0.008250241900400468
2016-12-05,-0.0066118285445985045,-0.006271160132940434,-0.005748804700990267,-0.005089943462737049,-0.004262755915547771,-0.0033540876989412915,-0.002360827933670277,-0.0011450503733698787,5.0996018742196655e-05,0.0009189016225831958,0.0019593854563114306,0.003658308354688674,0.0043930552228205084,0.006665962736551562,0.007777199674019582
2016-12-06,-0.0066081831807477944,-0.006248224038039025,-0.00570842562980578,-0.005032185605502246,-0.004189528150011978,-0.003262175626398509,-0.002252213094068883,-0.001019768034517779,0.00018414247538912584,0.0010534154788781939,0.002081596188348729,0.0038114574279049383,0.004524264409156198,0.006776438949749498,0.00794217153237832
2016-12-07,-0.006624777934596931,-0.0062044793025133015,-0.005613595835127083,-0.00489499358341656,-0.004012298735385068,-0.0030423205984117002,-0.0019902698974062914,-0.0007207007951607696,0.0005147943927267402,0.001415496383400289,0.0024881152072940803,0.004185474181943589,0.00496925810089719,0.007257117488252664,0.008430402006300968
2016-12-08,-0.0067591738025609815,-0.006361439916745912,-0.0057861153501156445,-0.005071613291146883,-0.00417584505626663,-0.0031840393408646256,-0.0021052482954753587,-0.0008126382798122788,0.00042952957127411146,0.001322181597544944,0.0024082961454635573,0.004144134079728439,0.004948364142041823,0.00719734322123936,0.008294667803123063
2016-12-09,-0.006644448338323375,-0.0061002234981907275,-0.005366720276309052,-0.004512783162212101,-0.0034945393346768375,-0.002385942316153609,-0.0011958133201799138,0.00018212243015006948,0.0014791086712956673,0.002418964667051263,0.003596159072438162,0.005535496269954484,0.0061885213539338325,0.008536417469482256,0.009677138715137227
2016-12-12,-0.0066213849130120255,-0.006016277149414919,-0.005238470610400136,-0.004335978815773766,-0.003278412514077109,-0.002134437138535754,-0.000926211672082258,0.00045447770110999076,0.0017409633082285999,0.0026658220044080403,0.0038403000739564395,0.005681978531579283,0.006380036826169885,0.008706219346644013,0.009862077407935566
2016-12-13,-0.006704338181923563,-0.006037300086598544,-0.0051937745399631,-0.0042262525436358,-0.0030973049936866524,-0.0018808872386784578,-0.0006122830303010205,0.0007883342464758906,0.0020807571981671462,0.0030181950151694356,0.004222891882495051,0.006110313063606681,0.0067678369246673255,0.009128892392461256,0.010321429771345177
2016-12-14,-0.006845629153073191,-0.0061720479107406825,-0.005340921689879607,-0.0043980480849362905,-0.0033049496162361027,-0.0021257659614663375,-0.0008962575036039517,0.00046454454067593014,0.0017225520363285964,0.0026394412547375893,0.003808863681457566,0.005698364532089773,0.006262096715043163,0.008469998363957709,0.009622151034596307
2016-12-15,-0.006912357776731289,-0.00621847270644797,-0.005354661870619977,-0.004361402755830993,-0.003202337550001431,-0.0019811896017512542,-0.0007498094735038114,0.0005646630575271963,0.0017878816014573356,0.0027136913773110755,0.00392431116984508,0.005805899595010102,0.00634651710173231,0.008552871448803123,0.009691834373276639
2016-12-16,-0.006954719393807837,-0.006314136088733071,-0.005482163541435838,-0.0045146513384027925,-0.0033938304397581045,-0.0022246475998140298,-0.0010356833938869234,0.000265275295020197,0.0015042765542019984,0.002454374670314242,0.0036990478705848082,0.0055306664596055126,0.006091178911003856,0.008306145426626383,0.009431236701014475
2016-12-19,-0.007262876462956493,-0.0065668616397995955,-0.005683553559761464,-0.004664337332271267,-0.0035051264494510626,-0.002307131291209876,-0.0010969640349068124,0.00023565371555945387,0.0015051234390373873,0.002470811286291549,0.00372844512559109,0.005426296962853121,0.006145167523846204,0.008338251000675808,0.009395791021302833
2016-12-20,-0.007354384863865361,-0.006690978054907833,-0.005816460708852264,-0.004787724142383179,-0.003600952909021297,-0.0023717483848699774,-0.0011379037692189977,0.00019933556610270397,0.00147068604093009,0.002451049377313843,0.003731274455457566,0.00546487973749368,0.00613568978516216,0.008290771744588338,0.009421173151818084
2016-12-21,-0.007718503684118774,-0.007125786634026191,-0.006276208386472821,-0.0052551297769945745,-0.00406542395796737,-0.002835898388997043,-0.0015898174488337604,-0.00022989864979388257,0.0010717163674187887,0.0020812334844581186,0.003436456142846543,0.0053135192635850766,0.005881319919937302,0.008046159750401002,0.009122934991659809
2016-12-22,-0.007545484456465271,-0.006881075988655257,-0.005987756952415486,-0.004930559330819715,-0.003706755191040753,-0.002443346144743676,-0.001172486344021576,0.0002092095220992684,0.0015267829852612126,0.0025397679992306124,0.003870662727553198,0.005610043160666162,0.006315981730701725,0.008442776541309666,0.009536040248450717
2016-12-23,-0.0077540865211311195,-0.007146873478647543,-0.006302882533061962,-0.005277911329388768,-0.004039723350940234,-0.0027343835364470577,-0.0014036794079415888,2.9781653921343562e-05,0.0013841523178829114,0.0024454053391884016,0.003860410954019733,0.005697630649367322,0.006320715528110423,0.00846263257363807,0.009660390281093745
2016-12-27,-0.007852614865624894,-0.007259862382685551,-0.006411048512216886,-0.0053777274599030814,-0.004141072708462179,-0.002850022714754634,-0.0015466149336509233,-0.00012818906062569068,0.0012205283929957544,0.0022695206696464443,0.003681902816694771,0.0055261975159442344,0.006247479028619173,0.008412296107851464,0.009521025313875059
2016-12-28,-0.007933173874151486,-0.007399711390609259,-0.006605233365742297,-0.005625257538902473,-0.004430518375524266,-0.003180447895414353,-0.001916519732351961,-0.000539323906954287,0.0007860319975245648,0.001827764878194353,0.0032267257948775294,0.0050867065370464445,0.005721059651811744,0.007824381733581715,0.008936093539471425
2016-12-29,-0.007871642518088948,-0.007287856132560737,-0.006468960330887966,-0.005465514068759264,-0.004222809848451811,-0.0029028347176076872,-0.001580585428394828,-0.00017427290293984315,0.001169511878477913,0.0022518917873937555,0.0036834182132636324,0.005469812393567309,0.006179416369863791,0.00832037884201138,0.009440156720509827
2016-12-30,-0.007847724876544665,-0.007237112026507398,-0.00639323000584475,-0.005349950068374162,-0.004049845026460319,-0.002667605855317287,-0.0012911904881722153,0.0001585359171907053,0.0015386106536712616,0.0026460999295525338,0.00413075898008115,0.005921829439861715,0.006665521487599985,0.008909467230569661,0.009995657013996464
2017-01-02,-0.00787356433340557,-0.007264013711095282,-0.0063582345087727305,-0.005221779921563448,-0.003820024379795498,-0.002344782130541906,-0.0008673717919903432,0.0006770844050761738,0.0021299193503901037,0.0032543334758670605,0.004708269596485922,0.0064244296856528745,0.007325981785299142,0.009617283488777387,0.010712329312034766
2017-01-03,-0.007585491592245235,-0.007061200871652525,-0.00624438641403809,-0.005199307651241323,-0.003885685187123168,-0.0025106894675273168,-0.0011473993652295423,0.00028141652200819507,0.0016479424679670684,0.0027263187607569485,0.004157549083939614,0.005850262379123995,0.006754686637572385,0.008967515801420918,0.01007979625722107
2017-01-04,-0.007298437133249562,-0.0067624144952259215,-0.005937143504478508,-0.004873292047473962,-0.0035185092149958115,-0.0021017782760567563,-0.0007203987087687932,0.0007109873119509315,0.0020879413477634936,0.003169096389850462,0.004578907015763673,0.006245204283051595,0.007173327491517446,0.009420517188648883,0.010503107994934062
2017-01-05,-0.007312353089020949,-0.006726282872604931,-0.005832790440757152,-0.00469543895333004,-0.003290273014208396,-0.0018363675279667823,-0.0004290342305094568,0.0010192812331252673,0.0024126621419147307,0.0035083903393417393,0.0049412273824049995,0.006649826740992636,0.007518122947842041,0.009735576509328377,0.010845835137105771
2017-01-06,-0.006998633710691942,-0.006506458113847412,-0.005730789942296708,-0.004702893872660792,-0.0033678121919493843,-0.0019372091637320362,-0.0005321027015337297,0.0008938681247250286,0.0022545498353707936,0.0033390786906977213,0.004794326093196658,0.006539821471897227,0.007375645307984304,0.009574643910728138,0.010686934170831835
2017-01-09,-0.007297729410962668,-0.006942539929284623,-0.006187798752450078,-0.005122001043902999,-0.0036774396213780838,-0.0021095205171274478,-0.000534728414305363,0.0010857489366188863,0.0026122042805064275,0.0038090673524116625,0.005415068033258083,0.007352569426535017,0.008270564227481153,0.010805156700082408,0.011935930804484579
2017-01-10,-0.007317052388397137,-0.007083945634988487,-0.006407287586457386,-0.005395206503218801,-0.003976616465935264,-0.00240760816320883,-0.0008300630617481904,0.0007701897501906136,0.0022861222009157517,0.0035024763154298776,0.005180726029796374,0.0072088993606057635,0.008208399295945029,0.010959531851315056,0.012098972284385412
2017-01-11,-0.0072618192838172285,-0.00697541871599877,-0.006230161549962856,-0.005146193275076549,-0.0036584363362625037,-0.0020332234594422818,-0.00039839626755501306,0.001251679271194207,0.002806556766855358,0.004063006344785567,0.005814842169665158,0.007972928094931258,0.008897243113982805,0.011783397111578506,0.012934596757473582
2017-01-12,-0.007316677578337726,-0.00699842874579545,-0.006293782948100563,-0.0052732259053740235,-0.0038716539250911552,-0.002326939523478683,-0.0007431803261272325,0.0008849469447989104,0.0024322966005513686,0.0036511015299384966,0.005342785874938382,0.007337638124101658,0.008347994607597558,0.011097079673033795,0.012242582076916055
2017-01-13,-0.0074924172618692705,-0.007193229061849494,-0.00650597642501655,-0.005506475807598689,-0.004151649110840633,-0.002672487921357575,-0.001165140544475911,0.00040554409009842474,0.0019151749327654156,0.0031153844804514444,0.004789028281973454,0.006695554306875211,0.0076787777208011405,0.010289870387057108,0.01144515723492542
2017-01-16,-0.007759109398871143,-0.00732621412933241,-0.006494137009894759,-0.005356493767745224,-0.0038638821649461716,-0.002237578326597039,-0.0006088488179213854,0.0010116804972370816,0.00251903796116011,0.0037304896516913892,0.005404818326687687,0.007311484873380118,0.008316344028260519,0.010872230905590023,0.012065701132532185
2017-01-17,-0.007832752664923557,-0.007413241591851821,-0.00661962754528394,-0.005529670162120545,-0.004095973495480434,-0.002533290759468529,-0.0009479677043008817,0.0006591867807206668,0.002169817659904227,0.003356237763842284,0.004956168892083815,0.006789786919288941,0.007724564752450921,0.010211947561854302,0.011358450228304019
2017-01-18,-0.007960586462409693,-0.007615433431165015,-0.006908533281995106,-0.005890857707488939,-0.00449154803000412,-0.00294875710296838,-0.0014040213482440455,0.00012316836212200713,0.0015587246011602542,0.0027030143600051846,0.0042560004695699535,0.006035429004483519,0.0069327035126263955,0.00930421994197278,0.010481181106193284
2017-01-19,-0.00792793841652425,-0.007501543786754904,-0.006768188267420487,-0.005747181968228697,-0.004365235182180176,-0.0028452749059539877,-0.001315997587018565,0.0002037600816332751,0.0016336293946937583,0.0027791759895007765,0.004344548827810381,0.006097740736156415,0.006989067623033004,0.009360404106366162,0.010532855778294515
2017-01-20,-0.007945089503067512,-0.007552082124131598,-0.006853912399735774,-0.005867483166698872,-0.004510669256369365,-0.0030104992398519406,-0.0014981060530207722,-1.9654534646240107e-06,0.0013874575602685127,0.0024957832136359805,0.004036835248309347,0.005765972402747224,0.006667450224641422,0.008942562707532277,0.010125399833886167
2017-01-23,-0.00790207011102646,-0.007449315047938491,-0.00670330834858378,-0.005689452510730014,-0.004316646591850765,-0.0028063899310980106,-0.0012848288435528868,0.00020975919116996642,0.001590735594252753,0.0026860693385230097,0.004203558718942738,0.006040573324511885,0.006794432063949977,0.009124481046109566,0.01033810429111929
2017-01-24,-0.007946191455870865,-0.007548168786446135,-0.006831559543153983,-0.005824711222363749,-0.004452337857617741,-0.00295348440690531,-0.0014519683404402679,2.4071940192488737e-05,0.001402359492566577,0.0024985296385739647,0.003999010471730773,0.005764127592183001,0.006535224012688879,0.008785037310458993,0.009989916246001818
2017-01-25,-0.008229121186814176,-0.007857698268767034,-0.007205040755312412,-0.0062633611023493255,-0.004934790905311869,-0.003450190033974233,-0.0019392690979417977,-0.0004354218236706559,0.0009605339043575569,0.002068036225367295,0.0035913049060390828,0.005304612547546258,0.006169489217361168,0.00844481870741954,0.00960692237288278
2017-01-26,-0.008172496254548033,-0.007774263608268134,-0.007107761732588037,-0.006161865567606037,-0.004841709368588591,-0.0033684097557508496,-0.0018826740757715156,-0.00040558502618189744,0.0009855145778978973,0.002102520548201817,0.0036408226242360324,0.005360261491512891,0.006231799360643819,0.008524569533632986,0.009780306342088733
2017-01-27,-0.007951890783862945,-0.007613966716425132,-0.0070055550988760585,-0.0061106209293823295,-0.004848007107744124,-0.003440085755419174,-0.0020216410586108968,-0.0005982888655553114,0.0007540304779972408,0.0018522498781567288,0.0033521264149688665,0.004960977634529547,0.005852980846203164,0.008119239624877246,0.009349465695214068
2017-01-30,-0.007731580806959868,-0.0074979059428787855,-0.006922496310969874,-0.006026486026642463,-0.004738831440754579,-0.003318909011851584,-0.001886489904446093,-0.00042626381851946794,0.0009677006553380095,0.002091796527790464,0.0036353999520845164,0.005377985514824836,0.0062766154492889,0.00861882763054783,0.009913012014427128
2017-01-31,-0.007636806699067732,-0.007478637614670683,-0.006969703743891709,-0.006119750523565911,-0.004839498419885214,-0.0034264124551866876,-0.0019818201541523875,-0.000498198315536282,0.0009264003840847061,0.002063085701378495,0.0036255548529287294,0.005425559526646258,0.0063731096472887,0.008794488434055251,0.01007266387588346
2017-02-01,-0.007718848561016726,-0.007445090902616606,-0.006809909346409191,-0.005783026318607515,-0.00443529616529655,-0.0028893963891019436,-0.001316718526625931,0.00025894114535255367,0.0017203859623685796,0.0028633373705840926,0.004415280107567465,0.006189819346208268,0.008370176537099601,0.00967386279582287,0.011032806663635488
2017-02-02,-0.007633135474847037,-0.007435613607786721,-0.00682422275633424,-0.0058041412795353554,-0.004445307846439937,-0.002881570901987302,-0.00128917889474864,0.0003070641410462854,0.0017669333283356768,0.0029161105045375137,0.004501434990615688,0.0062080334475993395,0.008572666743228336,0.009931316350056806,0.011294982768855077
2017-02-03,-0.007142515617987065,-0.006968834774217243,-0.006426916308627057,-0.005526411435292858,-0.004236135345010819,-0.002765090902265782,-0.001261607990095743,0.00025161062426753034,0.0016443681290201394,0.0027419090698519834,0.004243463147449758,0.005962750087324668,0.008209201633424718,0.009534164150651104,0.010871824494662057
2017-02-06,-0.0071878170909287446,-0.006958626930341213,-0.0063438788463094095,-0.00537595942941918,-0.004029162204960551,-0.002505081761906684,-0.0009411538222023848,0.0006371949362975673,0.002055255130920234,0.0031608189757729222,0.0046623779894462165,0.006471292372041875,0.008701546053538815,0.010118017806557057,0.011469878174516992
2017-02-07,-0.0071993208220468815,-0.006999199375858449,-0.006386570041795527,-0.005420537916852363,-0.004083543138907172,-0.0025751618530944114,-0.0010035457076914317,0.0005991309132131504,0.002034462966334257,0.003130606506156333,0.004636592286356434,0.006459973271837009,0.008778224288040891,0.010233248002982758,0.011608993120515691
2017-02-08,-0.007212074420481284,-0.0069863135918025385,-0.006370041111665799,-0.005423263908228032,-0.004127919940469656,-0.002655463505351122,-0.001108967254829252,0.0004804978430574235,0.0019089122351649873,0.0030036020791019756,0.004516041782065077,0.006358232925119774,0.008631803936312677,0.010094735164263239,0.011462746224437034
2017-02-09,-0.007081947903752789,-0.006886223965606879,-0.006304714796032817,-0.005390982849490882,-0.004120907561329533,-0.002678472197363984,-0.0011653165556896362,0.00038417862517157883,0.0017974214644749219,0.0028985443571947515,0.004412978455521281,0.006225959232948902,0.008540118557046594,0.00995629759592502,0.011381153354595504
2017-02-10,-0.0070700238451272684,-0.006895497037368369,-0.006332859107750038,-0.00545347210926101,-0.004252895229797817,-0.002894055677367499,-0.0014451892472992964,7.803844467857734e-05,0.0014986975897727146,0.0026279341215194084,0.004235637601189017,0.006158230792216191,0.008354775440329379,0.009795169602743412,0.011201187298189856
2017-02-13,-0.007129614307854162,-0.006915312673452111,-0.0063349147973656515,-0.005424589213333078,-0.0041710332822926565,-0.00274744384315879,-0.0012396309114898827,0.00033030847288522384,0.0017832343518763038,0.0029321185812442967,0.004585794689441233,0.006577929248940245,0.008905577187949902,0.010400213757781855,0.011794515504014858
2017-02-14,-0.007324680387285717,-0.007137987548164845,-0.006568306491416636,-0.00565138070133956,-0.004378077942813046,-0.002925568402882227,-0.001386111636232709,0.00021763809215717805,0.0017037741977142448,0.0028780630521953923,0.004556603629357597,0.006626264172244192,0.008828364945944245,0.010288041855626377,0.011697515660605352
2017-02-15,-0.00736742905708909,-0.007193433608747708,-0.006632874006285084,-0.005731180709554766,-0.0044836430964489875,-0.0030594197244953976,-0.001552598344397599,2.859157232862974e-05,0.0014966960742256099,0.002659289010325036,0.004322228174414609,0.006295284424011024,0.008533319814817858,0.009936922378338913,0.01137770993430981
2017-02-16,-0.007200977644742358,-0.006998371166475024,-0.006401741263704504,-0.00545693995832901,-0.004183676141665511,-0.0027498508278268625,-0.0012431304606282572,0.00033195548047561187,0.0018077122696058563,0.0029845037011927648,0.004675043762241368,0.006717716376951993,0.008847687355471525,0.010215991974672831,0.011682079659873959
2017-02-17,-0.0071169544068687435,-0.006879746718232927,-0.00625497648181027,-0.005280425876534325,-0.003984311001535708,-0.00253838330871823,-0.0010243629633633294,0.0005573855586604609,0.0020385712425415575,0.003211637954720863,0.004913295185704953,0.00697623564947604,0.009173660712800406,0.010592588346418099,0.012019224681583368
2017-02-20,-0.006748172069394645,-0.006555562252811538,-0.005940623177769917,-0.004956319880485383,-0.0036267410405346613,-0.0021392303317837526,-0.0005884880916618984,0.001023461054428672,0.002528770565284392,0.0037357487401450404,0.005489952581043694,0.0075924561368446875,0.009899307263695043,0.011350803889238951,0.012787537825978426
2017-02-21,-0.006832163321637457,-0.00667959849960137,-0.006117691064299063,-0.005189084549723943,-0.003915542654773588,-0.002481487495270545,-0.0009861495566065462,0.0005726958947564207,0.0020362854394852937,0.003207582589030076,0.004926185044699343,0.007043231319347353,0.009179079387155625,0.010582812677683035,0.012007408642263944
2017-02-22,-0.006766028362679919,-0.006583374059651432,-0.0059898840579374465,-0.0050256648651420726,-0.003732527028524511,-0.0022925775132659042,-0.0007917812355764292,0.0007774695982315401,0.0022608682561707154,0.003438364754409628,0.00514890697581048,0.007244190943093502,0.009351035268889389,0.01071060775652184,0.012174316120650258
2017-02-23,-0.006705165977569621,-0.006441084356715072,-0.005747148289343326,-0.00468109515124791,-0.0032901974276100952,-0.0017646318616275304,-0.00021328830681880168,0.0013837626470734779,0.0028659189312845203,0.004052599304133057,0.005797968986545203,0.007914440114724404,0.009986434807849373,0.011343546779692097,0.012814785631683406
2017-02-24,-0.00668354825334569,-0.0063844835164236806,-0.005635885933610423,-0.0044983954997494255,-0.0030423394929844955,-0.001467759224188897,0.00010277530854910213,0.0016990237115777395,0.0031742738855171306,0.00435202967342968,0.006088495828321332,0.008148376944644155,0.01024854695202071,0.011640173916553368,0.013074445810555932
2017-02-27,-0.0067966306354215016,-0.006487205770101052,-0.005729035794361914,-0.004592888987937498,-0.003165474771444286,-0.0016424968984856355,-0.0001268177078094445,0.001418181460651883,0.0028648178858035776,0.004014291593223074,0.005691817362368907,0.00769714919000145,0.009740500610746713,0.011039932114000362,0.012482215653199735
2017-02-28,-0.006859988944913066,-0.006575330406130909,-0.005806048005281666,-0.004661784279543135,-0.0032279415586640853,-0.0017153551658842725,-0.0002185314778609114,0.0013027629619975635,0.0027302524336859937,0.003871604465927091,0.005547633055665284,0.007530738899915302,0.009594306917623079,0.010914526504247107,0.012354912366002205
2017-03-01,-0.007046935035795832,-0.006756004993492769,-0.005965674146036074,-0.004799994628303715,-0.0033414224422030694,-0.001803735462214223,-0.0002904744146780699,0.0012435663832718296,0.002675320393273988,0.0038209890147217814,0.005487604127347891,0.00746320797731365,0.009498042473197887,0.010804478109471877,0.012241266553584157
2017-03-02,-0.007167396230147994,-0.006823307139941154,-0.005962622795005702,-0.004726430248541746,-0.0031986289786929433,-0.0015938562498996854,1.285736374840755e-06,0.0016135788857184379,0.0031382280130446897,0.0043829936233078124,0.00599460166524508,0.008141566555665294,0.01016392795346199,0.011535122759321625,0.013013916247112348
2017-03-03,-0.007442097138356367,-0.007090912984869601,-0.006272619514190281,-0.0051006959527793525,-0.0036186956269467184,-0.0020397177171165544,-0.0004567010050646835,0.0011457558533272453,0.002659502714598151,0.003887148494574026,0.005461299529368089,0.007517563668639322,0.009634738065510668,0.011001628636910283,0.012465288142052996
2017-03-06,-0.007506516553852324,-0.007130285535643516,-0.006313219870556744,-0.005160970312263227,-0.003699253325247865,-0.002136748532326464,-0.000551564518516422,0.0010639484948614902,0.0025906644941605396,0.0038425555987871315,0.00548127704778742,0.007618931456502504,0.009727714624179483,0.011122059510482613,0.012589944644342538
2017-03-07,-0.007827878397986827,-0.007448725939576191,-0.006658502052501207,-0.005545300412207401,-0.004093002409041814,-0.0025193548533575753,-0.0009170369234268183,0.0007039284559954592,0.0022183386624858637,0.003467747818975918,0.005132830055173155,0.007304830224529954,0.009444561839372053,0.010909850973915221,0.012356080044071167
2017-03-08,-0.007963641178947833,-0.007535467673458888,-0.006725429425014569,-0.005602685329096773,-0.004164552834890006,-0.0026125656556222087,-0.001021255521709693,0.0005984844439524681,0.002132480506905058,0.0033843227224162197,0.00504511339589299,0.007242096841241301,0.009485435051582265,0.011010206598551345,0.012442610740527436
2017-03-09,-0.00814536441523722,-0.007750623206953471,-0.007003436088994864,-0.005959409903266413,-0.004594032703056225,-0.003102364682429852,-0.0015556775676513572,3.170520744143707e-05,0.0015331654033878346,0.0027578902393281873,0.004382470684839273,0.006522748922997166,0.0087242575153894,0.01021081482332238,0.011645897907905123
2017-03-10,-0.008115891017376418,-0.00764793678361261,-0.006885354395517625,-0.005849670923754942,-0.0045190766908650305,-0.0030588683247894915,-0.0015281017562065382,6.170131468765232e-05,0.0015699172499485145,0.0027779149419462986,0.00434658928851365,0.006445110175437903,0.008627013325945109,0.0100881761822358,0.011507156502950538
2017-03-13,-0.008121146025810348,-0.00766961841888134,-0.0068867546033217816,-0.005813929388957441,-0.0044422607040072795,-0.00294277460425037,-0.001371902567476722,0.0002577839535671972,0.0017974958103131608,0.0030416654240822557,0.0046799464311719505,0.006786021998371218,0.009045980429300477,0.01053927838341887,0.01197838614029487
2017-03-14,-0.00820527337145825,-0.00769374664474509,-0.006869296778274918,-0.005774895673606224,-0.004381675099750692,-0.002857772506170623,-0.0012761556186316149,0.0003581080574976064,0.0018929348118437949,0.0031361547347011345,0.004764455102571366,0.006933520844766718,0.009167017610154033,0.010697624577776104,0.012140399605571551
2017-03-15,-0.008281667113190871,-0.007721533322483916,-0.006846019269833702,-0.005692323482917787,-0.004251997577752431,-0.002692965862037288,-0.0010742941782669383,0.0005957142864874,0.0020835904471246014,0.0034197998642430966,0.005102106022180197,0.007367524688331391,0.009591608231503016,0.01114850502446524,0.01258456426685441
2017-03-16,-0.008159467147520553,-0.007646302890896236,-0.006801218650063124,-0.005666658387212568,-0.004227415293972477,-0.002656682517551394,-0.0010297091627572265,0.000651233982780482,0.0021470998245358285,0.0034867568553699803,0.005182337390928962,0.0074657453573888505,0.009833846784219093,0.011457365906066379,0.012916774743620536
2017-03-17,-0.007973829358816886,-0.00750155888659497,-0.006700318252475577,-0.005617812992447082,-0.004250521573482483,-0.0027630082478965192,-0.001212166201639857,0.0004108840723188948,0.0018669627107233077,0.0031713182948180573,0.004814018008891317,0.007018810333498341,0.00930916635469563,0.010831742975311235,0.0123308120144249
2017-03-20,-0.008254841564639742,-0.007832992222406299,-0.0070544699468027905,-0.005981365790686977,-0.004618633040430196,-0.0031362858806168094,-0.0015956746222274012,1.6466761384403267e-05,0.0014583827790979422,0.002750765416961235,0.004379355308421862,0.0065486557700211315,0.008838415478787531,0.010319299156132593,0.011786410257835079
2017-03-21,-0.008490154919606599,-0.008083154319004356,-0.007286928818364244,-0.006180252788584944,-0.004783378457663828,-0.0032688848140113845,-0.0016891307867410478,-3.5105165014186516e-05,0.001443872449654799,0.0027633215731407124,0.004437371738305565,0.006682064870064482,0.009052983363536342,0.01057287025561059,0.012044038008340426
2017-03-22,-0.00852180630903166,-0.008116557605409897,-0.007322974591052013,-0.006196602309339326,-0.004782642959502115,-0.00325558342058978,-0.0016598314952623395,1.518165068996241e-05,0.0015196806514138118,0.0028572000253685673,0.004525001267864575,0.0068136043105727915,0.009171055441259218,0.010715150821762711,0.012152225638028206
2017-03-23,-0.008760173316913283,-0.008411109093144095,-0.0076707250382722575,-0.006585859845535539,-0.0051871738704378,-0.0036602628370474228,-0.0020459533907521304,-0.00034694392676833677,0.001175309896867591,0.00253161886860018,0.004212304682766816,0.006399009594744026,0.008766949173026327,0.010245954485432095,0.011708652865623588
2017-03-24,-0.008731812678519437,-0.008485224587175851,-0.007823499853099007,-0.006793729719240734,-0.005424478201131381,-0.003918633804648347,-0.0023272920316800894,-0.0006560366155581648,0.000844558703782042,0.0021811501654486008,0.0038290677931095214,0.00587795542407016,0.008277680596698504,0.009664088440628514,0.011135333763450968
2017-03-27,-0.009140195674081694,-0.008891628497094538,-0.008168935855682085,-0.007096862092023706,-0.005715428019095058,-0.004231115584365487,-0.002662124085237261,-0.0010029612503974841,0.00048750224667358576,0.0018019348733369868,0.0033632245280644717,0.005452096332099832,0.007699791298411422,0.009101028685899896,0.010527737304321483
2017-03-28,-0.008937491054311115,-0.008675513111539206,-0.007973482057212721,-0.006930698210945629,-0.005577577532403464,-0.004109855808854208,-0.0025484467940151867,-0.0008856255110282497,0.0006141924769697402,0.0019332328387108048,0.003500126605849141,0.005557963951131575,0.00786517927667998,0.009246358896137629,0.010735710536751474
2017-03-29,-0.008803678852716715,-0.008495773333166116,-0.0078089571693892145,-0.006814291694672624,-0.005492220131258866,-0.004057887596520459,-0.002510481713095034,-0.0008700394772927116,0.0006184564601353142,0.0019435648322289254,0.003555868914009354,0.005705440191715734,0.008043296953709957,0.009448204991508946,0.010967318598117705
2017-03-30,-0.008286000653529786,-0.00789441988433801,-0.00714055018769911,-0.006104209217752614,-0.004783689622780996,-0.003338131706295947,-0.0017895456818900618,-0.00015935951571354444,0.0013184313271917799,0.0026357488165765232,0.004274696386610069,0.006414015188638924,0.008826610183430271,0.01021179736631762,0.011762775565977289
2017-03-31,-0.008385844433435156,-0.007938247915468604,-0.00711372959789812,-0.006009646319985539,-0.004633124399337117,-0.0031444440789127996,-0.0015650912516550067,9.187039508252049e-05,0.0015877750860795801,0.0029221041329613785,0.0045895401717940786,0.006718826369035986,0.009198995719565567,0.010620879038848532,0.012184893113284702
2017-04-03,-0.008275230806991635,-0.007698135853335903,-0.006768279951808706,-0.00556966425895537,-0.004135657929413539,-0.0026241527844800064,-0.0010536681427536316,0.0005767071822502454,0.002047578504395736,0.003354250217323781,0.004977769363846363,0.007117814808811174,0.009590497043540508,0.010941911626076745,0.012480295053719092
2017-04-04,-0.008372924318283006,-0.0078027271839770365,-0.0068684517643962575,-0.005656832001608088,-0.004200414214859417,-0.0026771270198102624,-0.0011092693725493665,0.0005091483037450979,0.0019769040640295753,0.0032922872679622267,0.004943387131768363,0.007066501047777588,0.009548485832476738,0.010916339631207654,0.01246673835375329
2017-04-05,-0.008746295686211825,-0.008219730715126404,-0.007307271773614984,-0.006102398917504203,-0.004631555284415549,-0.003079067895531791,-0.0014654935708687522,0.00019117275577215678,0.0016926204936846632,0.003034235613426986,0.004709711961432945,0.00687076917783658,0.00941441630377007,0.010797938388430768,0.012375177029816711
2017-04-06,-0.008654817303719057,-0.007969986884271812,-0.006954295334403929,-0.005671166802414727,-0.004141105040885791,-0.0025377547954812457,-0.0008967554999614528,0.0007627185262050897,0.002245610807225019,0.0035583080503002865,0.00517295981852123,0.007352913824852412,0.009848738761610512,0.011248032505917459,0.0128325854902895
2017-04-07,-0.008952316130546147,-0.00812827177515564,-0.006977131461937497,-0.005567093326828191,-0.00394263425052317,-0.002268564478557347,-0.0005844952419059301,0.0011108586518261065,0.002617023643472381,0.003945300567664064,0.005541475893086155,0.007618204549776937,0.010232189117821304,0.011652521814902768,0.01325700383824769
2017-04-10,-0.008789751012628102,-0.007777886595923804,-0.006453388675826076,-0.00488785477337426,-0.0031733297064792877,-0.0014574497006111535,0.00020682785810423603,0.0018600658026628868,0.0033267108448504002,0.004617008111065614,0.0061110726549163125,0.008177332342363503,0.010671427196351474,0.012067288306969065,0.01371392149011313
2017-04-11,-0.008658069446047323,-0.0076880533602461075,-0.0063976128695636975,-0.0048577525612682245,-0.003172818867681052,-0.0014853245666691804,0.00015130193261313012,0.0017835384777593838,0.0032345904420080117,0.004505591743114858,0.005930369935144936,0.008013939817182627,0.010372112084436474,0.011713007773457549,0.013330597745638058
2017-04-12,-0.008552999231095081,-0.007715978862867032,-0.006527813227766328,-0.0050753102187164525,-0.0034688143123321404,-0.0018258345856936465,-0.00019275074891807626,0.0014630308024768312,0.0029298700122483974,0.004192031770415968,0.005548363507664191,0.0074788731929607034,0.0099624328456117,0.011297209067081568,0.012906885477432488
2017-04-13,-0.008600515043349695,-0.00783903805004518,-0.006710968053290508,-0.0053043885576872915,-0.003730644697493751,-0.0021159807753793293,-0.0005049774587887943,0.0011364238733424536,0.0025998782159740524,0.0038634631287144745,0.005228359219204273,0.007170464234219633,0.009657402438375194,0.011037700139936397,0.012670262174228895
2017-04-18,-0.008442837337160657,-0.0075889481542217785,-0.006409650525695141,-0.004979766008072807,-0.0034052182676267925,-0.0017961688838641025,-0.00019437523902694954,0.001440901040831006,0.002899087142789606,0.004180512046864445,0.005567727865389132,0.007379612896456447,0.009961573018790705,0.011407529631722613,0.012970208324358317
2017-04-19,-0.008244736661846426,-0.0073862791000257385,-0.006243110742616359,-0.00486828306019183,-0.003332892581113639,-0.0017612043029131277,-0.00018891699118850236,0.0014208434856252622,0.0028546001083235364,0.004104700832351623,0.005432506904034756,0.007267619777813376,0.009747659250897898,0.011114400883669391,0.012691011209500294
2017-04-20,-0.008318291675577575,-0.00747774533348251,-0.006337367824632007,-0.004959188483863996,-0.0034182947259632423,-0.0018446683203344335,-0.00025873752285131095,0.0013668617917013163,0.0028173198296631325,0.004093662235160403,0.0054622978700359604,0.007348650114590304,0.009795237156835904,0.011166388390855677,0.012782491440454452
2017-04-21,-0.008060409449528608,-0.007139620020377615,-0.005963191512948318,-0.004580730194310144,-0.0030661323452035876,-0.0015313903524884396,5.293610434607916e-06,0.0015948799037083274,0.0030233370761238686,0.004264458139337664,0.005562103137360347,0.007392189893282124,0.009865072829329656,0.011240392181645216,0.01282587894431436
2017-04-24,-0.008217944033519274,-0.007354521350808657,-0.006218865158899858,-0.004869844337847028,-0.0033941869697089165,-0.0019009593649144585,-0.0004015349544257159,0.0011646909628573283,0.00257234907601198,0.0038052864542842575,0.00510614676361837,0.006963831583180299,0.009349559687938694,0.01069740001065167,0.012287797147341463
2017-04-25,-0.00804013571644995,-0.007179252695044995,-0.006046655325235857,-0.0047038519655193504,-0.0032343668200661736,-0.0017504291724705504,-0.0002553759876057977,0.001308268778314864,0.0027210998943518784,0.003961639478220784,0.0052781923962109826,0.007093577742441923,0.009585077038476284,0.010978929902899115,0.012655979005261705
2017-04-26,-0.007955178915487682,-0.007115547318354746,-0.0060093253614188855,-0.004698277022238812,-0.0032630086730654605,-0.0018090361864610562,-0.00033875901055776603,0.0011982470826251306,0.0025805129676832153,0.0037977062834279327,0.005123503328836077,0.006954355645875039,0.009367110266544628,0.010767879444693037,0.012378914450287264
2017-04-27,-0.007682855518035805,-0.0068273025349210835,-0.005743921237584878,-0.004472157248218902,-0.0030836059832628888,-0.0016807918414215772,-0.0002630029653001423,0.0012261534813121646,0.002579235814490326,0.0037746882020285597,0.005092980042120179,0.006897000086592647,0.009267836814133255,0.010627078056873133,0.012249681052360547
2017-04-28,-0.007699262844507595,-0.006897976469121561,-0.005875651687408283,-0.004660424297765647,-0.003297375782123382,-0.001899370531701677,-0.0004813475150142245,0.0010015390227393333,0.0023601606820796745,0.0035746562926948495,0.0049502953334033565,0.0067632242660138325,0.009163440344608722,0.010551618677855312,0.012157092522752063
2017-05-02,-0.00791643030207866,-0.007217622549425927,-0.006282533374693592,-0.005125987678933823,-0.0037815497672539482,-0.00237730687828493,-0.0009260974357605978,0.0005944025652477745,0.0019904476956293946,0.0032422141732109657,0.004720489741792541,0.006594921459387419,0.008961915004823275,0.010329099136190149,0.01195593490544511
2017-05-03,-0.007685513780495358,-0.007088114923495913,-0.006217551961067227,-0.005088685199776104,-0.00376716809691605,-0.0023779208065666324,-0.0009483264841164316,0.0005562763613762805,0.001943085335010926,0.003185472018620686,0.004694442105640731,0.006615634182831884,0.008980266057477544,0.010365443079129778,0.011961936385605857
2017-05-04,-0.0075277299789124185,-0.007068249259654145,-0.006254491134596117,-0.005133239460579176,-0.003803137088581124,-0.002407788996130322,-0.0009688860785659067,0.0005501711372941503,0.001957299211647221,0.0032258739770491935,0.004766618322720616,0.006607826796483811,0.009025733153753724,0.010401724123004507,0.012046433298359083
2017-05-05,-0.00796947601745137,-0.007579818567545079,-0.00678490972724221,-0.005648819910942717,-0.004303300423027453,-0.0028846290851913324,-0.001422456174100152,0.00011837508136270401,0.0015436715538871698,0.002828453303004007,0.004405398907696813,0.006444522244222702,0.00868124922835578,0.010050922032799949,0.011668957435687573
2017-05-08,-0.007917795891835343,-0.007567015522037992,-0.006838369287865649,-0.005767016741962218,-0.0044621255843718625,-0.00307225388731557,-0.0016363805723546,-0.00013113962100368286,0.0012655652827438513,0.002526310341219658,0.004099963498777182,0.006143756669812283,0.008347382253419487,0.009711459945293587,0.011296836426460883
2017-05-09,-0.007973378736297118,-0.00765994701480706,-0.006958834284448645,-0.005897427092043966,-0.0045659197999848,-0.00312977113019629,-0.001639430374246426,-9.439644232114692e-05,0.0013258231128321616,0.002600859063246624,0.004179736639091396,0.006232361965617693,0.008454590654857569,0.009831982728797763,0.011406842997911098
2017-05-10,-0.007867109402559207,-0.007494352951474384,-0.00677514547064917,-0.005683567330521212,-0.0044047430199122845,-0.0029982558996594134,-0.0015380436991900323,-1.6889433820169736e-05,0.0013871119158690732,0.0026472274380246836,0.0041733393222186934,0.006176180347376424,0.00836391450206949,0.009701855044117282,0.011291638868479463
2017-05-11,-0.008062840293048141,-0.0077474330956130415,-0.007061370532718209,-0.005985875581729518,-0.004711657726522942,-0.003302582246247414,-0.0018325015351993161,-0.00029737767314581826,0.0011151658250274155,0.002382427000703046,0.0039123525870424876,0.005960030257545285,0.008092840139184772,0.00944999636887646,0.011032697582897797
2017-05-12,-0.008275780227901907,-0.007939959693117815,-0.007218922497025558,-0.006106746777609649,-0.0048015869986236075,-0.0033735199816851435,-0.0018912196604342704,-0.00034557998199924466,0.0010641885444244025,0.0023208818458280477,0.003791869599934534,0.005761010206988147,0.007978400296868153,0.009313990424191527,0.010896326353917081
2017-05-15,-0.008421070152750124,-0.008078745877214627,-0.007360547800736764,-0.006233637282980883,-0.004912404793770984,-0.003473699827644243,-0.0019984339440675806,-0.0004705319737412022,0.0009217000713027375,0.0021616307524789176,0.0035971025919691213,0.005492984909387998,0.007706153748874901,0.008979392790715537,0.010610735266365507
2017-05-16,-0.008415896409412073,-0.008019877799650021,-0.007229644039058217,-0.006161465821398756,-0.004867597288943298,-0.00346663209151761,-0.002019067030067846,-0.0004966346096170174,0.0008928844671835558,0.0021221381661193106,0.0035107951712957733,0.005391897387304111,0.00756206464303491,0.008869927861909079,0.010455979804808124
2017-05-17,-0.008564107102475578,-0.008179323074796506,-0.0073864436956312665,-0.006317824670944919,-0.005030622360294376,-0.003645553916669229,-0.002211987688591966,-0.0006914252443093405,0.0007036153245234058,0.0019235019330083331,0.003267876621101828,0.005124360646138641,0.007304205161352167,0.008564910694184302,0.010170816467808229
2017-05-18,-0.008597152916943358,-0.008191629005258863,-0.007382367760773653,-0.0063256241435578385,-0.005038715766228819,-0.00367537734671765,-0.0022718088773607597,-0.0007751742438325579,0.0005953591777563037,0.0018024710710762676,0.0031207266496236005,0.00491835583485769,0.0070515404057587775,0.008289107321634466,0.009879043086785114
2017-05-19,-0.008107623323241645,-0.007659614002745836,-0.006833738971822915,-0.005781340503639724,-0.004528169669569811,-0.0032164330120903646,-0.0018826100310089502,-0.0004442915679309684,0.0008881026417359835,0.0020694776077108514,0.0033594030211517327,0.0050999182984588715,0.0072509555071427634,0.00848720079298871,0.010073171816998969
2017-05-22,-0.008122709511363005,-0.007642450734955981,-0.006768938752302469,-0.005660352954901197,-0.004352508631835009,-0.002992131647305955,-0.0016102382408262872,-0.00012626637958907685,0.0012447891783183408,0.002458781910231248,0.003765075981252479,0.00547659863435067,0.007642144296860258,0.008925108256931602,0.010514365096993855
2017-05-23,-0.008098509230561705,-0.007576254622498447,-0.006684599692576354,-0.005569207595580899,-0.00426590276554881,-0.0029162523037934243,-0.0015465939583985504,-7.72051226304732e-05,0.001281824108340926,0.0024849232331399284,0.0037635993429388725,0.005471174910547183,0.00762122425085664,0.008886775540346871,0.010474522353098223
2017-05-24,-0.007343174559962256,-0.006682245944526761,-0.005723467833114855,-0.004574178029713216,-0.0032593588537512307,-0.001909449401004915,-0.0005533173106446678,0.0008969650509573784,0.002244831805893585,0.0034450960617031724,0.004759776505411655,0.006567329627513792,0.008758448714614,0.010116369142876298,0.011731199538930323
2017-05-25,-0.007413073634914237,-0.006648995349056442,-0.005614422303689827,-0.004406780066438715,-0.0030535300395449104,-0.0016785446907129468,-0.000308787242074314,0.0011515751803385578,0.0025080495860945354,0.0037207182208774214,0.005056296786155892,0.0068818674076583965,0.009097894657705365,0.010502753243197518,0.012105368921974023
2017-05-26,-0.007511290247934278,-0.006774259757489759,-0.005769426469132156,-0.004586210845408311,-0.0032361369783642925,-0.0018538665571628103,-0.00047643550060363655,0.0009838981846263643,0.002337524700129824,0.003549884479372981,0.004897067357530632,0.006722001026903151,0.008952205867811647,0.01037380647459543,0.01198806792353015
2017-05-29,-0.007859342725816374,-0.00719344200010823,-0.006237831398975881,-0.005087148448797656,-0.0037486396051620344,-0.0023680482046262077,-0.0009836789419731533,0.00048260969601790336,0.0018415085858959504,0.003063062077983004,0.004478126819039929,0.006360742488352692,0.008602334956389728,0.010052611105342864,0.011665431220869289
2017-05-30,-0.0077343788843239865,-0.007106012191206249,-0.006179762664195913,-0.005042613574671022,-0.0036895433551857168,-0.002274448009752953,-0.0008493634582977683,0.0006336253441251448,0.00199740856966996,0.0032199227676058123,0.004651523217623664,0.00654230468190208,0.008807501155252676,0.010099809543318544,0.01180179110644015
2017-05-31,-0.007667321740954313,-0.006998091982031148,-0.006049500433934155,-0.004897200715230352,-0.0035400558946612724,-0.002125638715279382,-0.0007191203474055089,0.0007381321357026186,0.0020837138236629734,0.003293252635324486,0.004726681968142607,0.0066174426536633295,0.008926922447459424,0.010371352290639346,0.011980507963634719
2017-06-01,-0.0076575724272568224,-0.006990719138393284,-0.006050835683321575,-0.004901635159487549,-0.0035426292873183694,-0.0021229013678841597,-0.0007156340565454985,0.0007358718601760442,0.002078479300282703,0.003286754224113418,0.004719415398810495,0.006639275182203607,0.008921231653547126,0.010344058560389462,0.01199717374958155
2017-06-02,-0.007537358138749513,-0.00681655501595062,-0.005808225624392937,-0.0045862033872931945,-0.003157984046312196,-0.0016753433943668629,-0.00021605034486576978,0.0012745961021244016,0.0026438545327576563,0.003869957978352328,0.005332613709055355,0.007245960755498213,0.009559025263733914,0.01098934989138584,0.012658370586472496
2017-06-05,-0.007395531992341489,-0.006661053333624481,-0.005629349236539664,-0.004377747829862559,-0.0029198404384033964,-0.0014126944439993014,5.946088421033648e-05,0.001554505898358028,0.0029222011886889526,0.004143876053455012,0.005592095619295062,0.007489339759878907,0.009779637021599579,0.011186408300131278,0.012873906889446632
2017-06-06,-0.007132479962059485,-0.006474618983987442,-0.005521029752203201,-0.004335358548309283,-0.002915114169543011,-0.0014267278064680412,4.4524239732089854e-05,0.0015483888739692185,0.0029224646131155822,0.0041501603686576695,0.005601446759842576,0.0075302744585799,0.009835455106498676,0.010958944526952995,0.012863675681581541
2017-06-07,-0.0071264468108133226,-0.006490562329667559,-0.005533193057401662,-0.004335166905199701,-0.0028845931891181317,-0.0013659236626885833,0.0001369219218239811,0.0016612563342755216,0.0030481582900688123,0.004286674816688854,0.005805109593765704,0.007859274194809376,0.010091293627371312,0.011546528732441656,0.01319328256249544
2017-06-08,-0.007011851744811213,-0.006400733098261267,-0.005468298941715759,-0.004296735971432931,-0.0028625444952679146,-0.0013628958370924171,9.936770427485915e-05,0.0015676537575607548,0.0029189027883428824,0.004140633742886073,0.0056444773580783675,0.00762290382107733,0.009856633605736199,0.01122232260789768,0.012902785644257382
2017-06-09,-0.0069955756753884895,-0.006402500790814784,-0.005480769325466329,-0.004303864118769794,-0.0028480692303565476,-0.0013196276485660523,0.00016667466793598285,0.0016524753324124934,0.0030161337329224734,0.004248007059740861,0.005766918212636991,0.007742925872255402,0.009964912974562404,0.01131285700758055,0.0130247572673096
2017-06-12,-0.007089786013356762,-0.0065431260114156235,-0.005652530529913717,-0.004504351257906827,-0.0030845314429403816,-0.0015999813296447088,-0.00013830327986240427,0.0013236896503893395,0.00268064788094378,0.003912408078044698,0.005456648475230124,0.007504575914572834,0.009649012668650196,0.01103295944216193,0.012686949502183386
2017-06-13,-0.007082016978852645,-0.006516211925788675,-0.005598450278697805,-0.004418501553994886,-0.002973532047178238,-0.0014671685422149134,2.9024561156209985e-05,0.0015272714534500403,0.0029171501700148007,0.004175014944727933,0.0057794650942326695,0.007859851945640466,0.01009595967815007,0.011521365608838536,0.013208711809172385
2017-06-14,-0.007028186441893715,-0.006420781557395109,-0.005494597883803299,-0.004318302624985824,-0.0028893883126672264,-0.0013991535158695688,8.41274973145942e-05,0.0015781675500123387,0.0029699973211534344,0.004232612662186113,0.0058298681193013685,0.0077309528912449105,0.010107710522495546,0.011523162525932265,0.013204365884914908
2017-06-15,-0.00714545799131969,-0.006586898249664156,-0.005733541165375504,-0.004628079769764879,-0.0032396427790689444,-0.0017711551575178702,-0.00029658126415871056,0.001181303466719571,0.002551861554090489,0.0038028843537868933,0.005406896186934786,0.007439534650156031,0.009661268722520554,0.011062148493159257,0.012732347251642786
2017-06-16,-0.007238344193181863,-0.0066884506629878646,-0.005870050991597545,-0.004801102170414337,-0.003437186195392823,-0.001985289447070426,-0.0005284530531013769,0.00092563613794825,0.0022831631182516294,0.003527618548929503,0.00515562654400414,0.007196446803559961,0.009419103575688636,0.010780320026880784,0.012504580244071802
2017-06-19,-0.007105693180729329,-0.006526736477111932,-0.005690863045903704,-0.004612499133156773,-0.003271027542722202,-0.0018411848264624406,-0.0003987690981324068,0.0010588214195430023,0.002418303682227417,0.0036644274080854288,0.005316390938442322,0.007366031009509706,0.009644421739405093,0.011008290519467313,0.012700543104246752
2017-06-20,-0.007091269282534997,-0.006452010409849113,-0.005582854757149028,-0.0044768687044470555,-0.0031044905942197525,-0.0016402817463045262,-0.0001607102085169396,0.001326420089884454,0.0027031282849558323,0.003958293896440457,0.005622222306793959,0.007666535169874684,0.009951091175624847,0.011352499536362741,0.013040696614827199
2017-06-21,-0.007105106260791424,-0.006437340636286143,-0.005555493714564737,-0.004445982451625327,-0.0030689834594038582,-0.0015964607221667568,-0.0001030836801779884,0.001396051596874428,0.002778853567762968,0.0040365921050087485,0.005689051297532584,0.007722856540859427,0.010016471483496537,0.01141533945396479,0.013113502778504326
2017-06-22,-0.007084342152046426,-0.006391510852124809,-0.005490994355903213,-0.004362814306850766,-0.002967655470754973,-0.001476066342929429,3.853750663692115e-05,0.0015556240201853417,0.002950160193846822,0.004216849587571631,0.005862367508425449,0.007860460534728332,0.010191030195250425,0.011574042844490597,0.013290320628820114
2017-06-23,-0.0072256201051190076,-0.006565671840308592,-0.00570926051706204,-0.00462125743110624,-0.003251582520712725,-0.0017817318744597146,-0.0002930723659771379,0.0011992267475552623,0.0025843842891272984,0.003852135477813938,0.005502224293489,0.007451437447325495,0.009790964770078216,0.011174541902768495,0.012885855490337687
2017-06-26,-0.007347008738790766,-0.006722805828835185,-0.005897047264416683,-0.00484395062058835,-0.0035147120445879207,-0.002086751104427183,-0.0006263472806053156,0.0008520732569752938,0.0022264847503457924,0.0034846998342854566,0.005119878200193339,0.007067208916199492,0.009371557976806758,0.010756792413437098,0.012425272117931003
2017-06-27,-0.007630722032985401,-0.007073702972351411,-0.006299496852648052,-0.005279111334072622,-0.003952824274023521,-0.0025123051802089947,-0.001027190361410722,0.00047356260767144785,0.0018625932968065967,0.003130763421295179,0.004791327860015806,0.006790579234104079,0.009098017977149037,0.010485629786013088,0.012192877696911976
2017-06-28,-0.007512176076533743,-0.006973927365763268,-0.006209276030534405,-0.005197547065349189,-0.0038860669778027538,-0.0024644760339259902,-0.00100139882454941,0.00048480172602401807,0.001867420686952425,0.0031366043852550825,0.00482562182489389,0.0068831817411018955,0.009191649844639703,0.010604158022939668,0.012321500858266792
2017-06-29,-0.007584709668223214,-0.007052045792120205,-0.006279656550779561,-0.0052546738904261725,-0.003925617239409574,-0.002489038764594065,-0.001013352244157496,0.0004837084642190707,0.001875973273346697,0.0031521626044911243,0.004840474989548969,0.006885020802564396,0.009207941311337613,0.010625624103358,0.012340818317204065
2017-06-30,-0.007517962443049135,-0.006955517523261599,-0.006173505751188896,-0.005143705688162821,-0.003817514387045617,-0.002379533888528692,-0.0009048046497660319,0.0005836791830371823,0.0019627173872464806,0.003225299802138311,0.004909658554530886,0.006979669780595729,0.009309873608587989,0.010740701565176208,0.012441728286578732
2017-07-03,-0.007609906879608918,-0.007077559289158942,-0.0063040706698803016,-0.00528259933512809,-0.003969900378063785,-0.002551268009097139,-0.0010968290666514317,0.0003731742507719073,0.0017425874379340706,0.003000365379320803,0.004674458307487382,0.0067818825362787275,0.009071438791432945,0.010503841668175548,0.012221805561469064
2017-07-04,-0.007431864435949434,-0.006904475678025654,-0.006131039998137058,-0.005107252002207578,-0.003787197464737516,-0.0023631978075055017,-0.0009085003006967489,0.0005593248424477367,0.0019346837888418636,0.003201342300414751,0.004915670764785765,0.00700471732503255,0.00934808599658101,0.010820529648083659,0.012536562269875122
2017-07-05,-0.00760928891969126,-0.007109479657759955,-0.006352580023118019,-0.0053390135414719785,-0.0040307422894416,-0.002622881014527422,-0.0011865099948446763,0.0002691518944826911,0.0016377959131592692,0.0029038088450041135,0.0046140820165752276,0.006669867930125538,0.009048833029532494,0.010473357566210102,0.012203071036593717
2017-07-06,-0.007599185685496665,-0.0070713359580273135,-0.0063081491661821,-0.005299728233565083,-0.004001113724894724,-0.0026042887896657683,-0.0011732030385856297,0.00027538064441469173,0.0016325385712879794,0.00288510602886717,0.004566392538389597,0.006634012736160184,0.008952509128458226,0.010358284847164185,0.01208491406017839
2017-07-07,-0.007629420104621918,-0.007095132002067182,-0.006304596705545944,-0.005264971555203395,-0.00393975107184534,-0.0025270993635240382,-0.001096332713396831,0.00034404987047242664,0.0016855173696180487,0.0029298438350672646,0.004612350818415325,0.006673189855454147,0.008958925341282977,0.010298595892567333,0.0120312190880189
2017-07-10,-0.007588183769342506,-0.007060501077394365,-0.006274197402807592,-0.005240285028410178,-0.003923206906481615,-0.002511084318993285,-0.0010690512180082108,0.00039364734773725377,0.0017577818975529195,0.0030176431947968904,0.004744798634226523,0.006899408415197703,0.009215143727545238,0.010572280382311859,0.01229385229347206
2017-07-11,-0.00751859788659994,-0.007020328715087629,-0.00625804910840787,-0.005245187212066351,-0.003947456335814309,-0.0025550401449765665,-0.0011344576085823678,0.0003095805271360228,0.0016661896650697942,0.0029162743885748476,0.004623391495795552,0.006771397474895654,0.009035106286729534,0.01039885979744123,0.012129546195076541
2017-07-12,-0.007269324048263352,-0.006808673931653953,-0.006085844509427855,-0.005108005565303919,-0.0038280152518890857,-0.0024462790001461357,-0.001035490258704914,0.0003970956156265213,0.0017373665948377992,0.002978190522307183,0.004661470759361048,0.006810328234700551,0.009011195826294439,0.010313967948353337,0.012067643144182157
2017-07-13,-0.007113660153119123,-0.006725290040400076,-0.006085945369923102,-0.0051951450938763225,-0.003984791196863347,-0.0026592988199349112,-0.0012905716761255608,0.0001097290073442744,0.0014279948030108433,0.0026532753411161116,0.004328562128237364,0.006431900479144416,0.008559909825911233,0.009808963194451726,0.011524601930078019
2017-07-14,-0.006781443192494933,-0.006311631677650041,-0.005585243847727049,-0.00462380840591248,-0.0033902981307105166,-0.002068048084574551,-0.0007133371430543549,0.0006775405777108691,0.0019846312671083902,0.0031947862395283206,0.004850256447699354,0.006944522437608331,0.009026069818165826,0.010186082058976928,0.01191010968093916
2017-07-17,-0.006822771127880566,-0.006393414623357306,-0.005711571412510751,-0.004778713684404719,-0.0035530151378678565,-0.0022218899605512717,-0.0008535091803829473,0.0005540302221290447,0.0018800370803962962,0.003110466101307926,0.0048090542703780785,0.007003702493760893,0.0091146581057282,0.01033281182739847,0.012042084151824015
2017-07-18,-0.006782275647558799,-0.00633364318829414,-0.005631341800874622,-0.0046914429475521935,-0.0034810545763070025,-0.0021692276933188786,-0.0008032031312216008,0.0006140592102189097,0.001944022340895315,0.0031707582588030333,0.0048334201227190395,0.006962612513953568,0.009063742966504676,0.010221461427114794,0.012034531861274136
2017-07-19,-0.006763092343531873,-0.006300293999378087,-0.005606979521823892,-0.004681651653279951,-0.003490597008649837,-0.0022057969533129007,-0.0008737319488742272,0.0005102128630102096,0.0018149293907436912,0.003018491373480048,0.004649274682003879,0.006710593250189113,0.008807193523733945,0.009934191436817815,0.011681180229584186
2017-07-20,-0.006694474157133125,-0.006231344181933611,-0.005530990117986596,-0.004604615768680367,-0.0034263358519742316,-0.0021622317136425428,-0.0008647385242828952,0.0004818818637659191,0.0017587928501932206,0.002945762372995454,0.004548909158854901,0.0065569841630348,0.008580446755844887,0.009678153501041994,0.011411291226074637
2017-07-21,-0.0066287571674841506,-0.006156023548484454,-0.005470592995326295,-0.004565816935280151,-0.003414210521059064,-0.00217446204189384,-0.0008964209261948285,0.00044624998131053637,0.0017312104032807748,0.0029200975945129284,0.004504251372884602,0.006557187253452342,0.008510223668256649,0.00957718273670013,0.011303303526533609
2017-07-24,-0.00662687523054573,-0.006163182078080138,-0.0054798853947137325,-0.004579146815852808,-0.003432521877151794,-0.002201452776739574,-0.0009279039295620443,0.00041096398899607457,0.0016876760025841763,0.0028750276505728426,0.004532084557184547,0.006688969621065522,0.008640714573473358,0.009752243443350529,0.011466676082137795
2017-07-25,-0.006545178985910314,-0.006075066920298489,-0.005402825379408705,-0.0045200942417005,-0.0033898966205174216,-0.0021747628240348952,-0.0009155504726155976,0.00040962601160368986,0.0016742077940426299,0.00285885088960099,0.0045226518561794484,0.00666406426399685,0.00858244245796121,0.009662942493470775,0.011387538901334081
2017-07-26,-0.006358706960196228,-0.005731877873615837,-0.004906476681593843,-0.003884109054061087,-0.0026655715263533943,-0.0013913566353373384,-0.0001101504940409763,0.0012244849934851592,0.002493369321902063,0.0036801708761545807,0.005325458827852922,0.0074603926719906035,0.009325844583782383,0.010355285109949446,0.012095241089852792
2017-07-27,-0.006438087922930139,-0.00577935193923067,-0.0049247992333890265,-0.0038543064064257035,-0.002571152317943691,-0.0012367212667627274,9.267084484019186e-05,0.0014350793330224192,0.002689059349056289,0.0038619027859896245,0.0055255001059737515,0.0076187372857786356,0.009476716754964636,0.010383124632026102,0.012156718499158496
2017-07-28,-0.006354851855930617,-0.0055549849752254046,-0.0045446045973118665,-0.003342940896935961,-0.0019743837811159863,-0.0005777452189447195,0.0008036868224297952,0.0022129217196236732,0.00350883600148867,0.0047139851152696735,0.006360094135439588,0.00844291134117339,0.010284819761226251,0.011280956866634358,0.013005679579427144
2017-07-31,-0.006306468706386038,-0.005501814525568382,-0.00446728128941878,-0.003240291737425225,-0.001847843525605399,-0.0004281740059983846,0.0009904882346798026,0.002444457725973058,0.0037806237724208962,0.005004339941097431,0.006643961949286007,0.008774246093950602,0.01062852774764356,0.011629964467360728,0.013374324846404127
2017-08-01,-0.006442486319033984,-0.0056167938362171686,-0.0045448912181829445,-0.0032980188794214664,-0.0018964819154087724,-0.000438282402806649,0.001016566170361788,0.0024993410030743415,0.003849231970087887,0.005075531082544367,0.006777038409425383,0.008952499093784044,0.010842002757421804,0.012517776864120825,0.013542498759621666
2017-08-02,-0.006689853653547225,-0.005842940233404457,-0.0047482262920099496,-0.0034804896180098653,-0.0020660471168673987,-0.0005980218667102789,0.0008655178755020984,0.0023566785676483507,0.0037156482513735593,0.004959656443577208,0.006747957954850231,0.00891209101069131,0.010862971115877229,0.012592348150453472,0.01379325753863651
2017-08-03,-0.006697031019844646,-0.005850351770150899,-0.004764501053491713,-0.003513449741924419,-0.00209481394185498,-0.0006348028409814997,0.0008225273927611864,0.0023082718203029998,0.003659610543482743,0.004896328204708501,0.006670116754344663,0.008915265355807916,0.010823236059539313,0.012501125570169466,0.01355355850182042
2017-08-04,-0.006609939925369766,-0.00558845958447974,-0.004322060392415042,-0.0029078174969913374,-0.0013709975293492722,0.00017474462246855465,0.0016871893163428354,0.003219076064079793,0.004592747792518137,0.0058327316115521465,0.00753752050781288,0.00970910212666612,0.011589795628531525,0.013237338737530644,0.014298806452893068
2017-08-07,-0.006845107313707668,-0.005804260671043035,-0.004525286932961867,-0.0030962893368811856,-0.0015368649079644896,4.260640102976589e-05,0.0016101730352839662,0.0032000072428437507,0.004616773456315811,0.0058838891690181005,0.007618234181749439,0.00981125077765889,0.0117452034307714,0.013435466438856826,0.014501684132466419
2017-08-08,-0.006877239148656651,-0.005831260674099401,-0.004563346761608565,-0.00315703265242922,-0.0016230952571071138,-6.694759083075935e-05,0.001475852972747157,0.0030298058439227897,0.004410599578811953,0.005648506030407107,0.007369393162106407,0.009556998884863124,0.011465159188475398,0.013163576685548664,0.01422298402065182
2017-08-09,-0.006862797701828476,-0.005751221370882018,-0.004430587300978314,-0.002984013764182188,-0.0014379048049773888,0.00011420483554321125,0.0016385191788183286,0.00317925891074386,0.004561137248747358,0.0057963552327985265,0.007507494389145073,0.009679172781998223,0.011664240401870429,0.013375671383642608,0.014419078230074094
2017-08-10,-0.007057991176866904,-0.0060148408222832125,-0.004730846135702722,-0.0033122011538244413,-0.0017859589482548369,-0.00025685500981036027,0.0012385814259080754,0.002747698193993257,0.004100271876338132,0.0053231123095445875,0.007073536075407414,0.009316866670956799,0.01125597621125546,0.01297033275469601,0.014026872097755182
2017-08-11,-0.006962370059934885,-0.005916731041577436,-0.004612619999201855,-0.003171836293171588,-0.0016257786355173226,-8.384566224664865e-05,0.0014202119080504478,0.002937932348382331,0.004288655599820072,0.005498572033132132,0.0072402355092965635,0.009533276367308425,0.011415975255443812,0.01313665327224145,0.01419919187085979
2017-08-14,-0.006903708712259758,-0.005839533389055451,-0.0045141371932383685,-0.0030567172767563674,-0.001513788742615854,1.094857493745812e-05,0.001486218402199415,0.0029740439112298164,0.004296428290905562,0.005480431355848828,0.007195143572356748,0.00945111799183046,0.011351725501941912,0.013053017115861912,0.01410979482701473
2017-08-15,-0.007032917121837791,-0.005974358173437074,-0.0046503302908649,-0.003190373416127592,-0.0016346851620590412,-9.433787922732765e-05,0.0013971623976154982,0.0028971928747770106,0.004232152599995198,0.005420073993350598,0.007128863749932095,0.00938513120385931,0.011253190255405564,0.01295539698559474,0.01400045584010352
2017-08-16,-0.0070399639350260355,-0.006012346064580767,-0.004716155853600669,-0.0032785234671354963,-0.0017308259179946847,-0.00019362943719264104,0.001290090781788499,0.002765644553449269,0.004058786078770088,0.005221467356460128,0.006946579233719254,0.00922975927164235,0.011098300900393026,0.012810995634299029,0.013848990575899719
2017-08-17,-0.007088372354552418,-0.006079906796160596,-0.004818282871408004,-0.0034143286692025097,-0.0019008605848231965,-0.0003906190097750174,0.001074033557084542,0.002531815705695833,0.003813213813998988,0.004965855757911182,0.006700803794752928,0.00898472268084393,0.010837229501714982,0.012536560724491788,0.013585426740947282
2017-08-18,-0.007019891122410855,-0.006035536853122377,-0.004807272320037059,-0.0034349539507308353,-0.001919830504765945,-0.00039971166828823174,0.0010762792580334734,0.002529255261667243,0.0038031087265412993,0.004953369760214381,0.006712019457167222,0.009039837857923705,0.010949715946895007,0.01269036121753384,0.013740778661901069
2017-08-21,-0.006989763671791757,-0.006081212671625376,-0.004930741480997109,-0.0036268715459316686,-0.002179514644057703,-0.0007096791881009358,0.000746949208202046,0.0022075200321146292,0.0034932871907371816,0.00465479989034894,0.006449349474627426,0.008804922836920102,0.010739314068548023,0.012510158365193069,0.013548285540063536
2017-08-22,-0.007110109278348466,-0.006234727726241627,-0.005100907908666253,-0.0037975502909127707,-0.0023324516205564883,-0.0008438219890412766,0.0006271668832885727,0.0021008114949917175,0.003397933035188909,0.004564279394719626,0.006341814188966064,0.008710774134151954,0.010620780244069209,0.01239860484037174,0.013467265891621954
2017-08-23,-0.007050001351345476,-0.006095223473226102,-0.004862179732163564,-0.0034539865585925394,-0.001898617580645432,-0.00033433459520951713,0.0011868602007863722,0.0027004933266111682,0.0040139023101558235,0.005181432743157638,0.00695091084898392,0.009240040190410024,0.011265603278348382,0.01304633633467868,0.014116726323234272
2017-08-24,-0.007084721780146234,-0.006145594561993484,-0.004912472867886997,-0.0034993123317832724,-0.001929630750828382,-0.00035323674427222316,0.001175816983495406,0.0026864952920358396,0.00399887909398958,0.005166691939349403,0.006933279588281522,0.009270635233437755,0.011188971457968365,0.012944441247934892,0.014013244176344145
2017-08-25,-0.007158269997164362,-0.006271693273912041,-0.0050902947019866515,-0.0037189937095299845,-0.0021751723961396063,-0.0006118435669250412,0.0009147093859053281,0.0024249943935522387,0.0037494034481855188,0.00494544120793842,0.00675142310279306,0.009233054649234398,0.011058464052458992,0.012813092735587926,0.013913637733771859
2017-08-29,-0.007173449784231482,-0.00628809315867524,-0.005089366441600936,-0.003695774567247512,-0.0021152033015457245,-0.0005098242864140543,0.001071126793086057,0.0026317355342793617,0.00397441035599892,0.005162989210316383,0.006955037509025854,0.009353506258040899,0.011294030113045571,0.013110929124996378,0.014178915176277633
2017-08-30,-0.007111336197641581,-0.006264106150260302,-0.005060717160087277,-0.003649462486530441,-0.002052866728252035,-0.0004429920726476346,0.001126820502654613,0.002677515065190223,0.004013413156210171,0.005184845055879077,0.006911445240851985,0.009250406167588062,0.011121462103355462,0.012957752825949926,0.014014296240040608
2017-08-31,-0.007150381299038745,-0.006457746965505273,-0.005353517573840843,-0.00401486396847975,-0.0024661982178473744,-0.0008846689196608844,0.0006500197907654211,0.0021599644770783,0.0035204956617697738,0.0047570324471841105,0.006401528467914794,0.008476021037357761,0.010432906587106485,0.012240964406344704,0.013390382668775017
2017-09-01,-0.007137223919971733,-0.006475872869210254,-0.0053765253079505115,-0.004034745118241017,-0.002486360410296706,-0.0009204662634338748,0.0006042232361934469,0.002114803195316869,0.0034644282816936266,0.004664707736836352,0.006280294960221389,0.008558930325523002,0.01038596549953201,0.012220147607304577,0.013316686466635263
2017-09-04,-0.007061262552237664,-0.006430730707877891,-0.005369924357532018,-0.0040707087605380676,-0.0025787728492693727,-0.0010684530535829543,0.00041219370934436443,0.0018905923901159033,0.00321529287157046,0.004391133828449592,0.005992740691213672,0.008259551973680982,0.010105260764439438,0.01189043274320259,0.012927137600590891
2017-09-05,-0.007055419687020819,-0.006394102930925195,-0.005310008517312694,-0.0039894868634942895,-0.002480618182215732,-0.0009541092413681092,0.0005381522683373436,0.0020332459700316387,0.0033728516388868814,0.004555209012150029,0.006143810072107497,0.008415460251110781,0.010274542649422095,0.01207843753380769,0.01312883806673547
2017-09-06,-0.007088679994740452,-0.006440002459609463,-0.005379347400363184,-0.004083608107344439,-0.002584974019615757,-0.0010584929610169811,0.00044484463359485834,0.0019497449669530643,0.003299452663481531,0.004486796598769893,0.0060726652772924265,0.008363093770293373,0.010196146105126442,0.012002151431823012,0.013054144990272073
2017-09-07,-0.0069613977136987575,-0.006274290987120295,-0.005206542200904119,-0.003916941918191585,-0.0024337982123020948,-0.0009196807932654074,0.000572797978222653,0.0020663866375688544,0.00340817292157345,0.004589647408439295,0.006175307134472456,0.008461494798945656,0.010311863241115955,0.012111340171552906,0.013169381431445646
2017-09-08,-0.007141854738608642,-0.006497703082847598,-0.005486574466436599,-0.004248555637678089,-0.0028092041208211335,-0.0013279021389016033,0.0001395988974051981,0.0016108787252057093,0.0029396412209964813,0.0041157989784089246,0.005707430501648148,0.00798151843568139,0.009798805112600882,0.011583445073524913,0.01265315998052881
2017-09-11,-0.007214929072795686,-0.006539618794698874,-0.0055284314826607285,-0.004298514062082918,-0.0028788771362327223,-0.001416184548991472,3.353421603050274e-05,0.0014932212485989018,0.0028270911421984578,0.004002746266174607,0.0055740133724334045,0.007837416451824503,0.009623103981642997,0.011409728827870695,0.012480476670412376
2017-09-12,-0.007414260142653874,-0.006741059233989675,-0.0057439954601227515,-0.004532166639576468,-0.003128823505620392,-0.0016756863483387782,-0.00022733259475264415,0.0012294334186917874,0.0025515588067185867,0.0037173858202572837,0.005269872671486006,0.007494636197939938,0.009340369486628954,0.011123359727055467,0.012213296221610418
2017-09-13,-0.0073935439366229014,-0.006703026955589483,-0.005673474323897957,-0.004420121200987737,-0.0029732982801745013,-0.0014858678745962122,-3.3250451342520346e-06,0.0014415895174676103,0.0027908802993676205,0.003979504184299787,0.005535753594874694,0.0077498104116387224,0.00963472650102945,0.011436044713976027,0.012532309937428576
2017-09-14,-0.00733475103842269,-0.006619610320327881,-0.005549779454275804,-0.004264229853598877,-0.0027979802722015567,-0.001303015984726472,0.00018274319887530004,0.0016299599699487164,0.002978392170671534,0.004166591351265678,0.005710536678883855,0.007895665807804625,0.009842957159675491,0.011691638093216357,0.012783852773518435
2017-09-15,-0.007313477079101523,-0.006583170140884891,-0.005492207983674702,-0.0041873983286401205,-0.002710345039551605,-0.0012144088406791413,0.00026765233683679295,0.0017095768612758327,0.0030523759244572473,0.0042297133436354035,0.005744166238597625,0.00792336696956335,0.009897081703926917,0.011772726054224728,0.012880493916377307
2017-09-18,-0.007233143559667909,-0.006522205608830862,-0.0054675436449824685,-0.004196296985495146,-0.0027466231336545194,-0.0012716749875388996,0.00019179737609436069,0.0016196811918140178,0.0029548604673498174,0.00413138490763853,0.00565826275736676,0.007822310229146475,0.009855033026930799,0.011738776218343183,0.012839495898644228
2017-09-19,-0.007255977895679668,-0.006569511300126866,-0.00555051199938472,-0.004313802527658326,-0.0028989467072384483,-0.0014511875550338737,-1.329759722523873e-05,0.001386440030078632,0.0026899372205972556,0.0038318411354952143,0.005305499373267019,0.00750835345419901,0.009471834085578836,0.011374983003792173,0.012402501619736743
2017-09-20,-0.0073277290937224585,-0.006655274306006747,-0.005647070748639473,-0.0044224900894528595,-0.0030119195688063484,-0.0015688439412237221,-0.00012725205626568418,0.0012859255158788204,0.0026083398183007474,0.0037764117128139514,0.005302677495140825,0.00747381400381806,0.009489840245128897,0.011367555690744695,0.012475693490114518
2017-09-21,-0.0073133895677078885,-0.006701686158681212,-0.0057198048471157675,-0.004504965250686002,-0.003091251111644996,-0.0016410348004708827,-0.0001911656380876314,0.0012290286640145064,0.0025577715304684317,0.0037330022610283734,0.005275299223677188,0.007461247095379583,0.009485288977372042,0.01138260188327006,0.01249411678613571
2017-09-22,-0.007406562608362126,-0.006821379517940592,-0.005858208994295265,-0.004660021860724529,-0.0032573511442371035,-0.0018163428957584864,-0.00037198743472339964,0.001045074046834435,0.002371344367844897,0.0035432011009464887,0.005083913353822389,0.007265457406361069,0.009281658930273839,0.011176293249663882,0.0122804364124552
2017-09-25,-0.007404139576103729,-0.006779141469516788,-0.005858796589825953,-0.004649012051594626,-0.0032558055153862242,-0.0018171735444331395,-0.0003679037721836042,0.0010448986620336276,0.002379166723857791,0.003519517137830068,0.005075265211903875,0.007266091833686095,0.009279204508960623,0.010944535886258091,0.012195842619592726
2017-09-26,-0.007370690903421319,-0.006790524371272781,-0.005830234723610038,-0.004632797708296459,-0.0032295394613991567,-0.0017857502282312802,-0.00033540306533749427,0.0010967824161141376,0.002436295047540258,0.003623431063460281,0.005171512134721953,0.007366200743872775,0.009405159882946297,0.011306637722574642,0.012421927057190965
2017-09-27,-0.007491869920391048,-0.006981333287848459,-0.0061102221895864926,-0.0049928800569975455,-0.003637833681564682,-0.002216386542890656,-0.0007625284081467444,0.000682910986395441,0.0020321521320565616,0.0032256421825322176,0.004771799465417594,0.0069244451438509325,0.008972785277291074,0.01088211922365518,0.0119754863726428
2017-09-28,-0.007503663172879492,-0.006956734623048961,-0.006032505443169674,-0.004861525925604691,-0.0034680160608764926,-0.002022064865761933,-0.0005595394546756842,0.0008921528550835559,0.002248433334192104,0.0034424999677786297,0.004975920633278284,0.0071595947812067825,0.009189708301139658,0.011102460882651207,0.012200919952594369
2017-09-29,-0.007537909155330553,-0.006981843842321301,-0.006048495173959497,-0.004866793694096831,-0.003468041462109441,-0.002021778898807971,-0.0005589188643684051,0.0008968681187071576,0.0022532466669231174,0.0034464424439254603,0.004981963154145308,0.0071802418154886275,0.009173294919949393,0.011075573470726227,0.012172413455184616
2017-10-02,-0.007534990065020225,-0.006963042228881992,-0.0059743972189271214,-0.004773994240593313,-0.003371214039306734,-0.0018987739822506925,-0.00041314371745412767,0.0010655234639617363,0.002451329387579232,0.003672959369114114,0.005286443530364645,0.007512501182940721,0.009559203610448897,0.011497809018913369,0.012598358598045527
2017-10-03,-0.007637662440532104,-0.007086811634772579,-0.0061249208876849905,-0.004943571593236579,-0.003548936648401101,-0.002075515773735743,-0.0005808019071022398,0.0009011689997571362,0.0022956722300940644,0.003536462095806379,0.005215659687330653,0.007492426847861341,0.009523002635776656,0.011474278561126991,0.01258422206446394
2017-10-04,-0.007694547423366103,-0.007165227695752796,-0.006222211095598272,-0.005051118824172195,-0.003664277974070633,-0.00219809939448344,-0.0007149320618413473,0.0007544379606197576,0.0021434173418677536,0.0033736641921574394,0.004964981022841564,0.007404589599655686,0.009100890762783748,0.011183819325761834,0.012323751815855464
2017-10-05,-0.007593735413257539,-0.0070735331785214675,-0.0061545103902007885,-0.005003219720287849,-0.003632950695885825,-0.0021810998123440624,-0.0007251363025554832,0.0007140383573658139,0.0020737784695476088,0.0032960170489009987,0.00493473927717664,0.007114977879681669,0.009060946484770705,0.010932629985200223,0.012054452163930885
2017-10-06,-0.007797051094475682,-0.007297620054507065,-0.006392626621663728,-0.005258948923609774,-0.003906054884577355,-0.0024761626365376083,-0.0010435446639071313,0.0003781061718372088,0.0017240448191323512,0.0029444261925905507,0.0046352746633151745,0.006868125737883766,0.008852074747683705,0.01073305374771872,0.01185067476644802
2017-10-09,-0.007781688173916457,-0.007276327071446375,-0.006359374369325326,-0.005208199961037576,-0.003841916526687216,-0.0024020458869789514,-0.0009669565051407328,0.00046154390149751165,0.0018200033881480477,0.0030555227030191127,0.004762987897494793,0.0070438483705587834,0.009006167145110879,0.01091993791829027,0.012029021274605091
2017-10-10,-0.0077653823513751715,-0.007244469235608983,-0.0063075010990494415,-0.0051407581256604305,-0.00375654758140076,-0.0023032318187291134,-0.000854059409153483,0.0005894826616860826,0.0019571824131140478,0.0031994441450366087,0.004906204285336023,0.007233521488403181,0.009165188782100769,0.01107434949207216,0.012197309438947477
2017-10-11,-0.007565015322174729,-0.0069590114023729745,-0.005971119625294279,-0.0047382941931370885,-0.003300215323203931,-0.0018079405459816497,-0.000327845013181915,0.001139103732481862,0.0025277458552485726,0.0037846523363974484,0.00552015296030745,0.00784994961118094,0.009835512885644115,0.011766998562262362,0.0129059783987028
2017-10-12,-0.007511399272234825,-0.006892958634425489,-0.00590569670520136,-0.004674399901117413,-0.003232430534968602,-0.0017297093019625744,-0.00023677955410535438,0.0012401793562392609,0.0026368735609990823,0.003906539114704094,0.0056508159834910525,0.007965249918963095,0.009918391878313856,0.01184333036489103,0.012961715110057243
2017-10-13,-0.007491470978128494,-0.006842889547959702,-0.005815921792128796,-0.004548685476252149,-0.0030825718337291704,-0.0015691620095741802,-7.48090882337584e-05,0.0013999171700969613,0.0027959312127954715,0.004063896576557803,0.005802904033851673,0.008078904392425298,0.010065560980258285,0.011995210727530578,0.013137643110093647
2017-10-16,-0.007405640917727164,-0.006668310370806758,-0.0055748018510376265,-0.004261274619436595,-0.00276857455299645,-0.0012472064923723539,0.00024102241487824127,0.001707754068670438,0.0030942779365985273,0.004349562890105062,0.00606902453255049,0.008293552423305229,0.010262031520059854,0.012189040645826404,0.013358696896233521
2017-10-17,-0.007341457289048907,-0.006605239466106453,-0.005512706571990491,-0.004198375617119376,-0.0026952199174997346,-0.0011580894051368524,0.00034748299549031847,0.0018273168792387665,0.0032251802514109912,0.004493789637229987,0.006218025965797504,0.008392542419110846,0.010434453035808427,0.012353221633638738,0.013515379181423438
2017-10-18,-0.007315314367295994,-0.0065886681780643426,-0.005517805182256469,-0.004227215462297156,-0.0027444800353161954,-0.0012212118919266936,0.00027198751664375107,0.001737208858972842,0.0031214610270470793,0.004379136602771655,0.006095028923994754,0.008268515633778614,0.010326310101334663,0.012244653873141782,0.013403528658780006
2017-10-19,-0.007359125807952879,-0.006643920970404699,-0.005591830034199971,-0.004321666565423426,-0.0028573638555009725,-0.0013486367724865527,0.00013785223112433104,0.0015991008849900352,0.002977942714719409,0.0042331310238887,0.005949756990306339,0.008118480114851341,0.010183891446257995,0.012075675734846114,0.01320780506794952
2017-10-20,-0.007311666096124754,-0.006557360741963028,-0.005463477843958355,-0.0041555156368923134,-0.002671014481667196,-0.0011601052829281336,0.00031222568445937206,0.0017590120343177825,0.003124575393450128,0.004370991099754905,0.006081212402282409,0.008259626568190853,0.010283138708930703,0.012160210686736488,0.013259255912086779
2017-10-23,-0.0073354570023459855,-0.00655672959531609,-0.00543935173560516,-0.0041139985531034136,-0.0026229094155642073,-0.001111545280852849,0.00035488131134407826,0.0017958335913024856,0.0031552145411097472,0.004390617268226843,0.006082920940794082,0.008236691862893011,0.010285140869283345,0.012141877505311335,0.013230189465034296
2017-10-24,-0.007626091021546802,-0.006890019353621388,-0.005831098639853634,-0.004563629432149571,-0.0031189556980184903,-0.001639295973482461,-0.00018634920884650545,0.001249196313100003,0.00260790212116896,0.0038525423480180107,0.005585072325776735,0.007741751426876501,0.009817071890744518,0.011674296290389465,0.012772792665936344
2017-10-25,-0.007598254245496504,-0.006851751413821945,-0.005781311422729505,-0.004497188353290019,-0.0030324193678498063,-0.0015292470226279228,-5.344904061524586e-05,0.0014000715976747054,0.0027717262357563857,0.004024346655474786,0.0057554889213409215,0.007918053226195845,0.01000296350685778,0.011861571405692016,0.012972919750052573
2017-10-26,-0.007544036936593103,-0.006755396369877099,-0.0056336662277369,-0.00429832876934312,-0.002780717101689563,-0.001228715916356549,0.00029372882865729967,0.001788974325978816,0.0031963801841162717,0.004476851715413613,0.0062302265886076185,0.008378133694214238,0.010494353242152562,0.012346847607703009,0.013463556591246349
2017-10-27,-0.0075727128230375345,-0.006769067914572576,-0.005630293403468298,-0.004256886682403118,-0.0026925048350805083,-0.0010955400588435339,0.0004423376745512573,0.0019425051205165568,0.0033530214525953218,0.0046293086936807434,0.0063743729385767655,0.00858797652282418,0.01067220721404168,0.012514195708094597,0.013616738980541988
2017-10-30,-0.007518322233822385,-0.00668982919329182,-0.005551271858849665,-0.004204686722132536,-0.0026848895733205497,-0.0011322432597925577,0.0003883889069460391,0.0018749836366180222,0.0032700438124739018,0.004532080895710654,0.006237377379602941,0.00834253784819004,0.010441870784729064,0.012282303462874232,0.013366616288765443
2017-10-31,-0.007678871397526354,-0.006849705641489298,-0.005712318408055077,-0.004367492253000803,-0.002847065952538986,-0.0012945813335423662,0.0002259300542153742,0.0017188786321389478,0.0031154786744336097,0.0043775970301407514,0.0060734331217165705,0.00827244511567873,0.010309449424570663,0.012129673349984537,0.013542750082011867
2017-11-01,-0.007621068314419026,-0.006800676984912786,-0.005670372200823999,-0.004327373778760487,-0.002799628364563917,-0.001232850531611643,0.00030590745332280693,0.0018148577446860125,0.003228879566605854,0.004503665052999289,0.006225460597148965,0.008441154872964153,0.010498099507119756,0.012327114465869727,0.01374147964548403
2017-11-02,-0.007603967308795168,-0.006799220393733032,-0.005684635708045614,-0.004361070787313125,-0.0028594412078233374,-0.0013236129940168348,0.00018434217911594462,0.0016677487216662774,0.0030608526279391228,0.004323351330936719,0.006045519253876656,0.008293009279140355,0.010306063986429864,0.012132732491523895,0.013554350286231597
2017-11-03,-0.007530855453991516,-0.006684327596161095,-0.005541807687959401,-0.004195327940221933,-0.002692838598654666,-0.0011603204868254914,0.00032822904992866697,0.0017951310753452753,0.003171550310270842,0.004420521622868545,0.006144840079883244,0.008420864807543112,0.010432783646851688,0.012230461472396339,0.01365537372577623
2017-11-06,-0.007560969631469797,-0.0067050669212771604,-0.005538762346858932,-0.004170873544195455,-0.00264787851255426,-0.0011028269235499979,0.000401008585469049,0.0018935103747494309,0.0032836832555977196,0.004538434765810899,0.00622659915685409,0.008515430771839253,0.010504705707867839,0.0123494285653066,0.013742971337365168
2017-11-07,-0.007614551157953674,-0.00676732850452407,-0.005620074453807555,-0.00427040162395676,-0.0027720233388340036,-0.0012502760567898834,0.00022774615333474597,0.001685797765366488,0.003044876304624615,0.004270471527086168,0.005966492491279707,0.008288310280985043,0.010282410949099471,0.01206205049892976,0.013487957783280049
2017-11-08,-0.007580341045244637,-0.006737152331319884,-0.005601345273466116,-0.004260948252257307,-0.002771335211595897,-0.0012577212908759221,0.00021369564616913143,0.0016657016161873055,0.0030231291582189118,0.004252987888539661,0.00596800915373515,0.008259957988853268,0.010285973290702397,0.012051667463786855,0.013479566353061703
2017-11-09,-0.00752650864451622,-0.006658651378265981,-0.005499838126953807,-0.004133312957085473,-0.002618984280468011,-0.001080452340956356,0.00040614838991358623,0.001867923880317596,0.0032326417238122676,0.004470112759441685,0.0062100785439705136,0.008604099361789125,0.010533732554036966,0.012306279035736403,0.013762322009218156
2017-11-10,-0.007603813242814663,-0.0067539252297168185,-0.0056131819194164805,-0.0042658673924820855,-0.0027598175304860955,-0.0012227328764681466,0.0002773670707509444,0.0017506437015447226,0.003122878430174212,0.004365453796587088,0.006140318438463332,0.008561740033594245,0.010481847943522866,0.01226329905899641,0.013732607863402607
2017-11-13,-0.00785615020899776,-0.006975221699358944,-0.005847751470795875,-0.00453492942413286,-0.003052495020208064,-0.0015441651724552616,-6.385501785416619e-05,0.001393702400742842,0.0027554003593995087,0.003994621084655817,0.0058025174886363025,0.008284083438347469,0.010176591563464076,0.01194340529788513,0.013415786607472474
2017-11-14,-0.008013906509274391,-0.007146193995410533,-0.006037914612321622,-0.00474451353379847,-0.003277685675723947,-0.0017825668797021015,-0.00031378648986587506,0.0011336756723130104,0.0024899620779054664,0.003726967473849076,0.005519758433197393,0.007983837830675009,0.009867058913446492,0.011631053993915138,0.013111040755364917
2017-11-15,-0.007930338862175647,-0.007079949006268377,-0.0059821644561675645,-0.004698867853816896,-0.003251903008129893,-0.0017825400910266482,-0.00034750943175925397,0.0010759438139982503,0.00241458029539406,0.0036403165636774482,0.005436661129934483,0.007893764533592187,0.009774493309931616,0.011504148155602545,0.012991398662652994
2017-11-16,-0.007887000125516531,-0.006975754794452055,-0.005821491917349611,-0.004489700986987696,-0.00301206103448037,-0.0015247609489562597,-8.158435509825615e-05,0.0013482864065843645,0.002689870823390048,0.003917252066141822,0.005692204711871855,0.008107172202363993,0.010018347625634885,0.011727470304435682,0.013225412308674016
2017-11-17,-0.007904952573299859,-0.007016617346835388,-0.005869366166769946,-0.004539626391733572,-0.0030574916977573366,-0.0015683667830516997,-0.00012294456070475692,0.0013084072205331748,0.0026525840594685537,0.0038831992641318682,0.005671863892286227,0.008093074501743644,0.010001949090368053,0.011722024860302428,0.013230196407428474
2017-11-20,-0.007837064557941196,-0.006876167256172478,-0.005652167292103927,-0.004246673704076224,-0.002698061612919399,-0.0011509096802301395,0.0003451591864166448,0.001816867594306566,0.003193647497500702,0.004437797406688973,0.006180037240022544,0.00878672806139653,0.010629203624747383,0.01236202847753243,0.013877208202959731
2017-11-21,-0.007869253708722686,-0.006920551458146955,-0.00571699803761411,-0.004329935852180393,-0.002793474651190294,-0.0012516074692959294,0.00024527501493054946,0.0017187331264172958,0.003096325047701749,0.004347111782905733,0.0061391959462641765,0.008562586743180034,0.010477567106122281,0.01220835002162893,0.01371544064585487
2017-11-22,-0.007775510015745593,-0.006796591566016577,-0.005557540267872283,-0.004126288140610334,-0.0025389111117155123,-0.0009461601184505428,0.0005761853269459753,0.0020508228218904553,0.0034261602056899296,0.0046712875093502864,0.006470494846496637,0.008907783908902088,0.010813826902489226,0.012543860832549597,0.014047517159201713
2017-11-23,-0.007733852025027474,-0.0067192813298312636,-0.005461803442195756,-0.0040292214409853025,-0.0024473349686975903,-0.0008647563579989576,0.0006506790900648616,0.0021225540891586297,0.0034901923722911836,0.004735049168807251,0.00653538901138624,0.008987407873421059,0.010890280782797194,0.01262665148202044,0.014129871621417557
2017-11-24,-0.00794898570404446,-0.006976132529148824,-0.005755980066519427,-0.004356858953772863,-0.002801852010320186,-0.001228505708712616,0.00030235934216424977,0.0017932504094498778,0.003180110657352309,0.004435039050150174,0.006234761335294329,0.008674461675752969,0.010626840344175034,0.012405140861431933,0.013895424972922683
2017-11-27,-0.008203391355802225,-0.007282916567430519,-0.0061302632522381335,-0.004793017571141325,-0.003273609559965631,-0.001717153818125328,-0.00019100274450176065,0.0012964855202236094,0.0026868435357123637,0.003957484867205201,0.00585143639152713,0.008435905623499152,0.010377604684566534,0.012178563215135035,0.013687068739714035
2017-11-28,-0.00817659381605783,-0.007254346007789339,-0.006112946429196374,-0.004794210498473381,-0.0033056694974538284,-0.0017833136421475876,-0.00029847556401019324,0.00115850161026583,0.0025249664477853067,0.0037757300743862647,0.005627808496521953,0.008122447740270619,0.010040068335686544,0.01180406141006165,0.013316448868288581
2017-11-29,-0.008096070368705103,-0.007212049845919532,-0.00609495120163758,-0.004792840053588783,-0.0033183592276131223,-0.0018117032339274178,-0.0003428111821632929,0.001098162198222742,0.002450059558481614,0.0036852360450763066,0.005486007258035192,0.007907574374480015,0.00980954811884502,0.011537279787896674,0.013044568864297501
2017-11-30,-0.008059884017742443,-0.007178054791444204,-0.006051691067794998,-0.004736763166241046,-0.0032475501258108263,-0.001725100644480215,-0.00023828344270490555,0.0012117389576342657,0.002571735456944787,0.003810992996745435,0.00563251774240309,0.008106086596210564,0.009988164087381056,0.011748404980933434,0.013248318141247346
2017-12-01,-0.008036100193347533,-0.007160950778314548,-0.006046180392117248,-0.004741828435074862,-0.00326011815213752,-0.001740668538835986,-0.00025407984768836144,0.0011982911879920611,0.0025606713121905473,0.0038033460749119447,0.0056299377767736495,0.008083254657767347,0.009989265852403237,0.011742319244176088,0.013248139245863622
2017-12-04,-0.008039469313470453,-0.007167485685559319,-0.006052732827970351,-0.004747996806858929,-0.003268078347084344,-0.0017567003489025567,-0.00028460078715598984,0.001153594161566208,0.002505091205787024,0.0037408989705341174,0.005559459413117029,0.00801024790299351,0.009929070111003867,0.011679972867790047,0.013183619239657106
2017-12-05,-0.008115872062707901,-0.007279593374408393,-0.006193124907148015,-0.004911385087971415,-0.0034496115383601594,-0.0019523674573496891,-0.0004941472071140934,0.0009278926717858711,0.002267153025278269,0.003495053389571056,0.005332524596046141,0.007782107965083952,0.009725771516525487,0.011485392620487334,0.012986251325966083
2017-12-06,-0.008133155237649105,-0.007315320085199623,-0.006247086573124335,-0.004980608221813364,-0.0035200225895973395,-0.002014678286997468,-0.0005510939983573467,0.000861890543688068,0.0021928204893782856,0.0034161938859146863,0.00527557506838169,0.007736228005886426,0.009687733997553119,0.01146602609578004,0.012980860389187984
2017-12-07,-0.008069322056521316,-0.007281034849445841,-0.006241347372534917,-0.004999577148146824,-0.0035603386473330506,-0.0020713183923652292,-0.0006192682965615055,0.0007883192751439464,0.0021145109854537034,0.00333234407973426,0.005172249587234085,0.00759305127998964,0.009548210742889881,0.011295466156325177,0.012815507715569023
2017-12-08,-0.007985367897589978,-0.007133402697234612,-0.006017703078403244,-0.004701065907522887,-0.003195547477277447,-0.001651823506015334,-0.00014761097050377,0.0013126081698903403,0.002683151947382626,0.003937138991103572,0.00581129618319202,0.008278534900783932,0.010248924491486506,0.01204991841032035,0.013553611839701734
2017-12-11,-0.007960876657624936,-0.00708111043724517,-0.005925475158140359,-0.004566657298469658,-0.0030224475628169334,-0.0014476945626006872,7.385919093464263e-05,0.0015425924376523046,0.0029188261970751147,0.004176813480832556,0.006067653199791494,0.008557485342398271,0.010529988782874417,0.012350040642111645,0.013863895176501214
2017-12-12,-0.007984824442398605,-0.0070877621964251115,-0.005920405215174312,-0.0045544094945389295,-0.00300860411144638,-0.0014329588024104504,9.766953313249758e-05,0.0015795261366262094,0.0029739401611642417,0.004245493720417939,0.006145765942717502,0.008663948301901899,0.010599918691056833,0.01240912842766103,0.013920081895653464
2017-12-13,-0.00789354209786384,-0.0070679696227932,-0.005941552230792346,-0.0046052581682835955,-0.0030803839624486337,-0.0015290072078337665,-2.8993955279385236e-05,0.001423946178624176,0.0027930840963368508,0.004048385126607544,0.00594154588866337,0.00839360071928062,0.010355946839089162,0.012140798423272902,0.013629217145753717
2017-12-14,-0.007898762076805729,-0.007108593397001151,-0.006017868011429361,-0.004713497244248819,-0.0032117600634900376,-0.0016836201260391947,-0.0002109085760073573,0.0012217463676446592,0.002571658123964279,0.0038129162139858433,0.0056742354607455135,0.00812337711667819,0.010086296677402153,0.011867218185255874,0.01335343457798027
2017-12-15,-0.007828533678142456,-0.007041315560925131,-0.00594722311524681,-0.004639571774431287,-0.0031395283529927482,-0.00161567797203497,-0.0001439515573603604,0.0012881920667489654,0.0026419527156787215,0.003887187927070997,0.005755186643334642,0.008202602320957396,0.010153265960822713,0.011937634423658541,0.013421487876193659
2017-12-18,-0.00787598443817034,-0.007083824248196161,-0.005985778315978858,-0.004676062672346979,-0.0031832466084024767,-0.0016692293853635303,-0.00021087706616648632,0.0012141498482298341,0.002571970114165767,0.003826065045979249,0.005689989514421634,0.008039199430719415,0.010015001886612527,0.011788376075746248,0.013255634404134143
2017-12-19,-0.007845120647706724,-0.007052646246062984,-0.005959937553226933,-0.004657817320963924,-0.0031753314554805023,-0.0016738090807157369,-0.00022919424726888102,0.0011872600759760647,0.002552618476426642,0.0038299858181605685,0.005691346909214617,0.007928329223223184,0.009893259226423666,0.011646790080582413,0.013110656064746432
2017-12-20,-0.0078387888313611,-0.007055412399160638,-0.005969749223850171,-0.00467254121428206,-0.0031975149878414443,-0.0017048144466152884,-0.00027456940395627127,0.001128681986706159,0.002487794222372676,0.003760546456326118,0.0055920002167603395,0.0077609590847735254,0.00964870928693866,0.011365464066831497,0.012783562258371186
2017-12-21,-0.007649797774695174,-0.006841279812825696,-0.005744199933491536,-0.004448678537250733,-0.0029902566511303,-0.001524322021789785,-0.00012627655488665378,0.0012466942271958962,0.00258287242931787,0.003843308056740915,0.005651491775946619,0.00769333376064899,0.009610961015688367,0.011266360487724383,0.012668667005878119
2017-12-22,-0.007593987026065591,-0.006787855276444702,-0.005697628530798314,-0.004406736324742486,-0.0029548246388438892,-0.0014967361420333317,-0.00011172667017238335,0.001245644610581693,0.0025678584792880703,0.0038158317724062423,0.005616109123578639,0.007651707914222531,0.009543712597408832,0.011181777072165833,0.012591696563050888
2017-12-27,-0.007615675578126669,-0.006811335139763947,-0.005709550528132959,-0.0044031699990780375,-0.002926301379080552,-0.0014400399945802575,-2.9489116813065007e-05,0.0013419407761597652,0.0026701873279502946,0.003918084951763823,0.005704514915103298,0.007765021500223878,0.009653623427713386,0.011297188202866272,0.012705373202248913
2017-12-28,-0.0076905412913431314,-0.0069232853810813596,-0.005857470174755248,-0.004580053779303761,-0.0031190594759031437,-0.0016390064759656837,-0.00022772805635906077,0.0011428752536677912,0.0024717799278337533,0.003720328995641609,0.0055113438355731265,0.007616750300675292,0.009507846506669247,0.011153670353660062,0.012547523402710833
2017-12-29,-0.007675820041225942,-0.006900398586347106,-0.005843248029929692,-0.004576093900257328,-0.0031290218573093807,-0.001658540938241527,-0.0002562236203193139,0.0011094796625024214,0.00243995261005697,0.003694624310573803,0.005497784770967741,0.007539395498675461,0.009485967447360577,0.011149417741312426,0.012534501888879697
2018-01-02,-0.007567125305845917,-0.006691612192259047,-0.005534653846280665,-0.004182357847531412,-0.0026845011498533872,-0.001189223707098114,0.00021199604932356137,0.001576395361200901,0.0029005213242372582,0.004145161044434549,0.005919929075116417,0.007950080161299711,0.00986796312795014,0.011507155215293514,0.012909847898352152
2018-01-03,-0.007600564235695907,-0.006717391185980858,-0.005564760427395769,-0.004222770412607748,-0.0027428715354272278,-0.0012702685862381463,0.00010653517495105677,0.0014495884794741714,0.002755281316073441,0.00398512476566932,0.005736339008418781,0.00771060605755867,0.009636961174183015,0.011250283321412797,0.012659923514323988
2018-01-04,-0.007779378598496538,-0.0069459016172677855,-0.00586896568522909,-0.004598088618586333,-0.003175565718320151,-0.0017354818998134183,-0.00039671758847243695,0.0008911370261681123,0.002144750820860167,0.0033182531291024446,0.005044808117439498,0.007172480832918747,0.008990645564747116,0.010548695723179305,0.011954758106025552
2018-01-05,-0.0077681105290994135,-0.006921654039391254,-0.005815752653631828,-0.00451654035985656,-0.003075103890277654,-0.001620615147946058,-0.0002486542462820447,0.0010876151491368705,0.0023863386361625168,0.0036058428191848386,0.0053253845007031455,0.007356223015324452,0.009275654481227653,0.010900336507557822,0.012300694134986037
2018-01-08,-0.00794441713018793,-0.007076334233433458,-0.005966211472103936,-0.004658922516281073,-0.003214429737288959,-0.001749754359235233,-0.00036948407110855286,0.0009662982191059588,0.0022589150760740032,0.0034646251305208557,0.005161895703497696,0.007201905437809175,0.009142142983378666,0.010780829191474372,0.012158741052657343
2018-01-09,-0.008037966524700558,-0.007209112676967364,-0.006147848853473869,-0.004887271117787234,-0.003470406236466001,-0.0020162065197750177,-0.0006203666823274103,0.0007328500497549014,0.0020354995249727485,0.0032405353409723308,0.004905817742036389,0.006920945782691394,0.008858785027315677,0.010495545231022566,0.011870283641040008
2018-01-10,-0.008162461472962677,-0.0073351133929948475,-0.006268010156138207,-0.004996148267571346,-0.003563759939589971,-0.0020997260780943557,-0.0006975213378493693,0.0006620025647185619,0.0019721940242354904,0.003187899784559132,0.004890847737085028,0.006970048338894118,0.008929814444861885,0.0106007268094014,0.011975594193596208
2018-01-11,-0.008072001874449423,-0.007202613043848948,-0.006110095508705998,-0.004821460657429991,-0.0033823086472876945,-0.0019197556846686113,-0.0005323925208371884,0.0008124624311298053,0.002110776286839367,0.0033188942280256164,0.005029304278823773,0.007146227769797501,0.009082162988884673,0.010753131502569912,0.012124015367624405
2018-01-12,-0.00796202915799988,-0.0071047443563843635,-0.006014866804052982,-0.004729678711724496,-0.0033049320123041473,-0.0018707988684578914,-0.0005269209470882103,0.0007772586067359713,0.002040494456483371,0.003221497587108073,0.004900961945971678,0.0069844422028890185,0.008886401600030241,0.010539781815437535,0.011915884876968678
2018-01-15,-0.007959227803145147,-0.007085805304817077,-0.005955621863490555,-0.004629222250812154,-0.0031626639436084483,-0.0016930380625705625,-0.00031897231312628304,0.0010131316549674375,0.0023008955419904433,0.003501456707578199,0.005198070434559731,0.007296989367533733,0.009213381445981026,0.010895706252833636,0.01227385217485013
2018-01-16,-0.008017009087238415,-0.007136934343204725,-0.005999951837179649,-0.004665443313515681,-0.0031916640880747366,-0.0017155669197992701,-0.0003335100092334356,0.0010126145629876888,0.002311849550465355,0.0035235790401823793,0.005243074924508474,0.007363478427609507,0.009263309253003022,0.010954790267868594,0.01229891177174167
2018-01-17,-0.008070269799551916,-0.0070786557460855324,-0.005882100760560879,-0.004526150045813302,-0.003060191097026306,-0.0016076723799016764,-0.00026319685460998867,0.001051493089550184,0.002328357700157453,0.003527486329122716,0.005201755113490165,0.00725001591514167,0.009123400721673015,0.01077689155692681,0.01211065962092725
2018-01-18,-0.008131366663491782,-0.007052771481104308,-0.005837712730601861,-0.004494753629086676,-0.0030533337862024014,-0.0016243019651972113,-0.00030533233173252644,0.0009762177925371619,0.0022219375464094513,0.0033885048470521394,0.005011584120327049,0.006988499881891476,0.008846890882235817,0.010441561632440375,0.011783242447046252
2018-01-19,-0.008027834312221255,-0.006944855996428341,-0.0057265463619310146,-0.004382809284081631,-0.002945499683937154,-0.0015266550859363152,-0.0002280261268246629,0.0010439273393322115,0.002287673895287237,0.0034591942755124857,0.005090565991321942,0.00710993070302929,0.00893812281874488,0.010536428384788174,0.011884770335271898
2018-01-22,-0.007940665388122133,-0.006762964105909876,-0.00544817519536508,-0.0040118113828773285,-0.0024897033450158273,-0.0009983997919045346,0.0003534791118954713,0.001668288351154892,0.002951650447009762,0.004159764621417451,0.005826250073011723,0.007875361726816497,0.00972908209540159,0.011383901436983616,0.012746627799963271
2018-01-23,-0.007853687041871211,-0.006588327800513031,-0.00519251229334613,-0.003689105929494485,-0.00212550490471206,-0.0006130312517850643,0.0007306463645627536,0.0020402026883973978,0.0033133739091132327,0.004515165843421468,0.006165520443211167,0.008201546907234044,0.010075639372331973,0.011752498014902007,0.013136802699555866
2018-01-24,-0.00773385688390042,-0.006420677081213848,-0.005012006848644899,-0.0035118929212095847,-0.0019614958557193658,-0.00046384324831753957,0.0008668076637356383,0.002157824234609187,0.0034232100288512403,0.004617661567559417,0.006276608383585657,0.008184694985618319,0.010062950203693527,0.011730527785897225,0.013093084169280105
2018-01-25,-0.007651463365687122,-0.006310531129224359,-0.004900126667383874,-0.003410082004810239,-0.00188634161380647,-0.00041745131977937426,0.0008830111553412645,0.00215444515021298,0.003406436848226201,0.004592133261459229,0.006228139535968873,0.008145329747107945,0.009994963723832793,0.011655658924778474,0.013021189189858689
2018-01-26,-0.007623522248277374,-0.006324606440810414,-0.004946176205145337,-0.003486703329266901,-0.0019950765723046695,-0.0005661075050896353,0.000683572624327466,0.0019071101265852547,0.003119150233309539,0.004276333745457686,0.0058926655220453514,0.007858064768724141,0.009689277082038516,0.011347246986139063,0.012702668664654302
2018-01-29,-0.007056037495219751,-0.005900653342028086,-0.004612107123387239,-0.0032013977222450623,-0.0017228484083903306,-0.0002910171766828941,0.0009793776515308258,0.0022338827756155674,0.003475224981059535,0.004659692551084727,0.006305300911936351,0.008186573913166347,0.010084072453720646,0.01176316933383456,0.0131271028527569
2018-01-30,-0.007056158146498356,-0.006017143463700014,-0.004727922169329438,-0.0032858795572217824,-0.0017780541282669674,-0.00032869674453981637,0.000967475524331655,0.0022445766304442544,0.003495502467808193,0.004663191553998059,0.006319325782022471,0.008373101085412787,0.01027167653339315,0.011961053117671086,0.013333487606973253
2018-01-31,-0.007032729314534168,-0.005943126977098129,-0.004630778116334771,-0.0031743910804526566,-0.0016523212569188302,-0.00016914705131962417,0.0011864847183349016,0.0025153602484986,0.003809553169009076,0.005011980634654142,0.006667650602948145,0.008630823362843683,0.010652822423438298,0.012382860666018456,0.013727925611400136
2018-02-01,-0.007074436455218861,-0.006010030508619115,-0.004724945803626768,-0.0032687636861220334,-0.0017513746492334367,-0.00029346487600845014,0.0010843191639465805,0.002383575928317202,0.003649295076404535,0.004762433769927479,0.006248056285881281,0.008357034629226254,0.010342525350294736,0.012048002278452485,0.013439917967339314
2018-02-02,-0.0068962088910168575,-0.005856062012645054,-0.004601147262587701,-0.0031751291866171424,-0.001679481230690753,-0.00024280659818981968,0.001113207343080527,0.0023894983853891823,0.003637264548675468,0.004734703294165648,0.00619483038059774,0.00829568312227908,0.010173246964863403,0.01183997298589401,0.013225222682552934
2018-02-05,-0.006929939117404026,-0.005875401918774546,-0.004631365626852724,-0.0032264542202718335,-0.0017325189620603623,-0.0002896275973732794,0.001080344391115377,0.002372797062736498,0.003634610406877685,0.004743355216755702,0.006228506070348487,0.008332182888390202,0.010288738021664376,0.011982575569902188,0.013375330867707534
2018-02-06,-0.0069982135754980725,-0.005961285647777855,-0.004723438332705309,-0.0033217347532350943,-0.0018309776065589009,-0.00039199036730438986,0.0009703486171648351,0.002252614697653191,0.0035106951367475173,0.004621831494675648,0.006118276225481071,0.008234913707339716,0.010162005207616122,0.011865493704253454,0.013257375481079034
2018-02-07,-0.0069478993019054785,-0.005905900509150116,-0.004645475713805689,-0.0032101616111613386,-0.0016812459119590162,-0.00020294117109802759,0.0012010112678653873,0.002521278876278961,0.003806166461394993,0.0049322309149315785,0.006454947283150137,0.008590884902048795,0.010571625515649677,0.012358848371637724,0.013810283892675936
2018-02-08,-0.0069334398933438455,-0.005880260406936571,-0.004593429310015994,-0.00312556512604465,-0.0015642176061155333,-6.322768320921302e-05,0.0013534539494240172,0.0026803929780551913,0.003977802669181359,0.0051214398275538885,0.0066703919743391115,0.008846525798343042,0.010808409581137214,0.01256480068871772,0.014004371833538275
2018-02-09,-0.006444085968484817,-0.005374525018882292,-0.004034025609562155,-0.0025161365625404834,-0.0009316347208439747,0.0005583592857903544,0.001945441676101595,0.0032332312627578845,0.004488547743049414,0.005590305590865446,0.007064946302415005,0.009172955011731963,0.010997145058931112,0.012675584937793584,0.014126423218651075
2018-02-12,-0.006553628527263654,-0.005364126234179511,-0.00394938381660828,-0.0023955252470169836,-0.0008059511471502815,0.0006592359249072256,0.0020126552940891796,0.003263025555425182,0.004484280833703845,0.005556645643519391,0.006992777190341514,0.009060994016322948,0.010818692672843805,0.012436681429472369,0.01386859658090669
2018-02-13,-0.006662242754344184,-0.005476484501231985,-0.004065188031254149,-0.0025015605167305614,-0.0008947969807577946,0.0005998579616305291,0.0019809503922898594,0.0032570091408188136,0.004497772628195531,0.00558399037709901,0.00705532220263525,0.009146881038233846,0.010929378224134485,0.01259317616506175,0.014023216364816016
2018-02-14,-0.006725162737831276,-0.005509906879215186,-0.004103420316239502,-0.0025713903682587115,-0.0010049199877873666,0.0004485601106514965,0.0017944989436230149,0.0030391143356913535,0.004255551144104716,0.005323989466295923,0.006774152969783842,0.008823549515156263,0.010566952373006694,0.012221792771387192,0.013631154338242087
2018-02-15,-0.0067508618647691195,-0.005543196863239892,-0.004126292852827021,-0.002588522126672952,-0.0010228193587174205,0.00042091154608171104,0.001757322955722964,0.0029923613516428353,0.00419394150925537,0.005248977921474637,0.006672031867438605,0.008694184020461817,0.010432143089570427,0.012051388159263009,0.013440402017897693
2018-02-16,-0.006807299222565748,-0.005548814359350805,-0.004091033531261373,-0.0025149847024912484,-0.0009096636799282129,0.0005700960502999589,0.0019361978684282381,0.0031740594662296607,0.004377102441752846,0.005430796241791921,0.006877983813510027,0.008959494268677835,0.010723909249302188,0.012368066633932844,0.013744179470915644
2018-02-19,-0.006942131195860318,-0.00568944427782051,-0.004221032720702152,-0.0026212157413387054,-0.0009864695924102598,0.0005256671331488987,0.0019213184345412482,0.0031733474890208962,0.004386135967414522,0.005448170288683794,0.006925617402845555,0.009057432690771918,0.01082643445418916,0.01251004244291236,0.013886987415330239
2018-02-20,-0.006938413448553635,-0.0056985998477303195,-0.004240832868410896,-0.002649837032220992,-0.0010215768337873167,0.0004926552144624252,0.0018969513186365323,0.003159217197984092,0.004377597904128861,0.005439907707744071,0.006930295445441913,0.009081802786760676,0.01076861365855684,0.012445193044868623,0.01382092321526692
2018-02-21,-0.006886898015951132,-0.0056452785005999245,-0.004184171487781208,-0.0025948384529481754,-0.0009733257720159256,0.0005273439231300871,0.0019132443973938922,0.003155464155627126,0.00435709029262309,0.005404270410585062,0.0068745859199810105,0.009009096354535921,0.010716772111516037,0.012377176621319102,0.013734148614645413
2018-02-22,-0.006814769864521435,-0.00555763352379735,-0.004066245657829955,-0.0024413017283003236,-0.0007854198721945963,0.0007383772086218681,0.0021464275042010197,0.0034082230436401225,0.004619321664079176,0.005666620705850355,0.007135747272828809,0.00928668404174642,0.010987939472035553,0.012644764849466514,0.013999607117837846
2018-02-23,-0.006694873164928459,-0.005349190404816164,-0.0037553584762278188,-0.002043867346955659,-0.0003448993657279816,0.0011651811503233126,0.0025282429383886,0.0037357271459625423,0.004899555523626356,0.0059014272743412996,0.00728451487940441,0.009306418008119712,0.01092370965920458,0.012495609954325634,0.013842776282858262
2018-02-26,-0.006520986354748807,-0.005121384518702486,-0.0034765225233539727,-0.0017316957752789572,-1.983094717813948e-05,0.00147288633376187,0.00279607933183761,0.003947913647472447,0.005058226148573053,0.006021848682113558,0.007370735555716107,0.009323622711414167,0.010752764116681983,0.012218266679487557,0.013526915431204852
2018-02-27,-0.006351327141366703,-0.004845973594393386,-0.00312571960748251,-0.0013209611328536851,0.0004591017264549262,0.0020319778828762802,0.0034360666760460882,0.004628932000549114,0.005761334877465283,0.006729835203542881,0.008074124992552754,0.010023829645093716,0.011431995953741277,0.012840375834369248,0.014132515085896007
2018-02-28,-0.0064449041198806345,-0.004932962176767465,-0.0032203794413908867,-0.00143745898019111,0.00031613387132806066,0.0018805516364211827,0.003293360238884991,0.004508194747987131,0.005665694195252306,0.006655398949571749,0.008049361090874677,0.010057663810455884,0.011486122731182952,0.012983703472002459,0.014247246572722135
2018-03-01,-0.006457548139691061,-0.004898310330690646,-0.003148577783831879,-0.0013513811194498038,0.0004042459722262631,0.0019598279484786454,0.0033646627741044095,0.004573051620466593,0.00572439898653756,0.006699003621717412,0.008063244095423213,0.010080606209872611,0.01128252687549928,0.012714178569618977,0.013881406324595466
2018-03-02,-0.006622752045231037,-0.005024540671792879,-0.0032510249664878775,-0.0014274691859484671,0.0003665942530717078,0.0019793139633905786,0.003452445534333271,0.004709455083797967,0.00591242019694475,0.0069486465034129625,0.008232646462176703,0.010196439688262685,0.011518285479776331,0.012976090207561344,0.01410658587905479
2018-03-05,-0.006622029000402244,-0.004935230369216786,-0.0030831651354756707,-0.0011884264499619304,0.0006704267821121793,0.0023410335745546406,0.003867892485709231,0.005162752666838184,0.00638843758344163,0.007430059651632463,0.008723500446705574,0.010720660635381175,0.012017377137694664,0.013516543840622683,0.014602367198222835
2018-03-06,-0.006720285645392028,-0.00507165696161477,-0.0032660285229339763,-0.0014065789228194841,0.0004363568141759562,0.002119836336251705,0.003670699391828187,0.0049895017170235095,0.00623664545569412,0.00729672297061014,0.008617792207407993,0.010667756744996277,0.011944818720541185,0.013517038527370762,0.014599773892767369
2018-03-07,-0.0067312979641844925,-0.0051612381921561385,-0.003439601056431861,-0.001653912726145494,0.00012775106002288415,0.0017677783015587394,0.003282836836004128,0.004570403522226125,0.005793314734487686,0.006833611349833056,0.008145616631321654,0.0102151981891253,0.011487723024630239,0.013054801320852858,0.01410998994377188
2018-03-08,-0.006615499837358896,-0.005017304521097608,-0.0032377579870300354,-0.001386658363211719,0.00045576250646133524,0.0021364403376773356,0.003679833303012115,0.004982758309211627,0.006217758961597337,0.0072577311066522,0.008516750802027418,0.010499342157369094,0.011792362886539284,0.013355752841800848,0.014432495826049874
2018-03-09,-0.006570921485958496,-0.00493383062215412,-0.003099267656389833,-0.0011875591051524479,0.0007162759766511299,0.0024447222947907568,0.004030062503043067,0.005351583883591879,0.00659561669455416,0.007633318107865033,0.008882418041790652,0.010838851582969043,0.012125313322027716,0.013665399982260252,0.01468326091557083
2018-03-12,-0.006647998614407921,-0.005031677183708962,-0.003216180048337566,-0.0013146869153972977,0.0005900291927387735,0.002323150057945123,0.003906609172606765,0.005211043576232489,0.006439420095868904,0.007470854123563351,0.00874430696141061,0.010712850751396406,0.012035975050500296,0.013582018221640166,0.014358288674471736
2018-03-13,-0.0067685191349432594,-0.005163666739877897,-0.0033381797756120587,-0.0014103868240421054,0.0005253877453360963,0.002284169262490721,0.0038875897392524283,0.00520209701749267,0.0064401035059059005,0.007476596305095562,0.008729732867045462,0.010710758823700324,0.012003425767613497,0.013497736980980297,0.014154423565627527
2018-03-14,-0.006725723517561711,-0.0051501005134664355,-0.0033535014859626426,-0.0014474960566413662,0.00047679223563776556,0.002239158520230555,0.003852228474083834,0.005165233213958075,0.006401271665695566,0.007436019058724437,0.00873174847590735,0.01077323899155889,0.012139980165750205,0.013626887549756585,0.014440023550842092
2018-03-15,-0.006646075130196364,-0.005078667381194559,-0.003277538970574234,-0.0013600548841047355,0.0005684981603595023,0.0023449929918228194,0.003896082562922196,0.005237168257553461,0.0064966722732747,0.007493944808493512,0.008799308596333,0.010871411842532151,0.012240341509590838,0.013723819308769604,0.01460025323775769
2018-03-16,-0.00662849717140692,-0.005034041429541446,-0.0032206947526082622,-0.0012935722703073895,0.0006434216184427593,0.002420960338186976,0.003961248257840985,0.005293994099762411,0.006544077404307622,0.007543985309194976,0.008860990729496334,0.010982330926877877,0.012312604341569834,0.013789371460840274,0.014640371522294797
2018-03-19,-0.006658799326215788,-0.005131724331355073,-0.0033957905094370634,-0.0015392631645901017,0.0003360470944685183,0.0020660125218058684,0.0035657499332731367,0.004865854916135497,0.006089838993039332,0.007073735127858384,0.008393047424821868,0.010527496758875984,0.011922732526541994,0.013419366802737025,0.014278966892322104
2018-03-20,-0.006710208889269359,-0.005130549998127923,-0.0033368234936329375,-0.0014276412514213454,0.0004923447939149925,0.002253608609898466,0.0037800572919370902,0.00510170083107242,0.006344641462369015,0.007342875361075636,0.008684484581690338,0.010833811379732996,0.012289743325030168,0.01380033354985903,0.01470633210668453
2018-03-21,-0.0066534368844601635,-0.005131160634044714,-0.003383155259701628,-0.0015016872341547015,0.0004034306413747031,0.0021617686898266018,0.003692639675877376,0.005015814168257935,0.006263005009178246,0.007261498563258979,0.00860804727230074,0.010739022958769268,0.012233630142411848,0.013750547915758055,0.014682602040340146
2018-03-22,-0.006605874054496748,-0.005100116187350293,-0.00336772909917616,-0.0014998628282433528,0.00038763949632243124,0.0021254517240152883,0.003632871718311583,0.004934693650582338,0.006161728529013177,0.007142858395718679,0.008467296050941465,0.010589329508291317,0.012061272402757828,0.01356879435457447,0.014517697574189714
2018-03-23,-0.006631146581914562,-0.005156026898566969,-0.0034436030117413457,-0.001586457571615622,0.0002995980907094391,0.002033598478431402,0.0035360595043082417,0.0048293120934273515,0.006047266723045973,0.007025968824293814,0.008362383954938062,0.010504842369363426,0.01197332018278803,0.01349515545811932,0.014440968035900963
2018-03-26,-0.006712692006864025,-0.005277473530666679,-0.0036206456250440708,-0.0018321823394103493,-1.2265493754307226e-05,0.0016694679728878404,0.003131968740645504,0.004392526030014492,0.00557858663565651,0.006533416176419526,0.007844073249779218,0.009964038008427495,0.011378614288193081,0.012864524678755046,0.013804669095949615
2018-03-27,-0.006685063856553028,-0.005246732233537117,-0.0035919560656052134,-0.0018012742120288516,1.615316577915682e-05,0.0016960451131370748,0.003144545379611114,0.004395387202659872,0.005572967507254496,0.006521287220105527,0.007812786247623438,0.00990749662068379,0.011294698806729519,0.012734279569755298,0.013666332370808238
2018-03-28,-0.006601360246694765,-0.005123194478255581,-0.0034294014243725127,-0.0016054706494129027,0.00023897291059785054,0.0019370636027039505,0.00340306110314805,0.004669471993222967,0.005861658198778464,0.006805325632816812,0.008059471961480626,0.010110465752303078,0.011521886127433295,0.012961349072130476,0.013882028710754028
2018-03-29,-0.006761552245226807,-0.005285500280049542,-0.003606165744965187,-0.00179694941049416,3.843669808628797e-05,0.0017373304381970566,0.003211016057537033,0.004479180511931658,0.005669279169668524,0.006617534781155151,0.007941561946354186,0.010087365834063344,0.011476077113588458,0.01292627703215788,0.013823704273143453
2018-04-03,-0.00678179737706917,-0.00535447181214018,-0.003700294352169447,-0.0018877720434836074,-6.513668336818777e-05,0.001620010279580712,0.0030551966499204,0.004306567189981658,0.005482864560158167,0.00642676907986893,0.00776152661026935,0.009943660504794682,0.01127975730398145,0.012717745000477544,0.013613432436128795
2018-04-04,-0.006727059116616641,-0.005326865250955154,-0.003694564455103329,-0.0019014036938451882,-9.352450803517539e-05,0.0015894213907561424,0.0030338411349322978,0.004296645208644933,0.00548231252325116,0.006430119231842057,0.007759819107456764,0.00994557884405522,0.0112855393739056,0.012721029515725242,0.013620198631051926
2018-04-05,-0.00668860959095804,-0.005314597647901374,-0.003706092213109824,-0.0019236556321809985,-0.0001265246837931499,0.0015476050434247786,0.002984096612468437,0.00424669163446368,0.005434564726259753,0.006385994379556366,0.007722812429858866,0.009901206876553232,0.011279334548276778,0.01273638066898649,0.013630555944444468
2018-04-06,-0.006700983700581919,-0.0052297263301854715,-0.003502686799953598,-0.0016214303748690376,0.00024283123337590266,0.001949923460033397,0.0034027837644663565,0.004684107903240317,0.005887421738811328,0.0068488445103933315,0.008191317581057055,0.01038333996145623,0.011733766603294782,0.01316403857995052,0.014141259087360733
2018-04-09,-0.00672992290173443,-0.0052289412072804185,-0.0035027827987537032,-0.0016504191635256602,0.0001735428208688966,0.0018368189877566827,0.003254394239131757,0.004505034832865552,0.005680590885158692,0.0066264236778495215,0.007964795720779188,0.01015048152132311,0.011439002935890783,0.012833180171614167,0.013763357838410551
2018-04-10,-0.006859417316115664,-0.00533436671079508,-0.0036023222374200704,-0.0017614931801795005,4.215632180990883e-05,0.0016793440422531176,0.003073223932845485,0.004302801199963631,0.005460935923902557,0.006393897248823763,0.007724543260506511,0.009856643816786663,0.01120709900519785,0.012579691591763083,0.01351004216474399
2018-04-11,-0.0068266625919857936,-0.0052966119804136085,-0.003544612983252136,-0.0016777227081056232,0.00014926796291674912,0.0018049521849167543,0.0032104941305183543,0.004440872974348773,0.005596047297817301,0.00652646648785688,0.007905629118364288,0.010114979230292954,0.01144984262521917,0.012816666464422984,0.013735141882707053
2018-04-12,-0.006889464262153748,-0.0054130494360145835,-0.0037143971277376923,-0.0018878423214537922,-8.246521141978645e-05,0.0015729099883915582,0.0029947307218521186,0.004240840820946232,0.0054066537782083875,0.006334788719735878,0.007683791920731234,0.009927101219008543,0.011235362227147105,0.012592996788338693,0.013509407050412477
2018-04-13,-0.006905917836917337,-0.0054416050154642865,-0.003753782600216141,-0.001938364032296848,-0.00014273065012386976,0.001508796457642313,0.0029265878618365618,0.004166040279930818,0.005327237359594492,0.0062536561642197895,0.007621172189959147,0.009866491980827178,0.011219781922874605,0.012584710708089352,0.013499988945985945
2018-04-16,-0.006872913196141521,-0.005458211809057409,-0.003823269423247753,-0.0020624540545065703,-0.0003162661735008041,0.001293925614078129,0.002681360061181137,0.0038990945916885134,0.0050437335478236275,0.005961570777454547,0.007321274773074177,0.009579923865545709,0.010922821461538015,0.012314914565067295,0.01322417231808486
2018-04-17,-0.006874294079106019,-0.005493315857802924,-0.0038855935169673163,-0.0021444650611149004,-0.00041565917833914854,0.0011831961268731464,0.002565138209188995,0.0037816262884318385,0.004926818733832746,0.005845792843301443,0.007202737580336019,0.009441353440202686,0.010798504421523459,0.01215818988851205,0.013069290002614635
2018-04-18,-0.007030760047637165,-0.005556115535415227,-0.003916588581353685,-0.0021701464592297484,-0.000442322734984317,0.0011557968875360832,0.002538206393634671,0.0037516379219175275,0.004895345653539471,0.005808232903014361,0.007153260747331294,0.009396100168751476,0.010740596254487617,0.012084499909585473,0.013020651630834188
2018-04-19,-0.006994830364817277,-0.005546750351191401,-0.003919698107902631,-0.0021773761983742475,-0.0004556883880743095,0.0011313158423837076,0.002501949943932645,0.003705602042602577,0.004840163417975705,0.005744885365168572,0.007075604236529459,0.009325442606865826,0.010613080689809484,0.011921055418762297,0.012849532977844804
2018-04-20,-0.0069088594874653995,-0.0054864031061609185,-0.0038619760236825,-0.002107979854465261,-0.0003692003347538007,0.0012327783952986822,0.002617004635186548,0.0038326799269544232,0.00497828093443283,0.005880921165334178,0.00717872586662945,0.009425093972109139,0.010673329265991105,0.01197388258003763,0.012915060022762328
2018-04-23,-0.006865650872205408,-0.0054595479291201406,-0.003832298173554829,-0.002060943261964586,-0.00030293308423666557,0.0013182861314539433,0.0027228614880780394,0.0039582453500473435,0.005122078038381183,0.006034207849582062,0.007318806922189058,0.009537194008592799,0.010796036449045707,0.012115156611870985,0.01305793332631217
2018-04-24,-0.00701565004919726,-0.0056961421740741236,-0.004177641625819993,-0.0025169385234038093,-0.0008507462906097968,0.0007001787092272627,0.002054984680043135,0.0032579055058251675,0.004399463141968478,0.00530824901142425,0.006594160985892398,0.008794060663729961,0.010104259259662535,0.01142161069474833,0.012380403988960115
2018-04-25,-0.006916426409262604,-0.005656153626056002,-0.004160155772439172,-0.0024899310302499023,-0.0008146644682933299,0.0007423514468967723,0.0020962177921696975,0.0033034062138402875,0.004450489957251207,0.0053588508831110895,0.006627954800643999,0.008838159271326937,0.010144158299689407,0.011468533195771739,0.01245844054257101
2018-04-26,-0.006848698035577982,-0.005594890482218911,-0.004106842148093638,-0.002452348216046406,-0.000795548397976763,0.0007378352942616324,0.0020669424959649124,0.0032540962183939277,0.004387112570688958,0.005289182122653467,0.006551489159316721,0.008742434853450635,0.01008208863442109,0.011414231599751518,0.012424326564550307
2018-04-27,-0.006893299780101225,-0.005673154764261609,-0.004224543787103369,-0.0026094474791794127,-0.0009770630003713737,0.0005457870793974106,0.0018782482342544204,0.0030635547993516643,0.004191379907294061,0.005083156942017822,0.006347971685892854,0.008535874862795625,0.009867875716187602,0.011201269725164158,0.012205500004365861
2018-04-30,-0.00681987210421146,-0.005639754109335248,-0.004226281702582293,-0.002632214533890312,-0.0010126555701609325,0.0005083643385725758,0.0018491674607041169,0.0030517897103897462,0.0041961065673160654,0.005098037506018438,0.006354074991224741,0.008548786249695774,0.009897695796185414,0.011238626589618782,0.012233709687120366
2018-05-02,-0.006798779405146293,-0.0056470048005748345,-0.004260994242164459,-0.002687139863065984,-0.001078916916412334,0.0004332014126759175,0.0017655935074242994,0.0029611479880020833,0.0041019091401735585,0.005004839158610087,0.006273342502404008,0.008482744391062065,0.00993361560499886,0.011320397442429273,0.01231090370011852
2018-05-03,-0.006658206448716173,-0.005525630897854294,-0.0041452853838282915,-0.002560118186084175,-0.0009338083810699609,0.0005851923218576935,0.0019088660370121995,0.0030943868678637637,0.004227194335824067,0.005127839454750934,0.0063758379689066655,0.008563120354419383,0.009989885613229619,0.011364085568459279,0.012357546979199847
2018-05-04,-0.0066290372116450695,-0.0055383909133161656,-0.004194061851905882,-0.0026397597297914115,-0.0010377324344765233,0.0004635008742278786,0.0017798623896949498,0.0029623864626965313,0.0040964931530290015,0.005002242325452936,0.006254628572417957,0.008414501111321672,0.009876897134669728,0.011265780045242847,0.012237111350483297
2018-05-07,-0.00649368128578675,-0.005371627899492583,-0.004002369362017563,-0.0024174669597229487,-0.0007960434838872863,0.0007224009255890185,0.002049886815194291,0.0032426349917448454,0.004389162229454752,0.005304582344206649,0.0065694613921391904,0.008745400728050301,0.010242947412914838,0.011665803087039092,0.012637043220674809
2018-05-08,-0.006597764961245305,-0.005478965610120541,-0.004100354501294781,-0.002580180940515917,-0.0009946460719474253,0.000492973851042025,0.0018027377123874852,0.002986037758867662,0.004125346725349296,0.005037888554071716,0.006299100362165985,0.008471080324167142,0.009981135429285946,0.011395644281507923,0.012357151969348577
2018-05-09,-0.00647662436211291,-0.005341702141190942,-0.003952737021558794,-0.0024243377140393887,-0.0008349491098577441,0.0006507008259416198,0.0019528681469799438,0.0031250390642916922,0.004254001951578752,0.00516000905861807,0.006422346256668391,0.00857498245227537,0.01008927954152826,0.011497855977091086,0.012465725854283398
2018-05-10,-0.006380972569299157,-0.005206835993811966,-0.003789168178525883,-0.0022455693405541433,-0.0006494332116756775,0.0008279395100034656,0.002106463296625068,0.0032573287476802327,0.004364142177791662,0.005255990905489116,0.006494508466198794,0.00863579017548221,0.010083749147757193,0.011458828649378272,0.012450986622625653
2018-05-11,-0.006496778325185628,-0.005333792854958586,-0.003936131923867809,-0.0024129096931250664,-0.0008404488208302971,0.0006170725630703245,0.00188272250520328,0.00302800539848051,0.004135568495748174,0.005032223468299191,0.006265070670717659,0.008369853666415288,0.009869877106246112,0.011246744539666773,0.01225326739246422
2018-05-14,-0.006579060912068311,-0.005394091944106389,-0.003976723733052924,-0.0024343636963357223,-0.0008501549444804431,0.000642049145617535,0.0019433626571580657,0.0031190110996723907,0.004251869939420912,0.005157145088043267,0.0064116621855089765,0.00858566252350842,0.010080893222586405,0.011499586681819942,0.01249258717860797
2018-05-15,-0.00665113932908192,-0.005439132152018736,-0.004006287689433396,-0.0024603687309628394,-0.0008698601319307205,0.0006317801893887822,0.0019434538279048369,0.003127237539818943,0.00426663367658768,0.005174896970204834,0.0064431845812916895,0.008645165774164973,0.010147340439194739,0.011583028802851678,0.012598436499955663
2018-05-16,-0.006631139537345338,-0.005399850317185247,-0.003951503535683115,-0.002394133386474487,-0.0007962428380717589,0.0007084852067798088,0.0020240122078041185,0.003211416233708073,0.004356452074311737,0.005268527646132764,0.0065411097851635685,0.008742108978587756,0.010260075710117162,0.011692523889838862,0.012712815609480834
2018-05-17,-0.006679455086286378,-0.00545766761109991,-0.004030236684118539,-0.0024952845546559288,-0.0009171548622421181,0.0005792777058811898,0.0018918581372367822,0.003074322246091672,0.004215267506282557,0.005121929157810553,0.006387491536014035,0.008579129577372752,0.010072059829681729,0.011492008317084836,0.012524496166962676
2018-05-18,-0.006576544578131408,-0.005315297940051563,-0.0038553141984957974,-0.0022936696452092262,-0.0007007699043697559,0.0007986761723744508,0.002102431297999679,0.0032752128616681596,0.0044056886999389875,0.005300935149814404,0.006539512233568613,0.0087258288078114,0.010188909509005847,0.011588508712068412,0.01263287758989957
2018-05-21,-0.006549228035692564,-0.005197000369880288,-0.0036314416097786794,-0.001964161412622736,-0.0002778050361250318,0.0012946548949919574,0.002655009013412847,0.0038678732132386073,0.005030997285718391,0.0059338862119476185,0.007176755422775655,0.009370313645350908,0.010763275631256964,0.01216632219975478,0.01321668317659099
2018-05-22,-0.006575779733146898,-0.005222591424547886,-0.003659495832643385,-0.0019927398767415933,-0.0002994031826696773,0.0012881281537947997,0.0026697861923877637,0.0039002041195416357,0.005080301199301741,0.005991276722024371,0.007245292317180038,0.009434674103735864,0.010887291151594479,0.01229752204689844,0.013377179587687893
2018-05-23,-0.006510927691126249,-0.005109972996681406,-0.0035039219638182016,-0.001799088172559695,-7.544596301758518e-05,0.0015325065686969815,0.0029236713825641068,0.004162540165881147,0.005348895024910899,0.006258508533497958,0.007499211648699983,0.009696771439043125,0.011157170138007794,0.012581590418971701,0.013667284323505783
2018-05-24,-0.006500834437582009,-0.0051009039292127765,-0.003500497099727077,-0.0017982480356059573,-7.144777686782156e-05,0.0015457144753942044,0.0029389159234434786,0.004173821215897589,0.00535403306612122,0.006259273279587415,0.007497776012773866,0.009677019619591887,0.011134018457062097,0.01255270156246491,0.01366652751082409
2018-05-25,-0.006502090164475814,-0.00511062384388101,-0.003504373317886271,-0.0017888054574807545,-5.0178984673545785e-05,0.0015718547647875275,0.0029674365132261508,0.004208463570948047,0.005394311731945486,0.006299114171774085,0.00752574564892146,0.00972516052030243,0.011168821417982358,0.012564325732688194,0.013687057204034346
2018-05-28,-0.006573619153365398,-0.005221077384687868,-0.003660403040859589,-0.0019934718362817155,-0.00030532935536917014,0.0012702149826776278,0.002624960046757929,0.003832026748129815,0.004989154193374027,0.0058789060150510625,0.0071064512750972485,0.009307814497103939,0.010749901485893516,0.012130643615961724,0.013256320505046812
2018-05-29,-0.006629665920797084,-0.005337323407711288,-0.0038151000377662147,-0.0021725762428137837,-0.0004972069670682964,0.0010669969622552403,0.002402841221897402,0.003601331478978463,0.004751182741054478,0.005642096453334104,0.006867318258087397,0.009055701387689975,0.01052376982873885,0.011908134681617725,0.013023740443482593
2018-05-30,-0.00661099795914354,-0.005362037161140456,-0.003865246052235573,-0.00223900056102658,-0.0005703818193746768,0.0009893172123934231,0.0023269394701393824,0.003529399781682799,0.004683493417472799,0.005581892245983351,0.006832578454148358,0.00906018373150656,0.010558324847928359,0.011970770246312714,0.013087612713765838
2018-05-31,-0.006545093300152065,-0.005298795592767013,-0.003802474302095472,-0.002170813583529406,-0.0004924628526636924,0.001082818824060465,0.002432742827857101,0.003644306643387327,0.004805156427158144,0.005703467907204604,0.006954132976548083,0.009217539274473222,0.010677063074495594,0.012104960377167108,0.013221323267561057
2018-06-01,-0.006548962893157452,-0.0054013876318995905,-0.004004252996672053,-0.002458518368991469,-0.0008416927770708091,0.0006987393101087373,0.0020287070832920432,0.0032257735824381866,0.004374796961315479,0.005274234817452307,0.00655646218838502,0.008863844117653752,0.01035884862638925,0.011806683464579979,0.012938110456439656
2018-06-04,-0.006511647209106391,-0.005321659090176468,-0.003891961789894107,-0.002321881262370523,-0.000693236663760582,0.0008441060641220072,0.0021582852895915498,0.0033410563667612804,0.0044766932769675066,0.00536905368673276,0.006650682134015479,0.008956523693517435,0.01042821317742963,0.01186308732026308,0.01300180903753539
2018-06-05,-0.006496610275114397,-0.005327790696968739,-0.003927147061599927,-0.0023870141343946003,-0.0007850437755185622,0.0007339268682753288,0.0020339578718610693,0.003204660684628189,0.0043291486301491435,0.005215352174614557,0.006499976381410568,0.008814533799366496,0.010226219314709935,0.011642161911146762,0.012778682489908506
2018-06-06,-0.006544791927974659,-0.005326731051792155,-0.003872906783766977,-0.002277541874901949,-0.0006213505479834736,0.0009460583384154201,0.0022816749443546657,0.0034751566331859486,0.004619732170343787,0.005515361794466466,0.006807812891148509,0.009139728155403704,0.010561731532080497,0.011981604746147732,0.013128948634950722
2018-06-07,-0.006489652451858491,-0.005288282410674305,-0.0038475377501969205,-0.0022621062476895193,-0.0006115777989236706,0.0009527177234613407,0.002292903382413389,0.0034894244334802214,0.004636570437022175,0.005530762920900497,0.006831498588036116,0.009157837379969369,0.010587859471590454,0.012017538911664117,0.013179239807739784
2018-06-08,-0.006560489838740691,-0.005356540550408689,-0.003912261061259421,-0.0023276487951744878,-0.0006847580979943124,0.0008660856375216111,0.0021952274068184796,0.003384165045891845,0.004522559967046295,0.005410390704927855,0.00668834076207174,0.008995061267298201,0.010419554111140195,0.011841551618805965,0.013006631198098214
2018-06-11,-0.00653066938262393,-0.005294492187731066,-0.0038146840619832714,-0.0021944189802011248,-0.0005241241483504201,0.0010434205708941741,0.0023732439740626918,0.003554954631593428,0.004686673458948027,0.005567817985893292,0.006851929078004168,0.009190543048528647,0.010555411206983965,0.01196556353562846,0.013155844910198687
2018-06-12,-0.0063740190379041346,-0.00505632845719468,-0.0035088096746133837,-0.001831749238029248,-0.00011335632465406579,0.00145630301540908,0.0028212861343117506,0.004006124558392846,0.005136259502029897,0.00601070355504396,0.007288666721451071,0.009623853590131525,0.010902961643005464,0.012285369258854078,0.013474548576060891
2018-06-13,-0.006452425771875659,-0.005041282906082775,-0.0034276965966681017,-0.0017001084960485688,5.3401246715127636e-05,0.0016556594573676135,0.003051534708186308,0.0042622360850731785,0.005418943615969151,0.0063064199178358895,0.007588054717386181,0.00991842846465808,0.01122567055592496,0.012597088702374611,0.013792343413857247
2018-06-14,-0.006577533430402289,-0.005195540560893162,-0.00361513903754206,-0.0019141970897222933,-0.00017679875141190076,0.001420489359577962,0.002814550448189756,0.004021955810343848,0.005170842057347741,0.0060549022965850265,0.0073543903136980915,0.009722024896976347,0.01105612657821575,0.012468777805281704,0.013680624187821788
2018-06-15,-0.006550575778743786,-0.0051632813319808235,-0.003558744625755845,-0.001828436536681017,-5.97885016108324e-05,0.0015666619836522586,0.0029871668100699376,0.004206056754297313,0.0053622265639000945,0.006243770753817729,0.007551826086863583,0.009949926248649573,0.011306573079228843,0.012736414676413545,0.013943519005226963
2018-06-18,-0.006674844789982296,-0.0053712819917304255,-0.0038363809123481687,-0.0021691114407667747,-0.00045061577849295534,0.0011398558890439955,0.002533613679415756,0.0037311666773103104,0.0048692094928207644,0.005745907259043526,0.0070642222742682125,0.009462618582166646,0.010873658723450735,0.012348787466956807,0.013570774590816756
2018-06-19,-0.006771836139529963,-0.0055631687433551555,-0.004101253813000875,-0.0024858320524351447,-0.000798724841006971,0.0007766238331828348,0.0021665359780996055,0.003367283347462396,0.004507195244826927,0.005392361225186288,0.006740988160761483,0.009203177694104864,0.01057532650540172,0.012046516482845713,0.013260198804225886
2018-06-20,-0.006699140875167461,-0.005456586994128183,-0.003967607081394417,-0.0023317591936810574,-0.0006283603514110727,0.0009624493359341468,0.0023692114661296427,0.00357683783391981,0.004718188800371952,0.005594072853741501,0.0069323786740828845,0.009398641092931127,0.0107355051988128,0.012182935141365323,0.013377497247729152
2018-06-21,-0.006726854362311888,-0.00566922670013613,-0.004304962695151661,-0.002752530342712002,-0.0010978627533514362,0.00046460740606929485,0.001853533779382643,0.003054318395820801,0.004199721414145604,0.005093566588378565,0.006453497924595671,0.008919379067063117,0.010357333985324136,0.011836106651072199,0.01301640620225044
2018-06-22,-0.006747249094692094,-0.005777781333414671,-0.004470993198963851,-0.0029647582501715077,-0.0013480502750753388,0.0001822100559183462,0.0015468280935432492,0.0027267168665788323,0.003848762032979831,0.004724415605103546,0.0060770362145179235,0.008537469997138567,0.009903534038238525,0.011317937013810585,0.012556028349838058
2018-06-25,-0.0067937264802090235,-0.005978590480297686,-0.0048023997422411615,-0.003391398602749234,-0.001840481531242429,-0.00033939357498394724,0.0010129116928236873,0.0021908019654961956,0.003318375372409011,0.004202150956248675,0.005555693113809195,0.008015079314669193,0.009422894699760006,0.010893577142719948,0.012126931439161019
2018-06-26,-0.0070662090018909236,-0.006408816387304682,-0.005336100452676019,-0.003999784715340743,-0.00249169993454824,-0.001006605228319054,0.00035002522576063394,0.0015353657937930772,0.0026691514571998225,0.0035541142570606134,0.004912839053403464,0.007377894905288244,0.008732479223576674,0.01014919150553407,0.011357538032151771
2018-06-27,-0.007301638867240349,-0.0068211101111112565,-0.005867020647186307,-0.0045908050876610745,-0.0030985149192011563,-0.00160368003695962,-0.00022947455050225895,0.0009735037454548784,0.002123443339152464,0.003020294257126368,0.004372179339704393,0.0068423501199835,0.008279901938373267,0.009730866998377892,0.010958594230930778
2018-06-28,-0.007410371871342789,-0.00653926738904218,-0.00542843454026649,-0.0041187797355809585,-0.0026532437463061107,-0.0011719265131314993,0.00022738585888823558,0.0014626967209675618,0.0026493957555689565,0.0035485260494303094,0.004910629848548734,0.00733192168900546,0.008761944753636492,0.01022466293339545,0.011456985592370406
2018-06-29,-0.006927976069567375,-0.0063500963921867435,-0.005343587962837476,-0.0040539882554712515,-0.002574043659040122,-0.0011020593289739525,0.0002525350583256152,0.0014478400170217824,0.002588453713184209,0.0034552126796217617,0.004701917744124221,0.0070026794237370476,0.008376556689948508,0.009746228911534375,0.01101430522710442
2018-07-02,-0.00656600564207162,-0.005896434107124615,-0.004820016759669693,-0.0034825604471496055,-0.002001181791964291,-0.0005549103754129561,0.0007549398455408168,0.0019060883578028332,0.003009183309287619,0.003849561065148121,0.005060453118109152,0.007296508930005686,0.00868131103600083,0.010138605479071238,0.011379786641193629
2018-07-03,-0.00649532176204263,-0.005811522688104139,-0.004715057022596794,-0.0033530638102038297,-0.0018442958304907098,-0.00036082585379598416,0.0009964013671170443,0.0021874170415984353,0.003327867300570434,0.004194464809759003,0.005459991078021089,0.007797987849504119,0.009058185391475362,0.010492009658553295,0.011726039296476398
2018-07-04,-0.006861187761404271,-0.006135267897903252,-0.005020336668471313,-0.003660769787008346,-0.0021693250480445785,-0.0007001320273232271,0.0006576668966357377,0.0018582279545787124,0.0030085163833679686,0.0038924911896269137,0.005221584306732772,0.007643103272959775,0.008921904522260531,0.010390518214720467,0.011615429908927617
2018-07-05,-0.0066936896585869125,-0.005711828746927117,-0.004426716795435244,-0.002944617332074512,-0.001369155121874159,0.0001418509669847245,0.0015078801796731861,0.0027101692488813644,0.0038621959906043296,0.0047359244997594325,0.006012900277026404,0.008346922600565243,0.009646156104045256,0.011038471455489099,0.012233684791125956
2018-07-06,-0.006681649731847413,-0.005694898691592803,-0.004361359626437192,-0.002812924602627788,-0.0011751977715895256,0.00037684479123789734,0.0017703022028882124,0.0029958658633640993,0.004170684392174202,0.0050499814765487235,0.00627159769054762,0.008491400211319685,0.00993872319674059,0.011323041158993923,0.012519626233545885
2018-07-09,-0.006914770510395173,-0.006006033499237756,-0.004742273457670934,-0.003251571439179543,-0.0016513683754107611,-0.00011458678554200288,0.0012762823819039437,0.002503555316838074,0.003681793564310667,0.004576122739278584,0.005863137190011593,0.0081778756246995,0.009555206810899927,0.010929634574806496,0.01212179869834614
2018-07-10,-0.006709403671252073,-0.005696307139621388,-0.004366812822252107,-0.00283698141858091,-0.0012211252750411485,0.00031964057615659823,0.0017117588535114979,0.0029393607654002677,0.004119035466758594,0.005013011323995075,0.006296212086564362,0.00860033055854238,0.010012290491007728,0.011370355180807363,0.012584813747260276
2018-07-11,-0.006620331052221749,-0.005585151625626624,-0.004249290075131964,-0.0027259993689139404,-0.001127226759995378,0.00039318306135912467,0.0017679513503458366,0.002977686942360799,0.004137114727437986,0.005015698954883624,0.006293933153598746,0.008599044533749885,0.009988135568390162,0.011339680016330844,0.012548187902017222
2018-07-12,-0.006649437875775669,-0.005615198664399166,-0.004288589575903186,-0.002776007466729718,-0.0011878061381484376,0.0003192758526836764,0.0016721215224571675,0.002866577296454265,0.004015454799992933,0.004892669988702098,0.006133161356734753,0.0083563698942493,0.009862209982544477,0.011212578527448858,0.012436222233037282
2018-07-13,-0.0068389657779011695,-0.005897605430333491,-0.004648522497163675,-0.003197540778450106,-0.001643413670463773,-0.0001380104984048765,0.0012416394402101174,0.002459276079445706,0.0036245811127711704,0.004514162309058589,0.00584049841702476,0.008244845853556995,0.00974621176156623,0.011177463718785518,0.012430703106513596
2018-07-16,-0.006846994922773463,-0.005930795003097404,-0.004748998999963048,-0.0033689144451827047,-0.0018708836708372215,-0.00040183741669246384,0.0009544743270873896,0.002157061770290626,0.0033167996674775563,0.004223503716054209,0.005609203827551254,0.00807524234486557,0.009735355849301238,0.011239419994941735,0.012513237613846906
2018-07-17,-0.0068236637528697654,-0.00593114938406549,-0.0047761704761178185,-0.003436970828217203,-0.0019699544454724435,-0.0004991217478274492,0.0008878680181676674,0.0021162112007747707,0.0032930384910847036,0.004210424540180205,0.005648686612891968,0.008160541385283802,0.009867996009539843,0.011341444576439987,0.012656391118877069
2018-07-18,-0.006806968378710645,-0.00599327015470406,-0.004905550380561416,-0.0036202730729551695,-0.0021949812713998387,-0.0007471344853796502,0.0006286584012037971,0.0018588491831338992,0.0030386627068452778,0.0039585633723991,0.005366617842603684,0.0078030956012131985,0.009486409938959628,0.01089503107621886,0.012199246092482989
2018-07-19,-0.006903369067207184,-0.006106694958006151,-0.005019766642973931,-0.0037273812949121486,-0.0022900881567428618,-0.0008284358918730079,0.0005645915161022962,0.0018126212406349479,0.0030055292613370335,0.003930515078612884,0.005344271289714072,0.0078011464360041635,0.009532250489136269,0.010972780513793266,0.01228479819307907
2018-07-20,-0.007062994236104958,-0.006364209697623487,-0.005340264172755377,-0.004090995021227465,-0.0026776427045220774,-0.001230406685937401,0.00015559658059491267,0.0014028724707799295,0.002602118915557749,0.0035345794850103504,0.004945986521338317,0.00739283285121817,0.009218517829723754,0.010716475135241663,0.012035845858175423
2018-07-23,-0.007034467106484248,-0.006332710784266962,-0.005299687638591353,-0.0040447534061138855,-0.002634836634293658,-0.0011976427833713642,0.00017268532783002962,0.0014076086947552265,0.0025960168724675223,0.003521838799543221,0.004918006289978144,0.007363791597033661,0.009142521525752052,0.010632364393125742,0.011935267205583792
2018-07-24,-0.007035571857900312,-0.00636701565988329,-0.005348343552488746,-0.004097774210829496,-0.0026919573948089954,-0.0012620906131395166,9.998187792157682e-05,0.001325391417460053,0.0025061392558346518,0.00342745749004607,0.004817801787030452,0.007227650065568644,0.009041900368728614,0.010532697776850624,0.011848419009205314
2018-07-25,-0.007048405951838282,-0.006352298184046539,-0.005312994667359089,-0.004040444681624891,-0.0026203174029808284,-0.0011798055248114267,0.00018666375778007453,0.0014149618563031132,0.002597451193294968,0.0035083013197799353,0.0048704838847458635,0.007253029688387543,0.009089275664854537,0.01059545326209871,0.011917990971302033
2018-07-26,-0.007073600865446785,-0.006391461682124612,-0.005361211760869499,-0.0041029867301072,-0.002699251441618804,-0.0012827269740630553,6.307885519741032e-05,0.001268978154643635,0.002431345947071584,0.0033201963588016547,0.004633401211609935,0.0069443695940514805,0.008701252795791528,0.010175867876505703,0.01146164347786584
2018-07-27,-0.007022464405640162,-0.006390710464721496,-0.005391693841609509,-0.0041545223012950504,-0.0027648259262061784,-0.0013566029110952294,-1.5313422643290293e-05,0.0011908501926587375,0.002353224836808074,0.0032326433398718805,0.004478998646917566,0.006665917121016418,0.008471126253388554,0.009946443143013213,0.011202629541803783
2018-07-30,-0.0069264583252681864,-0.006316816357770996,-0.005325733637688901,-0.0040939540920417,-0.00271119285695313,-0.0013211584917417723,-5.716353033577242e-06,0.0011691112797410112,0.0022980940633719736,0.0031461447201626427,0.00435363366683724,0.006515781884920307,0.008169041477800456,0.009690414171348161,0.010934866451869727
2018-07-31,-0.007018352030834174,-0.006434071928875633,-0.00544487270127334,-0.0042017983847130345,-0.0028008058107128284,-0.0013874618362864498,-4.892398725662497e-05,0.0011473148004276837,0.0022987284706075172,0.003149987804011448,0.004308002685700434,0.006392815821165332,0.008129690315824719,0.009668480684973524,0.010900072815883517
2018-08-01,-0.006933580750330616,-0.006339450995462212,-0.005341198106237287,-0.004117080529130154,-0.0027496118419799206,-0.001365151554979818,-5.7359190162270266e-05,0.0011130388192531599,0.002232701845581347,0.0030184358916782784,0.004219813832984443,0.006276158949266066,0.007946045392347277,0.009429777795063689,0.010669171962773704
2018-08-02,-0.00682932711977062,-0.006236546390083867,-0.005245821092229244,-0.004031544917941342,-0.002672652417346608,-0.0012907700732190366,1.9722459555881578e-05,0.001195796468200677,0.0023226707715677027,0.003125126049783993,0.004369921614640739,0.0064618537985908255,0.008127265606353263,0.009586944769356084,0.010844739785223661
2018-08-03,-0.006951996018549504,-0.006178663628050561,-0.005141597493312004,-0.003929923803696417,-0.0025679928186380686,-0.0012075862451802375,7.340665840286614e-05,0.0012218401970669058,0.0023251493890631223,0.0031274247006919543,0.004411067783813156,0.006588575026967084,0.008078221212613094,0.009456432582913982,0.010684922273078927
2018-08-06,-0.007048064455531409,-0.0062783568986217,-0.00523934320178748,-0.0040231791802962215,-0.002657805829147447,-0.0012930801977816997,-5.628771146837935e-06,0.0011478273777365117,0.0022560671247204896,0.0030643959137505667,0.004365324149259727,0.006551975710232963,0.008084256985035568,0.009475919416336766,0.010721927433252246
2018-08-07,-0.006970546605606972,-0.006201275842491375,-0.005164822080534254,-0.003951177019085966,-0.0025816042328897872,-0.001208247335003949,8.995372053528722e-05,0.0012546905891764044,0.002374558549450269,0.003192619414092379,0.004515852345098376,0.006761135271636248,0.00829588666361984,0.009760592938034794,0.011033637723816605
2018-08-08,-0.006902939861653036,-0.006092650499831072,-0.005021380258200229,-0.0037781509855007583,-0.0023916838859789702,-0.0010146893679576913,0.00027820636147364754,0.0014363804592715202,0.002550664855393921,0.003362099863046988,0.004667835000057099,0.0068874457406014125,0.008418771660823571,0.009871898200943953,0.01113253174088557
2018-08-09,-0.006809476302178117,-0.006008640846662803,-0.004955360647900589,-0.00373740146381674,-0.0023803348908249993,-0.001031840878968602,0.00023652912449950226,0.0013713882065159537,0.0024606818686977823,0.003262648511773312,0.004569295758153773,0.006779781070015173,0.0082801454113921,0.009711632587544917,0.010972059606287504
2018-08-10,-0.006835132695520349,-0.006077101228173545,-0.005058653997474768,-0.003867307550071172,-0.002528470849657778,-0.0011851962946223921,8.409492999468749e-05,0.0012271877770662631,0.0023291048323186483,0.0031376271367400226,0.004440578424495473,0.006617139603126766,0.008177056565765855,0.009653357295523367,0.010899584187405689
2018-08-13,-0.006854828034136368,-0.006105343580884753,-0.005116938088186778,-0.003960904592158383,-0.00265083405186699,-0.0013254871584152794,-6.472653766935823e-05,0.0010782762576352631,0.0021810782555414542,0.002998934175876207,0.004325302955496588,0.006549054815507408,0.008115367892726943,0.009607516176900489,0.010867252666024445
2018-08-14,-0.006833777944679702,-0.006008204362300879,-0.004952509821579228,-0.0037407975480217657,-0.002389644203917677,-0.0010405612288367848,0.0002362447735437544,0.0013901452528899767,0.0025012997491063635,0.0033267841895639277,0.004668477358217422,0.006890213247062366,0.008437962098610566,0.009963853762471485,0.011216495230739918
2018-08-15,-0.0068308543221171835,-0.00603517273772224,-0.005020060095002236,-0.0038475457647755805,-0.0025319756507242016,-0.0012070271261023515,5.098011363609848e-05,0.001191187652854728,0.0022935494903892286,0.0031137367835295804,0.004446464373406405,0.006637733093349089,0.00821707411511419,0.009749723477610613,0.011048404496511075
2018-08-16,-0.006856622167595945,-0.006080062223951716,-0.005079816316227954,-0.003923725392886444,-0.0026195372025432442,-0.0013015956195345996,-4.454716374356621e-05,0.001091005522384149,0.002189684346904613,0.0030075463041436363,0.0043540786525307126,0.006603502964596305,0.008150188826803925,0.009693534139113913,0.0109847986030486
2018-08-17,-0.006857466354484689,-0.006078886440723772,-0.005074317003729179,-0.003916481161095144,-0.0026203166049091555,-0.0013160518459480349,-7.915184697688614e-05,0.0010342080972660635,0.0021139572337358944,0.0029273853646922783,0.004287747783397228,0.006550264416460765,0.008065508001972563,0.00959458436155088,0.010883793573529898
2018-08-20,-0.006798345898147689,-0.005975779657864059,-0.0049205877709182725,-0.003713708634355845,-0.0023752857905416517,-0.0010416352643334854,0.00022021756859800853,0.0013560044631740163,0.0024550410039641604,0.003275591121673129,0.004631525211570807,0.006881145149601371,0.008420504201612031,0.00995054453327485,0.01123045351115349
2018-08-21,-0.006764499372641762,-0.00587489037655913,-0.004771604071904189,-0.00353032685811972,-0.0021688701264874744,-0.0008167049615547065,0.0004660757008915347,0.001620131839429956,0.0027378560495118307,0.0035619402597841287,0.0049135015451719785,0.0071585723712306775,0.00864167978379012,0.0101827582176034,0.011457704479497061
2018-08-22,-0.006783885794360613,-0.005902335493872135,-0.004813374932727717,-0.0035857602313045804,-0.002235784985746695,-0.0008933472081461444,0.0003777817787713941,0.0015250054066762828,0.0026350682192599665,0.003452291186677107,0.004785579758974855,0.007014008788380089,0.008535511375643737,0.010047908687708822,0.011322314641922305
2018-08-23,-0.006708105890070629,-0.005838987701446004,-0.004763015607273628,-0.003549072151635051,-0.002217154555903261,-0.0008926749428707552,0.00036025683421814404,0.001495221414986651,0.0025944778333962444,0.003409231809958952,0.004739483172995939,0.006965547092955064,0.008438211456638445,0.009910200791019294,0.011178197810214657
2018-08-24,-0.0067345648888122904,-0.005846468710342556,-0.0047447752820601544,-0.003507731498762803,-0.0021552356956781008,-0.0008167527463888828,0.00044890169907765154,0.00159005410547183,0.002694697069772013,0.003508047347180276,0.004836817647531478,0.007056772733054983,0.008542268825106945,0.01002009317098048,0.011309121363830867
2018-08-27,-0.006719267647052964,-0.005816042985008839,-0.0046973053392946,-0.0034418222265095214,-0.002073207863399891,-0.0007265577945018592,0.0005404564471919949,0.0016863462137047054,0.00279714696251944,0.003612823798890743,0.004938327666736225,0.007158924141738137,0.00866018484682446,0.010147839259165492,0.011419855073113355
2018-08-28,-0.006571457806917677,-0.005630297080377532,-0.004457618244769087,-0.0031516964748230275,-0.0017417107801663263,-0.00037119380363412216,0.0009141504140801856,0.002079821539509859,0.0032080748450525223,0.004033053735038117,0.0053643408915565755,0.007589875027349195,0.009072559562118285,0.01055200833667832,0.011830393530043937
2018-08-29,-0.0064796841604155275,-0.005551068466490978,-0.004403648039188643,-0.0031268066434116002,-0.001752759755529206,-0.0004160084648808118,0.0008366789985799272,0.001970676197557182,0.003071302851232776,0.003882113648266268,0.0051991363795376245,0.007397107179719341,0.00883073048454975,0.010293760146866018,0.011554285441811514
2018-08-30,-0.006326750318252181,-0.005347682309401458,-0.004145533367685856,-0.0028130532512666553,-0.0013896293717203388,-2.4395536832407825e-05,0.0012397020193300333,0.002401735269504578,0.003569884684794596,0.004473336856741441,0.005683699555573242,0.00735416683997209,0.009291682125316976,0.01074437439764296,0.012015168687320053
2018-08-31,-0.006426693045870139,-0.005476007330912973,-0.004301087242920835,-0.0029907290211324236,-0.0015812787266896793,-0.0002149277043932814,0.0010633412168772215,0.00222638821668241,0.0033961439751722406,0.004294302227075568,0.005525080920431081,0.0072448076872674416,0.009107659761987397,0.010586618025429458,0.011858360590938456
2018-09-03,-0.006555120234062864,-0.00568350999863387,-0.004579775143354574,-0.0033358498010957484,-0.0019834307777006725,-0.0006537110043159341,0.0006004416678414092,0.0017389907880259873,0.002886862278126076,0.0037699269517439764,0.004983293078754531,0.0066596776018576775,0.008570649063471582,0.01004433650162351,0.011324291524721832
2018-09-04,-0.0065386998830759685,-0.005695519707996934,-0.004635046877038297,-0.003431645594771414,-0.002112498910152674,-0.0008065444577445093,0.0004273902292776149,0.001549303756267044,0.0026891304456430117,0.0035846434679142505,0.004798072562798424,0.006383003940096682,0.00831830658507344,0.009786867520137708,0.01105188704078495
2018-09-05,-0.0065109781341501395,-0.005624459836328129,-0.004527990093395121,-0.0032965009816173087,-0.00195706856358538,-0.0006333388843819219,0.0006181032389643168,0.001750993660704342,0.002892770757299251,0.0037694760544200036,0.00498066471325186,0.006661261498971707,0.008566531044711355,0.01002159056532904,0.01128906035627037
2018-09-06,-0.006536762069051995,-0.005676807224034139,-0.004596152936328174,-0.003374413633729865,-0.0020392164797686427,-0.0007060699580976226,0.0005643718495296108,0.0017194866921090564,0.0028802361675690606,0.003766384959670245,0.004991197811739632,0.006696583660905117,0.008639318091561833,0.01013784181588189,0.011398482981552962
2018-09-07,-0.00671588113608228,-0.005897149625061426,-0.004848820247507479,-0.00364897034855583,-0.0023279260366946496,-0.0010011126780971014,0.00027098943135446426,0.0014313192671851578,0.0025982542760121987,0.003491563676741848,0.004725825168958115,0.006452831782997905,0.008380833039039708,0.009921440163506894,0.011168666602972645
2018-09-10,-0.006829357721595662,-0.006096417244210991,-0.005128946302201078,-0.004005050355448779,-0.0027481903969321167,-0.0014628403360016605,-0.00021642473482630552,0.0009260385883850698,0.002075873201691948,0.0029622885068827775,0.004204081300371947,0.005949937814007865,0.007824466932682251,0.00932514665785398,0.010568461767959668
2018-09-11,-0.00685813684195901,-0.006156002473389264,-0.005202791671658846,-0.004081403421710237,-0.00282219966039836,-0.001532593981021335,-0.0002839345429071926,0.0008650131064253308,0.002021803984112163,0.002910222314838558,0.004143976274195828,0.005890187338594467,0.007780972071119553,0.009293710888055027,0.010547858311884574
2018-09-12,-0.006810318355735714,-0.006093461354618143,-0.005128647539188015,-0.003998984095986636,-0.002736289266080262,-0.0014418895369844949,-0.00020900577039631565,0.0009837720044551573,0.002139084095604698,0.003016203860291473,0.004262240919372628,0.005975320484224321,0.00789524806651287,0.009397719576528945,0.01066208623854345
2018-09-13,-0.006846918722445251,-0.006200911931928849,-0.005292998553792649,-0.004208942283908611,-0.002978246639436465,-0.0017017095604184233,-0.0004804543936401167,0.0007050655141272219,0.0018563108164914941,0.0027342081462812364,0.003978955913131983,0.005679921308237002,0.007622816686069495,0.009155158299916186,0.010405246929103879
2018-09-14,-0.006733880845608013,-0.006073443922684334,-0.005165982040222023,-0.004080860230832744,-0.002848858181570304,-0.001566951247706095,-0.00034144659981350884,0.0008449857968864451,0.0019967506747269087,0.0028686322848732503,0.004107149960202252,0.005803301459200319,0.0077394074407197665,0.009269880734761819,0.010521689515308427
2018-09-17,-0.006807724487638552,-0.006151905646396282,-0.005254224979726089,-0.0041798391877824765,-0.0029608788361835175,-0.0016851455027862476,-0.00046361035913840786,0.0007217979433046211,0.0018709626629126402,0.002739810284349863,0.003970594791966388,0.005655765398645088,0.007624640861828567,0.00915903844493075,0.010404779565862924
2018-09-18,-0.0067770533871798775,-0.006129188785499446,-0.005238699264063805,-0.004171900990739004,-0.002960248163100639,-0.0016903784985826506,-0.000470148039430703,0.0007127128972832784,0.0018611598441120793,0.0027319488452566374,0.003973206037117238,0.0056755349848682385,0.007601547040590491,0.009142868960074216,0.010378603423434123
2018-09-19,-0.006615331227494387,-0.005919811928575512,-0.004986053620855949,-0.0038817458558750725,-0.0026426744521367935,-0.001358514775141773,-0.00013116896720534435,0.0010593608897411335,0.0022148699936766947,0.00308439425756368,0.0043164327277036,0.006005679647866783,0.007931531503320419,0.009467735657981697,0.010704878005889462
2018-09-20,-0.00647749188342196,-0.005763614343857734,-0.004797700401749719,-0.0036652540392071577,-0.0024087505763107893,-0.0011307946968620675,8.265962922473514e-05,0.0012596652928666878,0.002402044511403785,0.0032645613037578024,0.004482006501311218,0.006147670057760682,0.00808201392196705,0.009617917271187344,0.010847689863186571
2018-09-21,-0.006445717305593642,-0.005737192815117175,-0.0047771343934158265,-0.0036537486313430625,-0.0024072798433613543,-0.0011419518914563384,5.922040230534806e-05,0.001226969947765046,0.002361119585261994,0.003222556152086727,0.004453480610638311,0.006158936911952427,0.008073314260489614,0.00960120462082056,0.01082372513868462
2018-09-24,-0.0064304047965981735,-0.005705350594616185,-0.004771383420598222,-0.0036401982522977125,-0.002396321184494763,-0.0011356584684429501,6.870253659818014e-05,0.001235330804056889,0.0023318039656230333,0.003242992224980479,0.004455041834387576,0.00618793262268623,0.008093387323221247,0.009630750236692116,0.010783080388106738
2018-09-25,-0.006373555017679774,-0.005637187411341985,-0.004629915185686943,-0.003456357077248604,-0.002169852708783385,-0.0008792912355120972,0.00033618886626377833,0.0015161317004614707,0.0026601106598822043,0.0035313756725616086,0.004785285715372788,0.006521053181780284,0.008441878638909729,0.009997682525068729,0.01122785424831749
2018-09-26,-0.00631630293081744,-0.005541185602236064,-0.0045141245332368735,-0.0033274545955139707,-0.002035890251071023,-0.0007424321517260133,0.00047713723986643155,0.0016559940445685362,0.002801250204913294,0.0036697273431628547,0.004932343390790311,0.006687436258971667,0.00859143857582264,0.010156070621105033,0.011384663877047676
2018-09-27,-0.006328009171696992,-0.005512343901318167,-0.00444305497028503,-0.0032190096612717684,-0.0018940827805659067,-0.0005838021609589423,0.0006427510253950991,0.0018261690278959135,0.0029682959215758375,0.0038351022994020725,0.005109035516842762,0.006899695640889382,0.008746310080279636,0.010321551216508837,0.01155922128259473
2018-09-28,-0.00652239755243809,-0.005784466743868856,-0.004772710534025034,-0.0035948792738639225,-0.0023025080865505237,-0.001011944907586386,0.00020239619575614166,0.0013774568738926837,0.0025155304176087347,0.0033782422884140345,0.004637187259336512,0.006403994922212597,0.008281940547581738,0.009858112142208574,0.011080268251756363
2018-10-01,-0.00650185491027295,-0.00580286982905937,-0.0048175502884381305,-0.00366093569348959,-0.0023943332284978437,-0.0011334313071522265,5.300020396946238e-05,0.0012059965264181616,0.002330332205533395,0.0031859967851377785,0.00442441335563495,0.006149013353943658,0.008047845805410911,0.00963510473466119,0.010849735361260849
2018-10-02,-0.006531306216976708,-0.005829152917621924,-0.004829864793442747,-0.003678048356610206,-0.00241953837564574,-0.0011591585014181214,3.0257143954701538e-05,0.0011827908316044931,0.002305398756411108,0.003158957222436873,0.004411684808862642,0.006169226680266144,0.008080350621753888,0.009691648686181002,0.010919107263638936
2018-10-03,-0.006342428190793783,-0.005634697877375421,-0.004627961305273783,-0.0034727656228027773,-0.0022129557286407297,-0.0009573189115091925,0.00022433693747105432,0.0013692028882073349,0.0024854218998182835,0.003340203131627589,0.0046136199424278365,0.006395054350688794,0.008253878352596332,0.009874544131665542,0.01109706473923682
2018-10-04,-0.006167728710251044,-0.005397192030937139,-0.004348367384081858,-0.003159916550399596,-0.0018767548697908912,-0.0006126963501720487,0.0005694072449460399,0.0017106203470032752,0.0028210775945815125,0.003668904511503469,0.004935910285066182,0.006722705409495864,0.008527877762663626,0.010118617759457422,0.011335342357908297
2018-10-05,-0.006253174897022647,-0.00552567962736561,-0.004529229348891149,-0.003389529754906871,-0.0021453333682428465,-0.00090175679742209,0.0002642031391380745,0.0013901592071108298,0.0024858917871045144,0.0033278556291359883,0.00459927040339602,0.006367935742092011,0.008212165854215072,0.009823287856652867,0.011036214623079462
2018-10-08,-0.006165813482552033,-0.005413332161750296,-0.004390745333852075,-0.0032239513790226952,-0.0019503679187428222,-0.0006792578559745043,0.0005150466516654334,0.0016624784327242484,0.0027715128109997308,0.0036157972403013314,0.004878653265679003,0.0066262185009507936,0.008551487666342748,0.01016899469759481,0.011411097995903391
2018-10-09,-0.006087035110145144,-0.005315662281823541,-0.004276369150043928,-0.0030966208701705567,-0.0018174139266318526,-0.0005461516722728621,0.000644783059021939,0.0017923836473528049,0.002907381565170665,0.003759195546735029,0.005043316915863601,0.006844313452499673,0.008668197520608687,0.010323961416012398,0.01155302985653849
2018-10-10,-0.00606101981429768,-0.005236370298043759,-0.004149787505549816,-0.0029323992492780162,-0.0016250998573351103,-0.00033806048400827345,0.0008674946522279215,0.0020311171777917074,0.003161925001307161,0.004025228493748741,0.005317050922574549,0.007117485597911476,0.008945763957917173,0.010554381203607976,0.011788035894821601
2018-10-11,-0.0061181754717354155,-0.005327827894945619,-0.00426943796041803,-0.0030731138073342764,-0.001780277333215329,-0.0005035243133065397,0.0006906110429840266,0.0018459253948313174,0.0029700597980545553,0.0038229223740262465,0.005090388611486764,0.006872327317712422,0.008716094410918274,0.010322221587335359,0.011552055040377611
2018-10-12,-0.006119308911417765,-0.005310234632126071,-0.004227965097522328,-0.003008217522861372,-0.0016948454272341117,-0.00040670888957491155,0.0007955134710561629,0.00195640931934558,0.0030845525414582293,0.003936228001969438,0.005198347261392218,0.006947521280003412,0.00881365364503679,0.010408833622900498,0.011642530193510216
2018-10-15,-0.006169847611489954,-0.005261081978045673,-0.004115128364344631,-0.002847808709942418,-0.0015021128142460726,-0.00018984810756677808,0.0010283356480828543,0.002201049828458963,0.0033388294103651054,0.004187777709930244,0.0054401514681750975,0.007183709286250251,0.009016156392661524,0.010606820578441672,0.011835525380817469
2018-10-16,-0.006170204008123826,-0.005201733606517489,-0.004016460463076834,-0.0027220581086245645,-0.0013618546686809145,-5.178685908495517e-05,0.0011531915839316693,0.0023102152513242995,0.0034305018347617444,0.004265738130279937,0.005493996896908716,0.007206495179666532,0.009010492701318257,0.010546265365817934,0.011762627204243876
2018-10-17,-0.006130071227665715,-0.005126711352233201,-0.003918608503291955,-0.0026050168031902065,-0.001226833943164343,0.00010275373214510207,0.0013217348600563508,0.0024902034722640827,0.003616499611016352,0.004449681156631484,0.00567764344467816,0.007417718417484947,0.009192140969040544,0.010738285292300918,0.011950677278384126
2018-10-18,-0.006167997665086577,-0.005145102976141752,-0.0039068385862931635,-0.002561220118775698,-0.0011539822861159755,0.00018964036898118096,0.0014166959442302447,0.0025934287474335383,0.0037281990976919654,0.0045681443174121275,0.005799327950231855,0.007519042215220263,0.009340474406924218,0.010881050921982731,0.01210220647805176
2018-10-19,-0.006180015890651444,-0.00516000624462884,-0.003920971311504331,-0.0025765371261651485,-0.0011722383404220726,0.00016523721166811914,0.0013841326244198638,0.002554055708812588,0.00368342386508314,0.0045190983363328704,0.005752820946958824,0.007506270658991354,0.009314783306763882,0.010880261787355724,0.01208833568556377
2018-10-22,-0.0062136912362513366,-0.005231014884194544,-0.004024924374298643,-0.002711829141324855,-0.0013308247151189625,-4.889495537955498e-06,0.0012110608762272118,0.0023812714273382554,0.003508842286409876,0.004345441203352326,0.005578345397223604,0.0073116611614476665,0.009166338111271634,0.010740656874947352,0.011938596844315695
2018-10-23,-0.00605620093664895,-0.004983092881900503,-0.0036855004829533865,-0.0022884329405088773,-0.0008497721882666729,0.00048607604424416286,0.001685697554286524,0.0028365343356602287,0.003946356814425355,0.004767806322930987,0.005967303809885009,0.007659312124364361,0.00941240554319194,0.010915203808290957,0.012094917906938923
2018-10-24,-0.006001504694107765,-0.004830136958077281,-0.0034625676709694095,-0.0020099121131306624,-0.0005319737146233623,0.0008272906409461689,0.00204139815062302,0.003202914306325494,0.00432059069560475,0.005136820019356411,0.006340266729093443,0.008098862586114959,0.009715414100463771,0.011213529169624911,0.012316722723260877
2018-10-25,-0.005997964606379238,-0.004836729930129876,-0.0034816935367210497,-0.002042351907186429,-0.0005762274467246587,0.000769036412490914,0.001969188913400557,0.0031181672804894,0.0042258344684975736,0.005038100524129928,0.006221502615451262,0.00789842102651387,0.009638124926420329,0.01109392470358678,0.012149271188173293
2018-10-26,-0.005996274246140733,-0.004817083240276481,-0.003440605236557998,-0.0019746671666608985,-0.00048177308766471794,0.0008696720973692263,0.00204624245172661,0.003166608348615994,0.004238321185714236,0.005028504189478325,0.006178048358768379,0.007793648464661068,0.009494413612055004,0.01090905774090693,0.011952096809971061
2018-10-29,-0.006179806220545351,-0.005086673443935687,-0.0037983578702456343,-0.0024133429092468273,-0.0009758349435863106,0.00035844956516030955,0.0015261143486788571,0.0026398074873610544,0.00369819253848969,0.0044872937158590845,0.005645800421761852,0.007263614551237417,0.009016127812743469,0.010451685758207659,0.011483867794496852
2018-10-30,-0.006325234006457396,-0.005236612473737358,-0.00393197194629362,-0.002524170605148122,-0.0010608610214721576,0.0003016907556766937,0.001495072044296752,0.0026308667495467553,0.0037067730896998604,0.004511599345004618,0.005728953501123193,0.007481688640038676,0.009154201353863448,0.010646685204784706,0.011680934789090897
2018-10-31,-0.0064157777493289245,-0.005424684374532043,-0.004201172769828084,-0.0028626337295862476,-0.0014565885179627263,-0.0001297017172213825,0.0010398754912119685,0.0021562503891913733,0.0032162567643825284,0.0040125306763801405,0.0052131061026026125,0.006923996997274892,0.008712785540357005,0.010227013954185108,0.01127312496967067
2018-11-01,-0.006271308946669333,-0.005204893201515575,-0.003913381481277774,-0.002517034248467049,-0.0010712092773958615,0.0002695528141288664,0.0014471092074650027,0.0025717328042720393,0.0036403768820888562,0.004431184598567212,0.005602862371859856,0.007277332351115804,0.009041392501585392,0.010516674636497806,0.011553546916399277
2018-11-02,-0.0061548008954759245,-0.004963839982773183,-0.0035653697713466746,-0.002079366133200192,-0.0005581331513459623,0.000829233186320575,0.0020350429546090194,0.003182514436737418,0.004267984385959645,0.005054723663460681,0.0061900030668831756,0.00779172378458428,0.009533158703071568,0.010967214036556705,0.011991072718312581
2018-11-05,-0.006192095860285503,-0.004963462392887796,-0.003517978172703184,-0.0019776886380368495,-0.0004054545017901255,0.0010185186380021127,0.002257844266144764,0.0034336421237828236,0.0045430773108883936,0.005343503880127536,0.0065055663180094,0.008155060848000094,0.009881246562871843,0.011341160042263921,0.012371854335085957
2018-11-06,-0.0063143320332473786,-0.005128887611919094,-0.0037147078618190743,-0.0021965738422406126,-0.0006362262049224943,0.0007947411324610503,0.0020410849827406942,0.003226142955215459,0.004343908551260274,0.00515625188084826,0.0063460164294230955,0.008044078943790679,0.009848013841037992,0.011371985900736023,0.012396467265839784
2018-11-07,-0.006292740571256185,-0.005120017204884715,-0.0037191509133434604,-0.0022167375861269416,-0.0006746411918369947,0.0007405155201647904,0.0019826694734576033,0.003166542754820441,0.00428943929708886,0.005102227806359483,0.006262889776754334,0.007862996312587411,0.009711917849237348,0.011214653199844576,0.012241227523729636
2018-11-08,-0.006284938223447956,-0.005048240901764776,-0.0036060813264471407,-0.0020720735972665117,-0.0005079852051085146,0.0009194463437266079,0.0021670824308384867,0.0033504156316629258,0.004465550239620717,0.005269101983106675,0.006440084491351447,0.008112480251367783,0.009877056789877225,0.011346051571980348,0.012388625770433297
2018-11-09,-0.006415938596517908,-0.005241404091727523,-0.0038358062108504484,-0.0023265794806221454,-0.0007930203177255285,0.0006288106882966284,0.001855564487262774,0.0030202863794243032,0.004117862197837338,0.00491788840839631,0.0060970089257702635,0.007754628947784266,0.00951690729955247,0.010999044916789708,0.012028683998236252
2018-11-12,-0.00669322023426927,-0.0054161351812583415,-0.003978889043347156,-0.0024717362943553127,-0.0009401122935939717,0.0004869791242366794,0.001729475187790351,0.002907952777469586,0.0040174955768334745,0.00482363248938681,0.006018548374816777,0.00771377412772482,0.009460980641890623,0.010933374367848683,0.011964725959710078
2018-11-13,-0.006797843701006607,-0.005515524434175811,-0.004058252718217973,-0.002523538823490188,-0.0009663694299453349,0.0004793560468870639,0.001731786220058342,0.0029147697516415244,0.004026416259939915,0.004833698549386705,0.006035019560116902,0.007724715857308882,0.009515215216018141,0.011015247339186705,0.012038619089566402
2018-11-14,-0.006798007648387217,-0.005513013425592949,-0.004073218700698221,-0.0025633132420833614,-0.0010308661866421855,0.00040020126555088335,0.0016462388937151253,0.0028262854838035545,0.003936703366644538,0.004744837075599968,0.005948978833497792,0.00764639479362062,0.009416762674646017,0.01089921610405347,0.011924218086139974
2018-11-15,-0.0068890472759760525,-0.005639614753471322,-0.004240705201320417,-0.002773052691721877,-0.0012774263586005394,0.0001303642402769856,0.0013647920060239713,0.002537099301993003,0.0036436961415008294,0.004456799885796457,0.005675804143225511,0.007394033929403579,0.009125681456426863,0.01060947761255291,0.011624392447463121
2018-11-16,-0.007167664860138841,-0.005892153656706664,-0.004481634604618642,-0.003004238358860614,-0.001500633777877922,-8.039919455971258e-05,0.0011702839209405541,0.0023610570949219576,0.00348341521729723,0.004302656369917761,0.00552018431903254,0.0072387374309658605,0.009001938594455937,0.010511338438235452,0.011531432009601444
2018-11-19,-0.0071454473880977224,-0.005867648293792522,-0.004446237876310983,-0.002959222491044755,-0.0014547443548114604,-4.793511553927116e-05,0.0011858420338241203,0.002359451867100675,0.003468483743212643,0.004281881115591093,0.005503694116387063,0.007238356093665391,0.008863555484348019,0.010313374933373315,0.011350671111482802
2018-11-20,-0.007000797974638692,-0.005708106207031635,-0.004285386452370809,-0.002803489778528392,-0.0013128840494008075,7.567518465386372e-05,0.0012884173700108326,0.0024462163478595252,0.0035461725526802885,0.004349828573653688,0.0055405999308975,0.007221451788320174,0.008938069634699305,0.010382343763352486,0.011377012363972408
2018-11-21,-0.007086177334803358,-0.005805379280700132,-0.004402719048350859,-0.00294367513508465,-0.0014768985751314908,-0.0001109692768488379,0.0010867284206175568,0.0022303208630795883,0.003318841603966387,0.004110319670471215,0.005267860049392691,0.006871953245290889,0.008697483583895972,0.010143211661741595,0.011128218349192864
2018-11-22,-0.0072684615665570785,-0.006039785763641537,-0.00467722746804247,-0.003246427116983125,-0.0017915428008968253,-0.00041982123541956017,0.0007901843728953454,0.0019450647525492385,0.003043808106631667,0.00385357200867293,0.0050544644457617685,0.006723949619302483,0.008556848197892871,0.009988225685860497,0.010975815253549261
2018-11-23,-0.007196535602273972,-0.0059633958343221745,-0.004605544835799344,-0.003184992886099533,-0.0017428062126919413,-0.0003873582790983044,0.000809571249141602,0.0019545041525864536,0.0030474155541132335,0.0038567799192903035,0.005075134330836538,0.006788435908028284,0.008609459800195307,0.01000091528553256,0.011007763833235375
2018-11-26,-0.007367865363583715,-0.0062046931103460394,-0.00490037172526455,-0.0035219166907948084,-0.0021108749574393656,-0.0007753946959541038,0.0004060144477194498,0.0015398265934203521,0.002624720278247815,0.003434209626870391,0.004652573732490111,0.0063487946171925025,0.008232622870859825,0.009649543662387601,0.010648083208206819
2018-11-27,-0.007233938011963064,-0.00601034788475849,-0.004671362543073168,-0.0032720208889810086,-0.0018491010702487434,-0.0005022588255832634,0.0006920631121390885,0.0018366693321049143,0.002929928178859406,0.0037451623631649684,0.0049835693205843735,0.0067341234041513555,0.008593388518067851,0.010045925975385268,0.011064818810304047
2018-11-28,-0.007321633918211702,-0.0060681029296625905,-0.004718747377245605,-0.003313087250491934,-0.0018887023078936142,-0.0005401731940150575,0.0006556304338387445,0.001800610355752937,0.0028934050387384967,0.0037032193616409544,0.004933464938945126,0.006683729866836462,0.00855446906621557,0.010013415945674975,0.011028149601674149
2018-11-29,-0.007320690072394571,-0.006045942245493344,-0.004681887222008389,-0.003267460281583868,-0.0018359614413858442,-0.00048527036843673657,0.0007113348513140057,0.0018562748383710098,0.0029470058283223867,0.0037419306210169406,0.004929233746604137,0.006599282474958505,0.008508291133732379,0.009941099504246974,0.010949305127524936
2018-11-30,-0.007202063308525503,-0.00593730526913894,-0.004566010600849358,-0.0031312475542756694,-0.001676881350500851,-0.0003045109457114524,0.0009068703266902126,0.0020702362719641093,0.0031823275815385855,0.003994413235813713,0.005204592697379248,0.006927419482952948,0.008754969415230384,0.010202941715998797,0.011202107105796381
2018-12-03,-0.007153470845375304,-0.005869419526403017,-0.004465126002369626,-0.0029929404369574957,-0.0015029586299062801,-9.844645051478077e-05,0.0011461900685595036,0.002336920772858266,0.0034730730093694992,0.004299142314821243,0.005520322808299059,0.007222183730451038,0.00904123614798276,0.010491029915134151,0.011474581171910067
2018-12-04,-0.007093143983717302,-0.005816702032352047,-0.004429310932473143,-0.002974812817511378,-0.0015027658447254696,-0.00011039364732781293,0.0011268395129265813,0.00231355026577492,0.0034477995640950095,0.0042653428448426785,0.0054575892336752585,0.007122066420531849,0.008978274438834513,0.010436837749190915,0.011431756838143407
2018-12-05,-0.007047361442729077,-0.005785393623665122,-0.00441076745554951,-0.0029653569006248856,-0.0014981867442644126,-0.00010937975389024743,0.0011242328242966836,0.0023087966271053014,0.003441138646971137,0.004259803158685434,0.005458481013502465,0.007140260020559482,0.008998242096424561,0.01045830696035598,0.011451968184439774
2018-12-06,-0.006847605941486549,-0.005599549662614178,-0.004232647495551709,-0.0027936776226559806,-0.0013315474280256362,5.345755908093633e-05,0.0012814523707087191,0.0024554470384946857,0.003577300974660979,0.004388538933219116,0.005581143962404076,0.007234815186992031,0.009100474431083838,0.010549013218582006,0.011534912926980586
2018-12-07,-0.006813174084976659,-0.0055622871493527706,-0.004181354298187385,-0.002724347904879877,-0.001238646928840966,0.00016593160357812934,0.0013987181569449865,0.0025753230643493627,0.003692944597003801,0.004498399053507472,0.005682493938003469,0.007330531558040761,0.009196580721264367,0.010656567135248181,0.011632248757353615
2018-12-10,-0.006900631324490387,-0.005736558800198509,-0.004427852751490484,-0.003032486879042376,-0.001591825078730127,-0.00021805445649437458,0.0009891015029787299,0.002142859151845218,0.0032391862482666865,0.0040392604962230984,0.0052295452048624095,0.006889494434312953,0.008766952904166713,0.010241785364995008,0.011212834744140194
2018-12-11,-0.006897329512471364,-0.005802766414788928,-0.0045470807234739,-0.0031944376231751166,-0.0017836683319195014,-0.0004216514203997535,0.0007870643323658226,0.0019441010403184462,0.0030456947349556513,0.0038490486030883357,0.005048369748501034,0.0067246536807647915,0.008641872226651155,0.010128333675964137,0.011110487568316698
2018-12-12,-0.006884951370010014,-0.0057601506005157295,-0.004480756609356244,-0.003109052890638907,-0.0016832621202809905,-0.00030999760512335643,0.0009043488798391948,0.0020668148562661185,0.0031739753223094884,0.0039851778634778885,0.005205763105054202,0.00691624924961813,0.008821807859520874,0.010329624708205703,0.01128994897526141
2018-12-13,-0.00681602233436988,-0.005731190721675412,-0.004476205438266968,-0.003116772027638163,-0.0016943879569555897,-0.0003194901436887115,0.0009074300596384838,0.0020911321535626113,0.00322890667102604,0.0040678143407252895,0.005310000804858213,0.007017584560218773,0.008916351388938381,0.010429051794573492,0.011382396514170851
2018-12-14,-0.006974414741396215,-0.005977333976181746,-0.0048003122098912165,-0.0035097299568869864,-0.0021362492889719963,-0.000786871189301356,0.0004221620936256143,0.0015857210380385255,0.0026983595819735488,0.003524351746098937,0.004784289976285234,0.006570283294747843,0.008505488306831252,0.0100535095991,0.01103252679511494
2018-12-17,-0.006906755574284252,-0.005920820318458959,-0.0047451897756228085,-0.00344925076261978,-0.002070144949826046,-0.0007168838080872948,0.0004989302342168952,0.0016706722633130365,0.002792654697988923,0.003615685565642895,0.004849503492561767,0.006600421291546827,0.008549352007907199,0.010083698050907496,0.011055675664857071
2018-12-18,-0.00680592153822804,-0.005842721548146549,-0.004670109624402238,-0.003374627073188974,-0.001997254310862032,-0.0006480436376531768,0.0005652091772355435,0.001736354801684718,0.0028663317186095306,0.0036997859754887967,0.004947223122295208,0.006669887776627417,0.008694824290747052,0.01025829223207131,0.011230231198543262
2018-12-19,-0.006878967572222534,-0.0059252494783914,-0.004774528078797774,-0.003501840009258477,-0.00214962728736846,-0.0008225810820749135,0.0003681066739546599,0.001515778789074448,0.002617435204171101,0.003429321130842499,0.00465347482747312,0.006370933565963698,0.008333367500429626,0.009853697820631137,0.010816461397146688
2018-12-20,-0.0067736431738762105,-0.005802488280886673,-0.004641657514871921,-0.0033633653653988684,-0.0020028218974999655,-0.0006606458354253574,0.0005447297985444934,0.0017031714873548302,0.0028114114951540733,0.003630960744466574,0.0048764871391024835,0.006631964312391305,0.00857731704334191,0.01011714702556665,0.011092539778815075
2018-12-21,-0.006790094027760997,-0.005788143918402663,-0.004619752599393164,-0.0033424111581603086,-0.001988875283333235,-0.0006548213220872544,0.0005415490998590448,0.0016938272025486037,0.002799070866853784,0.0036124924935522955,0.004848311734741321,0.006588058953947873,0.008576521486714641,0.010118595667576101,0.011089894020809921
2018-12-24,-0.006783382149911431,-0.005832158153753383,-0.004719294067597071,-0.0034980387883322707,-0.002195950504380752,-0.0009037460663413018,0.0002617539752503037,0.0013887760994818665,0.0024734902019933657,0.0032717041414593736,0.004479929858866613,0.006175420635186709,0.008119535538560643,0.009603475077843886,0.010552499145865805
2018-12-27,-0.006732279378734527,-0.0057526067328316065,-0.004609915014921432,-0.003359533396515867,-0.0020317633420089696,-0.0007172015666105546,0.0004701411094228912,0.0016161719035138271,0.002717886376293822,0.0035284853783681186,0.004754897272061398,0.006471998419754048,0.008436467484168935,0.009902113300086338,0.01085672805838899
2018-12-28,-0.006759955358525344,-0.0058075993674749846,-0.004693402621771377,-0.0034719839130369495,-0.0021735348886474637,-0.0008730572661515718,0.00031382702118201873,0.0014618517755209898,0.002567346217193389,0.003388329151221968,0.004641846929585311,0.00638510956719418,0.008376783598142562,0.009878682530168468,0.010844112207231039
2018-12-31,-0.006778513602434731,-0.005817053786034618,-0.004683602416339782,-0.0034419281076517737,-0.0021309524928399635,-0.0008290511300832553,0.0003669108371372481,0.0015269371969422853,0.002648925843547145,0.003478613951225817,0.00473681203552569,0.006489876950223551,0.008485331525379065,0.00998641457904141,0.010938260247041707
2019-01-02,-0.0068266212912772885,-0.00593937313113438,-0.004868017748410263,-0.0036764426730792436,-0.0024033272742618145,-0.0011294127867850284,5.092604254182838e-05,0.0012024765962491898,0.0023239799649263466,0.003150689101684955,0.004416291264073786,0.0062015800439225366,0.00821389420860492,0.009705970402741147,0.010652722060238361
2019-01-03,-0.006775027314974074,-0.005933084440153372,-0.004892494563709428,-0.0037273498704145733,-0.0024741941274910003,-0.0012107089729202366,-3.185685017159546e-05,0.00111803311675909,0.0022368649793663795,0.00306399540070391,0.004321979160228289,0.006094160976944314,0.008054940136437639,0.009530501002359932,0.010469504250583055
2019-01-04,-0.006800641381051882,-0.005941955354495932,-0.00488556616881753,-0.0037076405103704693,-0.0024505407477101375,-0.0011843947807728369,-5.374136274845961e-06,0.001145532123619764,0.002263850910905494,0.003088463036142676,0.004337492239165806,0.006089114178031851,0.00806460377612966,0.009543141844034965,0.010476794979854062
2019-01-07,-0.006815579776235599,-0.0060335929863484464,-0.005041402043140075,-0.003916259400577675,-0.0027021856070946256,-0.0014736942458859308,-0.00033155411549261343,0.000785264161006327,0.0018747666757479708,0.002682024837786384,0.0039016454615082422,0.005609356970370212,0.007544568088060416,0.008987170423313864,0.009901336587680689
2019-01-08,-0.006742295067046479,-0.00596241292353252,-0.0049643046112679634,-0.003830444608164683,-0.0026075470419972898,-0.0013740900483912343,-0.00023022405708976625,0.0008873579924141078,0.0019760693396227913,0.0027829935678812287,0.003994103402167775,0.005653010998504868,0.0076326415912371885,0.009099167863871441,0.01000422560596333
2019-01-09,-0.00677852822886914,-0.006104360775920022,-0.005191473403979846,-0.004125601690989318,-0.002951629122578572,-0.001752087102314164,-0.0006272064076119586,0.0004760431597962633,0.0015557659081437147,0.002352525861568858,0.003547361251752554,0.0052027573551616645,0.00712760908083917,0.008584961651711707,0.009458383913643655
2019-01-10,-0.006583019095690909,-0.005866167584200154,-0.004934026080230625,-0.003860149325733081,-0.0026815416816403544,-0.0014776215503198983,-0.0003526597708883838,0.0007524848552277443,0.0018320433064042206,0.0026305228841923853,0.0038293294427869614,0.005494051505128662,0.007353204557369002,0.008769836010655596,0.009636196794608913
2019-01-11,-0.006520457476450077,-0.005753229332654009,-0.004810354581195682,-0.0037448886215188646,-0.0025883594105959983,-0.0014276501076664746,-0.00037366714914884713,0.0006646800899638849,0.001676176808523558,0.002434193248146926,0.003562524894978496,0.005107846153130917,0.006914195629982599,0.008206284630357724,0.009094932058476364
2019-01-14,-0.006650059132499304,-0.005917267313298156,-0.004984909413274503,-0.003919315136913609,-0.002758022419841672,-0.0015927319931710014,-0.0005186699259729854,0.000539630308452655,0.0015764387261435029,0.0023450820647082644,0.0034755091878376433,0.00500135565455711,0.0068316693697087726,0.008141058436326705,0.009005879628066923
2019-01-15,-0.006548706625675945,-0.005727844557033568,-0.004730835499515539,-0.0036147523233518507,-0.0024214495207499666,-0.0012430800015115835,-0.00017200094821457072,0.0008799894226045455,0.001905961691299343,0.002658381686331071,0.0037661031270024106,0.005280126622892436,0.007028921037483339,0.008295457224790066,0.009132517317472751
2019-01-16,-0.006591574407052933,-0.005799871951868824,-0.004817970799329993,-0.0037034753208309637,-0.002495160988660884,-0.0012874690688130805,-0.00018246187108780673,0.0009047063116348941,0.0019686807549184155,0.0027510633708881216,0.0038950462879282317,0.0054520246183132,0.007360003611960555,0.008724718518209008,0.009586863894311353
2019-01-17,-0.006810034489970716,-0.005986544208422884,-0.005011293764814841,-0.0039070253810900785,-0.002707948431448555,-0.0014993271963986987,-0.0003833431053116131,0.0007170723562050418,0.0017961664463539047,0.0025880426630913817,0.0037484322810014343,0.005317487376356637,0.007290768562369551,0.00869385243735081,0.009559521299251198
2019-01-18,-0.006819158867889,-0.0059696843124587805,-0.004966558584552246,-0.0038395891119430868,-0.002627152719757612,-0.0014166582616534386,-0.00030811848862377536,0.0007847477058047018,0.0018562527854492504,0.002652201125277829,0.003816674385681559,0.005367200665864754,0.007326399561454184,0.00872523768888212,0.009592171041136709
2019-01-21,-0.006801071186091648,-0.005945377324947787,-0.004941329910797424,-0.003821920974361218,-0.0026238026974957055,-0.0014380867690499367,-0.00036027463347351307,0.0007027682002418816,0.0017490010459958927,0.0025290505543163065,0.0036808402614211103,0.005217287266897329,0.007164714695414418,0.008551541810314726,0.009400576428242293
2019-01-22,-0.006743825404233711,-0.0059084273455773375,-0.004919198481212441,-0.003805897123794404,-0.0026152823489665983,-0.001443012112297157,-0.00038421128430250084,0.0006626519064847477,0.0016990305847931113,0.0024792403503746422,0.0036394422379477788,0.005196112643468201,0.007124412307096161,0.00850929132377149,0.00937876435958803
2019-01-23,-0.0067464269332660485,-0.005904923881627215,-0.004926182288041983,-0.003829030628452203,-0.0026491140999666185,-0.001486278860215578,-0.00044967702306665785,0.0005770263035199204,0.0015901626731364058,0.002358923122089747,0.003501338240984712,0.0050236005498797654,0.0068916605094299374,0.008219310215130981,0.00908590640527603
2019-01-24,-0.00683418850837208,-0.005977597735212902,-0.00497121504175304,-0.003835642799965764,-0.002620318123016622,-0.001427827157539867,-0.00036638966387561323,0.000686535285219258,0.0017273763332995734,0.002512789969227285,0.003672705019826867,0.005207116224983771,0.007136466463139702,0.008486754946339872,0.009363916797583452
2019-01-25,-0.006874443924263512,-0.006004842870122258,-0.005000208073306482,-0.0038659081005741544,-0.0026329732142158536,-0.0014320677012026651,-0.00037605029669103004,0.0006677465465527994,0.0016950179361480888,0.0024679040572794892,0.003618463446775436,0.005179662840721028,0.007138516033946999,0.008539248493790128,0.009426001358217058
2019-01-28,-0.006929095350659611,-0.006143904142725241,-0.005170417398427521,-0.004054389821740845,-0.0028437833439625033,-0.0016461479840613926,-0.0005744299930954277,0.0004873591170085092,0.001535805264753463,0.0023231248620442357,0.003491115334612822,0.005060143219019999,0.007020700897580292,0.008417310062311625,0.009289828787693672
2019-01-29,-0.0067889702631499325,-0.006024183762961684,-0.005067541457904317,-0.003952045559774697,-0.0027291603084549855,-0.00151464109620229,-0.00042582823161932225,0.0006503092503200637,0.001711752286103383,0.0025006292818317627,0.0036672495081857027,0.0052237566738707435,0.007240877736977859,0.00867543443971049,0.009536957485543491
2019-01-30,-0.006829879181208075,-0.006045573903641553,-0.005078858781259329,-0.00395860532971577,-0.002731369647081704,-0.0015150368814759554,-0.00042775832477031517,0.000646816823752482,0.0017059231062896288,0.0024916215500487672,0.0036527726532735697,0.005203472117217928,0.007226572501236789,0.008659461503571098,0.009521084054590906
2019-01-31,-0.006622261008672242,-0.0060538839234717924,-0.0052663398944865995,-0.0043089349901373935,-0.0032101963124773016,-0.0020758132639529772,-0.0010327114599890787,-3.63625506161443e-07,0.0010225093600765677,0.0017983167935574362,0.0029427864207614775,0.004431870225872166,0.00651288093987812,0.007899627930630771,0.008758806863181938
2019-02-01,-0.006552006124672216,-0.006107235676359663,-0.005397001535673523,-0.0044755915513164,-0.0033996603387602873,-0.0022709540935218087,-0.001221907712458313,-0.0001778371534897011,0.0008309512459525203,0.0016362796133737026,0.0027249662897054316,0.004277577374443432,0.006409772294997431,0.007832882366377506,0.00870461756860954
2019-02-04,-0.006372047062014367,-0.0058783098570872215,-0.005114976992927794,-0.0041368175231333145,-0.0030046969220055143,-0.0018258172050762648,-0.0007374567723551301,0.00034492266180196485,0.0013876867388305258,0.0022115308937610636,0.0033130648329616087,0.004882100836033574,0.006963935022265564,0.008385115059724006,0.009252196376025326
2019-02-05,-0.00620568610257031,-0.005765476148655821,-0.005026986594803691,-0.004056941001580415,-0.002940769947147678,-0.0017840653924222983,-0.0007141999073080572,0.000350966714242164,0.0013756762124248548,0.0021886213528882655,0.0032917878990607065,0.0048699678018810635,0.006939303702014751,0.008342836183609764,0.009228973285463704
2019-02-06,-0.006156808951218978,-0.005688421782318911,-0.004933555522275795,-0.003949644356940792,-0.002824609698793219,-0.0016656398408490154,-0.0006020219055665351,0.0004593301875703445,0.0014828490599883143,0.0022922258759711755,0.003386964844904663,0.004968818936182458,0.006997361031721647,0.008402533925801372,0.009273789083684961
2019-02-07,-0.006211541481733708,-0.005773803660942407,-0.005050794640262498,-0.004090105887497428,-0.002978030459342202,-0.0018201453875037283,-0.0007559337878835075,0.00030861217269024773,0.00133580813971792,0.0021525472435745627,0.0032608205580577513,0.004860051238845991,0.0068688558352368355,0.008273697098168347,0.009126673301219223
2019-02-08,-0.0062204732113935205,-0.005770592071660429,-0.005073462318118174,-0.0041465577317167145,-0.0030606725222027033,-0.0019109612434475138,-0.0008501952066689209,0.0002045883585302581,0.0012233051833250423,0.0020320229626113887,0.003155723360066994,0.004799595552098261,0.006782835429238532,0.0082015090787361,0.00907526089640571
2019-02-11,-0.0061578809307822275,-0.0057060018764525855,-0.00502485053990797,-0.004125933629864441,-0.0030706923395941075,-0.0019488746871238064,-0.0009130674395231434,0.00011522290295068085,0.0011081839178280683,0.0018997727327039636,0.0030157749382928225,0.004657995942636059,0.0066292478023207,0.008030156630852702,0.008910919028314064
2019-02-12,-0.0062087517534301605,-0.005809666255215074,-0.005161553293357873,-0.004283485233721694,-0.0032358835589385826,-0.0021142972036077125,-0.001063139590901773,-2.3238789139062832e-05,0.0009800909129092969,0.0017772052049189657,0.0029039356235486197,0.0045610166743271854,0.0065329167549310055,0.00793601220693225,0.008822427566213186
2019-02-13,-0.0063147279139521015,-0.005965580414283403,-0.005356053516544563,-0.004508621966757081,-0.0034737838718926248,-0.0023467632241037737,-0.0012676669282536705,-0.00020079938657531333,0.0008276102027338358,0.00164024808947247,0.0027838213789551035,0.004465253736106066,0.006448827255397529,0.007885375044521657,0.008760293916355567
2019-02-14,-0.006257710971790543,-0.005851985262282939,-0.005193118815131995,-0.00431428457560855,-0.003268444154138606,-0.0021416082160193623,-0.0010547963262660105,1.6836029198772885e-05,0.0010487746672499631,0.0018599624500406046,0.003009469404106941,0.004695266220999039,0.006714921505707959,0.00814868782589076,0.009044378857224672
2019-02-15,-0.0061867015419991775,-0.005746751590242587,-0.00505170530070602,-0.004144075982644742,-0.0030804418241465836,-0.001951390356084579,-0.0008765338993825868,0.00018166171465425516,0.0011994067950089698,0.0020037223896919296,0.0031366626326131694,0.004790473549171873,0.006788036725192664,0.00820988510509792,0.009085607679120408
2019-02-18,-0.006184345974558748,-0.005709080889509949,-0.0049782064255750914,-0.004035400972239523,-0.0029480583824225597,-0.0018068528773400056,-0.000727050856009594,0.00033826805551813064,0.0013657748397052376,0.002179351381321737,0.003321045111505722,0.004975416442060819,0.006994678358648978,0.008428713261328456,0.009301601464079812
2019-02-19,-0.006132185630914945,-0.005672287768897972,-0.004957970484904507,-0.004032503254154008,-0.0029588448388069687,-0.0018289643135772076,-0.00075552000814686,0.0003058747873341953,0.0013304478779786837,0.0021424357588433487,0.003285334985900676,0.004948789663118274,0.006947850154343927,0.008376519254695682,0.009263092679766868
2019-02-20,-0.006150977123229837,-0.005728791997322457,-0.005042332984107539,-0.004140170509590223,-0.0030883470306220257,-0.0019790429665457686,-0.0009182995394915847,0.0001325582257177812,0.0011485805738811051,0.0019606601512767805,0.0031184735984351813,0.004798583069874383,0.00673034565934383,0.00811298371337393,0.009003858832134996
2019-02-21,-0.006098778751242537,-0.005659658479629067,-0.004977134666654352,-0.004090515241942974,-0.003062092262842027,-0.001979683087203338,-0.0009477736267940674,7.498822648344359e-05,0.001066271731403341,0.0018623217674615953,0.0029953444589849807,0.004644210040828287,0.006604454927604829,0.00799098850691412,0.008880403590687789
2019-02-22,-0.006091530863518144,-0.005722098865014399,-0.0051211086316412325,-0.0043156872742641265,-0.003347793086166514,-0.0023097688574406513,-0.0013064051678663617,-0.0003100685557430817,0.0006591799018759501,0.0014441816796908708,0.0025607591541146305,0.004179009483243154,0.006132509930345415,0.007515814122774822,0.008407549590978202
2019-02-25,-0.006132365643905314,-0.005663094082689945,-0.004986206092659109,-0.004123971546614758,-0.0031339024501913716,-0.0020940555999727564,-0.0011137463293096127,-0.0001391568888707112,0.0008090945060468285,0.0015763411137481832,0.0026799600990010655,0.0042852949642046955,0.006163012845684199,0.007515386877402373,0.00841663030902182
2019-02-26,-0.006091851443496346,-0.005639934199697254,-0.004972839643111343,-0.004115320182500339,-0.0031223893597380464,-0.0020738200282195097,-0.0010776398966649773,-8.57106028299854e-05,0.0008748463748851098,0.0016412799611587718,0.002740373107688183,0.004367223398107154,0.006317751988580145,0.0076800659219413625,0.008629307905531779
2019-02-27,-0.005998113463991273,-0.005575741717974907,-0.004947323152520749,-0.004130396294199957,-0.0031671803654196216,-0.0021373706791509863,-0.0011443887582620108,-0.0001581375047648912,0.0008013573919796745,0.0015801097710481605,0.0026940915730815536,0.004315721087540665,0.006281371331591372,0.007696542388089118,0.008602172820589143
2019-02-28,-0.0059199485603297144,-0.005494618119138789,-0.004872553093287283,-0.004068194726305931,-0.0031277691806024343,-0.0021238078255163056,-0.0011597552656279744,-0.0002023483651344095,0.0007314541773550627,0.0014908342600145035,0.0025834020468702167,0.004170709613885489,0.00611468720027236,0.00751733564906424,0.008417864213486535
2019-03-01,-0.005886897377438194,-0.005516353957966948,-0.0049509161128750544,-0.004203982698268054,-0.0033120700744689413,-0.0023527868045856467,-0.0014294647504399399,-0.000507321942145872,0.0003956161177011192,0.001140105514499258,0.0022250572666901195,0.003808957349396033,0.0057604971023991055,0.007171617128507007,0.008075562694162293
2019-03-04,-0.005975810387290633,-0.005633167050062301,-0.005065761012929432,-0.004287503748017394,-0.0033725872345183048,-0.002381013340642625,-0.0014289167098169558,-0.0004728025316804026,0.0005085314743531401,0.0013497021260717727,0.002294422804393433,0.003484040948853337,0.005901358763883665,0.007322209807323089,0.008236290463733142
2019-03-05,-0.005867914349683474,-0.005513744012788841,-0.004925430756851353,-0.004127896813462348,-0.003194240386820906,-0.002194025228917867,-0.0012458263716249233,-0.0002889436730134181,0.0006927475190083364,0.0015377074900267361,0.0024769740727352977,0.0036667963275915064,0.006064844673477639,0.007494647363709107,0.008397650377117379
2019-03-06,-0.005774194417548639,-0.005459995516914558,-0.004902010456692291,-0.004125424940725471,-0.003214385781967458,-0.0022365305740299664,-0.0013075105807889415,-0.00037198902738111266,0.0005938374935735764,0.0014252958643009206,0.0023672627902413114,0.003564984239670998,0.005952552264585402,0.007377333615358206,0.00828548974821312
2019-03-07,-0.005650717532286201,-0.00534639092615125,-0.004801238445131988,-0.004039800184667384,-0.0031472823173832746,-0.002195186745792999,-0.0012894856770752445,-0.00036949331818900247,0.0005831388010937037,0.00140567084777185,0.002332467290491656,0.0035100006629201043,0.005952408016521074,0.007371679794100462,0.00826693598366704
2019-03-08,-0.005704159615050925,-0.005546909410440243,-0.005122918714116786,-0.004455786212644937,-0.003622193986929152,-0.002700804887304617,-0.001796164917635202,-0.000878044783517806,7.654598225599947e-05,0.0009045804963317434,0.0018394806975458378,0.003026959699482879,0.0055159223537314065,0.006954709795379483,0.007858398565897894
2019-03-11,-0.0056818083902322606,-0.0055932390764269245,-0.005232733829773112,-0.004621928224229546,-0.0038327824633539536,-0.002946033988371853,-0.002061153463894881,-0.0011598337418282758,-0.00021737942923604235,0.0005987432483906535,0.0015222065288553802,0.0027098705227653866,0.005199047817990627,0.006655761883201007,0.007538564197285536
2019-03-12,-0.005612268629047551,-0.005509291820659246,-0.00513456614620472,-0.004508462205684812,-0.0036963070796418133,-0.002777538232517943,-0.001850306816243131,-0.0009111972002128838,6.160947815792277e-05,0.0008937000729494832,0.001822276185282144,0.0030208496735293624,0.0055913394368161725,0.007066484679929783,0.007969181207759968
2019-03-13,-0.0055363935926029464,-0.005408697336218539,-0.005004886037387472,-0.004348280312807781,-0.0035139158059559754,-0.0025851951231794733,-0.001653458204477485,-0.000705579720334175,0.000273161884520553,0.0011075872732883199,0.0020272916894297477,0.0032134886694573706,0.0057932478233245835,0.007288073251586466,0.00816656597048656
2019-03-14,-0.005482897091505315,-0.005349619355860451,-0.004959115079019804,-0.004326870525898951,-0.0035216661560052644,-0.0026198419413940893,-0.0017071438706787428,-0.0007762556547329148,0.00018916957192927894,0.0010150528290425328,0.0019229804581606053,0.003088808952196945,0.005686272360001866,0.007180246737559327,0.00804862517989083
2019-03-15,-0.005486091404198301,-0.00534136216378212,-0.0049699481260616725,-0.004360745509931184,-0.0036019780064713135,-0.0027338337210016644,-0.0018631244393380814,-0.0009686892323373053,-4.9476603144825546e-05,0.0006862084119374176,0.0016452781739036135,0.002775914553045064,0.005343620870646911,0.006814817045033517,0.007670525237831503
2019-03-18,-0.0055798854755830735,-0.005388977397917313,-0.004987507020087834,-0.0043623142905263,-0.0035932856213582126,-0.002717681213394013,-0.0018308580511442085,-0.000920906648708907,1.5736984705491077e-05,0.0007613354090065921,0.0017335386154679689,0.0028912857479366097,0.005460047289266463,0.006928545369054001,0.007798554303125919
2019-03-19,-0.005650500401213647,-0.005435232745094326,-0.005007882094086996,-0.004356484436452845,-0.003566412929830807,-0.0026699669769715308,-0.001762169606444483,-0.0008306881788315401,0.0001260637983520407,0.0008880473060275477,0.0018916345877832317,0.0031011729521507165,0.005692119084326257,0.007203903443321998,0.008077250382009965
2019-03-20,-0.0056657587811744,-0.0054277278101081995,-0.004989121343362058,-0.004336700850883832,-0.003554635161803148,-0.00267314455928509,-0.0017822213785135697,-0.0008652433242378725,7.7596186396081e-05,0.0008255585623211226,0.0018012284651355978,0.0029745818905914604,0.005636896743659803,0.007138022934997956,0.008011122379962389
2019-03-21,-0.005700282044592846,-0.005463293529776081,-0.005029791822911347,-0.004383226376732033,-0.0036075256101855066,-0.0027369049752669315,-0.0018543810414466567,-0.0009481278879849466,-1.1496000718686239e-05,0.0007328649677870192,0.00171773094136919,0.0029138444203020606,0.0055291195445959255,0.007007406771894149,0.0078662448415137
2019-03-22,-0.005598507835635636,-0.0052920688585192865,-0.0048052219104821456,-0.004115134300975802,-0.0033110607308512526,-0.0024293814259737398,-0.001546106687548733,-0.0006383688226586044,0.0002965597661596869,0.0010345798895004313,0.0020017529580112527,0.003177907862623666,0.005784460838385901,0.007235931177701931,0.008095299019251361
2019-03-25,-0.005670281930118633,-0.00540667025770024,-0.004982264273501874,-0.004353896832105743,-0.003602566270212938,-0.0027535076618043805,-0.0018937318800780496,-0.0010090559818829606,-9.348557809974855e-05,0.0006342687405673696,0.0016000681677934962,0.0027817765064496506,0.005394015975308036,0.006827285961079393,0.007683265666126404
2019-03-26,-0.005642785977803216,-0.005345641899308524,-0.0048898294009854515,-0.004231483392290407,-0.0034575031235135,-0.002594980762102896,-0.0017287265454783152,-0.000838506449743743,7.968891196469304e-05,0.0008117114119295365,0.001786404651576081,0.002982956232334382,0.005595706069234795,0.007039954463474529,0.007900345724682727
2019-03-27,-0.0055795760730729185,-0.005272172497824983,-0.004810596756913423,-0.004149069006128436,-0.003372151640666271,-0.0025078851296456003,-0.0016363984096735968,-0.0007420261187740916,0.00018332572534059103,0.0009188606297417298,0.0019143099493065144,0.0031475537422203078,0.005755640102568447,0.007196352314072009,0.008046588506134243
2019-03-28,-0.0055658022280392115,-0.005181880816438711,-0.004646104836885673,-0.0039160721735688525,-0.003084358538581026,-0.00219225073520023,-0.0013009279074766684,-0.0003877014698774931,0.0005477975038283495,0.00127728941363084,0.002247951223501738,0.0034502365458492154,0.006068831381564052,0.007499185296963797,0.008344767357166985
2019-03-29,-0.0054447257120434946,-0.005051075143349503,-0.0044923529947140045,-0.0037406360237320522,-0.002889800493042705,-0.0019854399077869635,-0.0010815309630454774,-0.00015694567421930947,0.0007880289410746035,0.0015194786394598328,0.00248847730528681,0.0036927986151583827,0.006280471739058584,0.0077213081880712405,0.008564446055111342
2019-04-01,-0.005394303401153194,-0.005007736215552093,-0.004455619849977888,-0.0037099212385424455,-0.0028714791916182193,-0.0019714979683151186,-0.0010693880313195122,-0.00014547260963667925,0.0007979515508274866,0.0015351231267060302,0.0025307453524873193,0.0037766740640944644,0.006377575769588481,0.007842948122494618,0.008689944401298784
2019-04-02,-0.005405253154141164,-0.005049058993083197,-0.004519528729344471,-0.0037991311135640443,-0.0029871848035312705,-0.00211441425973055,-0.0012356886636813822,-0.00033299678218758766,0.000595280165326771,0.0013292898548729172,0.00233522289030459,0.0035971864388897267,0.006210479302260985,0.007682368570551342,0.008532872621998037
2019-04-03,-0.0054575744585940895,-0.005061159646452549,-0.004492385333682149,-0.003746907746855056,-0.0029212829777456634,-0.002046320228971171,-0.0011657614923435424,-0.00026353866504801954,0.0006618870689931533,0.0013924831462153937,0.00239526202902258,0.0036599750178007906,0.006277142902138074,0.0077464669833453275,0.008605149064110841
2019-04-04,-0.00551431818244859,-0.0051729578070586245,-0.004664804571508443,-0.003978195557277634,-0.0032050571950346827,-0.002365799621430432,-0.0015129382453206491,-0.0006333387850854723,0.0002810967562010881,0.0010184177481490416,0.002051421956365678,0.0033546644913881162,0.005981592576024195,0.0074869174018619275,0.00834151161559318
2019-04-05,-0.00562493338472705,-0.005415775338619842,-0.005017998460903751,-0.004421167727483243,-0.0037124851716726095,-0.00290959661785905,-0.002075713972499018,-0.0012114651890389942,-0.00031080879171791723,0.00041603397850598317,0.001447298303470847,0.002775699952296992,0.005461104739840889,0.006982004164190016,0.007847871453294668
2019-04-08,-0.0055053197798659755,-0.00528507917024317,-0.004866116427998739,-0.004250860658070985,-0.003539452995794116,-0.0027670961956749052,-0.001976197843846441,-0.0011552271271376674,-0.00028745823439763133,0.0004152095778318018,0.0013820755853713742,0.0025929540853832853,0.005291602928555084,0.006780546943583486,0.007651015218434376
2019-04-09,-0.005570904776732855,-0.005350671759915631,-0.004958269694162412,-0.0043617853516432934,-0.0036642662698492235,-0.002889917414131154,-0.00209310277478442,-0.0012650742719921557,-0.0003947801475270535,0.0003119000624548987,0.0013049105749441676,0.002570668493189835,0.005299403026394223,0.0068135726705560945,0.0076908438986156135
2019-04-10,-0.005603509103847807,-0.005377411368946607,-0.004973787264109209,-0.0043690203260330195,-0.0036644616376740355,-0.0028877591531768503,-0.002086566938857586,-0.0012542241492968654,-0.0003799230619734046,0.0003296358573857307,0.0013289015525146965,0.002606600536462675,0.00534661848398111,0.00686515810318002,0.007751529755821542
2019-04-11,-0.005642505012942711,-0.005392913661361059,-0.0049660356938578416,-0.004332303221723737,-0.003606285815004107,-0.0028207266155202393,-0.0020191094067632085,-0.0011885970719488145,-0.00031530025049439044,0.0003958791781544373,0.0014000215183194273,0.0026863645399752556,0.005444218238809583,0.006965823519428171,0.007878299779209444
2019-04-12,-0.005631788161774999,-0.005335849867303896,-0.004872264216626383,-0.0042141228467644145,-0.003455908788730758,-0.002648337120138283,-0.0018262320642690826,-0.0009760288063372461,-8.998341250580554e-05,0.000618808496966597,0.001596757347845359,0.002837522358646371,0.005599363935165211,0.007109582065217417,0.00800051443707955
2019-04-15,-0.0055711254860925,-0.005293183728913164,-0.004845195104384267,-0.004199103483894425,-0.003452644516310293,-0.0026538106508254594,-0.0018421106096221328,-0.0010016801443061166,-0.00012641744089807896,0.0005751932470297665,0.0015480917861679128,0.0027867004842751066,0.005573474160982254,0.007081445676781003,0.007981388145038647
2019-04-16,-0.005518038300880386,-0.005264958535313147,-0.004841791107189998,-0.00421379536897102,-0.003485608888325646,-0.0027000749519906324,-0.0018970276476341099,-0.0010642227108586515,-0.0001940443755254376,0.0005001685934037368,0.0014559439916994681,0.0026674580801909218,0.0054694411233757265,0.006977061027580331,0.007872128680196653
2019-04-17,-0.005474766561816121,-0.0051850250122189995,-0.004729003910224885,-0.004073865697749025,-0.0033218625831914514,-0.002517422237146352,-0.0016991869064850204,-0.0008521213665345297,2.940768755411582e-05,0.0007189281098700378,0.0016398655401671375,0.002788007500349663,0.005644259943048661,0.007148604145388327,0.008058516138960097
2019-04-18,-0.005525752700972155,-0.005219367121146181,-0.004760270072983057,-0.004116828590415641,-0.003386978274623628,-0.0026087996518127233,-0.0018167976133190006,-0.0009944371119856967,-0.0001380140181112161,0.0005358386450538242,0.001442832186282647,0.0025833156362330034,0.0054495920899148825,0.0069599111533378485,0.007866147272489224
2019-04-23,-0.005654605479408546,-0.005396534844996849,-0.004980193675927483,-0.004370961154308726,-0.0036680005413844948,-0.0029153859620644684,-0.0021504510437597847,-0.0013543144308581963,-0.0005211465361108781,0.00013130339053856268,0.0010042982503689155,0.002096806941679472,0.004945288966753564,0.0064234942191301134,0.007324827700223065
2019-04-24,-0.005773484337262624,-0.005574894589262314,-0.005219397159761458,-0.004670092648156117,-0.0040270313879425665,-0.0033306839797234596,-0.0026165933443073907,-0.0018690549529381331,-0.0010777616670448185,-0.0004526600184174556,0.0003783970957200495,0.0014067468377990985,0.004175556243479564,0.005569465727159338,0.006465478679861755
2019-04-25,-0.005767791615085862,-0.005568894987346089,-0.00521113127179987,-0.004655184828971788,-0.004008651680317166,-0.003310880374484592,-0.002603519297715531,-0.0018617210994035806,-0.0010793112747484093,-0.00046485266417798076,0.00034746654828970357,0.0013525747108492784,0.004119913716240518,0.005499322574942011,0.006394675056661816
2019-04-26,-0.005693801893807178,-0.005490951283425483,-0.005123824600737524,-0.0045551371589255514,-0.003897867461192055,-0.003200738778787498,-0.002496496950552512,-0.0017617894257001261,-0.0009853503023024616,-0.00037454267415785357,0.0004334244190134127,0.0014326271645877958,0.004107725871816158,0.005475148220891181,0.0063555919235642345
2019-04-29,-0.006033852033186119,-0.005967525164030901,-0.005715071490474182,-0.005235472917933279,-0.004623809619925128,-0.003919656156962623,-0.00319526085822145,-0.00243533653842499,-0.0016433346443749637,-0.001013188061120231,-0.00015087997561129957,0.0009469772563537174,0.0036500894750004457,0.005082241590325538,0.0059561615344865875
2019-04-30,-0.005898510019465932,-0.00581351852776642,-0.005533460889118057,-0.005018764350219694,-0.004384654235170653,-0.0036844694391430137,-0.002971719788309001,-0.0022276212153069306,-0.0014491124452385858,-0.0008320762530417386,1.3884313028766304e-05,0.0010978167001521248,0.0038028697461000567,0.00527144363688898,0.006154620978734412
2019-05-02,-0.005933713476724354,-0.005880129866913805,-0.005607538589204536,-0.00508418276612402,-0.004433780762397435,-0.0037155439837871637,-0.0029847230367567,-0.0022218769042629495,-0.0014284805152362727,-0.0008036748911523189,4.6397025437648105e-05,0.0011337850075702413,0.003939200216248236,0.005449065754103181,0.006351279854067271
2019-05-03,-0.0058583751252216125,-0.00579957820244026,-0.005486023943115264,-0.0048967187611094936,-0.004175745994287858,-0.0033980969163766132,-0.00261862574545138,-0.0018118008392210832,-0.0009849735452192845,-0.00034426682364117737,0.0005211100209129866,0.001632921472247148,0.004418486858492385,0.0059749572722430965,0.00687788300577235
2019-05-06,-0.0058478624929783314,-0.005882030114074119,-0.005643036255595591,-0.005109821111585327,-0.004426918942641705,-0.003666744240843475,-0.0028992573983746116,-0.0021014628307500327,-0.0012844931278214906,-0.0006503945486494578,0.00020600125067115433,0.0013045424699912379,0.004097913742207061,0.005637281901774288,0.006543290007279211
2019-05-07,-0.005658644827935762,-0.005661375692242917,-0.005390396589452456,-0.0048240287198300525,-0.004105209794217539,-0.003310486737217742,-0.0025138810965220143,-0.0016883499794958453,-0.0008505969447793868,-0.0002054327472607057,0.000661463280637403,0.0017696275332132253,0.004648319857732909,0.006221778280586969,0.007122275621972541
2019-05-08,-0.0056178275250074895,-0.005621266204386131,-0.005358217171951282,-0.004805530044921587,-0.004101750383803262,-0.0033215992295265342,-0.002532458495818619,-0.0017133291963091712,-0.0008777438271127395,-0.00023930329989558093,0.0006010530200130492,0.0016609699737284867,0.004427798652120064,0.0059703811854721275,0.006899025362989449
2019-05-09,-0.005598716304658046,-0.005596119154621558,-0.005276938349765854,-0.004781605216806534,-0.004079200807721446,-0.003296982689143996,-0.0025038311694166454,-0.0016789584867535888,-0.0008427671861074207,-0.0002003703860618206,0.0006539742556422356,0.0017441981697970158,0.004446497878699617,0.0059776779392216395,0.006858951474115543
2019-05-10,-0.005609691474117739,-0.005595729217405219,-0.005276143895179093,-0.0047762839968629725,-0.0040685597640863,-0.003282048718364877,-0.0024854095017977926,-0.001657199405487214,-0.0008184798652162435,-0.00017746017461352495,0.0006754550061380068,0.0017625306074094496,0.004504768557937303,0.006029145215998449,0.006901443683487477
2019-05-13,-0.0055640208814284765,-0.005562144634886527,-0.005264873133821356,-0.004788758186360652,-0.004103026403014579,-0.0033299146149375937,-0.0025452087080106898,-0.0017259523413606253,-0.0008935169635535396,-0.0002570996803813406,0.0005758792295258644,0.0016237320369351747,0.0044336215406724265,0.005953356890009335,0.006838702447799142
2019-05-14,-0.005704224961191896,-0.005740257491750705,-0.005486497656071095,-0.005052785413752915,-0.004393693857800101,-0.003624444225855924,-0.0028338412318942006,-0.002007142794883758,-0.0011668939789657206,-0.0005195464479921588,0.00034873207053864213,0.0014553096841385272,0.004237056833259154,0.0057693670343187745,0.006664961300307209
2019-05-15,-0.005638679363566867,-0.005639827576605583,-0.0053568650164687835,-0.004888610840762229,-0.004220433224795819,-0.003438601944739979,-0.002636032678228212,-0.0017982178687127467,-0.0009507972638179785,-0.00030612617535219846,0.000543229195394601,0.001622463055212616,0.004473677331696374,0.006025584028362877,0.006917089058987318
2019-05-16,-0.00551443481897163,-0.005406329522578331,-0.0050164615039093325,-0.00444838683027622,-0.003700050590994235,-0.002869269416452,-0.0020396830935601176,-0.0011766759960297687,-0.0003086082869025405,0.00034406240854883383,0.00117712310240205,0.002219675319482528,0.005158878494803561,0.006743590371667703,0.0076268412459099275
2019-05-17,-0.005528455028900595,-0.005420934497580877,-0.005035070842508572,-0.004470132212238661,-0.0037239067020386637,-0.00289197302214065,-0.002055061765928926,-0.0011883265493455308,-0.00031995252044541027,0.00033487066719274503,0.0012008762659246087,0.0023105826621351864,0.005273168892399877,0.006855976646158147,0.007739056138422996
2019-05-20,-0.0055688881678499485,-0.005452031822951565,-0.005055961530640019,-0.004484848587075872,-0.0037325250571792518,-0.0028913689184668027,-0.0020412050878689894,-0.0011601171675862682,-0.00027523232097065406,0.0003923631017828973,0.0012806102174122234,0.0024233827224325074,0.005332413688261192,0.006909343434158838,0.007796345916816576
2019-05-21,-0.00559345830806097,-0.00544062139899224,-0.004997466613734264,-0.004376828650335912,-0.003584464768798591,-0.0027195688523880142,-0.0018538681185004233,-0.0009558756606952152,-5.938685667350009e-05,0.0006087112339410789,0.0014788701060453003,0.0025899660781424625,0.005511837173180948,0.007067722702642243,0.007946562146019121
2019-05-22,-0.0056894146675466285,-0.005568621062155263,-0.005192162522526465,-0.00465819221984021,-0.003939973891554189,-0.0031483689210524786,-0.002344247702149932,-0.0015042475275869943,-0.0006493979481517832,5.307870286742533e-06,0.0008856396130003498,0.0020204638620375257,0.004900672186057342,0.006438252196575584,0.007306374558972111
2019-05-23,-0.005710998576013556,-0.00555237614401634,-0.005142285333342071,-0.004578597777579724,-0.003835397722683651,-0.003023503632981801,-0.0022068599492507984,-0.0013520935327835607,-0.0004910415108691237,0.00016438971290037217,0.001035392583128543,0.0021606118756943658,0.005024732696239644,0.006537076140732347,0.0073960401568206715
2019-05-24,-0.005777092495608135,-0.005703896176523237,-0.005385492724408787,-0.004910425238201096,-0.004241888007850902,-0.003482855645579459,-0.0027038595840162814,-0.0018847732283139974,-0.001050878406509811,-0.00041123424397682677,0.000447650400121908,0.0015585642464633878,0.00437613832336544,0.005838541252220317,0.006703373046862383
2019-05-27,-0.005839626043412707,-0.005765381695343631,-0.005439977896516861,-0.004954972854131734,-0.00427279472599171,-0.0034977384865870946,-0.0027015520374826783,-0.0018647854111057502,-0.0010170618053198161,-0.00037117087641357923,0.0004894306231471624,0.0016062904132535505,0.004473098527590606,0.005967081665080702,0.0068297332490024065
2019-05-28,-0.005845715931132158,-0.005777262971021502,-0.005463705434318053,-0.0049906308853405745,-0.004319312771919001,-0.00355177364860792,-0.0027594611729519773,-0.001928160053463863,-0.001082135088671932,-0.0004305108682828135,0.00045027087393947093,0.0015976530911128587,0.004374519602996752,0.005846854160458831,0.006714724134320602
2019-05-29,-0.005775168194389474,-0.0057123135751624525,-0.005398627374138777,-0.004923714090503449,-0.0042455963024993215,-0.0034648271217531017,-0.0026587337294448066,-0.0018133976194550704,-0.00095557241240207,-0.00029611579620464904,0.000595499897288303,0.0017530784361582334,0.004528140844011386,0.006001853641619776,0.006852742586113108
2019-05-30,-0.005764675302627966,-0.005679567794261349,-0.005338274757094817,-0.004832875719691227,-0.004129831842523266,-0.0033365988876217665,-0.0025195503876402057,-0.001666480624613409,-0.0008028367779002411,-0.00014106776110599557,0.0007683655667696868,0.0019625858826217263,0.004636651487428633,0.006077756656838803,0.006933299988875521
2019-05-31,-0.005790625063206314,-0.005713202295260154,-0.005364469811328578,-0.0048466843361292125,-0.004122649063331366,-0.003309372874337055,-0.0024794211923945134,-0.0016105454845695972,-0.0007373673576118976,-6.925040131512858e-05,0.0008456227647402832,0.0020459525140589098,0.004769511959366882,0.0062378470032070366,0.007093553229554132
2019-06-03,-0.005835417388075476,-0.005766693221223631,-0.00541243979244742,-0.004886191529744088,-0.004149335287443971,-0.003329181834214404,-0.0024934989402554415,-0.0016188083634051064,-0.0007392124341405222,-6.900336343359351e-05,0.0008359678212960242,0.002017104154670371,0.004757734489480501,0.006225648253323182,0.0070853661484551475
2019-06-04,-0.005833163266618709,-0.005783618859659172,-0.005448571286519674,-0.004940537198623651,-0.004220792937706699,-0.0034159375762785977,-0.0025925938159352016,-0.001730311885447719,-0.0008611312957951712,-0.00019546514549691494,0.0007078993089124305,0.0018923627703971314,0.004664937156353991,0.0061543180590189666,0.0070139890011348335
2019-06-05,-0.005910181524172343,-0.005905774516440563,-0.005625983015561361,-0.005174616869769513,-0.004500997784277866,-0.0037252885017473114,-0.0029247520541505648,-0.002081921279016049,-0.001224671134460285,-0.000559649736015418,0.00035736505939718916,0.0015653555589781082,0.004332967312275897,0.005823214748496286,0.006679236138493379
2019-06-06,-0.005995240785147485,-0.005985645318469591,-0.005697739369040398,-0.005238406610504844,-0.004558990685343793,-0.0037856881233494016,-0.0029906830807904885,-0.0021543954431685877,-0.0013067383276127204,-0.0006503521735641085,0.0002537337123967462,0.0014439847433149137,0.004192738885480597,0.005656335584846536,0.006512386767040261
2019-06-07,-0.00610188387269403,-0.006091857086772974,-0.005796373723191087,-0.005325196626128196,-0.004631724030484513,-0.0038465115633544524,-0.003043289975475594,-0.002200941636593443,-0.0013520262465160809,-0.0006984182921068982,0.0002178890295643479,0.0014482529198752458,0.004141693926783064,0.005625072267974216,0.006454066930375441
2019-06-10,-0.0059993866743873045,-0.006020075344818786,-0.00575220032268513,-0.0053006368321049865,-0.004617787855453968,-0.003831560152857879,-0.003022497956490225,-0.0021725613406604984,-0.0013133164155692781,-0.0006528629874536585,0.0002512369461320852,0.0014522300297195251,0.004188012618076376,0.005676285425910614,0.006517318904058596
2019-06-11,-0.006068429268560243,-0.00611281122230712,-0.005859752314721517,-0.005419283512480926,-0.004746986077161523,-0.003975993134950194,-0.0031834991488835533,-0.002350958135364353,-0.0015063604410679348,-0.0008534567605425073,3.874022626255691e-05,0.001217941894265943,0.003921709668951831,0.0053541705216245,0.006218391385272999
2019-06-12,-0.006121780666835841,-0.006175064225966616,-0.0059307514326976864,-0.005493386801702642,-0.0048270878204547596,-0.004054115579004684,-0.003260504318960637,-0.0024272961352855105,-0.001582076924373554,-0.0009304102232639903,-3.8575473640590564e-05,0.0011355607605244363,0.003799666762108076,0.005247293786398463,0.0060821865527901425
2019-06-13,-0.006171895561110655,-0.006290380093467406,-0.006081767281918525,-0.005663106331841704,-0.005004171059341462,-0.004237830477111046,-0.003453267868783913,-0.0026286240601740263,-0.0017928666800900487,-0.0011476608420052474,-0.0002590878246378854,0.0009170651852264751,0.0035302938115876733,0.004955578757873566,0.005787864805547334
2019-06-14,-0.00606505077195666,-0.006199589845058437,-0.006003459621060219,-0.005594935962734458,-0.004943702713983795,-0.00417993474205663,-0.003398874229629924,-0.002577219761386889,-0.001744952962066084,-0.0010998387464695926,-0.00020943359843142982,0.0009675924259801225,0.0036359135573218026,0.005063090763591196,0.005898733012884776
2019-06-17,-0.005973485850251392,-0.006156056328281104,-0.0059901873707549815,-0.0056063457819121,-0.004972718120986953,-0.00421952125095082,-0.003438790591988489,-0.002619004954171433,-0.0017860810974301392,-0.0011411041242766849,-0.00024742578208163227,0.0009370223093773716,0.0036347604828081623,0.005086601965950815,0.0059174275343139805
2019-06-18,-0.0059652219061313416,-0.00611572946296867,-0.005929429054972782,-0.005525921070287818,-0.004868336124600297,-0.004089040828596818,-0.0032870783239127748,-0.0024481513265120305,-0.0016043194441854056,-0.0009517240373334236,-3.7711007146540174e-05,0.0011900050623485094,0.0038420251399770293,0.005312627652049696,0.006148478553437774
2019-06-19,-0.005829302243829959,-0.0059532028626950355,-0.0057514054570295195,-0.005339648666322145,-0.004676485197514386,-0.003887334614489248,-0.003071096166282688,-0.0022173736336398285,-0.0013611565014581047,-0.0007038815072670243,0.00021200691595098863,0.001438217678512945,0.004143023750255361,0.005636223823016979,0.006471223745157332
2019-06-20,-0.005828280425011107,-0.005997822575041203,-0.00583862539573984,-0.0054649604566866326,-0.004831436678621835,-0.004060773137602823,-0.0032599646796312135,-0.0024198646798046603,-0.0015723213482037644,-0.0009174411138649305,8.610886200552864e-06,0.0012541241541597168,0.003956690852208304,0.005452200713707396,0.006279775036384624
2019-06-21,-0.0059016864136589645,-0.00608093161104189,-0.005942984792079968,-0.005596421760279192,-0.004997605814666182,-0.004263220697307779,-0.0034939175889742726,-0.002683017183913453,-0.0018552946289838482,-0.0012072164131023814,-0.0002984717333880996,0.0009191428615653928,0.0036488040783052658,0.005149559599900293,0.005978402098691108
2019-06-24,-0.0059399899165638705,-0.006106792278292645,-0.005970443528244716,-0.005629348994163746,-0.005037865196503278,-0.0043093446811685865,-0.003545573558907993,-0.0027407105117284855,-0.0019196895460213623,-0.0012788469123920282,-0.0003739397576141154,0.000846781524040641,0.0035553420861166043,0.005051076316256356,0.005871562846232624
2019-06-25,-0.006020088217374851,-0.00623059853588534,-0.006117247814089766,-0.005789565881697031,-0.005209546480811095,-0.004501966143840063,-0.00376271416802646,-0.0029806448798265525,-0.002171697995753374,-0.0015322221448901608,-0.0006412331864444051,0.000548195429405445,0.0032272555449349817,0.004689102136726157,0.005509830220614883
2019-06-26,-0.006023366086149056,-0.006247104484478755,-0.006155701726816035,-0.005851059507808804,-0.0052895397005028955,-0.004583062645511887,-0.0038373834663750065,-0.0030484199123705625,-0.0022393111745865053,-0.0016006738858724706,-0.000707391738921559,0.0004910005326010869,0.0031677956920557406,0.004629303796278329,0.005442212790349071
2019-06-27,-0.006048140288960991,-0.006260504526027615,-0.0061809001832333005,-0.005898216915206484,-0.0053627850152849045,-0.0046765289485329745,-0.003950142315837338,-0.0031804081590013963,-0.002386442125250686,-0.0017548268970722209,-0.0008671492163287933,0.00032310434714461855,0.0029586040051355522,0.004397397675086803,0.005212288314424662
2019-06-28,-0.006070281134036697,-0.006255015311106856,-0.006165399119098567,-0.005872647541056265,-0.005331051336611088,-0.0046371056767569585,-0.0039042260013858435,-0.0031303517853771066,-0.00233278304925761,-0.0016993706802425263,-0.0007924189654076816,0.0004443689618361373,0.003027899802276508,0.004483978011441719,0.0052859125524335766
2019-07-01,-0.00628608067518574,-0.006463089213761039,-0.006380550761053283,-0.006094684203043277,-0.005563708037871181,-0.004877900106498793,-0.004156865329513027,-0.003391640139646443,-0.0026046421611487973,-0.0019815777560147265,-0.0010972499716752162,9.97416692457534e-05,0.00266456248683148,0.004075404860917067,0.004894373992661007
2019-07-02,-0.006109513775008174,-0.006293128777547883,-0.006228602003166228,-0.005968366134963782,-0.005472108984998885,-0.004816478157552289,-0.004116508219120305,-0.003372578769357521,-0.0026033974004536116,-0.0019925957220418324,-0.001126480590487924,4.3767014031279424e-05,0.00253889896868475,0.0039193877356031815,0.004718566388862177
2019-07-03,-0.006057112599179386,-0.006260197041181036,-0.006199622247048461,-0.005950038565439849,-0.005474183917133289,-0.004841555144929522,-0.004140371447472901,-0.0034002657095178776,-0.0026372443133678733,-0.0020359096017887766,-0.0011551674445724376,5.199680084694756e-05,0.002461207763813369,0.003846191406479619,0.004646476961615417
2019-07-04,-0.006168111015405108,-0.006433559391083985,-0.006426195133382674,-0.0062122705942735425,-0.005746432661387717,-0.005096327984224536,-0.004367968601887023,-0.003606541349369356,-0.0028285779982345693,-0.0022266435945994777,-0.0013460653536308343,-0.00013849837061312553,0.002336504122693801,0.0037635656872863485,0.004551679102778581
2019-07-05,-0.006084178068705499,-0.006325309834374236,-0.006317152990753612,-0.006113972608363444,-0.005679767193338284,-0.005079250851737648,-0.004410986164790488,-0.0037082372631629316,-0.002983984030548464,-0.002420492949423621,-0.0015901773874514216,-0.00045289333400282795,0.0019341884230727475,0.0032677353399774706,0.004077756531076243
2019-07-08,-0.006186104248425611,-0.006456335918392687,-0.006472284494409877,-0.006282522460362488,-0.005854534310047638,-0.0052557802739564225,-0.004589811830550239,-0.00388970315266551,-0.0031665817071559535,-0.0026068185212651364,-0.0018013477595117211,-0.000708492951400491,0.0016276382907884788,0.002923777197541294,0.0036820243143363095
2019-07-09,-0.0061152221665809105,-0.006394347674328682,-0.006394607053639152,-0.006174400829088311,-0.005701948394913645,-0.0050511783057072095,-0.004329318002833927,-0.003573276677396523,-0.0027979278579301475,-0.0021997569237613398,-0.0013360367791334876,-0.00015215586319212144,0.002278815712579981,0.0037327805966604105,0.0045118741205662245
2019-07-10,-0.006113293459406618,-0.006398684947703659,-0.00640300358718244,-0.0061907924049135294,-0.00573458111276792,-0.005110050846974908,-0.0044105731312825925,-0.0036821229258598353,-0.002931676055913458,-0.0023487566987980364,-0.001488988494310074,-0.0003089099609420398,0.0020890056940112826,0.003510908929322636,0.004303166828233136
2019-07-11,-0.006217702633218971,-0.006497611713583483,-0.006484599711111307,-0.006256962752620779,-0.005791743595498745,-0.005168906162974918,-0.004473750183314476,-0.0037503325842558185,-0.0030055121731510943,-0.0024327127303118315,-0.0015975566387995057,-0.0004535208917483008,0.001976529233381448,0.0033747311014069668,0.0041598880081468465
2019-07-12,-0.006247379844124939,-0.006490707586149038,-0.006453730678474144,-0.006220822009849568,-0.005755855015830195,-0.005144943363972014,-0.0044644215510517326,-0.0037515717717175007,-0.003019366821111907,-0.002455160769680347,-0.0016386591805626362,-0.0005155791817439049,0.0018691867015097699,0.003250262721942507,0.004020363574958995
2019-07-15,-0.0064464189421359975,-0.00665331136198362,-0.006585590383279007,-0.0063274048734924355,-0.005851569201152457,-0.005246554725521897,-0.004578768523694642,-0.003880835776018937,-0.003169841768439748,-0.0026297430453424025,-0.001853634343652399,-0.0007848845357243465,0.001532228733055946,0.0028313750214913466,0.003603426004122147
2019-07-16,-0.006422886111546631,-0.006650105217189411,-0.0065875681933995995,-0.006326411552739972,-0.005832303816675113,-0.0052026229179225345,-0.004509903156933755,-0.0037868747976954158,-0.003052700909189155,-0.0024962277146491824,-0.0016980708761256099,-0.0006005092402234117,0.0017903806632498058,0.003152292877406068,0.003932439436904061
2019-07-17,-0.006926956972793538,-0.007214458325752198,-0.007222599419597145,-0.007030570482870609,-0.006588102286189461,-0.005978398257060967,-0.005278040457636133,-0.004548643726146134,-0.003803190796760818,-0.003246426004843125,-0.002461635179956416,-0.0013943191356948757,0.001007620192474439,0.002354784469136741,0.0031246764346275807
2019-07-18,-0.006740727960970342,-0.006972556062599634,-0.006895595806940003,-0.006619247612488162,-0.006119733894318876,-0.005494988170772153,-0.004809319554637828,-0.004092536278991167,-0.00336775346766086,-0.0028216574648004854,-0.002045071549457577,-0.0009777029622297154,0.001390549065988614,0.002748106829076293,0.0035182756366716385
2019-07-19,-0.00694334293423453,-0.007203850143291169,-0.007154860512721739,-0.006897526392837265,-0.006414202864314696,-0.005807045402531528,-0.005138652205266342,-0.004439462667050216,-0.0037317015621767423,-0.003206740280692023,-0.0024642975008249872,-0.0014388933538857934,0.0008225909547387067,0.0022015688967396063,0.002974517737195332
2019-07-22,-0.006808567097018538,-0.007018391120721172,-0.0069215465576500275,-0.00662379785750539,-0.006111176674205847,-0.005486941949041334,-0.0048085157264766264,-0.004097921902494463,-0.0033820078181905533,-0.002848079917016837,-0.0020904885670281963,-0.0010433236687877995,0.0012338122669911852,0.0026375659738631075,0.0034091082291959254
2019-07-23,-0.006901080295289269,-0.007109091715047208,-0.007034144007289459,-0.0067652582293900275,-0.006281553579426106,-0.005680146017713194,-0.0050185557637192285,-0.00432289608978599,-0.0036142748220444583,-0.0030828871189367093,-0.002325833605367542,-0.0012788260397651283,0.0009447250806561312,0.002342469194426116,0.0031073891165553334
2019-07-24,-0.006913060644792836,-0.007149966166841724,-0.0071091406876755935,-0.006873987436414773,-0.006419759336623648,-0.005845973048021253,-0.0052090626805867965,-0.0045375589716578745,-0.003850803637475821,-0.0033352338981626176,-0.0026045080270685034,-0.0015898478191675464,0.0006938642835145603,0.0020934699297778165,0.0028514569532669255
2019-07-25,-0.006829857651205592,-0.00705833715926184,-0.006990132904958777,-0.006721483591250505,-0.006237376843469719,-0.005646421348011134,-0.005000060000453547,-0.0043198669319309945,-0.00362810511936756,-0.003111142287336696,-0.002381760827949874,-0.0013702666021412507,0.0009387247810413644,0.002360823999803325,0.0031156751980383974
2019-07-26,-0.006883435842408909,-0.0071197207669186835,-0.007057800169454352,-0.00679361076752038,-0.006316041776667818,-0.005729717996308547,-0.00508800633506319,-0.004410262407204036,-0.003719474842304064,-0.0032040258845714613,-0.0024860965648652073,-0.0014963679728202312,0.0008509916480198576,0.002293385548999361,0.003035933441581255
2019-07-29,-0.0069040474855872214,-0.007185315966662036,-0.007150041622831149,-0.0069022129887537104,-0.006428125146597487,-0.005840934089789424,-0.005191856047893563,-0.004508522722189532,-0.003808986104640783,-0.003287505454137836,-0.0025663686724014547,-0.0015696400943693626,0.0008235898232122679,0.002306660957949592,0.0030514755933458114
2019-07-30,-0.00696403710076884,-0.0072927719250115005,-0.007309242923941619,-0.007111629207089638,-0.006671155504959035,-0.006103485563147008,-0.0054648732889957235,-0.004790638605720163,-0.004104817586853016,-0.003594852647626828,-0.002866941164910226,-0.0018393657012316623,0.000569015328238379,0.002061169426954862,0.0028049426324694045
2019-07-31,-0.0069971245444268425,-0.007315846309562876,-0.007326172734751211,-0.007122877321166625,-0.006679249338699858,-0.00611552785366422,-0.0054910783385562125,-0.004832014442274918,-0.004155575655706347,-0.003636627830063274,-0.002874637958324369,-0.0017986932773375146,0.0006182144487123877,0.002149693576858111,0.0028970570011419695
2019-08-01,-0.007046173568531156,-0.007336540197695439,-0.007349440496495565,-0.0071414967103019655,-0.006720745000844178,-0.006196319470556712,-0.005620809119188536,-0.005011339370620028,-0.0043904745102571726,-0.003876282001867572,-0.0031563923223103313,-0.001576033445582856,0.00023614789243097883,0.0017077071313957902,0.0024373600437606743
2019-08-02,-0.007041101925227823,-0.007314198229869047,-0.007327506445555189,-0.007132147790574334,-0.006729684638550918,-0.006225160931377407,-0.005670041252136693,-0.0050781614418771714,-0.004469303494468157,-0.003966079451963956,-0.0032854171046946723,-0.001654607727816641,0.0001581708805846613,0.0016351791896216173,0.0023639465665647027
2019-08-05,-0.007031728497824095,-0.007246990163411197,-0.00721318355257825,-0.006976649341608946,-0.006519766801268712,-0.005970429834495398,-0.005377857510344568,-0.004747865350773829,-0.0041104360039020075,-0.003580261812694307,-0.0028512052490064534,-0.0012238364587540906,0.0006178807130942229,0.002116106708608711,0.002841385776883693
2019-08-06,-0.007043849335496689,-0.007264759893172301,-0.007249430112057273,-0.007033327576814888,-0.006599232917958367,-0.006072283131754143,-0.005502523196187775,-0.004900921698721692,-0.004291492929991911,-0.0037832116989489494,-0.0030650885996849207,-0.0014565844097986424,0.00033341255327311797,0.0017960625066609876,0.002524065499023182
2019-08-07,-0.006986104061369366,-0.007175260700737757,-0.007132286253164836,-0.006900999090337878,-0.0064550877256856366,-0.0059172757643311405,-0.005335089152153584,-0.004718890365258641,-0.0040951048592681874,-0.0035684817710709337,-0.002815671376793609,-0.0012160323164895237,0.0006285036261327116,0.002138183116732208,0.0028587498831627585
2019-08-08,-0.0069133578545612605,-0.0070872482637620235,-0.007015877220031944,-0.006741465095404161,-0.006247344148925454,-0.00565719365030747,-0.0050234839395863675,-0.004355167226052521,-0.00368617507074096,-0.003136246528119909,-0.0023893617313445288,-0.0007590931977954615,0.0011055198067293215,0.002610748895295155,0.003341878416473832
2019-08-09,-0.00696476282892226,-0.007072775614036672,-0.006930202343846442,-0.006583980665678469,-0.0060286628823625335,-0.005397017703065524,-0.0047242852875632926,-0.0040150632281859815,-0.003300918405688832,-0.0027148480768674653,-0.0019228664933776455,-0.00025527793176246524,0.0017338740467233412,0.003353950345368803,0.004065600958753711
2019-08-12,-0.006959278888877877,-0.007052817412337461,-0.0068967006700581665,-0.006535589887738985,-0.0059582846220313955,-0.00529689937363101,-0.004604637532688604,-0.003880370908826238,-0.003171661927347505,-0.002595212286630956,-0.0018216296694363717,-0.00013029565355559408,0.0017981312189230116,0.0033616677670283653,0.004125170793125901
2019-08-13,-0.007011577897321333,-0.007131275899422418,-0.007011398816434717,-0.006694944407064867,-0.006161727240254144,-0.0055383159350184084,-0.004877011274276561,-0.004184328145613344,-0.0035068012038573662,-0.002956555927439865,-0.00221639223233479,-0.0005674058986003073,0.001338149227594349,0.0028821641830896272,0.0036277466003940737
2019-08-14,-0.007042305524854973,-0.007160029334518039,-0.007043345821511956,-0.006731195438256544,-0.006199331435213785,-0.005573405819446665,-0.004909632763471179,-0.004220454529539891,-0.003548357897963961,-0.0030014558838246585,-0.002257482294049433,-0.0006456448207145843,0.0012710260134601,0.0028018031340170313,0.0035633461893656826
2019-08-15,-0.00716478500133844,-0.007338469694725466,-0.0072803049674727855,-0.007025939009740132,-0.006539839120935538,-0.005941829896460824,-0.0052893044631676074,-0.004616234525420702,-0.0039590432918591096,-0.0034229441094915814,-0.002660396905447081,-0.0010458428262424184,0.000819186303154171,0.0023245113709091537,0.003087464504255757
2019-08-16,-0.007190799512388999,-0.0073731997708854115,-0.007336170600560807,-0.0071108044574401275,-0.006650537717168981,-0.006069862048434598,-0.005430998320499337,-0.00476629581880379,-0.004115204395750527,-0.0035792466924685017,-0.002820721162415348,-0.001182211624297843,0.0007153843049317576,0.0022496928529951643,0.0030090523371710497
2019-08-19,-0.007320468030949419,-0.007522502390364553,-0.007489673067413714,-0.007257910396724933,-0.006790893591903592,-0.0062073879765139174,-0.005554273437217957,-0.0048796383133899715,-0.004210678854661683,-0.0036631745121669286,-0.0028885232113368417,-0.001224458256334813,0.0007100088123769277,0.0022763832395956956,0.0030343483796539897
2019-08-20,-0.007359966688445211,-0.007602683502817302,-0.007601824815710298,-0.007394599758818851,-0.006947478968482047,-0.006381267509025009,-0.005747003141455034,-0.005088177482715919,-0.004429346505211423,-0.003882050228611494,-0.0030904618805105977,-0.0014541043242076702,0.000453196005478547,0.0019955470950546294,0.0027538962124146527
2019-08-21,-0.007372196066712814,-0.007635879622395516,-0.007637433213266994,-0.00742883957377868,-0.00698112076144575,-0.006425998273358912,-0.005799072163193159,-0.005152831285897221,-0.0045073125106277045,-0.00396737589499199,-0.0031600850986922085,-0.0015456249141448197,0.00038328649688833364,0.0019322534325208322,0.002691352882639477
2019-08-22,-0.007364499216006963,-0.007666144344171724,-0.0076981756396306104,-0.007514789355333397,-0.00709343049388678,-0.006569058110374719,-0.005981632777435148,-0.005370721725946232,-0.004749886965919544,-0.004220688806306048,-0.0034320708610999714,-0.0018328116809455536,4.396641334391828e-05,0.001559013821828057,0.002328268551154935
2019-08-23,-0.007279452476872113,-0.007561771204755504,-0.007581364281000814,-0.007392714465717911,-0.006980954714679557,-0.006464558064120356,-0.005857672425079871,-0.005241688677201115,-0.004619224255304412,-0.0041001011350438946,-0.003294655428858528,-0.0016256725144378232,0.00026524399446109146,0.0018276431710876702,0.0025810641138196
2019-08-26,-0.007119939489544231,-0.007419062163560501,-0.007462393820190269,-0.00729856643164386,-0.006909150482136371,-0.006417991481284974,-0.005853391414321867,-0.005266564052393261,-0.004664535179996181,-0.0041478270392711954,-0.0033457651907956155,-0.0017650360315797653,6.650185257617606e-05,0.0016121047755295944,0.002373657113377426
2019-08-27,-0.0072208296959766416,-0.007513234518238629,-0.007552337027327559,-0.007383970992878314,-0.006996567146274591,-0.006517295476587842,-0.005968561332227983,-0.005393927787779495,-0.004797272158107148,-0.004287439788086548,-0.003520404695917112,-0.0019857354805742585,-0.00013335912188423848,0.0013844923267386886,0.0021332429797224573
2019-08-29,-0.007171847853115268,-0.007508591481110988,-0.007581422505739228,-0.007437759994617004,-0.007065974728450738,-0.006601127219022879,-0.006064129273130132,-0.005500174657109168,-0.00491318204467454,-0.004410587542902339,-0.003652809975740874,-0.0021239039330040307,-0.0003034354520983697,0.001228395356934915,0.0019800017303714646
2019-08-30,-0.0073242668486098485,-0.0076827690232444965,-0.007784148421589152,-0.0076692712941729005,-0.0073209440744414385,-0.0068690971039925604,-0.006336594572541561,-0.005776589760048564,-0.005190281598833655,-0.004691012054306924,-0.003939227104182065,-0.0024318005077779287,-0.0007039800849429471,0.0008360049679662272,0.0015850844044423917
2019-09-02,-0.007282258248369274,-0.007669906173489093,-0.007801930710504582,-0.007702335957348367,-0.007385963168327156,-0.006971201114976228,-0.006489233354015059,-0.005974881362343899,-0.0053846995351252884,-0.004863668249111888,-0.004255737075348831,-0.002789099270257421,-0.0012069916114770326,0.00027265565849432126,0.001012839242737481
2019-09-03,-0.00736938035211299,-0.00774972575726741,-0.007883625734839009,-0.007788074518544305,-0.007490865390696942,-0.007112849669934994,-0.006676320129959922,-0.006202855565913446,-0.005644352023279109,-0.005145388452769001,-0.004562983183122522,-0.003235762208485119,-0.0016025560026791787,-0.0003309626777676787,0.00037837588353033946
2019-09-04,-0.007611777363325355,-0.00799752252483079,-0.008113297907646158,-0.007990856355850137,-0.007670021608312103,-0.007283038688302505,-0.006849420707414228,-0.006376676283033749,-0.005822088353783796,-0.005327389688069292,-0.004763857852948643,-0.0033480849537843227,-0.0018876984386204316,-0.0005630528512552681,0.00012095615582404887
2019-09-05,-0.007704435321459969,-0.008110726121222283,-0.008256931008303282,-0.008168713044898784,-0.007874493673497662,-0.007498648597826514,-0.007062712874687503,-0.006589400947917685,-0.00603704357070171,-0.005550261735106483,-0.005005191238167455,-0.0035687236640358283,-0.0021380558252416196,-0.0007461591340152616,-6.40585604774789e-05
2019-09-06,-0.008020430853826218,-0.008481688274030674,-0.008668795691155603,-0.00861081174103483,-0.008333500064319923,-0.00796652153936909,-0.007534718557640198,-0.007062489238754525,-0.006515340550677684,-0.0060388365469669966,-0.005535025049676098,-0.004158250406142232,-0.0027808577819556906,-0.0013961404002730408,-0.0007272702152711777
2019-09-09,-0.007908860726523546,-0.00835982597260856,-0.008537092920291483,-0.0084687080572545,-0.008173075685080846,-0.007776043173146942,-0.007299765047513526,-0.006787587651157712,-0.006208619358071884,-0.005708642048721039,-0.005145788234929689,-0.0036931197121124484,-0.0022304366240715368,-0.0007188152657172441,-5.990009792071319e-05
2019-09-10,-0.008034226363563214,-0.008497345703773437,-0.008676349995889378,-0.008606403757985336,-0.008309052610365318,-0.007914244265498417,-0.007439146126983064,-0.00692944436162359,-0.0063583912479971885,-0.005868823041091351,-0.00533959939091468,-0.003914196201374831,-0.0023949203838975514,-0.0008403849028318378,-0.0003336202149926163
2019-09-11,-0.008150914671136458,-0.008606807536282998,-0.008777972318362073,-0.008698251166425114,-0.008395806306656409,-0.008003178584231687,-0.0075397135945027,-0.0070411922281547745,-0.006475314389383876,-0.005988937508463836,-0.005463683964725928,-0.004077586232481022,-0.002681990273634409,-0.0011959082123764464,-0.0005443226038185385
2019-09-12,-0.00811795531690038,-0.00858754416572081,-0.008789616769291263,-0.008747392585370883,-0.008484922831785402,-0.008128064472925491,-0.007692502715604546,-0.007215863236694633,-0.006667815688184393,-0.006196227569167108,-0.005691338581925264,-0.004390099931799555,-0.0030515771107445205,-0.0016197360013501772,-0.0009938847317160924
2019-09-13,-0.008135209845397102,-0.008627115537118247,-0.008857465575424387,-0.008839065777599115,-0.00863369981526009,-0.008303188711522675,-0.007928975348279566,-0.007509366365908834,-0.0070132827579262366,-0.006594774441813225,-0.00610219659722626,-0.004800403898907511,-0.00351666711657209,-0.0021438260877096682,-0.001482171889660671
2019-09-16,-0.008471817030293828,-0.008959646590478293,-0.009192250084018735,-0.00917947568993107,-0.008986105926899614,-0.008675859018539457,-0.008324025641660827,-0.007926622876494172,-0.007453494104736688,-0.007051773413006158,-0.006570876118768396,-0.0053444037586257735,-0.0040840504027481765,-0.0028189591348055094,-0.002159055407259627
2019-09-17,-0.008475156708057178,-0.008935963767400693,-0.009139006351083223,-0.009093632994257597,-0.00886566972273766,-0.008520434768959428,-0.008132504034302176,-0.007700530493985133,-0.0071978909935859915,-0.006769083214313349,-0.006244989795989998,-0.004907974609370834,-0.003740145765101891,-0.0024399625097800293,-0.0016814355733961398
2019-09-18,-0.008428138863389329,-0.008889677390960492,-0.009102386430676289,-0.009062341007280948,-0.008823516594708737,-0.008438310987308953,-0.00800089279184409,-0.007519598753996847,-0.006975842756995108,-0.006521513133069041,-0.005953942575825256,-0.004609278840480843,-0.0031512263138685423,-0.0016856922690463932,-0.001014687934059758
2019-09-19,-0.008510519556128767,-0.00899051022115149,-0.009242700096796886,-0.009254365235846815,-0.009068507367525992,-0.008728497107159837,-0.008334465753367753,-0.007893663586823665,-0.0073826396604082046,-0.006939317103591411,-0.006330966751941013,-0.004965447814286916,-0.0035273358069377292,-0.0020650389034386598,-0.0014000768455224343
2019-09-20,-0.008397356950886229,-0.008854361137304605,-0.009089720948606751,-0.009091669969593331,-0.008907438637306395,-0.00857697191171899,-0.00819395326580303,-0.007767063621155525,-0.0072669618117547925,-0.006831867961676253,-0.006231542464319036,-0.0049275436948089685,-0.003472214438121738,-0.002072380077018397,-0.0013907917156670865
2019-09-23,-0.008120670695877779,-0.008558365168462864,-0.008784926949070678,-0.00878487307437898,-0.00859990084496315,-0.00826459572482524,-0.007873028622003732,-0.007432328614453367,-0.006924522685572448,-0.006489555442850086,-0.005904748852054869,-0.004569294923284488,-0.003144367545726093,-0.0017357720978906062,-0.0010536728897932147
2019-09-24,-0.008377860694927044,-0.008808119124957237,-0.009038456476501363,-0.009050682774415888,-0.008874153941600734,-0.008534660070880775,-0.008132380599853497,-0.007683035286234894,-0.007173091868633114,-0.006738210515130852,-0.0061498182656047245,-0.004751542398254858,-0.0032622848406403354,-0.0018326971720866235,-0.001155169442927044
2019-09-25,-0.008367317565490945,-0.008768875441773741,-0.008969139944819425,-0.008955055344297986,-0.008774489096746014,-0.008449156257873142,-0.008065968008844753,-0.007634082048957357,-0.007134880898559519,-0.006710187957523275,-0.006133168718497314,-0.004760965971789128,-0.003308228682016787,-0.0019173894730238133,-0.0012375660894134125
2019-09-26,-0.008436933896944153,-0.008853244378290605,-0.009084581826247207,-0.009118991785107838,-0.008990257083407964,-0.008702905733973325,-0.008351206422214477,-0.007947753565444804,-0.007468164072948166,-0.007058291141315347,-0.006521794298756152,-0.005263375471805247,-0.00392745408362634,-0.0025891332515060195,-0.0019028264014486899
2019-09-27,-0.008549351937152118,-0.00894400069338936,-0.009160876013587413,-0.009186674095004427,-0.00904708128461961,-0.008741100212734262,-0.008366366911371003,-0.007935223914817737,-0.007441031586183538,-0.007024912527920807,-0.006493797209642348,-0.005262483849165064,-0.003972814918726026,-0.002538101007124068,-0.0018027238697394326
2019-09-30,-0.008687989901657915,-0.009091500067916215,-0.009307232841429551,-0.00932736933660515,-0.00917808046035943,-0.008862392975322082,-0.008478784770580847,-0.00804005456280623,-0.007549169514560546,-0.007133193085705119,-0.006575467339199734,-0.005352453927354812,-0.003927273202433507,-0.0025725586965751972,-0.001910172602771952
2019-10-01,-0.008699382750570922,-0.00909475068608937,-0.00930665849472537,-0.009330683242768523,-0.00918878897477771,-0.008856183778018313,-0.008451031655237223,-0.007984081602176417,-0.0074714659078286075,-0.007051882032283032,-0.006506787735596768,-0.0051957903010731435,-0.0037452137251145798,-0.0023504941425078665,-0.0015141915002773085
2019-10-02,-0.008586667202709071,-0.008990556110351029,-0.00920411023047427,-0.009294232256867726,-0.009194716615129701,-0.008911093105335808,-0.008555059658505768,-0.008137601194036505,-0.007668088668299351,-0.007282670767672588,-0.0067894997945571675,-0.00562905508498004,-0.004230303059023498,-0.0029340935067717656,-0.002095035890471542
2019-10-03,-0.008457539878424077,-0.008828600487891603,-0.009007230212644346,-0.009060457554099528,-0.00891744198187824,-0.008588532147853137,-0.008182331626390565,-0.007714955817509627,-0.007202236316486995,-0.006786750191105056,-0.006256505917249088,-0.005064099346909048,-0.003606203406506228,-0.0022835717951723206,-0.0014344459838698314
2019-10-04,-0.00829249055699006,-0.008620841986963826,-0.008748499514263977,-0.008746786180536573,-0.008531882082012422,-0.00811427915461263,-0.0076241190534990615,-0.007076517736662059,-0.006503414610220235,-0.006036574403518608,-0.005405742035303215,-0.004132931844808939,-0.002511022700220908,-0.0009702392424864184,-0.00014714832623102502
2019-10-07,-0.008197662969325758,-0.008633156491283581,-0.00884845443408689,-0.008924799806807165,-0.008781473428727841,-0.008430037934137382,-0.008002765649445995,-0.007510195158281253,-0.0069702623239416926,-0.006525775994325077,-0.005940915734925988,-0.004750345302061884,-0.0031690934471400585,-0.0017397623877515624,-0.0008873458091840261
2019-10-08,-0.008042469905621815,-0.008461033139271016,-0.008643404899089229,-0.008678151014820315,-0.008477178524758877,-0.008066475801897443,-0.007578397892284234,-0.007028942733816892,-0.006443824088994941,-0.005964454011275837,-0.005323383001657135,-0.004071679264110339,-0.002398230495946521,-0.0008347557469172879,2.1310163842939386e-05
2019-10-09,-0.007928732223993576,-0.008354190300850165,-0.008523143344857072,-0.008538819048686043,-0.008314311578433873,-0.007885164535846804,-0.007379791042160085,-0.0068109697317688305,-0.006207740301877964,-0.005722861207551251,-0.005106980655161986,-0.0037954316452568026,-0.002129253140749726,-0.0005273075451679867,0.0003330983713149357
2019-10-10,-0.007934053239400477,-0.0083772782934541,-0.008557762329195284,-0.008580685622440933,-0.008358970588928863,-0.007948329004939877,-0.007471168199730621,-0.006933549143531358,-0.006360556157242113,-0.005883835277279352,-0.0052548527357287695,-0.0039032526652147534,-0.002339609264697153,-0.0006487034538764484,6.649676793995053e-05
2019-10-11,-0.0071708231991774425,-0.00759994015437811,-0.007833618648389079,-0.007938332789032469,-0.0078036055189556535,-0.0074967986183322195,-0.007122929108448226,-0.006682080234513373,-0.006169775325543169,-0.0057289020727774,-0.005133138180967015,-0.0039807947744173395,-0.0023307361247649656,-0.0008880081595072076,1.0446050353256125e-05
2019-10-14,-0.006952910474276779,-0.007303189670247799,-0.007435658888382482,-0.007446164683952641,-0.007245446080343954,-0.006898670897480996,-0.006472363056823264,-0.005965611453100036,-0.005370427626190595,-0.004867252585829809,-0.004216000385367866,-0.0029846846805982445,-0.0012467372654995446,0.00025470475467289174,0.0011328338403172457
2019-10-15,-0.007111625869792811,-0.007464719460823518,-0.007604766656359092,-0.0076169380261864195,-0.007402886799919248,-0.007049859627838921,-0.006632771180876248,-0.0061555500295322535,-0.005617755636997265,-0.005166542357951917,-0.004558918027950316,-0.0033386562196698207,-0.0016863171215811775,-0.0002466130351698947,0.0006203631560489326
2019-10-16,-0.007021425355619196,-0.0073512131883499265,-0.007476120547357675,-0.007477384009136903,-0.007260164506511008,-0.00691582641838128,-0.0065125777770074725,-0.0060509987568651245,-0.005526991334310179,-0.005077451874215052,-0.004466180471878759,-0.0032470351812310333,-0.0016153942737652254,-0.00020643383266119684,0.0006667566189662443
2019-10-17,-0.007194970282897487,-0.00747818262269227,-0.007583470329456368,-0.007581436136650029,-0.007388077470989178,-0.007080894825052541,-0.006718905853684472,-0.006297676658790496,-0.005806396392381552,-0.00538284854541459,-0.0048143534986933864,-0.00363675289006353,-0.002107812457981776,-0.0007470133703777787,0.0001304169926077229
2019-10-18,-0.007144566015420287,-0.0073856552702328175,-0.007478222616903753,-0.007471716320887345,-0.007292373466087013,-0.0070062209650533155,-0.006664260770215457,-0.0062611345733610225,-0.005785401707522843,-0.0053738631378731395,-0.004838345625802943,-0.0036559555810589343,-0.002184312708625241,-0.0008323377297462141,4.218526771963596e-05
2019-10-21,-0.007169205000324012,-0.00739102332052502,-0.007481148690610185,-0.007481562406670649,-0.0073189753951168465,-0.0070467779559289755,-0.00671609306138752,-0.006326135573503175,-0.005866570533677497,-0.005474747396097143,-0.0049800664546912265,-0.0038279319677526347,-0.0023548559211290293,-0.0010292634073031986,-0.0001561815615459497
2019-10-22,-0.007308854743241142,-0.007562224613275587,-0.007716338986261985,-0.007793523017187611,-0.0077126357179292575,-0.007502481483410481,-0.007222637424596104,-0.006885032925791815,-0.0064694342205491055,-0.006116017055921455,-0.005634219304688447,-0.004569294327577221,-0.003103883880735455,-0.0018127090335179742,-0.0010420057506765011
2019-10-23,-0.007308368328400156,-0.007562938959705253,-0.007727883640137952,-0.007819588966265568,-0.007755385045527638,-0.0075704719830306305,-0.007317338853929825,-0.007003635867883156,-0.006608504391322321,-0.006259274566691992,-0.005774344334296165,-0.004795732032623619,-0.0034029569601974376,-0.0021360307427107025,-0.00130051040575843
2019-10-24,-0.007295547008567212,-0.00755019888111337,-0.0077016091297291995,-0.007777920286870146,-0.007691864505574977,-0.007477557256994239,-0.007192935556316976,-0.006849857442558845,-0.006441339247630796,-0.006095168322459031,-0.005629038707430814,-0.0045906460344752155,-0.0032712529782669415,-0.002025445310162512,-0.0011795410992771435
2019-10-25,-0.007470306032644498,-0.0077122085258511065,-0.007836527115178966,-0.007879383952962357,-0.007760881027650422,-0.0075286222254490045,-0.007229210356143714,-0.006872769141344275,-0.006456071102598322,-0.006106446223618789,-0.005646294753840058,-0.004724695319071096,-0.0033637591067873633,-0.0021335224910493927,-0.0012860701635275412
2019-10-28,-0.007610253374394275,-0.007837708501551435,-0.007942724348128639,-0.007963842103963004,-0.007815175591769372,-0.007539452913577242,-0.00719436296916185,-0.006795521238815769,-0.0063531351075827875,-0.005994403263258604,-0.0055264574642312075,-0.004514610597965824,-0.0031032951277984396,-0.0017831084464707547,-0.0009393887682619785
2019-10-29,-0.007620708487153047,-0.007878600055174814,-0.008006687922165795,-0.008045419737749587,-0.00790366934785315,-0.0076180350287454535,-0.007257479161622195,-0.0068398851557502005,-0.0063815160558357556,-0.006012581915245112,-0.005535158212393416,-0.0045138010015713615,-0.003049115922181735,-0.001662605569229954,-0.000827987479920419
2019-10-30,-0.007616442784717674,-0.007867404250938397,-0.007983466536675681,-0.008013125276594986,-0.007860778091573008,-0.007562686478246074,-0.007188110090430348,-0.006751656930763416,-0.0062732205325153985,-0.0058940024131513636,-0.00542038658395619,-0.004392274654634593,-0.0028891764859965696,-0.001494163195814363,-0.0006531919759442602
2019-10-31,-0.00767885071702916,-0.0079024214401743,-0.007978853945524247,-0.007963039882771875,-0.007765128575132653,-0.007438235278657984,-0.007040189696562726,-0.006583694385698636,-0.006095234812710209,-0.005708465413693225,-0.005237792561762635,-0.004155842706078874,-0.002665417310386518,-0.001294388199348923,-0.00045086563134202765
2019-11-01,-0.007692755847823016,-0.007996874594759814,-0.008146457908934975,-0.00820048695669008,-0.008060478156083118,-0.007779318947565468,-0.007425047324852566,-0.007009518302261943,-0.006551305153742355,-0.0061741944636184215,-0.005665725400683656,-0.004657466144051044,-0.003200174845123262,-0.0018375792098137861,-0.0010365718416616048
2019-11-04,-0.007637194618487481,-0.007940403380958512,-0.008082756394913158,-0.008124399612150241,-0.00797448081414292,-0.007683860771031132,-0.007318567286461197,-0.006889841018417063,-0.006416269040380825,-0.006024642059723426,-0.0055138190952834214,-0.004462356877158196,-0.0029628763736655856,-0.0015788089927045446,-0.0007677511150185245
2019-11-05,-0.007569040366876866,-0.007897405071906722,-0.00804760919404812,-0.008087344503438353,-0.007928605235367349,-0.007635379617889842,-0.0072685547152309,-0.006837131346296002,-0.006351240302356988,-0.005940635850490202,-0.005399197931733429,-0.004372560223433887,-0.0028873539320039793,-0.0015291423910793968,-0.0006980867051810512
2019-11-06,-0.007621552362522942,-0.00800534875906026,-0.008196237891757652,-0.008265942175736464,-0.00812125555258321,-0.007839869448058883,-0.007487127629507148,-0.007063460221708934,-0.0065752198132659,-0.0061502320425012216,-0.005565499016528157,-0.004508905521077132,-0.0030401562330581934,-0.0016692800670071292,-0.0008410499979247508
2019-11-07,-0.007416906154278273,-0.007775974733078757,-0.007932543307087115,-0.007962338271573426,-0.007783112935242007,-0.007479917664974076,-0.0071097415753842005,-0.006674826320910225,-0.006180437091771985,-0.005754241914987142,-0.005168033334878608,-0.004171092316385396,-0.0026305844452025858,-0.0012308685615092007,-0.00039667588306721
2019-11-08,-0.007128617492261993,-0.00743271596232943,-0.007524491877915395,-0.007481597772910818,-0.007257167101426989,-0.00691676634163811,-0.006512926123344725,-0.006046521677989679,-0.005538376089509966,-0.005117498271202958,-0.004573072757644375,-0.003509990486541642,-0.001968000161470212,-0.000554631519835457,0.0002956644254169727
2019-11-11,-0.007046901791345375,-0.007315224646872777,-0.007380242216689788,-0.0073083303063125014,-0.007047778518232972,-0.0066503481858412915,-0.006185097285786394,-0.005664195589960657,-0.00511677535868772,-0.00467368275003367,-0.004098655776254923,-0.0029899612392686203,-0.0014070769047923475,7.814157452331332e-05,0.0009138967481647988
2019-11-12,-0.0068128857780035326,-0.0071272359262117965,-0.007226562871587893,-0.00718758550140979,-0.006960764598070798,-0.006607125473334337,-0.006193291800248142,-0.005718150011132918,-0.005203005792689262,-0.004777612027916094,-0.004241105718883984,-0.003151730497458212,-0.0015800162188799721,-0.00014625722002844642,0.0006587318418937528
2019-11-13,-0.0066981071955320975,-0.006955655264578325,-0.006996775323517237,-0.006899668706547727,-0.006623909897525491,-0.006234566283498884,-0.005789086480401015,-0.005290460421443617,-0.004760199661189815,-0.0043231086133056,-0.0037508042342415736,-0.002640235887533682,-0.001066520347254757,0.0003822996693368415,0.0012242246902063564
2019-11-14,-0.006607292983737383,-0.006834450760784016,-0.006865922859990707,-0.006764348340973885,-0.006484762479202412,-0.006087132399401031,-0.005629972855484068,-0.005116956947882143,-0.004569133828397431,-0.004120368167066379,-0.003552131981509155,-0.002426365938102506,-0.0008236536532364575,0.0005906288435324201,0.0014573458656731524
2019-11-15,-0.00660792969639739,-0.006774472794612721,-0.00678572987565529,-0.006690237327164827,-0.006416836407040049,-0.006058287697295341,-0.005646521128626731,-0.005179614053341282,-0.004669702331349996,-0.0042457072579669556,-0.0037096118355298027,-0.0026133847712915465,-0.0010462095014569749,0.0003356040504212962,0.0011828059031068104
2019-11-18,-0.006691786066637463,-0.006810393622246228,-0.006778707315592929,-0.006649101676654964,-0.006349324834409652,-0.005968484753911267,-0.00553200012244504,-0.005041462320565469,-0.0045116796251378505,-0.004070419321510642,-0.003494106145180379,-0.0023910271412949063,-0.0008022432043192151,0.0005876305853536118,0.0014480183438661373
2019-11-19,-0.006643528790572313,-0.006705583258943179,-0.006628934980229304,-0.00645784454096483,-0.006119204279520281,-0.0057032211406525864,-0.005233069156361184,-0.004714024405392945,-0.00416365092358495,-0.003707702150093529,-0.003104962691370862,-0.002017387692091812,-0.00038583669178639447,0.0010256519623536482,0.0019177386305055497
2019-11-20,-0.006671306022298339,-0.006748689065632159,-0.006697827448200869,-0.006559294726576358,-0.006264109693269076,-0.0059024102400522796,-0.0054926079782389855,-0.005028987433124758,-0.004521656693303288,-0.0040863208274490165,-0.0035047701932921353,-0.0024510951685236767,-0.000869538923626791,0.0004540076284841041,0.001322587025767421
2019-11-21,-0.006643341688278975,-0.006748993790153129,-0.006718939148613466,-0.006597576846861935,-0.006320463932787677,-0.005977754315685564,-0.00558699715936244,-0.005140114433428913,-0.004647042033367151,-0.004231442453244476,-0.0037142535413701634,-0.002690345800255131,-0.0011492550672824082,0.00014348981508925147,0.0010077519843415597
2019-11-22,-0.006743287244921829,-0.006852470881633397,-0.006825840103478062,-0.0067076613915875065,-0.006430588003980388,-0.0060871333117121255,-0.005693341377746099,-0.005238698188656986,-0.004733798346383666,-0.004311164904657126,-0.0038129711429178903,-0.0027700542394061486,-0.0012203433244614716,8.837540052457467e-05,0.0009463053184564714
2019-11-25,-0.006678824370513522,-0.006746642805563154,-0.0066845000836381644,-0.006534634924048946,-0.0062331819585190115,-0.00586527821190254,-0.005448225652578796,-0.004975492184933144,-0.004457596485959384,-0.0040173152796899115,-0.003444407722978886,-0.0024269744535035127,-0.0008452473577098541,0.0004936328715141211,0.0013417129344005716
2019-11-26,-0.006611679500466018,-0.006639474071542317,-0.006525288079447717,-0.006322051304305616,-0.005970536565030081,-0.0055619518785868715,-0.005102730724292291,-0.004591560333016125,-0.004043766580673141,-0.003590034797936541,-0.0030187839379440134,-0.0019603186917490096,-0.0003332892165402533,0.0010422090642780903,0.0019004558999691102
2019-11-27,-0.006565611028287457,-0.00659999707542195,-0.006507439264524174,-0.006329972360723025,-0.006015066250335636,-0.005649838676402628,-0.005237127379639621,-0.004771242074631081,-0.004255843558063835,-0.003817545690169891,-0.003251173759138866,-0.0022204475488216847,-0.0006362046598035392,0.0007321287716598222,0.0015845060366107104
2019-11-28,-0.006605195872809315,-0.006615093621734748,-0.006519864186266639,-0.0063423608095468705,-0.006029055325139861,-0.005673291385826443,-0.005273003466444435,-0.004821937496902723,-0.004321764538353346,-0.0038947325563687173,-0.0033507858368011303,-0.002291781920475413,-0.000711731752738117,0.0006646820799450393,0.0015195387592748092
2019-11-29,-0.006795252614806695,-0.006860836978052258,-0.006807592280134738,-0.006665125700419071,-0.006372040265003639,-0.006025720193958229,-0.00563591898332744,-0.0051974682178279295,-0.00471357089103332,-0.004298597624030649,-0.0037698519764731903,-0.00277397796740079,-0.0012357052455764005,0.00010203129150550323,0.0009490552855796181
2019-12-02,-0.006639449332647794,-0.006743119461004307,-0.006708582701362687,-0.00657434684634816,-0.006272303525373873,-0.005901692431662638,-0.005485158484216576,-0.005027065860281759,-0.0045233463120903225,-0.0040835159899364004,-0.003447789708862593,-0.0024769963153970574,-0.0008849856010310394,0.0005199018672527022,0.0013497174874005564
2019-12-03,-0.006613512473814227,-0.006693534775012789,-0.006630452371713017,-0.006463318069559305,-0.006127567909921577,-0.005734742279108648,-0.005291121434250566,-0.004804613057758125,-0.0042836539780272236,-0.0038296127151121063,-0.0031661322108586624,-0.0021790962185721436,-0.0005088515634797705,0.0009227595209285866,0.0017665526605848054
2019-12-04,-0.006503198857618737,-0.006563340111943007,-0.006474628629345496,-0.006279029194488641,-0.005911372667385335,-0.005470982096940295,-0.004982660729437597,-0.004452858742700076,-0.0039002054522843856,-0.0034460400134239113,-0.0028585165600035606,-0.001832046627332861,-0.00018783128947900575,0.0012863532243582217,0.002117474975737316
2019-12-05,-0.006473162809258546,-0.006557320309463832,-0.006477313349805468,-0.006291291484678497,-0.005938651021072772,-0.005532136511976211,-0.00507874739602439,-0.004582989986842955,-0.0040549496886417655,-0.0036125627750753443,-0.003030868783835595,-0.00199455444085688,-0.00040525919229028964,0.0010021413347631753,0.001926746539068794
2019-12-06,-0.006275612940075616,-0.00626538654702623,-0.006088498986599701,-0.005806780603401639,-0.005377554806034505,-0.004907983695882458,-0.004399397563908628,-0.003853932759645432,-0.00329332847114591,-0.0028368084283538868,-0.0022534474496706497,-0.0011915981313027893,0.0004395263563525482,0.001883424832919331,0.002731305000193632
2019-12-09,-0.0063056717593618,-0.006283271778875976,-0.006093494066482929,-0.005800648538332655,-0.005366072079636146,-0.004895758556583952,-0.004390724690781392,-0.0038465083462646144,-0.003286021037960184,-0.0028288125836306256,-0.0022573578062093464,-0.0012114744662961685,0.0003797133401525442,0.001781939037432659,0.0026405827767305504
2019-12-10,-0.006290161041924129,-0.006250872586952896,-0.0060486692241315185,-0.005744956310946127,-0.005299808781645882,-0.0048244654450767905,-0.004313990515240014,-0.003763386838738778,-0.0031958450011380303,-0.0027346932591765204,-0.00216354237470546,-0.0010908024324099725,0.000519940487674127,0.001962026765979635,0.002794779557309269
2019-12-11,-0.0063461581838512235,-0.006298011531556215,-0.006090282656509706,-0.005779826818098125,-0.00532508350122168,-0.004835321353128939,-0.004312409767651027,-0.0037456422803689047,-0.0031566248191385394,-0.002676680252694787,-0.002096921868140273,-0.001077015972192524,0.0005332116205428602,0.0020020560454240286,0.002886522942514192
2019-12-12,-0.006392798455481713,-0.006399539009926703,-0.006252833648097345,-0.006004259295039147,-0.00560417430983045,-0.005171725848093163,-0.00470974635308337,-0.004203675076781709,-0.0036617389816536814,-0.003200459850361734,-0.0025937450745601902,-0.0016128049136655352,-7.989729806161712e-05,0.0013199587115237748,0.0021586902891727053
2019-12-13,-0.006490522772044798,-0.006559628391714283,-0.006470069489183609,-0.00627457015591284,-0.005916750028060464,-0.005512606128510803,-0.005069051427261622,-0.004577549975882558,-0.004038446247364943,-0.0035773677849788702,-0.002966142833195826,-0.0020209598367246727,-0.000533204995003333,0.000838895345488549,0.0017067142717213425
2019-12-16,-0.006424687536616787,-0.006488655644783282,-0.0063979670435745815,-0.006200325323858974,-0.005836780180028729,-0.00542543750661051,-0.004978721544117678,-0.004486375737105695,-0.0039574563422922196,-0.0035036792049661057,-0.002907158256006193,-0.001948019446583949,-0.00041236677106312047,0.0009724061080616952,0.0017952200205690382
2019-12-17,-0.006393887999362718,-0.006475354667285322,-0.006386464548551772,-0.00618789965527968,-0.005825662691248569,-0.0054304792712546466,-0.005001300649798833,-0.0045183088747017906,-0.003987670984638627,-0.0035242125089038224,-0.0029148455824218635,-0.0019648389505769227,-0.0004364874189402391,0.0009563237855732959,0.0017799496618183081
2019-12-18,-0.006403880660055979,-0.006459990182007041,-0.006350233049879265,-0.006136696193032028,-0.005771215873969816,-0.005376577672908706,-0.004953217518691622,-0.004478669065657273,-0.003954200916404557,-0.0034938352200686294,-0.0028837489629483805,-0.0019414665174678732,-0.0004033342821705457,0.0010014765560005209,0.001841535594950688
2019-12-19,-0.00651901205643147,-0.006557145964156676,-0.006443571085048691,-0.006231142718151691,-0.005871378237632548,-0.005485058582070511,-0.005071712302567238,-0.004605921450517182,-0.0040887954023980325,-0.0036342836719432357,-0.0030241574691794175,-0.0020908451685429826,-0.0005424137762427409,0.000852017780586451,0.0016919507584466013
2019-12-20,-0.0063793009663861405,-0.006379832112255441,-0.0062418920916972485,-0.006011104765072335,-0.005646328137395022,-0.005262906097387016,-0.004851104032932554,-0.004388644560653529,-0.003873516719132916,-0.003418331538666205,-0.00280596587621643,-0.0018677708427129033,-0.0003337051105091548,0.0010720934431068477,0.0018938556484406912
2019-12-23,-0.006457542642388862,-0.00648687891666138,-0.006395698068476916,-0.006213750636566969,-0.0058905834508843884,-0.005535085183879012,-0.005148718563873029,-0.004706037389485484,-0.0041990050465807085,-0.0037465263491269743,-0.00314163846772191,-0.0022275143365527604,-0.0007105494776907071,0.000681969245333945,0.0015184012046627138
2019-12-27,-0.006414026128659803,-0.006412317846827287,-0.006308263009979462,-0.0061227062639592844,-0.005796252876319803,-0.005431964854732397,-0.005036068944126052,-0.00458296462732729,-0.004069651673124892,-0.003613996580820568,-0.002994138243703512,-0.00206932250656371,-0.0005436428680273503,0.0008527596773159137,0.0016924249969887597
2019-12-30,-0.006444570885350565,-0.006465752687733087,-0.006391025445996757,-0.006234587226760084,-0.005935411044701365,-0.005594486236145117,-0.0052140900821687035,-0.004774810477878022,-0.00426599140759449,-0.0038075506916156786,-0.0031663594966973535,-0.002268026722446135,-0.0007333827526486768,0.0006715052745818692,0.001524304360587215
2019-12-31,-0.006433314726876142,-0.006443165974322991,-0.006355735766143625,-0.006185896582240645,-0.005879285011733935,-0.005534837780949383,-0.005154796158179138,-0.004717425871612193,-0.004212736918749173,-0.00376068599030779,-0.0031370238024291267,-0.0022534717768683526,-0.0007542618445454323,0.0006070299046511307,0.0014610845340144157
2020-01-02,-0.006445780495016789,-0.006448354283994535,-0.006352325647283941,-0.006174754912114066,-0.005856601138436592,-0.005499681624842326,-0.00510930676256104,-0.0046588846779946295,-0.004144624248224692,-0.0036875217687031858,-0.0030759515185462033,-0.0021913699295623744,-0.0006730767066027986,0.0007004779490164216,0.0015414759493118859
2020-01-03,-0.006393689873267761,-0.0063959588180365545,-0.006290308541499968,-0.006099532663111308,-0.005774216247113911,-0.005415048656331841,-0.005022735165972021,-0.004572060815332345,-0.0040591059178628755,-0.0035988308121558707,-0.002967159828801763,-0.002116215705453722,-0.0006516918494890107,0.0006544888069577609,0.0015460236450430145
2020-01-06,-0.006328274751656059,-0.006219153670290699,-0.0060018339005094195,-0.005696003792676749,-0.005268533508096775,-0.004826171234868799,-0.004359753509621725,-0.0038493031800308523,-0.0032970796762493725,-0.0028159481064924147,-0.0021521679398800696,-0.0012342148113925525,0.00029464242846821134,0.001691122833967888,0.0024983695336063703
2020-01-07,-0.006525793621537074,-0.006502092715747438,-0.006390321161050378,-0.006193375402067611,-0.005852710684260971,-0.005456885338693453,-0.005024648884954102,-0.00453973515071069,-0.004003431868434648,-0.0035337818141703134,-0.0028926320744963384,-0.002000835941203691,-0.0005001113319740798,0.000846992733251256,0.0017033327381797741
2020-01-08,-0.0065628640955650245,-0.006495737543596883,-0.006350953508019022,-0.006122184341541105,-0.0057494899528314535,-0.005320591319254792,-0.004859204675487983,-0.004349963534956261,-0.0038018514136189557,-0.00332275213779004,-0.0026414559961319677,-0.0017026923341335943,-0.00016740340921562335,0.0011477490745880612,0.001983109107083285
2020-01-09,-0.006446158911627822,-0.006330173896764652,-0.006143654225766067,-0.005877362323558513,-0.005479532312142996,-0.0050297668645078505,-0.004546707320216383,-0.004019776040569707,-0.0034600020536351378,-0.002972392584530243,-0.0022743118067967334,-0.0014024419010028827,0.00010780688042943647,0.001402726205648909,0.0022654543159705176
2020-01-10,-0.006493929090578096,-0.006326182964438308,-0.006092791607425405,-0.0057869706654561275,-0.005363940294978893,-0.00490815761442936,-0.004427019348910908,-0.0039057238954560407,-0.0033516359688319907,-0.0028609908448127648,-0.0021320695714785835,-0.0012147105022179176,0.0003153381682039347,0.0016219156030603732,0.0024566922175866942
2020-01-13,-0.006580625174106819,-0.006427028828820106,-0.0062239407938758946,-0.005949318412223758,-0.005551260507642678,-0.005099430902374319,-0.004618851524278528,-0.004093949931964396,-0.0035355029113197972,-0.0030437800552346266,-0.0023247101772519924,-0.0013840468455958864,0.00015763044293059557,0.0014624645753604105,0.0023192348504892856
2020-01-14,-0.006595805089030608,-0.0064047343413406125,-0.0061818219708252835,-0.0058948729772659355,-0.005491763652658206,-0.0050343362674069945,-0.004545364386686128,-0.004012871431453756,-0.0034493485989181205,-0.0029550298188373964,-0.002230411081786046,-0.0013079044929527753,0.00023842718007723254,0.001533112558470885,0.0023851219712255783
2020-01-15,-0.00668145690007825,-0.006490527034640607,-0.0062808424388260484,-0.006014532358661617,-0.005632055613768857,-0.00518988573910873,-0.004715125329283291,-0.004197263855874067,-0.0036502506331833346,-0.0031654730308349364,-0.0024346558629739683,-0.0015081568514796113,4.793387186809705e-05,0.0013333559162180871,0.0022030900782884022
2020-01-16,-0.00666948474880964,-0.006341399692799172,-0.006033376405610361,-0.005687151871430063,-0.005251986737824573,-0.004770808619243296,-0.0042628526146097235,-0.0037211734373749734,-0.003163620833548727,-0.0026751252541584052,-0.001933241126285477,-0.0009804802822111296,0.0005764019173616823,0.0018866372923113418,0.0027553097696117025
2020-01-17,-0.006689381029433204,-0.006356654696514257,-0.006051676259870794,-0.0057149992232751945,-0.005300365939864914,-0.004859743444493615,-0.0043936470666461665,-0.003889508515372149,-0.0033611043912948704,-0.0028982259529228317,-0.0022108547482198857,-0.001293361214353795,0.000227752335772388,0.0014951589111586742,0.002373611307392158
2020-01-20,-0.006694689217183368,-0.006346451081368794,-0.0060491104927232215,-0.005725273659945056,-0.0053137233179451765,-0.00486045593740371,-0.004373848314797979,-0.0038531772019248303,-0.003311287157604468,-0.002828984360407046,-0.0020602590602145222,-0.0012232941185856114,0.0003473388868118817,0.001594660915043615,0.002475453661661838
2020-01-21,-0.006749432930302478,-0.0064293535044226335,-0.006137656032515869,-0.005809910394388065,-0.005390535540766591,-0.004928573856589953,-0.00443863273069862,-0.003914490364326309,-0.003377152683569003,-0.0029142802804530154,-0.002224758045566501,-0.00131646328300995,0.00018410474725575238,0.0014734426843518334,0.002322191570282263
2020-01-22,-0.006754830826906687,-0.0063660356782906154,-0.006016976623597508,-0.005634922460339292,-0.005161682471315603,-0.004650382119547735,-0.004117679736542356,-0.0035543500515494405,-0.002988139960804576,-0.0025085684449697083,-0.0018098898783811656,-0.0008900074551283478,0.0006446466209570297,0.0019627403926083544,0.002812624897118772
2020-01-23,-0.006743122100051113,-0.0063445499112377984,-0.005972069540717566,-0.005563708913953778,-0.005068887373433255,-0.004548800988059528,-0.0040071513273321315,-0.003435544306272205,-0.0028663157725116353,-0.002390927687875552,-0.001715845677177494,-0.0007959619099593105,0.0007444935359578117,0.0020887248519642653,0.002920462601811826
2020-01-24,-0.006701419000431027,-0.006365450663875191,-0.006037413152180407,-0.005656114982837793,-0.005165550402829392,-0.0046544069160071085,-0.004130286121467787,-0.0035812452042046873,-0.0030303876265702708,-0.002558199317270993,-0.0018559522486636772,-0.0009428338348928692,0.0006160460849366868,0.0019544945236726337,0.0027518551249235035
2020-01-27,-0.0067035955695110405,-0.006370970988753504,-0.006027901220646462,-0.005633209564690971,-0.005132793755363161,-0.004616372683840304,-0.004078695425926057,-0.0035181149112516862,-0.002956822618870849,-0.0024812654248705887,-0.0017725574392906567,-0.0009087082285452591,0.0006954888038712854,0.0020526554675394807,0.002856740712252761
2020-01-28,-0.0066907366185481616,-0.006304200432737419,-0.005965958650549603,-0.005606824541184347,-0.00515706740399152,-0.004655157586143989,-0.004127910641495731,-0.0035728393590656,-0.003019351719814866,-0.0025477866546956226,-0.0018463380591113784,-0.0009313220790591131,0.0006711748271401415,0.0020233124210952635,0.002853799448330672
2020-01-29,-0.006606916239821324,-0.006085147755258633,-0.0056373739441319855,-0.005178006757116594,-0.004652426250417002,-0.00409594694620483,-0.003521887646097834,-0.002929277730422669,-0.0023554073163020027,-0.0018763066801264008,-0.0011768320437086834,-0.00026323909920372387,0.0013578889822672153,0.002768072309479245,0.003562593565431822
2020-01-30,-0.006644443994523371,-0.006107853751943167,-0.005652330820038607,-0.005189175103298447,-0.004660674984806644,-0.0041042435239389725,-0.003531146876539591,-0.0029394745048577278,-0.002365471709888092,-0.001888967835234444,-0.001198187990770187,-0.0002721824827117358,0.001345036043155483,0.0027556398767622932,0.003551424589685825
2020-01-31,-0.006318321185633778,-0.006053087391978687,-0.005788527288757622,-0.0054647085997317005,-0.0050372218153438625,-0.004532588075690849,-0.003997477457838907,-0.003433740580860042,-0.0028634603096003514,-0.0023944019961212076,-0.0016633166804304064,-0.0008185020544968626,0.0007900471770269491,0.002181072318429895,0.002984713925535037
2020-02-03,-0.006412215603597707,-0.006220894173717109,-0.006028298548423148,-0.0057666999953172905,-0.005390440066866054,-0.004917385459723793,-0.004413640787789382,-0.0038750095438733023,-0.00332790395886239,-0.002865879307538516,-0.0021304468320579796,-0.0013003603149578298,0.0002912249792751866,0.001659590340654817,0.0024505890498361903
2020-02-04,-0.006230097763828932,-0.0062030444751170555,-0.0060619176737931576,-0.005815531732900443,-0.005427690029694311,-0.004950546705826372,-0.004445115234519275,-0.003909605739194913,-0.003366954529105967,-0.0029129045943474814,-0.002189145682870375,-0.0013233641647733413,0.0002813338212018969,0.0016716689883834572,0.002463799396005254
2020-02-05,-0.0062194660315809305,-0.0062030154696837815,-0.0060668477043978675,-0.0058177372956937845,-0.005418423205900044,-0.004932319062171219,-0.004422588391629594,-0.003882105720080617,-0.003331084211805156,-0.0028621339333696092,-0.00211168235005928,-0.0012715299980498444,0.00038337048698397236,0.0017636609956272903,0.002572924467758121
2020-02-06,-0.00616715245291585,-0.006121253078702695,-0.005948922111420913,-0.005660892806002386,-0.005228070631506901,-0.004721566162105893,-0.0042012400310216524,-0.003654790854822595,-0.0031018418623689507,-0.0026223126215706148,-0.0018344535176367774,-0.0009352378797370728,0.0007355627538929152,0.0020973173351995444,0.002923084023804079
2020-02-07,-0.005932468075185118,-0.005875281137341056,-0.005671514999451606,-0.005340917106637232,-0.004868416052207992,-0.0043372703984424004,-0.003800285464574658,-0.0032403384994754867,-0.0026831313113865915,-0.0022034882281362278,-0.0014253195142861796,-0.0005296556036142245,0.0011492643757284701,0.002478185783425881,0.003315790007533365
2020-02-10,-0.005905180437223967,-0.00588414098705002,-0.005704200616064143,-0.005394198935586437,-0.004938999830499473,-0.0044248296717198715,-0.0039006197704540223,-0.0033514642503868677,-0.002798196857383598,-0.002325679654239381,-0.001560406926043292,-0.0006411039570943324,0.0010485693633766947,0.002369155073631489,0.0032046121407691562
2020-02-11,-0.0058035896151570135,-0.005761800501317467,-0.005550274030581921,-0.005202967590010379,-0.0047078587401348584,-0.004146141325425683,-0.0035797080466188195,-0.002996431296973629,-0.0024240303157331295,-0.0019396664716022998,-0.0011502798607261658,-0.0001695521885986381,0.001588635656622619,0.002870302403896304,0.003716916043929028
2020-02-12,-0.005775225831744513,-0.005757845991236808,-0.00557533309850167,-0.005257552718253136,-0.004790182612601227,-0.0042504955271889956,-0.0037025761699119903,-0.0031376706031612926,-0.0025825576351146463,-0.002108164392457177,-0.0013234188772069983,-0.0004032539134619447,0.0013132719053090087,0.0025928264457253324,0.00345461770172085
2020-02-13,-0.00581847016826638,-0.005835431504014018,-0.005687142672044396,-0.005406802385725699,-0.004974415258015425,-0.0044631205170063,-0.003937960880295919,-0.0033950514181125867,-0.002856372315500013,-0.0023901667991402193,-0.0016102797720885789,-0.0007306927192002997,0.000992958435449165,0.002299073355460706,0.0031426528879614462
2020-02-14,-0.005816685877356872,-0.005869694414058947,-0.0057512940520555,-0.005493853791416343,-0.005076721894066656,-0.004575355238600519,-0.004058512278273528,-0.0035214580172301725,-0.0029873995460607547,-0.002521469690354853,-0.0017346241523529089,-0.0008635190462042645,0.0008561450904568467,0.002153411784352565,0.002997726228638721
2020-02-17,-0.00579659274214635,-0.005823558556793552,-0.005680769265881955,-0.005402546622098474,-0.004971007461475391,-0.004468612791815644,-0.003955373511432699,-0.0034221640587185132,-0.002891636375903573,-0.0024282833680425884,-0.0016495148286656356,-0.0007946617809217071,0.0009466677337376824,0.002242315331588134,0.0030926624928093783
2020-02-18,-0.005771632234225891,-0.00581427896440456,-0.0056828918115944,-0.005414641789189486,-0.0049927823293053515,-0.0045028340366811605,-0.004003451110942346,-0.0034847351523429938,-0.002967661453283734,-0.0025102951336633916,-0.001735731407081371,-0.000862797808145433,0.0008840965365734025,0.0021857400644164854,0.0030320417475582797
2020-02-19,-0.0057114792959925675,-0.00581584498218529,-0.005758613589689554,-0.005561085378352593,-0.005195973252362751,-0.004746013345390074,-0.004280457424676629,-0.003793036566377237,-0.003299701383134134,-0.0028616307133193324,-0.0021182429362110694,-0.0012650967856417498,0.00043752087154832266,0.001711415556631149,0.002560228177323467
2020-02-20,-0.005721243116830363,-0.005828990343668649,-0.005774774227665508,-0.0055842999909886904,-0.00522768013920321,-0.004782616153143261,-0.004317268222050921,-0.0038264618859124803,-0.0033315218400234796,-0.0028929096413530943,-0.002148093031756021,-0.0012820688531440232,0.0004160818959589029,0.001698479357297706,0.0025479971177392604
2020-02-21,-0.005859716666812727,-0.005993095706618335,-0.005979883244348643,-0.005833018544145195,-0.005519171248462722,-0.005102971632400984,-0.004666244308900307,-0.004204371835073266,-0.003731751685587293,-0.0032991525356889247,-0.0025429226283281395,-0.001674409033927775,4.0143456171393525e-05,0.001335088927166516,0.0021907166742491336
2020-02-24,-0.005935459321558718,-0.0060791341590513085,-0.00607933554182821,-0.005945067468812278,-0.005640244132716867,-0.005229649905413959,-0.004798916481410821,-0.004342327811153531,-0.0038753675256915725,-0.0034428179679386285,-0.0026729524510213164,-0.001809830012933664,-0.00011736110368001912,0.0011834170047722243,0.0020567208773652835
2020-02-25,-0.006088535784811944,-0.0062921905813001205,-0.0063624734533661775,-0.0063025344504271125,-0.006063584520206099,-0.005701351157874661,-0.005312321218272377,-0.004891564960491971,-0.004452640937322528,-0.004039438866219731,-0.0033055502461318974,-0.0024641448049141125,-0.0007816709321528353,0.0005068901217700297,0.0013724761999336838
2020-02-26,-0.006113133434957121,-0.00627287858100393,-0.006289638903969625,-0.00617360173673026,-0.0058827413886373935,-0.005476850101643144,-0.005047640714435542,-0.004587707612206366,-0.004115814511950194,-0.003683740701642426,-0.002935202234478431,-0.0020821522281483894,-0.0004194601636743821,0.0008683169761941291,0.001736609933877367
2020-02-27,-0.006148762824356508,-0.006314402425985819,-0.006328240137707957,-0.006212652311875112,-0.005933579898269906,-0.005556822046617568,-0.00515831161909275,-0.004726551574826011,-0.004275207454044332,-0.003850361332501077,-0.003099741479158784,-0.0023065360469664044,-0.0006371616444931395,0.0006486676578033476,0.00150861626798691
2020-02-28,-0.006318134312764499,-0.006517731932280085,-0.00655978836608009,-0.006469734093499888,-0.006210710584631357,-0.005846543492022503,-0.005458003812023077,-0.005037337181759772,-0.004598118373148142,-0.004183577363737998,-0.0034376546223380167,-0.0026865956848285935,-0.001052027310182488,0.000249596137093063,0.0011012876938595595
2020-03-02,-0.006355998345115639,-0.006647463383547287,-0.006760068223363867,-0.006720829028698609,-0.006495178876611286,-0.006148879106797831,-0.005775105980931609,-0.005364677947535291,-0.00493018410059378,-0.004519348416921282,-0.003786602708787005,-0.0030482637879191174,-0.0014237754630533458,-0.00012106358416347664,0.0007204717886533841
2020-03-03,-0.0063312646856380555,-0.006620750755685454,-0.006724316000195135,-0.006661613211150888,-0.006431543820254974,-0.006085774727050288,-0.005704759713123097,-0.0052866254570402785,-0.004820895331564557,-0.00437490832372845,-0.0035882741384223016,-0.0029228766346879784,-0.0012772461907176458,4.720813775440989e-05,0.0008865704388878373
2020-03-04,-0.006178983372339551,-0.006465068276843049,-0.006566629454372461,-0.00649732084507005,-0.006262711328848477,-0.005908417084477851,-0.005519235985257801,-0.005092752890857085,-0.004617577204207217,-0.004164018900702776,-0.0033625569196918613,-0.002699478055096458,-0.0010268591407028066,0.00032988155573338723,0.0011779611970778499
2020-03-05,-0.006140198444574393,-0.0063632988595525046,-0.006403677915252263,-0.006281934661521361,-0.006004326588329628,-0.005621292418817706,-0.005201933028434473,-0.004747880106730089,-0.004248576526554687,-0.003779406580642533,-0.0029670977932797437,-0.0022633498382986232,-0.0005407164045695815,0.0008496995677305766,0.0016607200547174832
2020-03-06,-0.006028598779250777,-0.006240612054925683,-0.006274837391285066,-0.00615195180645055,-0.005882191129295432,-0.005511868613134625,-0.005106177077086491,-0.0046637045188454365,-0.00417285931916299,-0.0037042804626767132,-0.0028797434706221204,-0.002163876816131517,-0.0004289209516406651,0.0009546525892508834,0.0018007018995507328
2020-03-09,-0.006079199356434348,-0.0063030258322824715,-0.006351693600396941,-0.00624405337390883,-0.005990122051640774,-0.005631512828996435,-0.0052357134383286905,-0.004804887922497968,-0.0043245969634571856,-0.0038686234582749725,-0.003059410978063379,-0.002378340655821378,-0.0006715620661366267,0.0006941042785353625,0.0015452354641494223
2020-03-10,-0.006087102326686316,-0.006335902757673552,-0.006420562381875135,-0.006351848909401812,-0.006135729640895991,-0.0058059013580397615,-0.005439803496129271,-0.005034662785355078,-0.004575020251412723,-0.004128548007036622,-0.003326480825396576,-0.0026337892914462565,-0.000955575039349035,0.000405135451529126,0.001254350534074615
2020-03-11,-0.006069680501955153,-0.006278042578532542,-0.006332743171641349,-0.006250263443065857,-0.006029948852149743,-0.005684418078580831,-0.005292540104205273,-0.0048652000841203176,-0.004390076553906442,-0.003933446304598879,-0.003109411369580545,-0.0024012332101170496,-0.0006862541141879625,0.0006939147804902003,0.0015549071849705488
2020-03-12,-0.006072966896870244,-0.006242202094876343,-0.006270167117462192,-0.006167330796558398,-0.005931172075769393,-0.005577298630695247,-0.005175440441909119,-0.004736135160721628,-0.004246887445133067,-0.0037840287405905685,-0.0029691291842736727,-0.002287923885650129,-0.0005703286407376403,0.0008027074178512194,0.0016576141934473803
2020-03-13,-0.006146259191072301,-0.006325425007689156,-0.006362832447745556,-0.006252003976022341,-0.006015176650565118,-0.005669875732517247,-0.005302092876868161,-0.004870751696984603,-0.004398521086311461,-0.003937717723209229,-0.003131841000109771,-0.00247468442184351,-0.0007719942242502041,0.0005793800846949942,0.0014453120312571928
2020-03-16,-0.006197108340637776,-0.006390695284465317,-0.0064367635341290716,-0.006328962833290838,-0.006095782200746072,-0.005756610451782475,-0.005394281549861042,-0.0049694914993928035,-0.00449999725886595,-0.004042297946082292,-0.003234778847444451,-0.0025850905656310025,-0.0008823393309237905,0.00046392830096658977,0.0013243433159967181
2020-03-17,-0.006154680974758203,-0.006375326179178306,-0.00644279056915382,-0.006353505536933048,-0.0061296511854102035,-0.005789408002163411,-0.00542385709651051,-0.004993272854709288,-0.004520928731000376,-0.004065277539022892,-0.0032683302951680283,-0.002605217024419694,-0.000904005852800098,0.00044375684393709454,0.0013101221395493314
2020-03-18,-0.006113418707860259,-0.006333445160907578,-0.006409550352485552,-0.006331266597677475,-0.006118674061891165,-0.005790220143720596,-0.005436020550403317,-0.005018070418996593,-0.0045550197014641,-0.0041041647449772565,-0.0032995669770613228,-0.0026281928957098684,-0.0009225213822198066,0.00040875801754107184,0.0012800212561136072
2020-03-19,-0.006088005227933982,-0.006313388629574596,-0.006408214530979814,-0.006354717481875718,-0.006166192165254549,-0.005853017913256978,-0.005511951524958438,-0.0051059122740418714,-0.00465593668867264,-0.004215248654926578,-0.003426468592811667,-0.0027613484892586022,-0.0010761381152003867,0.00022887376749897398,0.0011084607334995065
2020-03-20,-0.00611364303541062,-0.006332925419683349,-0.006430388142530704,-0.006388792588888789,-0.006219396207069534,-0.005933343630617351,-0.0056197961154350546,-0.0052393486021112415,-0.004811589328506851,-0.004389145033550794,-0.003630543492294994,-0.0029952180785733852,-0.0013866682104998402,-0.00015582426607478055,0.0007293693132329832
2020-03-23,-0.006148124294519016,-0.006351973549687256,-0.006430526617511785,-0.006368429616757892,-0.006190881938912014,-0.00591484398947362,-0.005615393958636872,-0.0052562228740413545,-0.0048511721613425695,-0.004452582283702893,-0.0037377093791714695,-0.003130417892371355,-0.0015577245609305094,-0.00032254389039413397,0.0005148381211399324
2020-03-24,-0.006450088778615917,-0.0066472791976781844,-0.006740556614960223,-0.006710668789205129,-0.006564359127861869,-0.006292919203568494,-0.0059898765995484516,-0.00562474126404543,-0.005219525040510301,-0.004824608662238141,-0.004105644520163838,-0.0034912969160078404,-0.0018955911081925203,-0.0006545448204611788,0.00017700201904344317
2020-03-25,-0.006607695768394841,-0.006824077605390565,-0.006947769316326462,-0.006948224360948822,-0.006828763847254183,-0.006580486584924507,-0.006300195950285534,-0.005956195996595046,-0.005565106596171505,-0.0051781017889913,-0.004467933101533493,-0.0038893205942381994,-0.0023203266590780813,-0.0011064265743412987,-0.0002976686014405118
2020-03-26,-0.00662516360210406,-0.006842794313658436,-0.006955231978038101,-0.00693903177457782,-0.006796941775105982,-0.006515171454509522,-0.006199119326610146,-0.005816646181165779,-0.005393340068757358,-0.004983496056131701,-0.00424804154495317,-0.0036082581640210507,-0.0019840684341284696,-0.000716584763772553,9.731333512424473e-05
2020-03-27,-0.007029953328404781,-0.007257072490865465,-0.007366240154088758,-0.007351038379684414,-0.007216227232422926,-0.006948867839614245,-0.00664931735623167,-0.0062750673867985815,-0.005860567188539896,-0.0054521586537909445,-0.00471410906266667,-0.004100721703483946,-0.002508271319164658,-0.0012645232471403499,-0.0004420852042423871
2020-03-30,-0.007366324890842187,-0.007658998825823677,-0.007793008810928203,-0.007779961086747689,-0.007650328998622524,-0.0074141265524854,-0.007150053716498766,-0.006819212987835097,-0.006444284162983463,-0.006074591897363123,-0.0053986746812831835,-0.004809124602142204,-0.0033311850767688664,-0.0021913198977892468,-0.001377965388448242
2020-03-31,-0.007672123781962376,-0.008022635964503075,-0.008166328436199395,-0.008129499785162125,-0.007975398722333205,-0.0077146636158340765,-0.007429107411553718,-0.007081129978412593,-0.006694096140012484,-0.006320125565299681,-0.005646346716127221,-0.0051231627146639215,-0.003667378778609898,-0.0025426543184903874,-0.0017391072772819172
2020-04-01,-0.007450444431198045,-0.007861700506307924,-0.008053006094929724,-0.008055811325000852,-0.007917620268163172,-0.007656372791000992,-0.007363651837496477,-0.007008236450949536,-0.00662276595097536,-0.006251515121547595,-0.005574305653537791,-0.005032815066363527,-0.003505304660905224,-0.0023318501761395976,-0.0015343309475900281
2020-04-02,-0.007646861460021581,-0.0080886301884489,-0.008285676583882663,-0.008275337674334771,-0.008115936700782353,-0.00783231408527324,-0.007517108819158597,-0.007132946027821003,-0.006721422469973693,-0.006328657066895218,-0.005647613046400658,-0.005117239577366634,-0.0035263094144562987,-0.0023078106588963255,-0.00149562926353316
2020-04-03,-0.007719957250027011,-0.008264291838377125,-0.008519873146064519,-0.008543414150733113,-0.008403188144194615,-0.008143212241222234,-0.007853195971229418,-0.007489826722833744,-0.007090749977893905,-0.006706553050076782,-0.006027455888560461,-0.00547383492763429,-0.003869252702167314,-0.0026516600572004463,-0.0018462774563680006
2020-04-06,-0.007749150496059985,-0.008345980401156554,-0.008635804580630855,-0.008686613815715984,-0.008588261075463894,-0.008391409162792417,-0.008171450602260558,-0.007876884689339895,-0.007530916803923325,-0.007190270646790746,-0.0065783811356750115,-0.006144597128611672,-0.004733223612591775,-0.0036473296570780672,-0.0028555910918450843
2020-04-07,-0.008981860603674067,-0.009537116308311222,-0.009771271315328773,-0.009770379813181972,-0.00965122592363234,-0.009438050128110512,-0.00920812287711915,-0.0089050976515226,-0.008562368901814624,-0.00824973448874395,-0.007727200037405104,-0.007381588886220534,-0.006098553925489873,-0.005051771577014665,-0.004348285464791487
2020-04-08,-0.008515159997377673,-0.009130595662640718,-0.00942862864929546,-0.009460869500698733,-0.009359459084331903,-0.009156641953791948,-0.008928149285005267,-0.008616588651743716,-0.008255722717504832,-0.007933250959294064,-0.007436838184931862,-0.0073243030793912044,-0.006190836282951222,-0.0051798316713824975,-0.004500330208213941
2020-04-09,-0.008644825208563684,-0.009178270519279438,-0.009391310219714549,-0.009329315277034027,-0.009146590543429717,-0.008876297149497175,-0.008584911919381422,-0.008217046579388088,-0.007816837417795522,-0.007479589059018019,-0.007024285977429394,-0.006959717010553663,-0.005927666769306515,-0.0049708949572223726,-0.004270325690186977
2020-04-14,-0.008491106353621115,-0.00900131401036905,-0.009155997741468497,-0.009018147958482874,-0.008789140403204103,-0.008524778458801412,-0.008253906366810155,-0.00792461410552129,-0.00756068824646861,-0.00724673541785908,-0.0067596866611966105,-0.006652957886646703,-0.005564744025695011,-0.0045513110412483465,-0.0038694873563374895
2020-04-15,-0.008329340798269101,-0.008764239405135979,-0.008749257377774756,-0.008399189134485627,-0.007981467658850543,-0.00756440461892015,-0.0071530198607126115,-0.006703464745414841,-0.006260288668832771,-0.005904731055542421,-0.005428127102050202,-0.005281212254220138,-0.004137431579627081,-0.0030399975243378505,-0.00237325513880513
2020-04-16,-0.008377006027644601,-0.008483078929096546,-0.008240458243897977,-0.007722766802327457,-0.007191758266701961,-0.006682582594299228,-0.006176295616305906,-0.005647770438109441,-0.005136150394699748,-0.004741945564116734,-0.004304538843571379,-0.0041853922354700744,-0.0031362918142056255,-0.0021213501319044797,-0.0014202739531350096
2020-04-17,-0.008118809080322111,-0.008123088697034571,-0.00783128653411811,-0.007321521866894413,-0.006825069009766567,-0.006345605453521804,-0.0058652228158949295,-0.005354530374258993,-0.00485367152464009,-0.004465172445585573,-0.0040122431810727215,-0.003999307009367592,-0.0031216280818971175,-0.0020847136765159238,-0.0014027489682444227
2020-04-20,-0.007534207831654245,-0.007333805824703544,-0.00679662389040974,-0.005999834977214368,-0.005282529504289939,-0.004685573533311007,-0.004109466323007123,-0.0035357499518990187,-0.0029779233661051006,-0.002546513205223906,-0.002104261016906085,-0.0019159126795804335,-0.0008013672638479517,0.0003022933321030697,0.0010166421305862767
2020-04-21,-0.006303243686513315,-0.006191967427090205,-0.005723619749000357,-0.0049912635475741415,-0.0043479368478463514,-0.00382936463597828,-0.003343245928542103,-0.002853469551476523,-0.0023580750065256804,-0.0019641695650723366,-0.0014868399461812026,-0.0013193054146834029,-0.00019068382876861982,0.0009699256192946761,0.001674643559880086
2020-04-22,-0.00668443311087821,-0.0066308022294994055,-0.006329227038909011,-0.0058485194580081105,-0.005434242799267882,-0.005076025241731154,-0.004729677138405402,-0.004329317780883771,-0.0038861089122049527,-0.003509382462751674,-0.003005066294933711,-0.002987608085687807,-0.0018379235541810051,-0.0006723907294095198,2.4952205315209977e-05
2020-04-23,-0.006695446722012688,-0.006794680423316414,-0.006606724567705628,-0.00621129020522308,-0.0058167339049119745,-0.005473298374691923,-0.005123561557093244,-0.004733276615159464,-0.004310994281550783,-0.003960210149476247,-0.003525541146313659,-0.0032964941754993573,-0.002212396614899241,-0.0010166826670259,-0.0003339952120979549
2020-04-24,-0.006091163054496235,-0.006177574181827542,-0.006027901299739105,-0.0056949389799137995,-0.005308205183551724,-0.004951752223586864,-0.004593061514304989,-0.004206440453983467,-0.0037998903850819062,-0.0034232585010102114,-0.002849755450467338,-0.0026790640469049796,-0.0013633782985656314,-0.00018756649466360057,0.0004763124493624562
2020-04-27,-0.005480105495597132,-0.005668792501202668,-0.00555806582986182,-0.005199411636222816,-0.004807245170959081,-0.004482847255234599,-0.00415948795026843,-0.003790723672284724,-0.0033617539074221655,-0.002950917426338641,-0.0023532294221940567,-0.0018988466591502845,-0.0005273452137526151,0.0008552989450618161,0.0014933482500793748
2020-04-28,-0.006102880386840034,-0.006265413792191638,-0.0062449154845982974,-0.006032020573792114,-0.0057179505340341765,-0.005365275396292749,-0.005006540265245336,-0.004613855005669145,-0.004204361263798198,-0.0038365468504432923,-0.0032664140304911418,-0.0024899196677160285,-0.0009682325083583141,0.00033208381063615347,0.0010256053082972059
2020-04-29,-0.006426220164639896,-0.006797946125885316,-0.00693170294324087,-0.006822378933073814,-0.00657288387706097,-0.006278895946538519,-0.005967522164736563,-0.005599857927309881,-0.0051943464650139985,-0.004814849398621406,-0.004238829733248427,-0.0036817782443178846,-0.002149942821781143,-0.0009197869233318863,-0.00023739042396537645
2020-04-30,-0.006478801468098928,-0.006968621403755192,-0.0071721077781920555,-0.007127487574292364,-0.00696003463686491,-0.006752586899595104,-0.006520172000056583,-0.006204399499167722,-0.0058188287264419325,-0.0054279288340596515,-0.004757113466862367,-0.004161767013748,-0.002604661599635711,-0.0014099033362732882,-0.0007191519213473474
2020-05-04,-0.006461391299781562,-0.006794922582082362,-0.006894946439027898,-0.006812064297791812,-0.006622343560732022,-0.006364670800966619,-0.006070859970443763,-0.005684436867050996,-0.005253062694025012,-0.0048516060113419635,-0.004254150620305314,-0.003576731382545654,-0.0018853380168766505,-0.0006159265017910627,7.472310101283416e-05
2020-05-05,-0.006247357891275058,-0.006544034484802905,-0.00666697864306819,-0.006605123408889389,-0.00642995472927478,-0.0061802191370372225,-0.005910613465202716,-0.00557946227104667,-0.005203490417133223,-0.004837910131076425,-0.004200394082915114,-0.00365762894206496,-0.0020272576265076467,-0.0008836125430189206,-0.00016406803552360534
2020-05-06,-0.006237607346570193,-0.00645078054453338,-0.006485726696203995,-0.006350108505860568,-0.006139300937427984,-0.005859459934622687,-0.005557426271176292,-0.005198656583607137,-0.004809557753865748,-0.004455526275391294,-0.0038816744371392266,-0.00349025925026795,-0.002066073953558438,-0.0010311342827120757,-0.00028573258238952996
2020-05-07,-0.006357294414098269,-0.006587637598979034,-0.006636706968881195,-0.0065082102663653486,-0.006297727288701377,-0.006016022398687589,-0.005712385987250855,-0.005352484488032771,-0.004957456018121589,-0.004583023977312563,-0.003927903420708831,-0.0037070772821680207,-0.0023764223321485222,-0.0013376382214711979,-0.0006350464161602491
2020-05-08,-0.006306196449212086,-0.006564095931526275,-0.006640447790008161,-0.006531533044447963,-0.006338127139041734,-0.006048924489199855,-0.005724733998876824,-0.005321475351317382,-0.004874806972978577,-0.00446244912666388,-0.0037948263653476825,-0.003500115217206771,-0.002157071691950593,-0.0010483958387584949,-0.00033844510261437104
2020-05-11,-0.006190745982251503,-0.00629978907296965,-0.006258572500560772,-0.006056515676000938,-0.0057667705246192014,-0.005385398984252185,-0.004984252489329696,-0.004530166403616935,-0.004057147067591829,-0.0036171725077566714,-0.0028725380075451403,-0.0025610931356743034,-0.001284381785291409,-0.00035301810780402593,0.0003744764465071858
2020-05-12,-0.006185699967391579,-0.006269026931851939,-0.0062130879847296615,-0.006003614696218122,-0.005703339928995395,-0.005300388371504915,-0.0048753626446013665,-0.004400024555347223,-0.003911349327767621,-0.00345527392176075,-0.002647589311949973,-0.002331216877856245,-0.0011403422388535224,-0.00023241813806475757,0.0005989379903715222
2020-05-13,-0.006287801159983384,-0.00634967993317261,-0.006289061888269965,-0.006140847612034802,-0.005887090636218587,-0.005509451742135914,-0.005100340027409944,-0.004641120231242543,-0.004166886628617323,-0.0037201057267632347,-0.0028558863109261184,-0.002465107187384639,-0.001308489737231124,-0.00042665880496464096,0.00031631254911034104
2020-05-14,-0.0065966051186832604,-0.006646517729650166,-0.006584173469886337,-0.0064456695009655,-0.0062070298177313125,-0.005851152306318722,-0.005468729429926,-0.00502960084570498,-0.004572731922183549,-0.004142853385282354,-0.0033270527064532453,-0.002943098954501611,-0.0017066804086084523,-0.0008186145850719109,-9.818794686445238e-05
2020-05-15,-0.00678734606756444,-0.006904241464262471,-0.006910142336134252,-0.006839745398298968,-0.0066570743111085086,-0.0063503242494070645,-0.006014730119847413,-0.00561102510814382,-0.0051758231833663355,-0.004753737261354843,-0.0039336225240140165,-0.003623567293907897,-0.002464976904779543,-0.0016535299294577809,-0.0008929907837491388
2020-05-18,-0.006754162320192466,-0.006817892881749421,-0.006794170328419257,-0.0067071630867736615,-0.006519274468305261,-0.006209652540383983,-0.00587447364500664,-0.005483070163501766,-0.0050741355367748715,-0.004692792944023301,-0.003946110176655194,-0.0035772914013116348,-0.002407738877348734,-0.0015555613022613906,-0.0008463327355604917
2020-05-19,-0.0068005375565226905,-0.006899479328743888,-0.006886029551431255,-0.006806182369049546,-0.006625385590320473,-0.006312534335211465,-0.005970633434615526,-0.00557223618279791,-0.0051596555376862635,-0.0047760521817904215,-0.003985975298037287,-0.0035537502316576744,-0.0023557793751961746,-0.0015200954503550711,-0.0007762152299714702
2020-05-20,-0.00663811098365547,-0.006698370869864222,-0.006628383714265914,-0.006486866978709555,-0.006258140597859199,-0.005919428981660992,-0.0055573238369949615,-0.005149603914510824,-0.0047287052098110675,-0.004340424378318365,-0.0035226585454705387,-0.003092879425210593,-0.0018405197177102405,-0.0010041699823109779,-0.00027298632517321807
2020-05-21,-0.006580544717932527,-0.00665372116598893,-0.006626246491532791,-0.006544344110211454,-0.006382097930168192,-0.006082323513926899,-0.005747050574339236,-0.0053504247565934575,-0.004934188632797637,-0.004551323409074792,-0.003737455500447554,-0.0033500083287973576,-0.0021322986369591117,-0.0013610720086457359,-0.0006182019297637253
2020-05-22,-0.006444894274450627,-0.006479257777773666,-0.006411689740783843,-0.0062856503945848815,-0.00608919455358193,-0.005770109335992858,-0.005413897730776435,-0.004988838392536353,-0.004529149818918961,-0.004095077854881868,-0.0032127185675363797,-0.002925135350823924,-0.0016883193198705107,-0.000896435196932418,-0.00016273640461008656
2020-05-25,-0.006496265519891125,-0.006580907518474976,-0.00652442173158456,-0.006395907564161237,-0.006178309394590334,-0.005843884483150751,-0.005470879364192405,-0.0050373946168453055,-0.004587550988871861,-0.004176606797943017,-0.0033703741747425032,-0.0030703720074578907,-0.0018512920249066933,-0.001065144652442405,-0.0003219140508548977
2020-05-26,-0.006550720163279772,-0.006730903800043093,-0.006743965388717591,-0.006674508783277771,-0.0065003244637668175,-0.006188658400972467,-0.005831174659473608,-0.005407332250409765,-0.004959251651018476,-0.004547615992162597,-0.0036915869805647446,-0.0034936296912887774,-0.002270738315991107,-0.0014919587566522294,-0.0007426120750666036
2020-05-27,-0.006169812223155695,-0.0063944982051263154,-0.006439492292702557,-0.00638239956725607,-0.00621398918753191,-0.0059255233283254174,-0.005597634011327347,-0.005202804012849789,-0.004768511681825345,-0.004350994133380975,-0.0034781970432135405,-0.003254093130085015,-0.001996616369047682,-0.0012306007659919048,-0.0004936977974511712
2020-05-28,-0.006328470204534312,-0.006598763169522341,-0.006676935374208439,-0.006646776183671789,-0.006485514873173679,-0.006178365482263248,-0.005829705783153647,-0.005417911161253648,-0.004983923542560191,-0.004582095396772178,-0.0037399696599106458,-0.003372982766789463,-0.002057151676657826,-0.001245475013541887,-0.000521678741241332
2020-05-29,-0.006323760256987741,-0.006730043685271409,-0.0068781708171474385,-0.006874722651501275,-0.006716478128079941,-0.006423660996578776,-0.006087941539960859,-0.005680879234439209,-0.005244347367971993,-0.004833413560674022,-0.0040161514045497304,-0.0037313822945645174,-0.002436241209246883,-0.0015068563735440802,-0.0008011124721234172
2020-06-01,-0.006474374461153901,-0.007142099476635846,-0.007466110688053306,-0.0075910307909797135,-0.007498481032325251,-0.007221813102164887,-0.006899874986050003,-0.0065105305033845914,-0.006097737276674753,-0.005705437180323637,-0.004837610965606637,-0.004769331091827793,-0.0034720720841757966,-0.0024460023579184367,-0.0017531158921222482
2020-06-02,-0.00651098394995063,-0.007178203778047147,-0.007489072971194227,-0.007580453792133589,-0.007424353485267957,-0.0071061302898625806,-0.006749462998726646,-0.00633205934655918,-0.0058942320983744615,-0.005471836385652839,-0.004575511095078298,-0.004352151061481232,-0.0029491881511069322,-0.0018628707802166044,-0.0011846652926374942
2020-06-03,-0.006821703509498664,-0.007490333362692064,-0.0077804923629598765,-0.007847042855268396,-0.007667061280472629,-0.007326268806107937,-0.006948083896260285,-0.006512394431601718,-0.006063124939944467,-0.005635428589832933,-0.004724361607577013,-0.004336722158759529,-0.0030221871642053056,-0.0020070592163076704,-0.0013184759017774354
2020-06-04,-0.006536877615354169,-0.007122670827519531,-0.007353667371134684,-0.007356409273680081,-0.007122985934401711,-0.006752201604654108,-0.006345313455276026,-0.005887234615035739,-0.005405764736982268,-0.004942977321619547,-0.003988298020990318,-0.0037464162272680852,-0.002281575533048395,-0.0013194656782329563,-0.0005553629378363643
2020-06-05,-0.006624657293367366,-0.007228856055089808,-0.007485964336946762,-0.00752936713059107,-0.007334922904439438,-0.006984885646361398,-0.006600588155257282,-0.006163930015941358,-0.005709663281977271,-0.005270749326834253,-0.004329531998913872,-0.0040170963866540885,-0.002588603034568286,-0.0015508702970339367,-0.0008096045457245903
2020-06-08,-0.006737522312102101,-0.007345830900989139,-0.007601604233160087,-0.007622301828189508,-0.007391802964593118,-0.006995535123876153,-0.00656679310046357,-0.0060975025938729945,-0.005623407406053598,-0.005175337759145833,-0.004215702495058909,-0.003908441336930852,-0.002410952137473874,-0.001386931912074508,-0.0006700454564559352
2020-06-09,-0.006572159278187256,-0.007171715393519441,-0.007416566330402244,-0.007440993772254946,-0.007229912476705398,-0.006861033869559167,-0.00645450473730688,-0.0059892896673057255,-0.00551065073184091,-0.005061195248453755,-0.0041300896889419755,-0.0038129672015170656,-0.0023113797386157087,-0.0013181535197729854,-0.0005786379499952278
2020-06-10,-0.006255061356650995,-0.006850261458585078,-0.007122086800888333,-0.007172126614253503,-0.006969538369075912,-0.00659519477246972,-0.006185115295037866,-0.00572818094069832,-0.00526268818064155,-0.004821319209001953,-0.003880581742377141,-0.0035650010631937895,-0.0021615938799448425,-0.0012385812109233882,-0.00048132112135232174
2020-06-11,-0.006295086741512298,-0.006944480067979062,-0.0072531378492760685,-0.007335473054327731,-0.007160913088817038,-0.006806171926204713,-0.0064169446798745975,-0.005972604788368912,-0.00551258346669563,-0.005072357122256508,-0.004111856262884044,-0.003862367586837041,-0.0024898461187117236,-0.0016034702780638845,-0.0008074010021170376
2020-06-12,-0.006412350863349733,-0.007036056625647336,-0.0073324408580678156,-0.00738986131704124,-0.007218359604402155,-0.006862149967276097,-0.00646937543139465,-0.006022390036370571,-0.0055587096648661875,-0.005118107746936941,-0.004161636549754974,-0.003948587468482965,-0.0025732234969890696,-0.0016673114264091629,-0.0008852537524669918
2020-06-15,-0.006404906285738765,-0.007014454465383291,-0.007303680708829444,-0.00737466706226695,-0.007237996183241861,-0.0069189070988351095,-0.006558849354615859,-0.006129523137119174,-0.005675444063428593,-0.005235053934871788,-0.004266760433807101,-0.004102693932237004,-0.002740488507099078,-0.001828606113940212,-0.001047672506828059
2020-06-16,-0.006173792360665117,-0.006743170231147687,-0.006995721464142189,-0.0070406103920228145,-0.00688768339363564,-0.006543981410404718,-0.006160770995875565,-0.0057153446579834575,-0.005252141842067503,-0.00480791536328037,-0.003796251268066479,-0.003636317535648729,-0.0022308658217684513,-0.0013225491068900453,-0.0005259757512036535
2020-06-17,-0.005994895974027227,-0.0064545891533751825,-0.00666621148929649,-0.006702849827659062,-0.006562060446715914,-0.006234549626266647,-0.005866918971902261,-0.005437741627015266,-0.00498705130025913,-0.0045594135171815875,-0.0035874279803203295,-0.0034184616139642794,-0.00207871854903804,-0.0011829144627761327,-0.00039389415750408605
2020-06-18,-0.00597534694518609,-0.006424542432147624,-0.006627990630496299,-0.006655944656429431,-0.0065046762304038835,-0.006181039394913394,-0.005821005613245922,-0.0054037430380624646,-0.004968201145674998,-0.004554178530343683,-0.003626749189785071,-0.0034172758562234194,-0.0021051501247051924,-0.00127925032997294,-0.0004850806455570168
2020-06-19,-0.006100952288467422,-0.006612496160256226,-0.006859930944111753,-0.006926177140896381,-0.006807828455522688,-0.006506897316609585,-0.006162822192129972,-0.005748398554890457,-0.005302622225613268,-0.004868733201271871,-0.0038856822124212122,-0.0036953273633517063,-0.002318560628228891,-0.0014819801879467289,-0.0006696900613162198
2020-06-22,-0.006082198262262585,-0.0065370661807477495,-0.006768817343710254,-0.00683636050560064,-0.006724454840031571,-0.006424334701581199,-0.00608019106884176,-0.005673609715306929,-0.005237401519748065,-0.004812648925175677,-0.003824392114964359,-0.0036119957173103207,-0.0022353696023621134,-0.0013988724548374789,-0.0005809862971761611
2020-06-23,-0.005968439611251941,-0.006468994123259216,-0.0067203358493995,-0.006798707338533325,-0.00669730933885472,-0.00640932600682829,-0.006064863941634484,-0.005652190818680088,-0.005207413479758432,-0.00477548721091166,-0.0037650799486570155,-0.003589875333487799,-0.0021796597208492067,-0.0013476612681609013,-0.0005218499493303567
2020-06-24,-0.005782664473610335,-0.0061777024667122515,-0.006343559708938035,-0.006354068843001709,-0.006206221703006981,-0.005883734240695028,-0.0055216190732409135,-0.005105689261786888,-0.004668901644898306,-0.00423944407688042,-0.0032172694592234887,-0.0030000817100970974,-0.0015976390364700215,-0.0007783321824007426,5.374411287622907e-05
2020-06-25,-0.005780353967823387,-0.006074828677578034,-0.006176343364611621,-0.006136555754524357,-0.005968029895185263,-0.005669054773909676,-0.005307943227222176,-0.004896716398903845,-0.004475301858333267,-0.004086594254826398,-0.0033052806746322523,-0.0028504255518057658,-0.0014879624208126573,-0.000428096428634192,0.0003103003408947852
2020-06-26,-0.005862291190363529,-0.0061669046332121355,-0.006297157260424869,-0.006303847808026755,-0.006156595600706446,-0.005822946299454299,-0.005449238066111615,-0.00502258183652752,-0.004578125603963764,-0.004141037317341097,-0.0030975753380220873,-0.002816796656966996,-0.001416360961218205,-0.0005892273502915409,0.00023659599638952664
2020-06-29,-0.005932118922634285,-0.0062925556157291404,-0.006447781624337266,-0.006472585064352124,-0.00633791145409859,-0.006027535798195643,-0.005682496836497936,-0.005275685698862024,-0.004847058002765763,-0.0044137142574054745,-0.0033910097335671414,-0.003125033989122303,-0.001678039930610814,-0.0008188298560448141,-1.7677034315989016e-05
2020-06-30,-0.005921439502378713,-0.006297352391070515,-0.006417554159434753,-0.006370853561452895,-0.006164442054855249,-0.005771571879320459,-0.00535663549459611,-0.0048874688189813765,-0.004414360622404514,-0.003953665554954029,-0.0028960031016574913,-0.001759130093420722,-0.0010096313071527906,-8.881985332527637e-05,0.0007400894985028403
2020-07-01,-0.0060146251654449485,-0.006337226218734934,-0.00644221126313532,-0.006406643599595651,-0.0062286046578047365,-0.005867223090100146,-0.005480556527741449,-0.005027862085560853,-0.004557798792192986,-0.00409449921253698,-0.003043253720108133,-0.0019994391204212502,-0.0012926879298215713,-0.0002708759401217662,0.0005600156327042042
2020-07-02,-0.005915771255953901,-0.006149587083600452,-0.00616908093984341,-0.00605300307952964,-0.0058137737659642395,-0.005409341907041447,-0.004979208573800127,-0.004492624885768765,-0.003994081305463354,-0.0035104296859987073,-0.0024175273473514883,-0.0014470012075333935,-0.0007444710769558176,0.0002728637862114432,0.001142664997399683
2020-07-03,-0.0057752626638154355,-0.006018894433673295,-0.006067829039773773,-0.00596294621280191,-0.005692906012357445,-0.005234579308416287,-0.0047509858443174485,-0.004216820218787051,-0.0036753735131267737,-0.003143964129869056,-0.001956150914693512,-0.0008454918053415101,-0.00014485973173058346,0.0009584651902783934,0.0018256254788531052
2020-07-06,-0.005749441999538691,-0.005915000048406508,-0.00590304211970857,-0.005740211307723422,-0.005420350701169079,-0.004930039405361427,-0.00441885726383287,-0.0038525064432169717,-0.0032730452905328027,-0.0027043731779512756,-0.001471831896090842,-0.00043700540726650353,0.00036722419410652966,0.0015650716628824752,0.002463100372942759
2020-07-07,-0.005869067646888563,-0.006052407071770711,-0.006072691562088154,-0.005966858622146101,-0.005703762672262196,-0.005261269834095383,-0.004788487345013589,-0.004244482863669024,-0.0036737823076708905,-0.0031054376087657426,-0.0018612413288058341,-0.0007570512883569646,-4.109055096215378e-05,0.001199923580581362,0.002055555479130987
2020-07-08,-0.005849432246583739,-0.00605135789410141,-0.006067561233038895,-0.005951033519094354,-0.005679789550387466,-0.005237476462628888,-0.004772859286894864,-0.004240317583359456,-0.003684470366877354,-0.0031273932478108257,-0.0019003915515011507,-0.000974182811941863,-0.0002148080374539844,0.0009222798778900427,0.0017626110448111447
2020-07-09,-0.0059014342312779045,-0.006104011629360291,-0.006117758258561514,-0.0060027202646476254,-0.005735729789580702,-0.005302900062533227,-0.004852452254575396,-0.0043355992620222085,-0.003800890701904218,-0.003261197087901537,-0.002065978596440077,-0.000932218994423987,-0.00039568544087134524,0.0007245566364195766,0.001542919690116864
2020-07-10,-0.006104093205473393,-0.006450713280256793,-0.006583144309954882,-0.0065696711514181515,-0.006388721441514791,-0.00602340734493708,-0.0056381547731431305,-0.005177426014428318,-0.004687453070337238,-0.004184730987442893,-0.003024618410961657,-0.0019746464848476785,-0.001478055842198898,-0.0004385764707231647,0.00035250045889143294
2020-07-13,-0.006299459292000008,-0.006676340932579624,-0.006807180157435041,-0.006785261916532035,-0.006596135152978944,-0.006232863615734052,-0.0058508262554766285,-0.005387524283793447,-0.00488826625636655,-0.004373636427323743,-0.003224332105784281,-0.002178505536929553,-0.0015951779797307455,-0.0005123140678169831,0.00028347576306980753
2020-07-14,-0.0061942312914196945,-0.006601058576436167,-0.006738778034892705,-0.006720686873316583,-0.006537398276936748,-0.006192963676831889,-0.005833795019538565,-0.00538954515087624,-0.004905672582937665,-0.004398800724654249,-0.003232148143033571,-0.0022128569955035793,-0.001585259387838224,-0.00047534186259877296,0.00032932851985162354
2020-07-15,-0.006116867722895515,-0.0064905496896611285,-0.006626325637757727,-0.0066053793061299285,-0.00641946622930114,-0.0060588633730015865,-0.005684749635568023,-0.005234454420602752,-0.004745162332259058,-0.004243157858825096,-0.0030745361271105405,-0.0018695704243358153,-0.0014933177858849026,-0.00037465743253500795,0.0004217615401823205
2020-07-16,-0.006119496250108743,-0.006476369529157536,-0.006615383978942066,-0.006600974910016458,-0.006421864864372876,-0.006076610876116737,-0.005710089858514375,-0.00526143352485728,-0.004769310481796526,-0.004263341560065515,-0.003119086008679209,-0.0020141212072153094,-0.001475948734155223,-0.0003503295387217361,0.0004472433577126647
2020-07-17,-0.006194881429215787,-0.00652389969369763,-0.0066491486314567295,-0.006624932055180722,-0.006448329701357212,-0.006119859885936941,-0.005772209125251963,-0.0053493392724330785,-0.004880286768852596,-0.0043953158721325054,-0.0032667800890641852,-0.0022101005953866232,-0.0017578080798886836,-0.0006691418590358205,0.00013772736416981166
2020-07-20,-0.006267250772752379,-0.0065906518171401805,-0.00670112091657394,-0.0066699756222025775,-0.006502529075309662,-0.006176522643478406,-0.005828459043311512,-0.005395251537638242,-0.00491385195510692,-0.004416408808569935,-0.003279996150652253,-0.0021883261078367317,-0.0017541397308221073,-0.0006691840636575873,0.00017432407021886448
2020-07-21,-0.00642077193962973,-0.0067712951832391835,-0.006916529314234409,-0.006927808418790166,-0.006790235064929914,-0.006472578653320263,-0.0061245442994405,-0.005680201635536392,-0.005187535613857791,-0.004682613403542018,-0.0035637630768900834,-0.0023873612618341925,-0.0019214244656207146,-0.0007949349363245204,3.876614387661395e-05
2020-07-22,-0.006230561626068312,-0.006566236079411221,-0.006708777866749552,-0.006714341771586055,-0.006566853462846998,-0.006242845119741984,-0.005890800813429651,-0.005439076562931658,-0.004932200754811479,-0.004408357380586143,-0.0032464393783722904,-0.0019953252426182537,-0.0014119074982094088,-0.0002458743917224606,0.0005900558660876714
2020-07-23,-0.0062105823463957386,-0.006599571292347677,-0.006791831699379488,-0.0068207768829953086,-0.006666717403286965,-0.006326688894845082,-0.005966825382266703,-0.005525878901488161,-0.005038216711968069,-0.004533690874205481,-0.0033594088358899253,-0.002222836260920604,-0.0017399606796508031,-0.0006354976862614547,0.00019593745795698687
2020-07-24,-0.006433239045057249,-0.006844722494670374,-0.007061712330610594,-0.007122534980234875,-0.006999449894404127,-0.006689571953472936,-0.0063495608642394116,-0.0059129878490608336,-0.0054246761233285555,-0.004920003254187698,-0.0037879627521343762,-0.002671309060421488,-0.0021790903760349678,-0.0010992075128982536,-0.00029402670443126865
2020-07-27,-0.006554712901421473,-0.006923149637765598,-0.007115540438295456,-0.00716225347783019,-0.007033572539975085,-0.006717818096156777,-0.006377745685303159,-0.005945273942967658,-0.005468429724267971,-0.00497342312162402,-0.0038695263765460594,-0.002705155876274199,-0.002227482842778244,-0.0011457039326089541,-0.0003542376083812671
2020-07-28,-0.006552082066387675,-0.006901851438067843,-0.007082883557321296,-0.007129571025042992,-0.007006700325658645,-0.006696423256376769,-0.006357478879800703,-0.005929418171777667,-0.005454014975357634,-0.0049607673677588855,-0.0038317327354297653,-0.002623624002590127,-0.002182496827138482,-0.0011005940176377492,-0.00028521926039875006
2020-07-29,-0.006429958725914635,-0.006833193068189091,-0.007032279128190883,-0.0070823730586577725,-0.006956474000604474,-0.006639915543118969,-0.006293437821818024,-0.005854168038686635,-0.005362716902753113,-0.004850574446779096,-0.0036621597598608894,-0.0024749518539821363,-0.0020105382490744955,-0.0009115054262844632,-0.00010206954013925796
2020-07-30,-0.0062715284128239636,-0.006497162145827524,-0.006570455907643771,-0.0065243608351923076,-0.006337101979682406,-0.005984809767977398,-0.005604953276399028,-0.005142808240878971,-0.004621905814967157,-0.004088260836040087,-0.0028578438244348005,-0.0017092998501352682,-0.0012305724181100291,-0.00014134339554428354,0.0006678821828409946
2020-07-31,-0.006362280411577091,-0.006649231723472063,-0.006783235625877122,-0.0067845361309743545,-0.006624360441873878,-0.006296101080686298,-0.005947145402867999,-0.005476422211546686,-0.00495846664633915,-0.00442602575451607,-0.0032287744283415413,-0.0020051819515979974,-0.001535619150217192,-0.0004244080186542851,0.000358099747627022
2020-08-03,-0.006365544692942305,-0.006720266124266147,-0.006860560624805094,-0.0068478397685639335,-0.006670278758288117,-0.0063234381685257045,-0.005959838345334112,-0.005473229189334279,-0.004945134510734562,-0.00440080148222823,-0.0031686530923043014,-0.0019046064703674712,-0.0014719197534588109,-0.00037699285769846524,0.0004113214124319074
2020-08-04,-0.006458006250846015,-0.006726730881028939,-0.006825657034385072,-0.00679025802779981,-0.006598895676279499,-0.0062631352311340125,-0.005906378208630534,-0.005428013040200782,-0.004900851030265303,-0.00435374517055315,-0.003118926162881153,-0.0017981565636034104,-0.001375301530776607,-0.00026841866232696994,0.000515096812630418
2020-08-05,-0.006373472986103769,-0.006639179293792975,-0.006726822441930878,-0.00667886391886631,-0.0064883068591836315,-0.006175542292955668,-0.005844402761417157,-0.005392605112383232,-0.004883170906911582,-0.004346940755440077,-0.0031410894839471403,-0.0018682336370700776,-0.0015155377686936725,-0.00043266351502254513,0.0003534829493171269
2020-08-06,-0.006366352617637642,-0.006640642419302794,-0.006748052670548758,-0.006717166445188737,-0.006538662650932984,-0.006250100489521003,-0.0059377482801935295,-0.005506285114120917,-0.0050138061225726595,-0.0045044670351610805,-0.0034041808277033327,-0.002008442407620445,-0.001743551141155219,-0.000659653080708639,0.00011155932522977964
2020-08-07,-0.006452220385719124,-0.006740814263173795,-0.006875630346500359,-0.006885993668315423,-0.006746206710295134,-0.006479791685650909,-0.006190407847643404,-0.00577360584680017,-0.005294240481780907,-0.0047918651113568736,-0.0036942811241309033,-0.0023144311540569578,-0.002127913888122676,-0.001012934709572038,-0.00025277563619111715
2020-08-10,-0.006568611410498463,-0.006896553547641982,-0.007055284448795583,-0.007068986367790643,-0.006917882107663007,-0.00664018267517517,-0.006342512200460283,-0.005919671270253163,-0.005438554868407207,-0.004936348104974606,-0.0038622112842141357,-0.002607513948689614,-0.0024290184112048963,-0.001286634046836025,-0.0005007103224348082
2020-08-11,-0.006312305305316544,-0.006536948456249424,-0.00661721416082348,-0.006576219262577174,-0.006394095431551845,-0.006093908424899161,-0.005770645681107841,-0.005327539797019237,-0.004828777188615365,-0.004315450694322145,-0.0032354433048464642,-0.0018952734857840819,-0.001687074954985309,-0.000489858663894028,0.00027748274194936345
2020-08-12,-0.00636546129225592,-0.00661770106926213,-0.00673512530208309,-0.0067370264085445586,-0.006591458967652643,-0.006323530784102016,-0.0060332358048603325,-0.0056198974019552135,-0.00514378314958989,-0.00464214735219394,-0.003561881512619964,-0.0023535350505881803,-0.0021714276421372506,-0.0009839004322939099,-0.00022196424557563305
2020-08-13,-0.006420971658657716,-0.0066752387010723955,-0.00679364472173436,-0.00678927178590938,-0.006631306683002215,-0.006347926334212326,-0.006038345085063027,-0.005607140348674179,-0.0051186459496522264,-0.0046136062543729725,-0.003536534388535277,-0.002353566835255089,-0.0021262573462409976,-0.0008633512987129593,-9.555820437169434e-05
2020-08-14,-0.006505368426416443,-0.0067901410255457,-0.0069435806422579556,-0.006980863168417652,-0.006857447645987861,-0.0065905762850879505,-0.006301877123534704,-0.005884404918263516,-0.0054092238564983,-0.004914459185563855,-0.0038635365021416914,-0.0026074387006724234,-0.00236259967248433,-0.0011068781090637224,-0.00031103130319792914
2020-08-17,-0.006413338667985828,-0.006675629771213713,-0.006808569251328439,-0.006825265472871883,-0.0066845706923019145,-0.006396773171298512,-0.006084842916557682,-0.005657208421911579,-0.005185563027410754,-0.004706276389695136,-0.0036946849550914943,-0.002337774427567538,-0.002082509932341526,-0.0008529370926015964,5.415043947359774e-06
2020-08-18,-0.006439530678606717,-0.006690098872767438,-0.006825993667544492,-0.00685326993683432,-0.006728607234988245,-0.006454142049324265,-0.006155309422005302,-0.0057370661058471755,-0.005272463710852479,-0.004797763222183796,-0.0037867111361739613,-0.002456335779714231,-0.002267989751808421,-0.0010485716165931941,-0.00019170446505731572
2020-08-19,-0.00650406042781045,-0.006722141855962577,-0.006841408158252852,-0.006863051302516727,-0.006734076605721117,-0.0064624989027228154,-0.0061635535688090515,-0.005744819721418468,-0.005278719917648574,-0.004799385707488975,-0.003786788025904822,-0.002448779119076206,-0.002272579149857846,-0.0010288494500606757,-0.00017139939573889492
2020-08-20,-0.006607419928146115,-0.006932198599514696,-0.0071168192430861995,-0.0071666318149638825,-0.007038932631708034,-0.006764956388759101,-0.006467675205534599,-0.0060576354134797535,-0.0056032366956724694,-0.005137651959794996,-0.004149641490769293,-0.0027873876011252864,-0.002636683024322538,-0.0014267164487632978,-0.0005503941797116036
2020-08-21,-0.00652557308915072,-0.006787485776774971,-0.006937151687725897,-0.006979670794327289,-0.006869089297335562,-0.00662056284873585,-0.006345942661965228,-0.005957083415631786,-0.005517854238120717,-0.005066214704278572,-0.0041106244803584425,-0.0027796282889742557,-0.0026691552309164677,-0.0014813854752326705,-0.0005895218466179016
2020-08-24,-0.006390604397468347,-0.006614355980154467,-0.006721406255883975,-0.006720961397714941,-0.0065782417334744525,-0.006305138459440752,-0.006009771906434729,-0.0056050928856747305,-0.005158649648196182,-0.004703201044434871,-0.003739348210491774,-0.0024051455496047884,-0.0022983406158340733,-0.0010843510631850363,-0.0002015249449819213
2020-08-25,-0.006522102090811453,-0.00679970968519989,-0.0069660813033354235,-0.007023498840547085,-0.006916622748067206,-0.006670381757964885,-0.006402309193530585,-0.00601816594529952,-0.005586493913861861,-0.005136490993511301,-0.004185326272321082,-0.002788827013292998,-0.002730026140441181,-0.0015368547812710219,-0.0006862027383322262
2020-08-26,-0.006672187644164837,-0.00697245850441455,-0.007157886838063277,-0.0072287625912115005,-0.007129059270849761,-0.00688880792477365,-0.006624091937337233,-0.0062353519513834,-0.0057959385840969276,-0.005340163675785034,-0.004396004955125491,-0.002908172949570323,-0.002921823900513514,-0.0017699363522234279,-0.0009271445254428475
2020-08-27,-0.006661606599793406,-0.00694696005282866,-0.0071083604088392665,-0.007156087418769171,-0.007041104794040699,-0.006789429778628468,-0.0065102657203166365,-0.006108180500451587,-0.005658592052862495,-0.005197755712381728,-0.00426008489736984,-0.0027944877957245835,-0.0027160039595032093,-0.001569795040703388,-0.0007161040755711429
2020-08-28,-0.0068693784572824825,-0.0072006815132530586,-0.007394011843134568,-0.007459660824978648,-0.007361793117071734,-0.00712978516172576,-0.0068725986973555584,-0.006496141587957474,-0.0060684173879522315,-0.005623909432074139,-0.004690548461471101,-0.0032814019857436705,-0.003222847370220854,-0.0021219459901703143,-0.0012640709379828296
2020-08-31,-0.00681794303929715,-0.007188310614759953,-0.007398545596391562,-0.007462969605271771,-0.007341592516080073,-0.00706975929424691,-0.006776535992133893,-0.006370897960845967,-0.005927900035736003,-0.005473052717447987,-0.004527339157900467,-0.0030629331207534002,-0.00294279511312643,-0.001868043318030492,-0.0010340115295985688
2020-09-01,-0.0067410340175125495,-0.007084059318826145,-0.0072695712297823675,-0.007303916450903638,-0.007196251222327559,-0.006956746960728993,-0.006677752114826787,-0.00629611720698231,-0.0058543630190740084,-0.005394540443951379,-0.004420332456206831,-0.002964649581435921,-0.0028584250205690195,-0.0017633018294650271,-0.000902107384986017
2020-09-02,-0.006821713455344609,-0.0072150429685978205,-0.0074412878028890924,-0.007500912256240633,-0.0074095136680577805,-0.007183265785205852,-0.006920906026874425,-0.006557160118611686,-0.006133608257707785,-0.005694856744578263,-0.004750438363365937,-0.003324632495369414,-0.003247974267712632,-0.002186440535194961,-0.0013384201725881735
2020-09-03,-0.006672964614107438,-0.007013085403976381,-0.007179394551215535,-0.007172272627287749,-0.007024433028042431,-0.006769175560779375,-0.0064850432149850465,-0.0061083980645620815,-0.005674535456710316,-0.005221801449551786,-0.00425052196711998,-0.0027838540821501874,-0.0027164719603303216,-0.0016441796454683799,-0.0007798355008133145
2020-09-04,-0.006745962967278111,-0.007133622751808131,-0.007348513610660528,-0.007389884468919279,-0.0072842105499762895,-0.007065733009815784,-0.006807292247636883,-0.00644126493559825,-0.006004887989688191,-0.005550250727202711,-0.004580461466662218,-0.0030843670859474043,-0.0030704746326537372,-0.001996676485184157,-0.001153676432746743
2020-09-07,-0.006629020468813695,-0.006985858971811002,-0.007175968322560761,-0.007197543767318196,-0.007075723874210346,-0.0068426064847153635,-0.006574280211405556,-0.0062041509563158,-0.0057734948217771425,-0.005336390943488833,-0.004438812760946493,-0.0028350801389799515,-0.0027616885381456526,-0.0017935157949241927,-0.0008438618038621968
2020-09-08,-0.0067611976462435,-0.007121634717466888,-0.0073275462040933576,-0.007368963357012856,-0.007265407093513606,-0.007032999404974299,-0.006767128993149759,-0.006395511275927312,-0.005967010691873634,-0.005528863928103293,-0.004631884830107288,-0.0029849742859633615,-0.0029908864189141515,-0.0019380751243710105,-0.0010640009468110127
2020-09-09,-0.0065745758095162865,-0.006889243431853921,-0.007048193143836563,-0.007035542173757877,-0.006878853789531165,-0.006604335389768582,-0.006295267716162469,-0.0058903272073905655,-0.0054333357939825005,-0.004975555182720158,-0.004057493435964293,-0.002418654866792671,-0.002321849249431266,-0.0012440408766796812,-0.0003263656378181975
2020-09-10,-0.006507556648338297,-0.006769201196123574,-0.0068831636462514355,-0.006841403408697679,-0.006669079411826075,-0.006386291485070806,-0.0060697501104557865,-0.005657132662265748,-0.005197185591725598,-0.004737847974531871,-0.0038345577589606787,-0.002213071102070951,-0.0021291341608066054,-0.00098430216505583,-9.204978542498304e-05
2020-09-11,-0.006377549487150218,-0.006571676258827052,-0.006638250756014828,-0.006539250931018289,-0.006322446018139892,-0.006030724064258402,-0.005703904038060127,-0.005285638098187292,-0.004821764751598261,-0.004351491074053834,-0.003423538018872973,-0.001813704116673433,-0.001725243186899861,-0.0005822535988487518,0.00031562509304203636
2020-09-14,-0.0064238145210051036,-0.00664299560032437,-0.0067251027488249545,-0.0066331192721073295,-0.0064191437210715865,-0.006130933299522285,-0.0058139185070492025,-0.005403926759638581,-0.004947857562373932,-0.004481696513820696,-0.003550853315354399,-0.0018912078763785314,-0.0018556393623424467,-0.0006824879620770705,0.00016863813518034883
2020-09-15,-0.006507140962169401,-0.006750582295143087,-0.0068682622460669454,-0.0068121948169172775,-0.006620237664590538,-0.006349292152365712,-0.006038118236767667,-0.0056384841737354184,-0.005192313567630696,-0.004734990092015102,-0.003815968986547898,-0.002139024648924205,-0.002123964797365062,-0.0008845211202422449,-5.514224975048739e-05
2020-09-16,-0.006544406260734516,-0.0067924865218449365,-0.006931080045767624,-0.006900065039031891,-0.006731349593536264,-0.00647585749170562,-0.006176196256544,-0.005776907044087503,-0.005325698415487218,-0.004861955041550209,-0.003943672885981483,-0.002181147819569342,-0.00233062603794021,-0.0010496831501438423,-0.0002529823337551484
2020-09-17,-0.006564597641185168,-0.00685317496936372,-0.0070172618943714965,-0.006991841807889852,-0.006823311290369217,-0.006565730889924473,-0.006262412846782161,-0.005860000765919865,-0.005402307634054478,-0.004937803515956829,-0.004019514413967782,-0.0024076126996687955,-0.0024393382107140904,-0.0011620125773982137,-0.000325420234389011
2020-09-18,-0.006619197522242361,-0.006938452381899498,-0.0071398805212224276,-0.007158427191951031,-0.007019988011393978,-0.006784512174978228,-0.006496857481530395,-0.0061128116113981015,-0.005677227240910137,-0.005229313711511339,-0.004328688323465381,-0.0027224529920597735,-0.002823016338315006,-0.00152351872087131,-0.000719063277117907
2020-09-21,-0.0066795541962625295,-0.006976103159289612,-0.007173150981006786,-0.007198704737133169,-0.007070260658706542,-0.006836901454607006,-0.00654296342844553,-0.006150156043980994,-0.005706350062933196,-0.005256949876133311,-0.0043684865176556965,-0.0027233975303067102,-0.0028002971882323644,-0.0015168709975233734,-0.0007026097214238051
2020-09-22,-0.006652335498224964,-0.006904444127322285,-0.007075934567030825,-0.0070978729990798005,-0.006969020496041382,-0.006734536763124909,-0.00644560231257215,-0.006059050513219489,-0.00562485993149125,-0.005177548404681044,-0.004264968774883938,-0.00262474682233619,-0.0026272943360318374,-0.001395390513665302,-0.0005959703694726484
2020-09-23,-0.006495161433810969,-0.006639102719856935,-0.006729805199205343,-0.006689097226235026,-0.006506574051342588,-0.006220006948193582,-0.005881369229757857,-0.005455169409989734,-0.004991095559934152,-0.004519251239766235,-0.003582185486507062,-0.0018667119957713227,-0.0018457901654073798,-0.0006388888728318291,0.00016657716871847745
2020-09-24,-0.006434951072509697,-0.006580895539603308,-0.006662988645287561,-0.006604112845484137,-0.006402625911538282,-0.0061022563351338785,-0.005754428783782239,-0.0053210474720445065,-0.004855054525563064,-0.0043874382942573065,-0.003478260699096598,-0.0016912441430354526,-0.0016883888124010027,-0.00048368045367061616,0.000338830840742334
2020-09-25,-0.006454481377622018,-0.006583828655207705,-0.006654421871555711,-0.006603143228518721,-0.006406369082609228,-0.006105912146044895,-0.005742262034818515,-0.005279224961403672,-0.00478962781383564,-0.004308068066672176,-0.003424510641541441,-0.0016739610955248457,-0.0014499298219261554,-0.00020094037991883054,0.0006041724926127762
2020-09-28,-0.006581188965123636,-0.006730476378001597,-0.0068142228380847734,-0.006753168370790775,-0.0065457650833159525,-0.006237627031505873,-0.005872603657474275,-0.005409851143194744,-0.004906881290602328,-0.004400886419165574,-0.003440960109991842,-0.0015343512052028538,-0.0014299257829955682,-0.0002441959635478363,0.0005604382706003346
2020-09-29,-0.006510998433739658,-0.006661625721690744,-0.0067363585799379636,-0.006664908979472091,-0.0064540656195187455,-0.00614431711687038,-0.005784046688191612,-0.005328454398774069,-0.004832021193378719,-0.004329696195209485,-0.003348682297383457,-0.0014850641453532324,-0.0014554122808209974,-0.00025351826009386544,0.0005043959948905411
2020-09-30,-0.006627185888658119,-0.006791254225895709,-0.006866665584727554,-0.0067791859191198515,-0.006562149662615708,-0.006250221761029256,-0.00588823190881254,-0.005421244195254219,-0.00490567931962476,-0.004386672656856031,-0.003402312968985449,-0.0015110583491859664,-0.001527072804845431,-0.0003043146821589164,0.00046394175122159615
2020-10-01,-0.00679937379482978,-0.0070256362394569005,-0.007165307831970812,-0.0071541595417376974,-0.00699378865271395,-0.006730976537044316,-0.006407354094731641,-0.005968933796978365,-0.005481081067175195,-0.004974890822676366,-0.004004815383400056,-0.002208914410909334,-0.002208047309506661,-0.0010197568589391682,-0.00026437039348159685
2020-10-02,-0.006821943144692297,-0.007114361670319534,-0.0072917350762940645,-0.007289974378632094,-0.007143207962437314,-0.006895477371109757,-0.006584199381760577,-0.006155649001761268,-0.005673338491085787,-0.005184323855389069,-0.004247324252101396,-0.0025341580885800325,-0.002560438685333464,-0.0013897920434058912,-0.0006228245362753977
2020-10-05,-0.006807492901258788,-0.007082721111283926,-0.00724289702330788,-0.007211833553201249,-0.00703809519227237,-0.006767535051662159,-0.006447046843845019,-0.006014885824052866,-0.005535526919405096,-0.005048831260396782,-0.004118345728098881,-0.002352685526712044,-0.002384929940876973,-0.0011765486894036953,-0.00040905400766041473
2020-10-06,-0.00667836250120815,-0.006988313507681708,-0.007158330016384766,-0.007126295448823702,-0.0069411887332258915,-0.006654927487179248,-0.006314995498323707,-0.005859677219999389,-0.00534853895428363,-0.004817783897009745,-0.0037503123440030396,-0.00209264681625032,-0.00209268166494592,-0.0008331588321504919,-6.453086177156346e-05
2020-10-07,-0.0067181503475586815,-0.007051025214529266,-0.007255325607240089,-0.007263926839750096,-0.0071195089610674904,-0.006869038108004843,-0.006567635228809968,-0.006145876851643242,-0.005661392420703083,-0.0051457935643328175,-0.0040819907428626175,-0.0025170915670285317,-0.0025121361476968494,-0.0012746047999115083,-0.0004979793937541045
2020-10-08,-0.006653037767579929,-0.006938432918761371,-0.007087800255130816,-0.007042039269719679,-0.006862235856567733,-0.00658737446430807,-0.006263914303722943,-0.005824176406591998,-0.005332730919336091,-0.004834706337250663,-0.003861195215767194,-0.0021031564307992783,-0.0021044832301504134,-0.0008737929283010538,-0.00010099678881246762
2020-10-09,-0.0064668546279956765,-0.006699578069425638,-0.0068028751824964215,-0.006724677151253484,-0.00651687509208786,-0.006221395409720721,-0.005882926007056927,-0.005441044527581702,-0.004958503199150411,-0.004466528102206026,-0.003497873536712568,-0.0018331637892860298,-0.0018194563627820873,-0.0005792184736380168,0.00019189928013918912
2020-10-12,-0.006661395240067761,-0.006931658785148492,-0.007081101428054042,-0.007058738736559005,-0.006893411514437859,-0.006632365939873598,-0.006319270392778534,-0.0058972874289090526,-0.005424902139973688,-0.0049405450644986176,-0.003966058960549603,-0.00225654368785877,-0.002289911205831793,-0.0010522479826493294,-0.0002796932288342399
2020-10-13,-0.006725918193835194,-0.006997382065165074,-0.007143543755142993,-0.007115386231435754,-0.006949216431711323,-0.00669610235299163,-0.006389370347613076,-0.005966519224137656,-0.005488250944284376,-0.004994850666459592,-0.00402763672940928,-0.002268919671689474,-0.0023869739675858818,-0.0011437639746225692,-0.0003764736778043992
2020-10-14,-0.006652937946784026,-0.006944771003357346,-0.007107163206925655,-0.007084090000632781,-0.0069178399253030255,-0.006665498551406337,-0.00636357936821649,-0.00595569321479089,-0.005493584495907806,-0.00501533127863355,-0.00407112716854765,-0.0024261663884546586,-0.0024006881950701378,-0.0011524173931746905,-0.00033338577434224647
2020-10-15,-0.006606758735470088,-0.006867897918208701,-0.007006699759409803,-0.006978198524482398,-0.006821495517883285,-0.006587715497460393,-0.006304027359461552,-0.005905582006679528,-0.005446407845380859,-0.00497015898322387,-0.004021421525772409,-0.002408179627594737,-0.002369555425145336,-0.0011690043697626267,-0.0003419664581645691
2020-10-16,-0.006742432582838972,-0.007031448078071417,-0.007192732463434809,-0.007179253413351099,-0.007031038405737831,-0.006799104109456138,-0.006519315730816759,-0.006124468244144612,-0.005672411806192386,-0.005201107477419666,-0.004264167400300113,-0.0026287964493711055,-0.0026809506009322034,-0.0014485275086470336,-0.0006255946248786715
2020-10-19,-0.006701600690729062,-0.0070065743712324595,-0.007168163656342002,-0.007143259641026911,-0.006982638889959912,-0.006737215992555511,-0.006438831974831039,-0.006030019621684095,-0.005566463020268681,-0.005093208836179104,-0.004160879622991535,-0.002443455851721657,-0.002516420048834084,-0.001279589818080874,-0.00045772700754546274
2020-10-20,-0.006859023932533382,-0.007208545429079406,-0.007415411805715788,-0.007426626663097484,-0.007288419535306938,-0.007057888263424039,-0.00677255253030968,-0.00637307693058491,-0.005918241090787608,-0.005448261596581675,-0.0045224672813407385,-0.0028242996995686944,-0.00296336544850857,-0.0017304910343909235,-0.0009028752160175165
2020-10-21,-0.006793468242742749,-0.007126444215564683,-0.007314840220038664,-0.007312640189206394,-0.007158986990323568,-0.0069109265052234225,-0.00660702615313235,-0.006189926917301761,-0.005724407041530295,-0.005244706655064042,-0.004307649764761394,-0.0025453549183037656,-0.0026850651314485087,-0.001422719947925946,-0.0005692719968933137
2020-10-22,-0.006666258045851436,-0.007007770260052807,-0.007201865658988057,-0.007192623308832807,-0.007034967310005888,-0.006786177939179504,-0.006486255140829338,-0.00606883328788122,-0.005598702100253367,-0.005116135474853491,-0.004172413390293488,-0.0024923575843829263,-0.0025293350032325177,-0.0013122417381282322,-0.00043074793279535153
2020-10-23,-0.0066853696558728404,-0.007035115399276975,-0.00724542214536326,-0.00724837717647518,-0.0071038208790673504,-0.00686196779491016,-0.00657176245356863,-0.006173846695113069,-0.005724061086983239,-0.005260972175311648,-0.004331084716356566,-0.0025319951878212945,-0.0027227301138608322,-0.0015252525076275432,-0.0006634716632337738
2020-10-26,-0.006691057521897956,-0.007045824919054264,-0.007269674457367886,-0.007295824452468234,-0.007169281384975155,-0.006944292772398695,-0.006666714306900864,-0.006275522297339188,-0.005831842033493343,-0.005373594513893297,-0.0044567440635545005,-0.0027852512478824514,-0.0029456595259186634,-0.0017558782419077462,-0.0008574730278090642
2020-10-27,-0.006691164426230201,-0.0070450211749297584,-0.00726901357388094,-0.007303337612926144,-0.007185389311172321,-0.006970329858972188,-0.00669808446483022,-0.006303213011153963,-0.005850089341588369,-0.0053769125434959915,-0.004425893816400858,-0.0027530801370169704,-0.002930535419162495,-0.0017519169455846265,-0.0008749131560021143
2020-10-28,-0.006667666497235787,-0.007029976114870717,-0.0072666167807492665,-0.00731885859490856,-0.007229732809543789,-0.007035646918419617,-0.0067789057713641115,-0.006399887550787881,-0.005962821982420318,-0.005520981892549097,-0.004630836451357848,-0.0029152564804947297,-0.0030731831453638153,-0.0018918405957448264,-0.0010432179448801426
2020-10-29,-0.006661450389968549,-0.007004388978299956,-0.007216852829626673,-0.007238070749761744,-0.007117880941449148,-0.006903468596236627,-0.006629278341740979,-0.006233793369764652,-0.0057844338287921905,-0.00532776936318385,-0.004443100701295208,-0.0026597770014135176,-0.0028922668280148126,-0.0017024416646385654,-0.0008846722606625723
2020-10-30,-0.006678784342576474,-0.007064953091474415,-0.0073280144727467765,-0.007376151932414,-0.00724939498590764,-0.007015743303606543,-0.006727467229825058,-0.00632532851238134,-0.005876874591534344,-0.005413423345137341,-0.004488796614958097,-0.002772774833218167,-0.0030117896638545416,-0.0017881881330963011,-0.0009743304990856392
2020-11-02,-0.006694939454802522,-0.007108986764620411,-0.007358924957177205,-0.0073968424357428635,-0.007281114047915137,-0.007072791117714607,-0.006799608776440238,-0.006391763247829146,-0.00592645148337637,-0.005448973919050214,-0.004520973752893792,-0.002850994978851788,-0.003030639307779537,-0.0018077403970737816,-0.0009765998683704817
2020-11-03,-0.006623243055168278,-0.007046030228762443,-0.0072882573196151,-0.007295075725870361,-0.0071437677401485185,-0.006908363184405056,-0.006617771363112762,-0.006198454485242594,-0.00572579474068679,-0.005240182145136884,-0.0042925663010732395,-0.0026614051869349575,-0.0028688021482534466,-0.001627188232041946,-0.0008036710934472555
2020-11-04,-0.0066782538397221446,-0.007035590335668114,-0.00725264415690284,-0.007246500367532401,-0.007086399635674389,-0.0068444588964338944,-0.006549516909153951,-0.00612671197868636,-0.005647125531367704,-0.0051528479390661516,-0.004193818554991396,-0.0026041027458326045,-0.0027798178236660494,-0.0015324778065266957,-0.0007318624050739374
2020-11-05,-0.006630151757183381,-0.006996927252888593,-0.007212959798028183,-0.007197299261411925,-0.007026463380283673,-0.00677239119661921,-0.00646854685657809,-0.00604721252041703,-0.005572529376746978,-0.005085480736286313,-0.004129336426051276,-0.002485714256279389,-0.002678157647142799,-0.0014303007274907473,-0.0006324053510387684
2020-11-06,-0.006718421409088281,-0.007111924134176612,-0.007350743090663775,-0.007359999404268693,-0.007202752369417598,-0.006960039009374386,-0.00666397790805572,-0.006251991167136352,-0.005793369919142359,-0.005324270200846148,-0.00441116560358072,-0.0027447029367814227,-0.0029433815765734974,-0.0017024586657136864,-0.0009007826086684319
2020-11-09,-0.006870367091302831,-0.007215621736083132,-0.007438281736613724,-0.007461453543580948,-0.007311986621994072,-0.007068182745976027,-0.006760990017378476,-0.0063420769361808875,-0.005878247026770815,-0.005408940238766328,-0.004491694271578816,-0.002813318192583795,-0.0030493052100523978,-0.0018072689181491443,-0.000985101220272572
2020-11-10,-0.006936827592647716,-0.007297445687024711,-0.007506272363711915,-0.007568402157058203,-0.00741545136971778,-0.007160592028423955,-0.006850098110855583,-0.006425842877291605,-0.005957800415383455,-0.005476411539241948,-0.004510201968891167,-0.0029051824520383448,-0.003123884596041879,-0.0019118195015300407,-0.001097060620707336
2020-11-11,-0.007081477008426108,-0.007382905744737236,-0.007573083041037699,-0.0076341021045711575,-0.007503286752515689,-0.007278822233535554,-0.006995320784760727,-0.006585765655133453,-0.006119117729729827,-0.005634576796394555,-0.004673531751726775,-0.0030781810608633917,-0.0032782521825338307,-0.0021363622730930865,-0.0013150441936209559
2020-11-12,-0.007153711788556622,-0.007473837747773703,-0.00768085835430835,-0.0077598911430916085,-0.007646413208915236,-0.007434651067881295,-0.00715991239347031,-0.006758046459551356,-0.006297953830820427,-0.005819065122963345,-0.004855664167746714,-0.0032607641305805912,-0.003463212249372628,-0.00231807891421047,-0.001518323193087088
2020-11-13,-0.00735011501462807,-0.007713970904008265,-0.007938354750891035,-0.008020422470456093,-0.007909530701635789,-0.007706168374571677,-0.007445737881955612,-0.007083757863037849,-0.006689935063524667,-0.0062928663487414145,-0.005557882441855201,-0.0036443926551699515,-0.003919670493901619,-0.0027584889954006776,-0.002004632399567768
2020-11-16,-0.007416212786263024,-0.00778109565868492,-0.008015391233409327,-0.008108216562447364,-0.00801060261323706,-0.00781996409156785,-0.007567948513474993,-0.0071830656089139164,-0.006735987788066694,-0.0062622331929155905,-0.005311297020455127,-0.00373365765053566,-0.003946033353543426,-0.0028042714764896204,-0.0020412462283338926
2020-11-17,-0.007479233213573478,-0.007843984222114877,-0.008079010799374519,-0.008170414735974928,-0.008067179421972962,-0.00786676447368101,-0.007604986319667488,-0.007228438268583556,-0.006810781092525292,-0.006380271900459857,-0.005573223957902385,-0.0037253322481399266,-0.003929826583427436,-0.002799849416086562,-0.0020159585240150605
2020-11-18,-0.007455222574726037,-0.007808088558871101,-0.008024352573352657,-0.008095088701134784,-0.00796719805268719,-0.007742068331251621,-0.007453582594528138,-0.007072327210364211,-0.006671986907924446,-0.0062818449231259454,-0.00561277081121341,-0.0035524656484493466,-0.0037633388449376808,-0.00266254558544175,-0.0018630291507289666
2020-11-19,-0.0074996407221724175,-0.007792759118760342,-0.007974600158918457,-0.00802831162461556,-0.007897728704141991,-0.007671356171252746,-0.007379350109386208,-0.006985533017030586,-0.0065626434738440195,-0.006142666727832638,-0.0053820434089754,-0.0034570828643220143,-0.003662088328094712,-0.002515110996624442,-0.001733902644212143
2020-11-20,-0.007361719503822603,-0.0076597738180893965,-0.007825695122722348,-0.007856513044023877,-0.007697376056592734,-0.0074505968962903,-0.007140703974924422,-0.00671829734646809,-0.006254933477982657,-0.005779535149348952,-0.004863700510625621,-0.0031013055651796326,-0.0033124799817498695,-0.0021678045623035615,-0.0013775759617185343
2020-11-23,-0.00738796060028275,-0.007635185884844525,-0.007789449831429882,-0.007829833168777481,-0.007687061676416351,-0.007452371118182271,-0.007158042548651453,-0.006758132811994446,-0.006324453950928136,-0.005879577205401401,-0.0050398692003088665,-0.003158328901982324,-0.003389318470115283,-0.002244234895494082,-0.0014421735205214288
2020-11-24,-0.00731825541906215,-0.007594558392549908,-0.007752010036070834,-0.00779062684029999,-0.0076527516747241795,-0.007423667641916494,-0.007130715934219851,-0.0067104928632392815,-0.006236617643758448,-0.005745167779855545,-0.0047482590779451125,-0.003155686123158873,-0.0033946937442562693,-0.0022710414854465876,-0.0014832445565328934
2020-11-25,-0.007381528565041049,-0.0077263289541879086,-0.007944361192936431,-0.008036698046828538,-0.007939183592617197,-0.007742313436721266,-0.007474994731216357,-0.007074735558673708,-0.0066190695520951595,-0.006141063629420901,-0.0051687887657177155,-0.00358233743136286,-0.0038088358598301585,-0.002705305100328628,-0.0019091458725143497
2020-11-26,-0.007556833207130463,-0.007885541975119224,-0.00809803713608433,-0.008183334876077319,-0.008081518880026792,-0.007878896350294477,-0.007606111276171795,-0.007207824922709425,-0.006757614705722154,-0.006294296432446474,-0.005365042780706717,-0.003751403350207079,-0.0040051451860153115,-0.0029258496971039834,-0.0021006650462128515
2020-11-27,-0.007704070257722214,-0.00805944279331038,-0.008272777133575755,-0.008353177085973818,-0.008239378754114809,-0.008025903793236136,-0.007747812385904795,-0.007335676236291954,-0.006874037345145451,-0.006388840915986711,-0.005405438163187338,-0.0038458134857366163,-0.004096100083172888,-0.00302668182790955,-0.0022132849088669928
2020-11-30,-0.007660032087215141,-0.007987273637127687,-0.008188332865803791,-0.00825731256696157,-0.008133923783740218,-0.00791572680236964,-0.007631847448389074,-0.007223891642421747,-0.006769365875538607,-0.006297113634324421,-0.00535885452629757,-0.0037261215444208376,-0.004024525201990999,-0.0029408731514260138,-0.002133254491917637
2020-12-01,-0.007674041257812795,-0.008017873647151843,-0.008221397443639585,-0.008283714597518334,-0.008156360208060105,-0.007944769146809673,-0.007674347994279568,-0.0072828929667987765,-0.006843088698960823,-0.006376796626298421,-0.005440787701148811,-0.0038473099291714266,-0.004105103957963266,-0.0030171112754868155,-0.002218047834494688
2020-12-02,-0.007638514243216358,-0.007959385349380019,-0.008141518116897619,-0.008185953930045935,-0.00804947417841506,-0.007831601021507142,-0.007552134230930059,-0.007147484832523991,-0.006691067622608586,-0.006213004065959421,-0.005260807166163858,-0.0036139609007925914,-0.003966367869684532,-0.002879332069805547,-0.0020835318758000063
2020-12-03,-0.007626136858188696,-0.007974461267484856,-0.008179343091340647,-0.008246806586212607,-0.00813680966961705,-0.007944840820702804,-0.0076975464999309955,-0.007325316380259377,-0.006894614088555655,-0.0064336822528863295,-0.005475553498158808,-0.00386970256390765,-0.004205814583528522,-0.0031166814197691314,-0.002341434325220594
2020-12-04,-0.007552985099916347,-0.007902415009047658,-0.008109661831423594,-0.00817986068431326,-0.008069908896644563,-0.007878322229729885,-0.00763114332076924,-0.007259161813818038,-0.006832094345742453,-0.0063740100797948125,-0.005423629449812568,-0.0037788978879130805,-0.004098626856590219,-0.0029980779516771976,-0.0022087776823208846
2020-12-07,-0.007487067315900138,-0.00782820088259279,-0.008021964869741044,-0.008077392400049434,-0.007951513037350113,-0.0077437873717743425,-0.00747789560869744,-0.007104273838524991,-0.006694458032993732,-0.006270678700560998,-0.005443851090885656,-0.00353271096478809,-0.0038311374500835326,-0.002738225673412537,-0.00191855424340093
2020-12-08,-0.007003566461941699,-0.0072914272613031576,-0.007411900554443204,-0.007392904425401598,-0.007201639666751365,-0.006933215800432638,-0.006603037475763053,-0.0061686439613908494,-0.005708674403935662,-0.00525228771971873,-0.004408195827173672,-0.002410897395484826,-0.0026967783019073554,-0.0015084399441564833,-0.0006926119540681491
2020-12-09,-0.006957494510965105,-0.007206826575926238,-0.007293440395278173,-0.007242244432510329,-0.0070270081979161535,-0.0067386960528087615,-0.006397280922679704,-0.005947506467845194,-0.005463149384649416,-0.004971169026989686,-0.004021859517392831,-0.002243503255304881,-0.0025124899401605576,-0.001327613727573094,-0.00048132887694111
2020-12-10,-0.00693964908585306,-0.007222956519246929,-0.007338706292675932,-0.0073128013847588375,-0.007127100793587358,-0.006869499275689345,-0.006555888225880325,-0.006131073605023457,-0.005664957393430348,-0.005190709284735495,-0.004263290415926831,-0.0024117213935076387,-0.0027314398044211304,-0.0015655223064373629,-0.0007226344656247742
2020-12-11,-0.0070021157509665205,-0.007301314029486021,-0.007436508462046403,-0.007431736476132125,-0.007264249549160524,-0.007025151382736057,-0.00674101201084764,-0.006326782835667804,-0.005879422569507788,-0.005420232774760115,-0.0045036286428153365,-0.0026731152134809497,-0.0030228818165931827,-0.001879069328810646,-0.001047927687465245
2020-12-14,-0.00705692497179484,-0.007382088927258574,-0.007541731958206814,-0.007559705297166264,-0.007414593606635383,-0.007196181685285573,-0.00692752232316962,-0.006520417233273125,-0.006079782851650915,-0.005626847297740993,-0.004737531852080085,-0.0029196578658788335,-0.003315162567379939,-0.002152360947424432,-0.0013434897372140275
2020-12-15,-0.007061892061491476,-0.007360063512662261,-0.007506143109250415,-0.007518077360013241,-0.0073724580092448455,-0.007156148058489847,-0.0068944473204901316,-0.006499401021855845,-0.006065036444452123,-0.005605363422854384,-0.004671231538392523,-0.002961597789053347,-0.00334142555033723,-0.002248035997505098,-0.0013669799219856221
2020-12-16,-0.0070571098453474975,-0.007392869502483035,-0.007571372267091161,-0.007613514730743026,-0.007491395887304405,-0.007295617915709123,-0.00705395660435242,-0.006672702179326066,-0.0062501302791164795,-0.00580139648482464,-0.004893445075730375,-0.003179263903999026,-0.003601628362354593,-0.0024995854187259956,-0.001653976505739927
2020-12-17,-0.0070338237252407275,-0.007370614956574673,-0.007541098581435233,-0.0075732512433414586,-0.007447606717364537,-0.007248951860702024,-0.00700156693789221,-0.0066117118226213765,-0.006181607279159987,-0.005729610634272693,-0.004809196510140734,-0.003089965601262891,-0.003509712950783217,-0.0024204432471764156,-0.0015688221598649922
2020-12-18,-0.007108336318045914,-0.007444053459830794,-0.007618422202978613,-0.0076554317374341405,-0.007537607635252958,-0.007346644699892444,-0.007106908433960159,-0.006724820022101038,-0.006304790577346567,-0.005866333467066727,-0.004984167398577865,-0.003272179542928611,-0.003710943823317432,-0.0026231652260313796,-0.0017879234569378418
2020-12-21,-0.0072596740920772675,-0.007590079047302344,-0.007750269837494982,-0.0077772960675062085,-0.007655217017490979,-0.0074629710708469695,-0.007220499574351518,-0.006834060140490289,-0.006407898593805923,-0.005958379992018075,-0.005050828058063155,-0.003294817889447218,-0.0037146121550132097,-0.0026353907708386447,-0.0017880268004737254
2020-12-22,-0.007245227365356446,-0.00756693412315907,-0.007721712194709985,-0.007740521432592712,-0.007611263482944499,-0.0074178340283749524,-0.0071681112860038695,-0.006769167112392454,-0.006333084793996802,-0.0058882719044397154,-0.005036288301432519,-0.003123255044084506,-0.003537380376147552,-0.0024437173694301785,-0.0016051146116203938
2020-12-23,-0.007199063447687816,-0.007527904063999593,-0.007679124571636199,-0.0076896172073476435,-0.007555197800647596,-0.007352774211880511,-0.007097218418332084,-0.006696352396259324,-0.006258054785409919,-0.005807542516887785,-0.004923833149076966,-0.003053727892888425,-0.003468974934370703,-0.0024338969617234544,-0.0015825717981226453
2020-12-28,-0.00724206145230648,-0.007570059533877169,-0.007723922715506126,-0.0077375691229927554,-0.007603429818648661,-0.00740129658659403,-0.007146507246194508,-0.006753174683398036,-0.0063213770349022525,-0.00587330215869292,-0.004980532642646126,-0.003100620690087848,-0.0035199785372928313,-0.0024970479933744236,-0.001639577864440272
2020-12-29,-0.007278781199851587,-0.007625693294579937,-0.007792747852545758,-0.007812850810811615,-0.007680647278126989,-0.007482903908525363,-0.007235704621596713,-0.006852163254642779,-0.006431430669570821,-0.005992966222517469,-0.005128120802233262,-0.003215564302541779,-0.0036748397992527352,-0.002667318414922594,-0.0018110394383076365
2020-12-30,-0.0073181453437412705,-0.007626861603373415,-0.007787918013771858,-0.007820205417670636,-0.007701415259217028,-0.007510264847386624,-0.007261814418050036,-0.0068681568702835,-0.006438485173255746,-0.00599330310726113,-0.0051333702492688486,-0.003229838607238774,-0.0037049444850853807,-0.002706417609641317,-0.0018466672187766758
2020-12-31,-0.0072385204633869885,-0.007524575267706181,-0.007670641209482578,-0.007690614982768981,-0.007564887035576846,-0.007369140558899633,-0.007117769392679989,-0.006725943291699957,-0.006294860031623248,-0.005844838040053698,-0.004959144937451519,-0.0031140928287136647,-0.0035698866722686227,-0.0025637417328650885,-0.00173180561255054
2021-01-04,-0.0070205743349011146,-0.007273056244658306,-0.0073821028385990944,-0.00737252687134529,-0.007232724297822944,-0.0070132771848860145,-0.006731413098218446,-0.00631513004017463,-0.005864590613383412,-0.005409305926710396,-0.004543339071870151,-0.0026525281012177385,-0.0030744261674428616,-0.002076195032995595,-0.0012178247323117565
2021-01-05,-0.0070417484006504855,-0.007285027174622431,-0.007385409888443272,-0.007366797825180095,-0.0072175734784473405,-0.006986431566752279,-0.006694929986633565,-0.0062691517891029554,-0.00580827183194895,-0.0053393097429731565,-0.0044319708485195345,-0.00258937075702596,-0.0029753163320549413,-0.0019692649333594957,-0.0011013077688755526
2021-01-06,-0.007222941491398878,-0.007459807029032493,-0.007580462561389031,-0.007593851403836147,-0.007473292098480559,-0.007259458051371047,-0.006978077226398536,-0.006558419485605047,-0.0061037888656677065,-0.005647207680601641,-0.004764738209873572,-0.002908606324497488,-0.0033021121878016283,-0.0022764250941202397,-0.0014183521856956482
2021-01-07,-0.007291854225656825,-0.007506060307008788,-0.00761134371425954,-0.007613602426109681,-0.007471246560836653,-0.007234133838349191,-0.00692365269030985,-0.006486650523345705,-0.006026990803809275,-0.00557648177218602,-0.004742388761777104,-0.0028125843916556046,-0.003165763668311595,-0.0021031099798583855,-0.0012422513463252259
2021-01-08,-0.0074555602553155595,-0.007702300726519952,-0.007830607278262635,-0.007858452286966276,-0.00774628144496647,-0.007538013118748833,-0.007252075921431082,-0.0068375468023381255,-0.00639638301285592,-0.005960456489032448,-0.0051398690731048035,-0.003147210204412563,-0.003524789327062999,-0.002488915378496297,-0.0016141141359798808
2021-01-11,-0.007598590903709482,-0.007841297997260662,-0.007968592252265204,-0.00800357893644533,-0.007899721688835197,-0.007699262036102726,-0.007422823249394064,-0.007018547493635307,-0.006592406630782069,-0.006172486572363111,-0.005394839025902342,-0.00337752943426646,-0.003742821900884291,-0.0026910920207018603,-0.001834658112339151
2021-01-12,-0.007599875981356795,-0.007841057705477793,-0.007952512386657297,-0.007968313027983169,-0.007849441368402049,-0.007644276587951162,-0.007363793599103879,-0.006949786996893514,-0.006515010742298244,-0.0060856760858085356,-0.005314656114293718,-0.0033175994543942064,-0.0037143001784506924,-0.002614726919798059,-0.0017615113978774297
2021-01-13,-0.00746279442058752,-0.007761212034449312,-0.007898445298892474,-0.007912578710483714,-0.007784272300331539,-0.007581852660432798,-0.007309626100131636,-0.006898589607514967,-0.006460573265120753,-0.00602173546505025,-0.00523045566225183,-0.0032319313952352026,-0.0036890406067303953,-0.0026130920852089016,-0.0017703582531554682
2021-01-14,-0.007635616087494643,-0.00799298838455466,-0.008162520166184302,-0.00820436945400026,-0.008105912075068106,-0.007937409183300796,-0.007693800058588375,-0.007299393464626907,-0.0068752476846308756,-0.006447185440924248,-0.005688661081831811,-0.003839312998222348,-0.004266558143333452,-0.003212067259369381,-0.002369785732271597
2021-01-15,-0.0075301092807141925,-0.007857037549651509,-0.008024685181558657,-0.008069120548967613,-0.007962760265606553,-0.007778893872067564,-0.007522157219359383,-0.007127517706326065,-0.006707774888946084,-0.006286799085441201,-0.005539578245796952,-0.0035963863493620315,-0.0040749426410689555,-0.0029911596537678404,-0.0021208815863166617
2021-01-18,-0.007413954718120072,-0.007760624056564362,-0.00792837759518155,-0.00796326761181912,-0.007850036552256195,-0.007671043017814509,-0.007422528764661145,-0.007036338427163428,-0.006615207242322139,-0.006184172126176169,-0.005389728135929076,-0.0035963269389051073,-0.004003896441356902,-0.0029347319100909847,-0.0020545059057764338
2021-01-19,-0.007147071100442941,-0.007442611157198943,-0.0075818265749709665,-0.007596721135579215,-0.007474111919176178,-0.007283012510448466,-0.007023637231228059,-0.006629067585042196,-0.0062112669284599764,-0.005791065335461599,-0.005052566315074853,-0.0031036514930950975,-0.0036257729799535772,-0.002524993572718786,-0.0016534539685859652
2021-01-20,-0.007183455572100469,-0.007463821796556655,-0.0075976305408568595,-0.007609876054318923,-0.0074970741942765136,-0.007321423180229024,-0.00707826722912045,-0.006694317229867732,-0.0062893077711439855,-0.00589833667407836,-0.005229583383135921,-0.0032068956085473444,-0.003671133987674917,-0.0025753830002625227,-0.001673874900878717
2021-01-21,-0.007077371828094674,-0.00741706947294332,-0.00758153558432547,-0.007611762900918232,-0.007486677489293061,-0.007297328243176006,-0.0070468112005333695,-0.00667316306049313,-0.006275307257501228,-0.005872083056758588,-0.005141550644904967,-0.0031434774017584832,-0.0036551870964617,-0.002531600578762289,-0.0016420019057988245
2021-01-22,-0.007154123565631326,-0.007543792053361942,-0.007711944095065708,-0.0077315842824290035,-0.007607214663541961,-0.007431975917455103,-0.0071882473583640685,-0.006809787978746077,-0.0064004421132875765,-0.005991412986605121,-0.005263321405288596,-0.0032779161908661507,-0.00381822367022417,-0.002734875793427323,-0.0018507451111678768
2021-01-25,-0.007139355301769928,-0.00747284133405216,-0.007637716054256896,-0.007682988724629579,-0.0075924527847846274,-0.007431101115484304,-0.007199293904827585,-0.006835366331994397,-0.006445434546526206,-0.006056371238120091,-0.0053374783573478975,-0.0033711417041836934,-0.003923564737373917,-0.0028256661591947434,-0.0019579805003160323
2021-01-26,-0.006948910163172882,-0.00720891119450625,-0.007320309347110482,-0.007312138367625516,-0.007182083709051802,-0.006998007164009167,-0.006744432321431542,-0.0063547956077011575,-0.005937433333694154,-0.005524375384924189,-0.00479074216527241,-0.002839735543074358,-0.003432826347461933,-0.002332904455145125,-0.0014239869849107657
2021-01-27,-0.006826117108198437,-0.0071882195170512525,-0.007352127879122358,-0.007375872228720878,-0.007258573875467608,-0.007066210520547662,-0.006807651610637029,-0.006425136068058909,-0.006035857040735375,-0.005667218793774393,-0.005024399388312634,-0.002764128309014016,-0.0034392359613643728,-0.002442276191368194,-0.0014586422256389498
2021-01-28,-0.007096656813950939,-0.007397210761428698,-0.007554641308995905,-0.007586956884749061,-0.007472996590955599,-0.007299662877610112,-0.007064128911416137,-0.0066955219857075185,-0.006306994742663984,-0.00591367202764692,-0.0052359481279704995,-0.0030993713494249712,-0.0037394893093487852,-0.0026691840262484845,-0.001761372403677734
2021-01-29,-0.0071420223308109815,-0.007386707937443191,-0.007522043165283982,-0.007542045779834751,-0.0074234717797126695,-0.007257275912332196,-0.00702086841529033,-0.006650400304364671,-0.006257937672565597,-0.005874198141885711,-0.005221138504316411,-0.0030715058458270173,-0.003647214611651368,-0.0025805599959794756,-0.0017267247186383374
2021-02-01,-0.007152331259220444,-0.007386252220324687,-0.0075130260343996376,-0.007522672143209515,-0.007399166344421834,-0.007231483181389397,-0.006984698241926136,-0.006619935733387135,-0.006226296415611998,-0.0058678430298112995,-0.005191383971954572,-0.003029488422074068,-0.0036116373716873536,-0.002537416843621416,-0.001682407072114488
2021-02-02,-0.006930400798609042,-0.007294068935191489,-0.0075169816942145,-0.007603185425895125,-0.007530540010046644,-0.0074022286362071575,-0.007178484329570078,-0.006832430066426323,-0.006445195036046919,-0.006084263958360394,-0.00539707718765568,-0.0032615198815502977,-0.0038175241091682726,-0.0028159268899115917,-0.0018547274260709015
2021-02-03,-0.006839384517437412,-0.007250037214085753,-0.007486031102177192,-0.007563419422352717,-0.007486241703105568,-0.007345696756629001,-0.0071088793408359465,-0.006738934889167943,-0.006328053804397611,-0.0059438181833509724,-0.0052096288041644885,-0.003095593915166378,-0.003662667637346206,-0.0026472070878913964,-0.0016862447396050729
2021-02-04,-0.006782032369738664,-0.007181783006749936,-0.007388672274877355,-0.007430726512432147,-0.007312014914798678,-0.007132409800249466,-0.006865828829209263,-0.006479430894017025,-0.006064547731917491,-0.005688659571277557,-0.00497513010982494,-0.002798803273286764,-0.003337188354806181,-0.0023204536863909546,-0.001346313090647229
2021-02-05,-0.006806664112866334,-0.007174060261863064,-0.007361070857192186,-0.0073917130213488865,-0.007274498890795057,-0.007084343727796637,-0.006806623611260891,-0.00641240606235049,-0.005991085007049549,-0.005597576050758822,-0.004838395063538709,-0.0026764666144268876,-0.0031582641849217325,-0.0021247910650640596,-0.0011719876911779658
2021-02-08,-0.006825240003467011,-0.0072100282447168,-0.007405963420289281,-0.007439075728745222,-0.007329327037865909,-0.007153505915529478,-0.006881613230902065,-0.006487848168301592,-0.006056663985548235,-0.0056556707837957815,-0.004879904732901009,-0.0027720479555787014,-0.003277492053490789,-0.0022882074556046074,-0.0013253881424945423
2021-02-09,-0.0067015726008577,-0.007117860410149382,-0.007317225282076941,-0.007329582726176014,-0.0071929185721389685,-0.006990037913153591,-0.0066965191283238044,-0.0062859247486126745,-0.0058433426723492445,-0.005435427940678447,-0.004648947914506453,-0.002494600194255827,-0.002986575769660531,-0.0019518630345879279,-0.0009995203861159984
2021-02-10,-0.006704962933035103,-0.007048678673901034,-0.007181440757244863,-0.007138251979676272,-0.006964431590694844,-0.00673856741738326,-0.0064312015406283425,-0.0060095009659907606,-0.005557972865183496,-0.005140087035840331,-0.004331009006869728,-0.002237622717496151,-0.0026902877192031046,-0.0016363443939912544,-0.0006410497789809175
2021-02-11,-0.006763072270461943,-0.007175767609833547,-0.007381266863628996,-0.007413637862271413,-0.007299602922905324,-0.007122863781045777,-0.006857838415779298,-0.0064779306961607165,-0.006060770664335219,-0.005661792966932927,-0.004883212241415354,-0.002791413956079031,-0.003287863103730504,-0.0022817291501051706,-0.001304313916071016
2021-02-12,-0.0068785871763932145,-0.007368793018829798,-0.007631616114548393,-0.007698965147074151,-0.007593403601665448,-0.00741883061702872,-0.0071511426680206614,-0.006768752853223223,-0.006347739977024244,-0.005946159235908365,-0.005163575509236249,-0.0030576343287835716,-0.003592097833054383,-0.0025717985944609632,-0.001568502608194881
2021-02-15,-0.00681451794451807,-0.007299582022841369,-0.007554366309673379,-0.0076137137387837575,-0.007501180903152351,-0.0073187140486637966,-0.007046237365402766,-0.00666106416570843,-0.00623912982575492,-0.0058342303818949715,-0.005038360073885072,-0.0029053898371677886,-0.003378351771381942,-0.002338797680818565,-0.0013864839591642031
2021-02-16,-0.006801696273849317,-0.007248206828783698,-0.007470707709197893,-0.00750511544401948,-0.007380455056370597,-0.00719251634775508,-0.0069139058382578986,-0.006519318291244682,-0.006083948306461593,-0.005666491766201452,-0.004848224447886637,-0.0027680115711506185,-0.003211179073366691,-0.0021437464267798248,-0.0012013852864586729
2021-02-17,-0.00674928116077319,-0.007187694146633571,-0.007407918004480418,-0.0074428712597066704,-0.007323745503275697,-0.007137486984818084,-0.00686570687699833,-0.006483066973728027,-0.006066567519896231,-0.005671489570646575,-0.0048941492245022575,-0.0027670622256718395,-0.003228446580333022,-0.0021444125741470177,-0.0012115454594352735
2021-02-18,-0.006708042204829734,-0.007182130979230485,-0.0074314145065568,-0.0074897787203065955,-0.007376566791033898,-0.007188719807679824,-0.006910456800158263,-0.0065202888259470945,-0.006096162602990015,-0.005687723954533409,-0.004884787661537865,-0.0027975002273811196,-0.003230541368023927,-0.002167869918809881,-0.0012447820750684335
2021-02-19,-0.00657584691953148,-0.007022804902351819,-0.007237071037361007,-0.007257476260706657,-0.0071112335168949025,-0.006898270702788289,-0.006590004945475852,-0.006171799922974344,-0.005725504794369428,-0.00531442340771169,-0.004515196401238647,-0.002426668368146097,-0.002787049954760222,-0.0016634983063777008,-0.0007448953273828054
2021-02-22,-0.006688449949777624,-0.00715363790201993,-0.007393107305535627,-0.0074396848395264685,-0.007305442101584452,-0.0070992786978658325,-0.006799693020892155,-0.006392024134929567,-0.005956099402949553,-0.0055492031706871016,-0.004754166108046312,-0.00262875610945948,-0.003049789901119743,-0.0019246937696561794,-0.0010189785389645035
2021-02-23,-0.006855810530535174,-0.007334850456714572,-0.007601622914432085,-0.007681879672567589,-0.007583860110170916,-0.007409521052889423,-0.00714307509035931,-0.0067655768037141436,-0.0063536577202385645,-0.005959565416655109,-0.005181811793146719,-0.0030452687553035,-0.003483640682496089,-0.002385149550768014,-0.0014824977771869764
2021-02-24,-0.006792709184132884,-0.0072630189793313595,-0.007513281691444665,-0.007574214095800348,-0.007457638879737676,-0.007267701665023291,-0.006980200209797659,-0.006579085021522955,-0.006142860618487472,-0.005730649846329258,-0.0049176933050947445,-0.0027805656045078735,-0.003220673637398068,-0.002097882432571611,-0.0011990374230391359
2021-02-25,-0.006942046233157345,-0.007416730999001522,-0.007669986881722855,-0.007731546769525907,-0.007612148374980517,-0.007417004930531766,-0.007124134841033267,-0.006718605889301223,-0.006277821853389578,-0.0058605886036151,-0.005035656248643917,-0.0028324497701617077,-0.0032636684223791854,-0.002133765739628923,-0.0012233700830375234
2021-02-26,-0.007060284294257482,-0.007508749542037367,-0.007753770916409283,-0.00781603365644863,-0.007696688924661267,-0.007494814187262919,-0.007189769411503396,-0.006761533660099809,-0.006297392457900217,-0.005856066556201977,-0.004983575970969595,-0.002874235391542036,-0.0032500377400731593,-0.002101219946091623,-0.0011757295643309523
2021-03-01,-0.006922113348873361,-0.007355049180488927,-0.0075739847163582286,-0.0076045945320442855,-0.007448128857241168,-0.0072115537104143045,-0.006874837572079891,-0.00642688387060667,-0.005955151170108035,-0.005523015180391425,-0.00467972422404182,-0.002412223743106521,-0.002864337042521184,-0.0017513468225462423,-0.0007911034616145773
2021-03-02,-0.00685140062704034,-0.007298747333658706,-0.0075273594112494875,-0.007548994392021437,-0.0074046744476323175,-0.0071793719627378325,-0.006851656438502338,-0.00642575769792313,-0.005937252305477982,-0.005433061671326951,-0.004410197452488876,-0.0024656306700501516,-0.0028956198694235946,-0.0017193323375767915,-0.0007781415221975263
2021-03-03,-0.006738451586413911,-0.007157789844722397,-0.007365889290937251,-0.007374516385284152,-0.0072130784272505435,-0.006963515104120028,-0.006613998041136395,-0.00617283301872453,-0.005677385266656226,-0.005166110694438506,-0.004132451034834591,-0.0022278077105360554,-0.002571470962162889,-0.0013832214856983997,-0.0004525797333134366
2021-03-04,-0.006701009895925703,-0.007104986793513033,-0.007292481060010488,-0.007281110620542651,-0.0071034438824227174,-0.006843437390061427,-0.006481958677396219,-0.0060268830714312275,-0.005522337190721123,-0.005013679236496913,-0.0039976076405691735,-0.0019717915562854614,-0.0023371661452111655,-0.001120598921490383,-0.00017734092909257805
2021-03-05,-0.006675027254682596,-0.007064668241457755,-0.0072296864105113505,-0.007192754502705106,-0.006996400866247264,-0.006725553081530989,-0.0063580052701686695,-0.005900725790610817,-0.005391908647457664,-0.004870223985417941,-0.0038198559632857962,-0.001819431482890942,-0.002163151153452255,-0.0009586266216508284,-1.611558666877662e-05
2021-03-08,-0.006687090871675495,-0.007065832017915526,-0.007220311446342151,-0.007168171383079287,-0.00695139981215849,-0.006663033223890009,-0.006276359294928596,-0.005800210524432428,-0.005272696235014149,-0.004739656949237057,-0.0036743562243075024,-0.0016814941709085264,-0.0020197348121789617,-0.0007931228155581957,0.0001615793881195818
2021-03-09,-0.0067840550049533144,-0.007098719084814929,-0.00723388661742335,-0.007186141331348518,-0.006972738752045227,-0.006676631113890655,-0.006285857784283652,-0.005808146266743333,-0.005281366493255944,-0.004744650162257163,-0.003659093610492312,-0.0016605280870403217,-0.0019873625112392327,-0.0007732710717648705,0.00018425787277010668
2021-03-10,-0.006680304152188013,-0.007070731611833711,-0.007240491124515726,-0.007211240739725443,-0.007012463492820863,-0.006732149787192229,-0.0063492027826128105,-0.00587251697508051,-0.005338115668333863,-0.004786316844941198,-0.0036666331816228625,-0.0016526839901769706,-0.0020485990472670977,-0.0008331781296841008,0.00012050704377153406
2021-03-11,-0.006678844382571655,-0.00706313640889849,-0.0072300931666655095,-0.0071952227993625295,-0.006977006117499683,-0.006668569719522581,-0.006259482551904494,-0.005763100231332766,-0.00522126839503326,-0.0046720101404062655,-0.003572074311620276,-0.0014967936620862983,-0.0018413083567999015,-0.0006366116274016129,0.00035999185647986066
2021-03-12,-0.006752251649210668,-0.007156901004189429,-0.007355799170277572,-0.00735450919211255,-0.007156247311272524,-0.00686306619439678,-0.00646198870016502,-0.00597757616396851,-0.00544084952117553,-0.004891642875352329,-0.003780878086663234,-0.001687367878449055,-0.0020235397341048776,-0.0008177909371370605,0.00017955274477175884
2021-03-15,-0.006669764676848682,-0.007075683168775373,-0.007258316033004781,-0.007198254557564337,-0.00696289745080418,-0.006641112918203012,-0.006223848309759519,-0.005730811908989712,-0.0051921190108069675,-0.004640161279439864,-0.003528695075124073,-0.0012896018298532207,-0.0016455210945267198,-0.00035939416995779195,0.0006654835007752625
2021-03-16,-0.006579087922221408,-0.00691122260809212,-0.007021322403820312,-0.006899921310249578,-0.006618926386530195,-0.006261257915585361,-0.005814876397429141,-0.005300127950063934,-0.004738557269777428,-0.004165298513938278,-0.00300857429137612,-0.0008371411359408243,-0.0011376326634738492,0.00013097034095170968,0.0011473112293458407
2021-03-17,-0.0065443678135519955,-0.006860875228466147,-0.006951694900402085,-0.0068012944823155905,-0.006484434015583406,-0.006086966032104958,-0.0056058409761143005,-0.005065212650907125,-0.004486594354109011,-0.0039031659374180717,-0.0027304251284943535,-0.0005813260541083545,-0.0008739835281490738,0.0003947012082446634,0.0014286126790081161
2021-03-18,-0.006573159613583695,-0.006886555739144064,-0.006983642994157007,-0.0068438960635059725,-0.0065390095115257455,-0.006151030579064603,-0.005677960970094835,-0.005140926341416097,-0.004565429668100209,-0.003984137985847335,-0.0028191600715971672,-0.0006862670334783568,-0.0009451826013401946,0.00030848550545463924,0.0013489904645002128
2021-03-19,-0.006541603503756032,-0.006835420024540309,-0.006912192632211028,-0.006759351994210488,-0.0064366589651739465,-0.00603087597172639,-0.005544719201083993,-0.005003260572734942,-0.004427621270234677,-0.0038403423188129665,-0.0026503479470065287,-0.0005493696419141546,-0.0008446961620627887,0.0004172052666783787,0.001469310939842995
2021-03-22,-0.00651089891743172,-0.006779571798194589,-0.006827904973322114,-0.0066332554206185255,-0.0062698807033026585,-0.005816545462399562,-0.005287250376869792,-0.0047118627103940654,-0.0041095478982951985,-0.0035114375995485537,-0.0023050598763270447,-2.8836171609633723e-05,-0.00036521680933651867,0.0009030854869818325,0.001976009123102445
2021-03-23,-0.006543260722634323,-0.006861995666580761,-0.006952323932844527,-0.006794815672499791,-0.006476417881705732,-0.006070815273420917,-0.005582653831233466,-0.005034438292928301,-0.004445844688146802,-0.0038519980622576753,-0.002650490043985601,-0.00038662986440182387,-0.0008202521478870255,0.00041227552955437006,0.0014731632360356105
2021-03-24,-0.006543002212282617,-0.00681062788963024,-0.006854582169173468,-0.006657312733114324,-0.00630192664929342,-0.005863157444356139,-0.00534121222297341,-0.004763134337400523,-0.004150264212009226,-0.003543719314276982,-0.0023255749348795743,-0.00011444585085839674,-0.0005275946668294512,0.0006887047274984972,0.0017704909700734048
2021-03-25,-0.006595126288896524,-0.006810498696873917,-0.006813791790809283,-0.006579563463370579,-0.00619574243936075,-0.005732968841360238,-0.005194735982780432,-0.004595322356208419,-0.003959335001591295,-0.003326004779994362,-0.0020571579976194185,0.00019120169292733677,-0.00023984291283986531,0.0009698864997737574,0.0020615720072644215
2021-03-26,-0.006338934751761791,-0.006499039812634102,-0.006427044610852494,-0.006123791516298365,-0.005702925237041799,-0.0052195814758178565,-0.004679590912182821,-0.004091057607138058,-0.003465052316207538,-0.0028442964004296344,-0.0015976031499715215,0.000500456751999001,-3.4438547545270014e-05,0.0011096273987201224,0.0022128530120278664
2021-03-29,-0.006387968543494078,-0.00657191523535568,-0.006531455984612959,-0.006260500848266145,-0.0058554178436179645,-0.005386465332002031,-0.004859068446429092,-0.004286773275469815,-0.003683105784420688,-0.003077289185327802,-0.0018603422057944534,0.00015433583499664886,-0.00037462770701310994,0.000709326086158671,0.001772859932286857
2021-03-30,-0.006637382673667634,-0.006906788499884487,-0.006965510001420919,-0.006787403727099314,-0.006451304739867567,-0.006028808116569958,-0.005513048085474135,-0.004942376809076684,-0.0043311747714746395,-0.0037289775455671783,-0.0025305139357933407,-0.00036467233555911415,-0.0008677675939580568,0.0002765213744911684,0.0013536331886593372
2021-03-31,-0.006589207339082969,-0.006897848964726633,-0.006985566545261198,-0.00681994708734731,-0.006489160920428496,-0.006071840476163426,-0.005562095691454173,-0.0049942574142997935,-0.004380069488985855,-0.0037643543653179136,-0.002538202288533845,-0.00020985118761484417,-0.0007512853487965218,0.0004176834013238103,0.0014692712022216596
2021-04-01,-0.006413941678462871,-0.006746752007145576,-0.0068219132000676115,-0.006617981642341715,-0.00624614579820409,-0.0057861086249374714,-0.005229872381502924,-0.004613479064687635,-0.003955344047227973,-0.00330900591951728,-0.0020307667616282538,0.0001902421919302601,-0.00021362785110618928,0.0009853308776859935,0.002051108725019093
2021-04-02,-0.00647782808682575,-0.0067935454143718405,-0.006881667110238015,-0.00669890299828951,-0.006345879102730404,-0.005901376500679041,-0.0053607373786134236,-0.004768694788139491,-0.00413623492164646,-0.003521742169205688,-0.002308353773523428,-4.894550163167671e-05,-0.00041119335720936904,0.0009090827137582082,0.0019139993677961768
2021-04-05,-0.0064527387253664695,-0.006769599102819351,-0.0068383791911902445,-0.006629680198925039,-0.006249883727445168,-0.0057806710631396075,-0.005218162536747805,-0.0046078909891269495,-0.003963725437844108,-0.003349444287100161,-0.00214178522141203,0.000184327850325993,-0.0002333381106816848,0.0009805518203298107,0.0020492047825183177
2021-04-06,-0.006390339905226951,-0.0067251403302346175,-0.006784874981126613,-0.006551117208757075,-0.006146034497046224,-0.005657232603277327,-0.005076926839873674,-0.004451683489997829,-0.003788424537700814,-0.0031530387953964275,-0.0019009404484488133,0.00035690212195885684,-0.00012053010740204104,0.001085232596339786,0.0021476227209362648
2021-04-07,-0.006389933365817597,-0.006736720332038516,-0.006843300213604893,-0.006650295257096813,-0.00627629615824907,-0.005814933153117944,-0.005264338980050232,-0.004669298359492249,-0.0040380589831296426,-0.0034215967116808005,-0.0022038755189530126,3.84854358472254e-05,-0.000352650164512939,0.0008625519094074142,0.0019348346182615978
2021-04-08,-0.006363625347605161,-0.006710306347716648,-0.006824484371525861,-0.00664474077669232,-0.0062805234856888855,-0.005826516418698275,-0.005278930389009152,-0.004681736480372927,-0.0040491117652866546,-0.003429999912157969,-0.0022098841894065617,9.743281068036312e-05,-0.00042384902540740606,0.0007657561580186708,0.001848691681295343
2021-04-09,-0.006451411498995691,-0.006807667729429814,-0.006936663312090092,-0.006767990965950591,-0.006417605124649495,-0.005977246731181208,-0.0054417578045452535,-0.004860045901705679,-0.004242356536176223,-0.0036407878407381912,-0.0024525196958201404,-4.188111280188443e-05,-0.0005403167185271231,0.0007331082626409337,0.0017929392590662879
2021-04-12,-0.006463675623858875,-0.006795360622976739,-0.0068851756513603,-0.006684576109422642,-0.0062877599709067564,-0.005796354627989757,-0.005213483504470801,-0.00458567708869634,-0.003928759753128191,-0.0032935960187239857,-0.002035887342124358,0.0004209411133194457,-0.00012984729109113792,0.0011908634870381161,0.0022433812007629944
2021-04-13,-0.006497507364067913,-0.006873336739438494,-0.007029038213935202,-0.006905169365093469,-0.006566969619833076,-0.006117226478216359,-0.005553592026589978,-0.0049419137828733,-0.004298355415782319,-0.00367795832280935,-0.002446569766660734,4.9249508651496115e-05,-0.0004626924796548919,0.0009553581933745842,0.001987313361130997
2021-04-14,-0.006476903412110096,-0.006869413461711786,-0.007026635245226352,-0.006893010968086373,-0.006544458960816625,-0.006084826007980085,-0.0055188767654088524,-0.004902223840463735,-0.0042559999616313855,-0.003631799604657889,-0.0023908389237766053,0.00015835357074332095,-0.0003562993644373839,0.0009779191025970399,0.002023781825956619
2021-04-15,-0.0064578837308055794,-0.006799713647366666,-0.006905349506380973,-0.006718213119894503,-0.0063101836917646105,-0.005790104611846524,-0.005161732255164547,-0.004489624643469856,-0.0037908582297683413,-0.0031199864134547,-0.0017884214495644374,0.0007289117790899646,0.00020305591321321165,0.0015794967790069036,0.0026623000591722767
2021-04-16,-0.006426061764449937,-0.006778241795417722,-0.006881176282124006,-0.006676038394019891,-0.006245180809025335,-0.005698279858434905,-0.005042026076616377,-0.004339417818196405,-0.0036081698798098344,-0.0029088576605167285,-0.0015197151551861797,0.0010778083113424188,0.0004887668041691909,0.001879777707854862,0.0030227920603687346
2021-04-19,-0.00657211921626264,-0.006937234648114385,-0.007059987121872861,-0.006880637250186429,-0.00647696244541801,-0.005955748234409084,-0.005317497133483301,-0.004627298077712316,-0.0039049469395220538,-0.003211961458447113,-0.0018331016127704494,0.0008349938942887404,0.0002802059315186191,0.0016651128193398814,0.002833270869794534
2021-04-20,-0.006617207870805271,-0.006985666316512551,-0.007130431482796877,-0.006964892069305219,-0.00656469745311874,-0.006048836934677715,-0.00540828625994948,-0.004711461251405937,-0.003978348684726255,-0.0032737301895025745,-0.0018798229882879425,0.0007764396492053118,0.0002014788111133863,0.0015906253848036705,0.0027656898394160957
2021-04-21,-0.006657725066640507,-0.007060895999757848,-0.007237805209580165,-0.00710877914010507,-0.006746381504232875,-0.006263510919480389,-0.005663126438747287,-0.005004402889930992,-0.004310326674279135,-0.0036287144400522975,-0.002267138060874921,0.00041967244837311804,-0.00019125004957215,0.0011997126226946854,0.002373114620644946
2021-04-22,-0.006719868757774056,-0.0071107834509868875,-0.007288736733120129,-0.007167049731963309,-0.00681090810966191,-0.006335381136490594,-0.005742842575450957,-0.005087312240750417,-0.004397592652294982,-0.003719556730987804,-0.002372210979023019,0.0002673462411575362,-0.00034058563887838744,0.001024069985828936,0.0021809916422942397
2021-04-23,-0.006772964929514285,-0.007162058354735485,-0.007353437575463425,-0.007259651763128377,-0.006926482686079551,-0.00647908823383013,-0.0059137636005311064,-0.005284120722644936,-0.0046175597379570004,-0.003949311515721359,-0.0026135238854548748,0.00012000664683139634,-0.0005875688893869614,0.0007776370317224897,0.0019338967873230523
2021-04-26,-0.006753873315420768,-0.007121418002321017,-0.0072778547933072335,-0.007140440501040839,-0.006777144746082155,-0.006304197079438177,-0.005706083450972902,-0.005043367766727344,-0.004340584862393329,-0.0036547965419725294,-0.0022927214848131434,0.0003835873200707239,-0.00032244142584287417,0.001038389404948598,0.0022204066910018567
2021-04-27,-0.0067158253711471555,-0.007045445801610969,-0.007156971282120827,-0.006969471528233735,-0.006564051529392064,-0.006054956133326266,-0.005434187557769407,-0.004754705965132874,-0.00403659457238996,-0.003333850593451603,-0.001937402646283496,0.000797227430741386,4.447165201720674e-05,0.0014264096765080163,0.002594054080619658
2021-04-28,-0.0065730752618105535,-0.006871556043585841,-0.0069427531582134305,-0.0067149136479516675,-0.00627692799716982,-0.005746593221040124,-0.005116348894816261,-0.004437235588976862,-0.0037210352608650103,-0.0030142215310754706,-0.0016064624724833486,0.0010770902618098999,0.00031713034376416936,0.0016257378039722199,0.0028108566475820436
2021-04-29,-0.006621877683315154,-0.006936336214464053,-0.006971790566067429,-0.00680388912864585,-0.006373001464284595,-0.005852101350036668,-0.005232085097933291,-0.004559925672304728,-0.0038539935610248403,-0.003148610580565493,-0.001739584109558924,0.0008290317101345921,9.796710855357208e-05,0.001475347093101985,0.002634599936875926
2021-04-30,-0.006731555317990781,-0.007070153170795835,-0.007142468787105426,-0.007016480030886811,-0.006620447971966875,-0.006122559002360245,-0.005519065645062723,-0.004861734149914326,-0.0041680788975778085,-0.0034780986757130313,-0.0020859958044033154,-0.00016361772354618197,-0.00018399308131570664,0.001215546096269435,0.002347301726021518
2021-05-03,-0.006738635017035241,-0.007073903202976753,-0.0071440145529480855,-0.007016792822033612,-0.006620550294004693,-0.0061234029971059594,-0.0055210008845488585,-0.0048646771193596745,-0.004171815843975211,-0.0034827700893275138,-0.0020949044714973436,-0.0001826683269915879,-0.0001953248852134034,0.0012043769149278295,0.0023355331348137915
2021-05-04,-0.006726783607449463,-0.007060559171364981,-0.00712862436774627,-0.0069988577238034545,-0.0065999909779742745,-0.006100249104686816,-0.005495309668287913,-0.0048368377076239534,-0.004142366591525527,-0.0034520629206324285,-0.0020606202614274443,-0.00013371481984530037,-0.00015623844287398442,0.001244302459378038,0.0023762183750285367
2021-05-05,-0.006698988236004761,-0.007025747765394726,-0.007072078660188839,-0.006917849170485409,-0.006510119532967948,-0.006004168173785207,-0.0053973178106813844,-0.004731124489708817,-0.004028086156398248,-0.0033275232284759666,-0.0019153359578758676,-3.989659523849366e-06,-6.285240592777757e-05,0.0013855308533045425,0.002482460800577131
2021-05-06,-0.006678822508012942,-0.007027765800907849,-0.007088956645369845,-0.006948270209113866,-0.006544262832081844,-0.006038096203637866,-0.0054236454224178745,-0.0047555841677576925,-0.004054521384691276,-0.00336156008362007,-0.001967571422593678,3.313890849096239e-05,-2.3954298967436617e-05,0.0014094051644327511,0.002514029398270992
2021-05-07,-0.006785354690689775,-0.007123033765625643,-0.007183415239386967,-0.007042323690709614,-0.006646093195957227,-0.0061478393612993815,-0.005550332699205785,-0.004894973965275541,-0.004204194971942206,-0.0035032071810207036,-0.002087706492421626,-0.00014400876305499275,-0.00021092592999610605,0.0012255439341076443,0.0023587650172252612
2021-05-10,-0.006749399141306706,-0.006991103493289243,-0.00697082056197023,-0.006764384864744056,-0.0063294401970187975,-0.005810101932483439,-0.005205793865747114,-0.004553141090460948,-0.0038673391992155165,-0.00317409212636075,-0.001772138850289972,0.00016802859126761654,6.163228356744091e-05,0.001470696225403498,0.002580608856750532
2021-05-11,-0.006837413463662722,-0.00706740426947754,-0.007034931465182623,-0.0068138994615928455,-0.006364011363915961,-0.005823345289563488,-0.0051975749350673655,-0.004526651254969242,-0.0038251317146618838,-0.003120766368170266,-0.0016950127759833347,0.0002621571102296559,0.0001712902887456505,0.0016085648003352367,0.0027224395064502937
2021-05-12,-0.006778516082166339,-0.007004204135067335,-0.006983966368731737,-0.0067747367308247045,-0.006332195851755851,-0.005791474499575019,-0.00515944468773776,-0.004483283687151934,-0.003778552005476234,-0.003073780726212891,-0.0016489639567992581,0.0002562210305008818,0.0002578822556561296,0.001684291415915809,0.0028117255606207297
2021-05-13,-0.00669778928202968,-0.006894764907196009,-0.006836260807049698,-0.0065892626377171415,-0.006118781759378742,-0.005559827945256269,-0.004919947267102336,-0.004243561722531085,-0.0035393819288519913,-0.0028388019239300837,-0.001423761583245154,0.00047199291643434504,0.00047951456162956935,0.0018983658823756512,0.0030375911796284606
2021-05-14,-0.006778292343000817,-0.007001813442351379,-0.00697870732965551,-0.00676602108774786,-0.006324729534638288,-0.0057879789436179364,-0.005162820891842364,-0.004495915272782293,-0.003800280083558302,-0.0031065204800271354,-0.001701314181806707,0.0002460588734877553,0.00021924241746431317,0.001655356656488686,0.00278605574989203
2021-05-17,-0.006716785106508383,-0.006917812659150374,-0.006860656519897582,-0.006613431993491688,-0.006136371248444855,-0.005569636811307503,-0.004915447350948779,-0.0042248418081242065,-0.003509174249650845,-0.002802014014927686,-0.0013729357012780754,0.0005720465102508584,0.0005472763988561445,0.001971639705642552,0.0031106266601193915
2021-05-18,-0.006661687617792812,-0.006817723790747892,-0.006710419631461327,-0.0064159600912269705,-0.005909482881520665,-0.005323002775681619,-0.004657928445751907,-0.0039518269869491356,-0.0032202220974908383,-0.0025032514012093936,-0.001058345371621717,0.0008322871019923947,0.0007533599488291638,0.0021436084989573624,0.003310780913883634
2021-05-19,-0.006714566157657798,-0.006906573398925667,-0.006832295576321512,-0.006563865217334611,-0.0060745496963855,-0.005499337625971598,-0.004841959855382191,-0.004143462011346978,-0.0034141749128072654,-0.0026868040432241986,-0.0012181226564447882,0.0006098059363009451,0.0005662277822026965,0.0018765246785081798,0.0030798930661601297
2021-05-20,-0.006722035152226294,-0.0069231757280896885,-0.006859040636313816,-0.0066028286685459155,-0.006122664460750387,-0.005558616419390145,-0.004911924918596523,-0.004227109399028008,-0.0035155333081934225,-0.0028104349249709745,-0.0013846720620245337,0.0005453891542163456,0.0004784636852909354,0.001840877448266191,0.0029902931899568473
2021-05-21,-0.006726149490942647,-0.006917808777359342,-0.006847513456343813,-0.006586414929447269,-0.006110728043453838,-0.005550501675518317,-0.004915944808769573,-0.0042493420698115235,-0.003556001863797677,-0.002864986040004292,-0.0014644820903754146,0.0004889622461547061,0.00035472364865098897,0.0017502087723807215,0.0028732687577180376
2021-05-24,-0.006734174436663797,-0.0069252845022186845,-0.006861691496930344,-0.006603484105172107,-0.006123123224800339,-0.005558543908336166,-0.004910301418737183,-0.004223421006988565,-0.0035049518569541657,-0.002784835474051997,-0.0013244296820694617,0.0005719183029840254,0.0004256414933863748,0.0018465561682189453,0.002979078510856756
2021-05-25,-0.006687112321413701,-0.006899442237473342,-0.006840579434388689,-0.006579579286282985,-0.006089626548533846,-0.005519752577511472,-0.004873910102191912,-0.0041958902878609095,-0.0034907073540644566,-0.002787405133684268,-0.001365141001551193,0.0005566498632581516,0.0004072519554246774,0.0018382476852141488,0.0029587919200243784
2021-05-26,-0.00670478160046109,-0.0068843424383254,-0.006803061705598116,-0.006530108289808776,-0.0060390044573460245,-0.005464847163622552,-0.004809533816805266,-0.004120360084635517,-0.003403687329254698,-0.002694822169712281,-0.0012629051582643625,0.0006472720052845143,0.0005334398435324724,0.0018986322665269974,0.0030517972936403353
2021-05-27,-0.006669990621661558,-0.006838383264564665,-0.006738834558235742,-0.006441518874857492,-0.0059265289686841974,-0.00533188626373429,-0.00465976351423049,-0.003958485241162151,-0.0032324208204668105,-0.0025148987869669107,-0.0010668394728109705,0.000836805892828636,0.0007040673540647214,0.0021473394247979007,0.0032582401318226413
2021-05-28,-0.006675163526125999,-0.006783330308841512,-0.006611718811385899,-0.00624644238597809,-0.00567472328133689,-0.005032605077074187,-0.004321326468012707,-0.0035919926029533084,-0.002845814035293609,-0.0021336664033609395,-0.0006968551996236067,0.0013131348308288442,0.001219867988950344,0.0026758886977960865,0.0037748380498715812
2021-05-31,-0.006661018109430337,-0.006818316445112572,-0.006697234659663318,-0.006374689224298197,-0.005823919289627522,-0.005190750172840953,-0.004481377763298931,-0.0037467669304541394,-0.0029944489878842503,-0.002265746326002527,-0.0007995831416558558,0.0011310100767941756,0.0011114270130878304,0.0025470183983169145,0.0036647445488249383
2021-06-01,-0.006688587240840096,-0.006854285656699623,-0.006735235011594353,-0.006415396084961159,-0.00586917076848421,-0.005225406813875982,-0.004512420229117136,-0.003790392839032582,-0.003058034654730656,-0.002374580392750853,-0.0009944980104541323,0.0010902357970695867,0.0010846099738886321,0.002517477072526396,0.0036154557647501617
2021-06-02,-0.0067039724173145404,-0.006916249913314975,-0.006864458578665803,-0.006607545474107168,-0.006104488874906302,-0.005489163634095036,-0.004794204404952485,-0.00408252219300249,-0.003354855059768974,-0.0026618984069843423,-0.0012603018639509168,0.0007699418274319229,0.000665471020855081,0.0022073042820144376,0.0032339192043661304
2021-06-03,-0.006730385154920455,-0.0069409245937736615,-0.006866972290448295,-0.006583483257896163,-0.00605994810869271,-0.005426184841817194,-0.0047083209907322,-0.003978472167576973,-0.0032424264776273926,-0.002563697592950978,-0.001195607991394806,0.0009317937643376509,0.000823531773864327,0.0023411459838710807,0.0034177275548811126
2021-06-04,-0.00673886467305867,-0.006946048829305064,-0.006875077192597589,-0.006594873814130009,-0.006070602619073089,-0.005437208568134958,-0.00472430446170649,-0.004002805474927164,-0.003274366286787613,-0.0025944586957467536,-0.0012206721682148525,0.0009119633858117954,0.0008376963432980818,0.002334253902108833,0.0034282542881951756
2021-06-07,-0.00672049795955656,-0.00691250359801797,-0.0068304978261530674,-0.006542382824135637,-0.006022771177942506,-0.005399461729292694,-0.004696376597245232,-0.003978349851730896,-0.0032460813553191427,-0.0025521138187501466,-0.0011497312561954188,0.0009572454689537397,0.0008877801595834421,0.002362448171817877,0.003474650475024991
2021-06-08,-0.0066948331525285764,-0.006885753944470458,-0.006792215276504365,-0.006487086515144173,-0.005936596522952916,-0.005284643258979785,-0.004557493560686465,-0.003822708944042489,-0.003079851172261883,-0.0023746555258747906,-0.0009487496072955762,0.0011307430080099022,0.0010655345328703313,0.0025654960106053335,0.0036578684240533565
2021-06-09,-0.006577745957813131,-0.006690958393423964,-0.006510727662379799,-0.006122941222126172,-0.005512792380283614,-0.004810135574344504,-0.0040492383201756995,-0.003291704332506074,-0.0025312170611143116,-0.001823688781221789,-0.0003971464388917525,0.0017146770167746222,0.0016235509651471107,0.0031445293846969237,0.0042896393684253254
2021-06-10,-0.006481506312760266,-0.006555434483838134,-0.006337477747384415,-0.005913450991837426,-0.00527215906204757,-0.004545332456652537,-0.0037672443131444447,-0.0030006377118282257,-0.0022319262402312376,-0.0015174670712732876,-7.099647423345572e-05,0.0020353683143305595,0.0019842162712600175,0.003468038743179865,0.004598999129734031
2021-06-11,-0.006483066062080561,-0.006538472742588427,-0.006296139183147724,-0.005836981707212578,-0.005180438098563581,-0.004442333730419933,-0.003660869443835057,-0.0028937747343804176,-0.002126154499811675,-0.0014083434904671923,5.211517834062603e-05,0.0014611827543146224,0.001997459447112839,0.003426477358240474,0.004588040306996218
2021-06-14,-0.006440024772186376,-0.00652385907604495,-0.006303109369327668,-0.0058576238240686095,-0.00520132271047843,-0.004468036704921858,-0.0036980993216779593,-0.0029494163615981024,-0.002200182375285505,-0.0014927176567965377,-5.2877762784125884e-05,0.0013980677994632768,0.0019099514527801801,0.0033866323127526967,0.0045327867052866915
2021-06-15,-0.006442150667976165,-0.006512244434481282,-0.006277006797401274,-0.005819052778048303,-0.005159743911063805,-0.004420856304529547,-0.003639036580464229,-0.0028726164430736595,-0.0021035128283271873,-0.0013832246990869133,8.059653882812468e-05,0.0015275480865136605,0.0020557651587623355,0.0035197134098599236,0.004620488772256137
2021-06-16,-0.006455084947509071,-0.006525699580188086,-0.006285296017768378,-0.005821448605333273,-0.0051643996989802175,-0.004431800290236437,-0.003650308012668748,-0.0028741184368609517,-0.0020892135025434152,-0.0013632752663172722,0.00011177010637893966,0.0015711798875591026,0.002090335263904997,0.0035601380041300453,0.004680276180740306
2021-06-17,-0.00647590010940667,-0.006516444509432668,-0.006257896867259166,-0.005789700146316755,-0.00513789815001671,-0.00441731047128161,-0.0036467339948351224,-0.002881786556497154,-0.0021060035622644593,-0.0013780344994696902,9.94769863752846e-05,0.001512369929558727,0.0020191671372074044,0.003468643626754771,0.00456501151450776
2021-06-18,-0.006488448595659231,-0.006511193173065098,-0.006238268357092088,-0.005751262735462371,-0.0050941966013784415,-0.0043657041117284535,-0.0035908385085698692,-0.002824300445678371,-0.0020462935260472607,-0.0013323079781842734,0.00011886140869728603,0.001488263097811559,0.0019853565128278533,0.003395323272118047,0.004511028748997549
2021-06-21,-0.006570613992879053,-0.006604373933273105,-0.006362359669234751,-0.005917042709578619,-0.005299566038678265,-0.0045985864642834,-0.00383268123330105,-0.0030619482871134833,-0.0022781307102767417,-0.0015577946149748368,-9.016557356748768e-05,0.0012769284576699387,0.001834983875120744,0.0032409532356175125,0.004346303709005585
2021-06-22,-0.006549046321527138,-0.00660109201561731,-0.006387019470646163,-0.005964317128067327,-0.005348467044717784,-0.0046422114346166025,-0.0038741427381542475,-0.003116658232310245,-0.0023518119657000274,-0.0016541185830655691,-0.00023462731685319353,0.0012278012761543675,0.0018038362699905246,0.0031884230607113558,0.004306153582165493
2021-06-23,-0.006511226973316621,-0.006630727341363348,-0.006489413537808761,-0.0061338146230787175,-0.005561988943685298,-0.004886783531028997,-0.004133394528774079,-0.0033779056699419652,-0.002613312114553437,-0.0019151225930913766,-0.0004936842747330621,0.0009881374589996758,0.0015369073543104563,0.0029814762537047927,0.004087051007309978
2021-06-24,-0.006537470774170255,-0.006703975899285688,-0.00661032119150912,-0.006302240983382611,-0.005774288224503961,-0.005146422093408484,-0.004440431239361992,-0.0037175710604124166,-0.0029769859865610175,-0.0022796842920541713,-0.0008637378811715586,0.0006121770184111414,0.001161792971687177,0.0025682114454587007,0.00366525449539016
2021-06-25,-0.006518149214424772,-0.006638500237253507,-0.006492837036986495,-0.006132833130433205,-0.00556373407857417,-0.004899388698469538,-0.0041618577102529135,-0.0034153048728310844,-0.002655918704682389,-0.0019515671821715068,-0.0005179157125268541,0.0009819217201219588,0.0014952453364755714,0.0029609468396883665,0.0040534814261006255
2021-06-28,-0.006577616051555879,-0.006682814673606707,-0.006542977660270088,-0.006195895086363985,-0.005635719254973613,-0.004975475432874946,-0.0042346349774993125,-0.0034863339640789203,-0.002729854603532249,-0.002035237896974834,-0.0006250838711601621,0.0009380355674801029,0.0014779735610934081,0.0029392031791669673,0.004042180632159411
2021-06-29,-0.006567912090443646,-0.006680988586449343,-0.006528510253271379,-0.0061633577617485795,-0.005593305387897707,-0.004924279074332644,-0.004186195754424157,-0.0034395057396520855,-0.002685814308264633,-0.0019902974289516366,-0.0005773158833952349,0.0008948011131903037,0.0013969901958399413,0.0028256210613067743,0.003917424878405407
2021-06-30,-0.006511636718163395,-0.0066673873585488316,-0.006538336645768636,-0.006180383147885242,-0.005603231197169566,-0.004921858600292631,-0.004167209662533755,-0.0034149010415739445,-0.002658518097437089,-0.001975286781050332,-0.0005860376843027425,0.0009625531537427798,0.0015111486453469791,0.002970991600437706,0.0038512003529732153
2021-07-01,-0.006552371481612386,-0.006718962031536997,-0.006621037991107113,-0.006299406617469089,-0.005748659465573439,-0.005082739706244326,-0.004340609727238283,-0.003605729318551902,-0.002871564499898042,-0.0022132280037062265,-0.0008751477108234224,0.0007442617962358115,0.0013185821996267008,0.002774084580795915,0.0036349949607905304
2021-07-02,-0.006527214254851208,-0.006703769213795616,-0.0066035188190541085,-0.006275288712633343,-0.005706879501804486,-0.0050203258244621825,-0.004249595610755941,-0.0034843358218604723,-0.002724139512281629,-0.002050040194684786,-0.0006780376268882681,0.0008936899828157985,0.0014725247993932842,0.002929350710081488,0.003798611003671727
2021-07-05,-0.006573985021247762,-0.006765532748470027,-0.006707312783077091,-0.006423222988187453,-0.005887317173632911,-0.00522166674302198,-0.004465976167151718,-0.0037168409314807366,-0.0029768401022369257,-0.0023262221135096866,-0.0010023350569980435,0.0006117577696038749,0.0011599275972638621,0.0026769934734902244,0.003542334392596174
2021-07-06,-0.006513319908865333,-0.006705972426560133,-0.006639675125899729,-0.006347174581069031,-0.005797718406955896,-0.005127282315995036,-0.0043702381864557304,-0.0036223758104294234,-0.0028802373188892257,-0.0022226610622551888,-0.0008835028179869579,0.0007051007702619501,0.0012203413143045308,0.002627787805423032,0.003534054320813378
2021-07-07,-0.006526509111601161,-0.006728555697064885,-0.006673134624078157,-0.006396228527622791,-0.00587168726010668,-0.005224593891427918,-0.0044910629818542365,-0.00376412329913678,-0.0030436621933944905,-0.0024058856115985487,-0.0011085137457666496,0.0005281084057682856,0.0010292812605457431,0.0024407473588235456,0.0033283288810528515
2021-07-08,-0.006591842779427475,-0.006802237522067349,-0.006776881965708682,-0.006536850568747966,-0.006050385702736848,-0.005433780194748816,-0.004714949454926706,-0.003995378298418425,-0.0032807676983153296,-0.002659633389037662,-0.0013943400316299606,0.0002890787732918058,0.0007841911402717966,0.002235211208300254,0.0031290080631342777
2021-07-09,-0.006631766625982322,-0.006841707334366998,-0.006805240245164402,-0.006541546119465505,-0.006026795191209378,-0.005388421365723431,-0.004651589286882893,-0.00392547627377276,-0.003206718397359107,-0.002598070166970015,-0.0013612023242603496,0.0003990596684238917,0.0009487485708733441,0.002384186830007676,0.003293125229981229
2021-07-12,-0.006658409246623654,-0.006884116105409318,-0.006857359436812314,-0.006616553940684693,-0.0061271786104015735,-0.005516558744911097,-0.004814789323778628,-0.004122286925750866,-0.0034342032228007724,-0.0028354911223404046,-0.0016257714075233174,9.909088981203538e-05,0.0006707179045972878,0.002101995408080054,0.0030042318316042065
2021-07-13,-0.006623355531183721,-0.0068114807960757305,-0.00676594038561008,-0.0065111559755940745,-0.006014581099656316,-0.005398575748604838,-0.004689276460233147,-0.003981245953232613,-0.0032776548178491405,-0.0026664676275235406,-0.0014307202262923502,0.00025895531942763295,0.0008546927188971633,0.002261860134458811,0.0031573632592455836
2021-07-14,-0.006597092456828021,-0.006771726094396884,-0.006702820519384401,-0.00642274811655989,-0.005908575174305633,-0.005275583877964668,-0.004551044759312858,-0.0038274643422428717,-0.003105877069254328,-0.0024752676083552284,-0.001198647766632246,0.0004063171112766946,0.0009793201478148195,0.0023948029630685413,0.003289143899689638
2021-07-15,-0.006609098786669446,-0.006794561714257921,-0.0067391670946596776,-0.006474281443904799,-0.005971113602417208,-0.005347054890382164,-0.004628413033484634,-0.003908920616849554,-0.003189663703040013,-0.002560450963328274,-0.0012845684103133955,0.0003230339530654697,0.0008729538778853019,0.002320758035393628,0.003199626669654326
2021-07-16,-0.006640981700496154,-0.006761400746237605,-0.006656582561001938,-0.006349972582331078,-0.005831395754861287,-0.005203146993586787,-0.004499881041364977,-0.0038025678126961593,-0.0031015060311653762,-0.0024726634717933105,-0.001196462861201091,0.00032790106756193284,0.0008170112441697135,0.002197917636046827,0.0030805663947345635
2021-07-19,-0.006625858428803743,-0.006767305061317857,-0.006658853040677719,-0.0063409432355292245,-0.005837525002218456,-0.005233775578839591,-0.0045651741847324056,-0.00389616461455035,-0.0032162726968833462,-0.002600295588051617,-0.0013495704629162464,1.5070578011797743e-05,0.00041261206035247673,0.0016947062733809754,0.002589314498303194
2021-07-20,-0.006610307028081757,-0.0066334634843126464,-0.006457574277677819,-0.006099137829333895,-0.005561004260451104,-0.004940270653796112,-0.0042706374924912525,-0.0036166345525508294,-0.0029570681665868777,-0.002354816406286644,-0.0011362164019844052,0.00036377303490900696,0.0008258666439563631,0.002142751193753862,0.0030339146773534185
2021-07-21,-0.006628535170201569,-0.006619093887988616,-0.0064177388391823504,-0.006038862251322319,-0.005475234480962798,-0.0048310052814663045,-0.004145854231735286,-0.0034833158572403996,-0.002817107454995977,-0.0022010108733489047,-0.0009531863268654006,0.0005556176319022062,0.0010116914874516304,0.0023425987256570266,0.0032729003757215767
2021-07-22,-0.006642084574440813,-0.00664291937873051,-0.006474193867869109,-0.006134160592779419,-0.005602326485308634,-0.004975825690841612,-0.00429533829368752,-0.0036332209962561465,-0.0029698826686549084,-0.002370933522255838,-0.0011543486424411093,0.00045111083060878765,0.0009177056960037192,0.0023149447112858893,0.0032022743609866084
2021-07-23,-0.006664385491222245,-0.006668527668213773,-0.006505624676405371,-0.006171767267374115,-0.005666145666408611,-0.00506272415160162,-0.004404272215823502,-0.0037545769456504897,-0.0030951394886668715,-0.0024921513437802987,-0.0012629999253922005,0.0003124489682013271,0.0008270052571437317,0.0021805751817550695,0.003060639543891158
2021-07-26,-0.006652467454779064,-0.006598626231516332,-0.00637192885460297,-0.005980581248590484,-0.005437648622676341,-0.004811226886260658,-0.0041234256458217815,-0.0034448306199130513,-0.0027579274366391895,-0.0021561371125530947,-0.0009277483796853664,0.0007278356450330942,0.0012105080571582865,0.0026655571456349132,0.0035468837233796516
2021-07-27,-0.006685675128778689,-0.006668766790095849,-0.006477786127517315,-0.00612496432138534,-0.0056122366187181935,-0.005012653446724085,-0.004349566081131443,-0.0036896863754583486,-0.003020654487802984,-0.0024168181569962106,-0.0011889762751360927,0.0004261757559618999,0.0009506043992262333,0.0023665462171082786,0.0032547467858822926
2021-07-28,-0.0066702624132585694,-0.006661117829172594,-0.006462083362508057,-0.0060913845585478694,-0.00555617240875763,-0.00493152053279532,-0.004248587687648692,-0.0035759462795667777,-0.0028981478304438016,-0.0022885331277110433,-0.0010461211958646649,0.0005720189149896172,0.0010573742264751895,0.0025140043423427325,0.003365242774835109
2021-07-29,-0.006654153746495091,-0.006694294495365163,-0.006557174373324926,-0.006246142397753164,-0.005741755944648078,-0.005154193260310191,-0.004505479200893332,-0.0038653863359439664,-0.003212668986102052,-0.0026117810989879863,-0.0013904078713374395,0.00018465426504846996,0.0006658439969203454,0.002094605459275046,0.002982157180518027
2021-07-30,-0.006796123650769015,-0.006787963271772178,-0.006627492044709493,-0.006301758532721231,-0.005790077997965121,-0.0051815794124621326,-0.004530007762959927,-0.003868347045335983,-0.0031609655430850803,-0.0024197762384941778,-0.0005993786938423435,0.0002210219587148246,0.0007711047183832798,0.002179653766194096,0.003085453845396128
2021-08-02,-0.006768260214591215,-0.0068266648670225,-0.006715112255586692,-0.0064247925111780456,-0.005943110845265857,-0.005376265205934697,-0.004768263501463101,-0.004148744332463693,-0.0034641315936729524,-0.002721581149974292,-0.000861124546260244,-9.495113474448503e-05,0.00042166947942368137,0.001889159986685868,0.002782910675610423
2021-08-03,-0.0068093155676855425,-0.006777768544753773,-0.006607767412361857,-0.006281408742011604,-0.005795071300614847,-0.005218855624344112,-0.004602614774092774,-0.003967417511855464,-0.003270830392218929,-0.002527757969321892,-0.0006637825380996895,0.00010698756596941338,0.0006237587196314015,0.0020873999863706785,0.0029939690253418944
2021-08-04,-0.0068624889474343245,-0.006903370885800808,-0.006812755446416071,-0.006559900839543025,-0.006129910431417786,-0.005602959639767037,-0.005032427001768128,-0.004426328667336697,-0.0037483799848539224,-0.0029998147544011483,-0.0010996941351421692,-0.00047169860957286137,-2.5097131175779393e-05,0.0014130753650115756,0.0023218305145956256
2021-08-05,-0.006847522690738731,-0.006921315476181769,-0.006874506664379529,-0.006668395162183481,-0.006271255226844588,-0.005782321174494628,-0.005243843155933451,-0.004682920201685235,-0.004056272331439628,-0.0033722072660765765,-0.0016433675630889162,-0.0008811137804056638,-0.0004321306711305826,0.0010224055890770837,0.0019173956415273646
2021-08-06,-0.006893761566810705,-0.007012406139170722,-0.007000189549091674,-0.006826342231478155,-0.006450683973495252,-0.005980408171675134,-0.005456240461561278,-0.00489947296932464,-0.004267882899092073,-0.00356347814586455,-0.001758313701664741,-0.0011141798636873604,-0.0005484008602148301,0.0007744636668179093,0.0016833995587498423
2021-08-09,-0.00677429057788731,-0.006910507141544485,-0.0068878986834447166,-0.006687798387255503,-0.006292409097908685,-0.005794935538136981,-0.005238798678005548,-0.004647225147716132,-0.0039890764043754995,-0.0032756532873951896,-0.0014690669593664385,-0.0007235926080060912,-0.00018555708403574084,0.0012198433201849647,0.0021578079278113875
2021-08-10,-0.006719222134423319,-0.006888601617560949,-0.006890016017567147,-0.006711691110865001,-0.006336224846700502,-0.005857786482945122,-0.005315340621143798,-0.00473048109985668,-0.004073679830832017,-0.003362084041347699,-0.001550526324490446,-0.0008055952178134093,-0.00029649527234202217,0.0012011613624207254,0.00204791929360273
2021-08-11,-0.006708508388880398,-0.0068788395383996845,-0.006888797074038688,-0.006722655146917578,-0.006335598114420648,-0.0058467529783428705,-0.005294418617570773,-0.004720495634538393,-0.004085661658015717,-0.0033992029479971075,-0.0016575628282526325,-0.0008113704680522813,-0.00035721758575987605,0.0010703580464019873,0.002024031807260573
2021-08-12,-0.006757467602102219,-0.006919473039707247,-0.006948163831364033,-0.006797918402670176,-0.00642879425363012,-0.0059479774323716985,-0.0054043502753104685,-0.004831660958976503,-0.004193695089039066,-0.0034987499056123384,-0.0017174144080343505,-0.000949998780206404,-0.00044866189276361807,0.000985513261508942,0.0018643865989031397
2021-08-13,-0.006741947195881019,-0.006972565286715302,-0.00702573702876947,-0.006875808321197908,-0.006500616837132561,-0.006024401624821193,-0.005497113784967649,-0.004946657805277568,-0.004326754131442218,-0.0036476955994794334,-0.0018919255140792941,-0.0011482782983642918,-0.0007017798380429604,0.000711475168217618,0.00161356981457916
2021-08-16,-0.00682780175324044,-0.007045423322877423,-0.007103576722553183,-0.00696570952146642,-0.00659622436948472,-0.006126346411889732,-0.005621808014984469,-0.005097451553351387,-0.0044981885034578745,-0.0038164050383920666,-0.002003922671353362,-0.0013492089150440867,-0.0008790331861992015,0.0004993356177868781,0.0013894212503225633
2021-08-17,-0.006856194140446423,-0.00711189916890977,-0.007213777005506281,-0.0071252967367396,-0.006798689263929547,-0.006373278767702927,-0.00591706025670596,-0.005433253209682246,-0.004869398352857742,-0.004197958590708121,-0.0023930035483767675,-0.0018232060859432397,-0.0014191976915952482,-6.743092530867077e-05,0.0008228543006396995
2021-08-18,-0.007039829170489568,-0.007330576949526558,-0.007451898060396334,-0.00737823666514317,-0.007054263283980211,-0.006629393469406428,-0.006150043370077575,-0.005652252516416524,-0.005092314233880477,-0.004461858248626817,-0.0028173788946878084,-0.002077309717975243,-0.0016996776816624996,-0.0003466390673124634,0.0005299614275366838
2021-08-19,-0.007053188135871496,-0.007336194704196383,-0.007441004748367117,-0.007345012217009701,-0.006997782177862823,-0.006538704554595771,-0.0060230737009520805,-0.005480883654668764,-0.004877303524077977,-0.004206052188891089,-0.0024741854753184377,-0.0018240972310816115,-0.0014185569820648028,7.419040246682727e-06,0.0009019936306001758
2021-08-20,-0.007072021702183988,-0.007394658866211475,-0.007532690126012383,-0.007464524945276975,-0.007129570834583084,-0.006686253977173102,-0.006194149119019961,-0.005684480808681602,-0.005109525812789769,-0.004452889484458385,-0.0027267940512078126,-0.0019969793871220127,-0.0015715837215596344,-0.00019335541083129472,0.0006694087644035476
2021-08-23,-0.007156045904563224,-0.007440993328945767,-0.00755647998259864,-0.007472836542769829,-0.007135304855778604,-0.006687357816181299,-0.006186495946125898,-0.005655931473760119,-0.0050597458050448026,-0.004388513946657754,-0.0026428473479104685,-0.001959515780424193,-0.0015099776616135782,-0.00013005861543399452,0.0007418664954438676
2021-08-24,-0.007207860585326647,-0.007488294002022613,-0.007589444440024379,-0.00748864605405893,-0.007133614535805838,-0.006672936179888299,-0.006160711299938707,-0.005623008580518247,-0.005021738950309961,-0.004346474334285893,-0.002601731745511607,-0.0018996870824838595,-0.0015183565967541485,-0.00014038538028316241,0.0007529190865863391
2021-08-25,-0.00732705408373033,-0.007619852103150011,-0.007749084613675841,-0.0076741631367137145,-0.007335749117121258,-0.006892388298408659,-0.006395246063560814,-0.005874635520237824,-0.005282705371172526,-0.004612272941284091,-0.0028732659812565667,-0.002136710525145151,-0.0017341401928468944,-0.0003662563160473863,0.0005130080535344985
2021-08-27,-0.007381922495560877,-0.007705066661031225,-0.007855393357580833,-0.007797302364279477,-0.007467029161963303,-0.00702403638049577,-0.006513033020025944,-0.005975728864568001,-0.005374090957098458,-0.004704875957491109,-0.0029863815502217503,-0.002210445573785873,-0.0017963102073972248,-0.00043412253178061694,0.000439801303460213
2021-08-30,-0.007406030972710818,-0.007727714507396691,-0.007868460991987345,-0.007797552881094762,-0.007457831564436882,-0.007011910208142775,-0.006508572032955502,-0.0059687280891645225,-0.005359068606447414,-0.004666209867445711,-0.0028972924924697426,-0.0021901067396322554,-0.0017673330685578769,-0.00042364837791925,0.00042778174963733134
2021-08-31,-0.007436904256928,-0.007767152432857829,-0.007906441446977405,-0.007832301747067718,-0.0074946222034791695,-0.007048956797613284,-0.006544521140547885,-0.006005163042297885,-0.005398940338471023,-0.004716966993260581,-0.0029785506006111003,-0.002251375384735851,-0.001825408920186395,-0.0005183223734789793,0.00035906238358433747
2021-09-01,-0.007494807844259921,-0.00784700942720625,-0.008005932176215345,-0.007917021569457538,-0.007616234655496909,-0.0072010614029382036,-0.006730354222651072,-0.006224275195725489,-0.005632943704849853,-0.004961358380710766,-0.0032539073695531558,-0.0025140131267897626,-0.0020486427683436043,-0.0007811168442300967,8.601344058575963e-05
2021-09-02,-0.007489008521631507,-0.007863607737133217,-0.008020167094502272,-0.007930178249955316,-0.0076459334971888115,-0.007251947793227192,-0.006796772756283764,-0.006298378161265454,-0.005710850909792678,-0.00504525402816607,-0.003346226356576819,-0.002621590667378888,-0.0021921066539573437,-0.0009169719086952695,-4.985142181536663e-05
2021-09-03,-0.007509693618966044,-0.00789646497623016,-0.0080644068575751,-0.007978867859253108,-0.007690596810716079,-0.007293048809412137,-0.0068301108837713195,-0.00632962258267711,-0.005742490310510801,-0.005081491168364091,-0.003418256014103154,-0.0027542039484011343,-0.0024495383790186483,-0.0010924960783792105,-0.00019969126160904722
2021-09-06,-0.0075707428367102255,-0.007957088338414204,-0.00813593102401477,-0.008070473625265842,-0.007808186062724111,-0.007433568483252638,-0.006997471238215944,-0.006519598091713628,-0.005952503568472143,-0.005295788574011875,-0.0036159810026458847,-0.002993801437978716,-0.0025969820687872167,-0.00140643987356993,-0.0005325486583890532
2021-09-07,-0.007449330079026113,-0.007769347737494389,-0.007896453905064998,-0.007787807735478392,-0.007489883100746272,-0.007079030809263085,-0.006608850077153852,-0.0061004274979088715,-0.005503552614533161,-0.0048278232089737205,-0.003106755515459639,-0.002540063946889781,-0.0021116908182624186,-0.0008908149719982642,-4.3998781642384025e-06
2021-09-08,-0.007362368271276331,-0.007669382531019185,-0.007802236527652747,-0.007703135494147804,-0.0074157850886322485,-0.007014610380995376,-0.006564198598718603,-0.00608374001129355,-0.0055200905746001835,-0.004876805151946994,-0.003209533420925394,-0.00255470671422037,-0.0021440494408098447,-0.0009037797845173325,-9.30457594352507e-05
2021-09-09,-0.0073355171004517924,-0.007652027072947751,-0.007802710524758643,-0.007722768197502879,-0.007447287281559335,-0.007061726619806718,-0.006610276723979204,-0.006117586282455024,-0.005536686283686737,-0.004873987147367915,-0.0032161208346556582,-0.0026465604341516,-0.002191627011921271,-0.0010050790915770273,-0.0001522281213410148
2021-09-10,-0.007309626981863631,-0.0076437998043234765,-0.007795342251873476,-0.007703404377572462,-0.0074180526580867375,-0.007025756307492576,-0.0065766838981297995,-0.006089328381856006,-0.0055115634767871876,-0.004849670550755537,-0.003174752483054636,-0.002581391714157966,-0.0021279748945502333,-0.0009397130504192141,-6.188940634113762e-05
2021-09-13,-0.007329777265268204,-0.007651148542065658,-0.007768657821912277,-0.00768246349180536,-0.007425267920365983,-0.007026403382605568,-0.006577353447931927,-0.006079849104192338,-0.005513068895055056,-0.004768427078882686,-0.00319691864093796,-0.0026528561672051554,-0.0022079020776527092,-0.0009275775998188692,-0.00012016015385217799
2021-09-14,-0.007276042807582709,-0.007595503088604987,-0.007721995387291834,-0.007645713118454741,-0.007398750896186581,-0.007011564134566261,-0.006575426889478467,-0.006093080934141847,-0.005541677630853603,-0.004819633943647235,-0.003297251020619163,-0.002720837780882923,-0.0022830619190798147,-0.0010008386738063104,-0.0001850263850035152
2021-09-15,-0.0072406067047512445,-0.007581517350528939,-0.007721828382629826,-0.007665725992512059,-0.007441501141424706,-0.007075540368645161,-0.006653932510723661,-0.00617714584036346,-0.005631270162832192,-0.004908730672135754,-0.003382607445437343,-0.0028004188539660743,-0.0024009281760049546,-0.0010893517213694493,-0.00025479288551460614
2021-09-16,-0.007273352174116616,-0.007591670414108685,-0.007726585465129907,-0.007677155699032776,-0.0074631417317407795,-0.007102921051270546,-0.006680864373865162,-0.006200302377348059,-0.005653055732548301,-0.004939264043121074,-0.0034319467226639638,-0.00284104934008016,-0.002438166753034145,-0.001111727508383227,-0.0003143369171838318
2021-09-17,-0.007353504838122057,-0.007670625709557192,-0.0078076046272983575,-0.007758463667068952,-0.007544790177163372,-0.00718785132886416,-0.00677211306812857,-0.006298721307615557,-0.005758473770717665,-0.005035459067200088,-0.0035095644382921905,-0.002942634324656597,-0.0024933390710129757,-0.001230229820509656,-0.00042825580380267535
2021-09-20,-0.0073746517546555545,-0.00770112758929207,-0.007839380549233315,-0.007793629493226759,-0.007586430101177493,-0.007237063584901221,-0.006826404056442883,-0.006352286405211716,-0.0058061567216093355,-0.005073363538955043,-0.0035273430772421103,-0.0030223089962611092,-0.002591619098609075,-0.0013311920523922263,-0.0005250287111161114
2021-09-21,-0.007454161987549043,-0.007748394974055421,-0.007883761284888158,-0.00784234447593271,-0.00764243088149544,-0.007299327632172695,-0.006892955367109973,-0.006424918757490578,-0.005885313958231512,-0.005159233084405392,-0.0036301218549988044,-0.0031041550241639165,-0.002691424015742278,-0.001404593154315118,-0.0006014485313853846
2021-09-22,-0.007435307937358501,-0.007711959694850587,-0.007825794418563209,-0.0077669689578653165,-0.00755102362983609,-0.007191188032771834,-0.006760243305926476,-0.006265752229544273,-0.005702987220207352,-0.0049622164078258766,-0.0034078824750321235,-0.002888614415274284,-0.002458854786045784,-0.0011634598362142796,-0.0003505212194672744
2021-09-23,-0.00741986748874177,-0.007680068321342565,-0.007787186606974345,-0.007728416877740039,-0.007520276065881028,-0.007165013022388243,-0.006739594718623929,-0.0062446821836687014,-0.0056836588032952795,-0.004940716454555518,-0.003378725362877341,-0.002881963114224695,-0.002449961588484792,-0.001149799964159458,-0.00034281030603656114
2021-09-24,-0.007370587857436605,-0.007575587308957268,-0.007625652023420963,-0.007509830781549221,-0.007240590113143304,-0.006825012235774009,-0.006340744729374787,-0.005797387391010275,-0.005194236227862084,-0.004424216667926152,-0.002810545193700364,-0.0022891042377500316,-0.001820955293981069,-0.0004714244659415329,0.00034886300716099335
2021-09-27,-0.0073193564375975935,-0.007554631252673539,-0.007599831001669689,-0.007473979369718114,-0.007196381507163429,-0.006781175555099334,-0.006294076322621957,-0.005748828680550423,-0.005141683618728662,-0.004389554806304139,-0.0028203831420759704,-0.002241488829246464,-0.0017591765233635206,-0.0003880137687991821,0.00028647242410201313
2021-09-28,-0.007316553150518499,-0.007576247199066952,-0.007651889370007449,-0.007554649699343964,-0.007298648184480082,-0.006901013844996795,-0.006432105204383857,-0.005903499887294739,-0.0053136544149346735,-0.004561609459476286,-0.002992795347214376,-0.0024152076115879872,-0.0019424304193324598,-0.0005999978588821714,0.0002374902298519695
2021-09-29,-0.007290080597601795,-0.007433340664279543,-0.00743537626963087,-0.007282234843352114,-0.006984984443750426,-0.006548672793818104,-0.006047468994393325,-0.005495043482716107,-0.004888807875885868,-0.004131446371189952,-0.002550970328297223,-0.001963907653184078,-0.0014634051704998153,-0.00010505686707344747,0.0007200162418421746
2021-09-30,-0.007228042571434163,-0.00738635955123838,-0.007396824726879137,-0.0072484556101262854,-0.00694742247190796,-0.0064897395917651885,-0.005955338540927542,-0.00536467774568447,-0.0047280255319102574,-0.003950109689288029,-0.002329761370217794,-0.0017403464955154271,-0.001234393212992384,0.00019878269599078773,0.0010627372539831071
2021-10-01,-0.007239798495096688,-0.007443325618095415,-0.007502301908346827,-0.007382650795275119,-0.007092264870536093,-0.006631120858547466,-0.006095246231818279,-0.005511901754325223,-0.004886152283897434,-0.004117556121754403,-0.002517904957142965,-0.0018628067666527708,-0.001311970147244761,0.00010133319093796138,0.0009620873299230712
2021-10-04,-0.007181648524141169,-0.007379982674454107,-0.00741015383365816,-0.007258081766143493,-0.006943688470173373,-0.006472793283777577,-0.005933348175362752,-0.005342362985859606,-0.004697945829892448,-0.0039007323611336604,-0.002246525834638029,-0.0016770057106701365,-0.0011048972957812585,0.00028742711418577757,0.001149626169202238
2021-10-05,-0.007136234777204579,-0.007351203987469127,-0.00737801446852071,-0.007228593336373505,-0.006918873225366316,-0.0064606488784482614,-0.005935869929342096,-0.005361557654241969,-0.004737870037877437,-0.003970487301189133,-0.002379206680508714,-0.001672906932298436,-0.0012122170704509392,0.00023648457407173754,0.0010986209854499278
2021-10-06,-0.007036824001618433,-0.007179502236024968,-0.007124947689340695,-0.006907112331188155,-0.006546051993017957,-0.006052598756900835,-0.005509710071064663,-0.004916383075367665,-0.004275780784795373,-0.0034845077067746227,-0.001843148813447361,-0.0012354021045547444,-0.0007278079764499432,0.0006367079976825772,0.001512915180706721
2021-10-07,-0.00704650671125372,-0.007173273127102002,-0.007113594988372286,-0.006893358007636717,-0.0065323215685443746,-0.006045409118350975,-0.005511658410200993,-0.0049283486034743355,-0.004296568866334893,-0.0035089592549088534,-0.0018776672564557403,-0.0012982891790634487,-0.000839810466141093,0.0005424248997755333,0.001422007410416387
2021-10-08,-0.007214740940003826,-0.007329997122319516,-0.007286285263805911,-0.007091491953480186,-0.006759945742062379,-0.006302615437797593,-0.005798978017035247,-0.005242982824674377,-0.004633479718609163,-0.003852155841362221,-0.0022327591008825666,-0.0016366055233760408,-0.0011828233943982395,0.00020523217712838739,0.0010939728993168345
2021-10-11,-0.007191340920968282,-0.007290941194106416,-0.007213906478419063,-0.006984997156180807,-0.006630092257228224,-0.006152113897508536,-0.0056277057711665275,-0.005049625493587383,-0.00441847493611701,-0.0036267415238986542,-0.0019873606167082215,-0.0014457873084229172,-0.0009838011684876644,0.0003714304624412206,0.0012629223591953433
2021-10-12,-0.007160516816988036,-0.007272828049176988,-0.00719158749892253,-0.006950575804047557,-0.006575995036782986,-0.0060838143957481225,-0.005548375045800486,-0.004971417499820564,-0.004342503347678686,-0.003564238408472995,-0.001953379454892522,-0.0013262079742363357,-0.0008628040172503297,0.0005605405129268421,0.0014642513853997028
2021-10-13,-0.0071465452088034205,-0.007278046212366535,-0.00721640260627584,-0.006985349868204228,-0.006615341634857388,-0.006127390919546326,-0.005603477898570003,-0.005039775461917043,-0.004425990185511229,-0.0036526114448184187,-0.00205059125053985,-0.001400365429400558,-0.0008666042729023509,0.00044383266608973867,0.0013415949023915128
2021-10-14,-0.007127665518014298,-0.00725259686072607,-0.007172589620420338,-0.006913310244086409,-0.006513991899169963,-0.0059986143535052895,-0.00544821076440574,-0.004856853720118495,-0.004217131606003576,-0.003415468604163513,-0.0017584811166314566,-0.0012001318967834074,-0.000589249939960457,0.0006971372838638258,0.0016077436792950068
2021-10-15,-0.007185879089167706,-0.007273448251177613,-0.007164541143683292,-0.0068797652233235015,-0.006463325831618314,-0.005934118170054491,-0.005374991267878347,-0.004776786865246932,-0.004127939234078413,-0.0033169238826405894,-0.0016434203796656243,-0.0010659669524322498,-0.0005173689802235322,0.000784652450615659,0.0017090032370615002
2021-10-18,-0.007150668522366117,-0.00724704227836737,-0.007110337275922614,-0.006784101170644383,-0.006318619860437404,-0.005746829449883258,-0.0051562480422599035,-0.004537217573104551,-0.0038693325031517937,-0.0030470295015378413,-0.001352272702280563,-0.0007999900810360117,-0.0002546148754138463,0.0010882496919171446,0.0019865748535890884
2021-10-19,-0.007226563048808832,-0.007360961336725166,-0.00726139244901346,-0.006971475842007043,-0.006541067897907662,-0.006003108985646237,-0.005438917460214332,-0.004840585925157629,-0.0041907257428965,-0.00338165369039689,-0.0017162272716056799,-0.0011869157452802643,-0.0006405323204684512,0.0006539661912691196,0.001583344592921919
2021-10-20,-0.0072145292729481475,-0.007387220008919025,-0.0073182223451183255,-0.007040151153564958,-0.00660702167233013,-0.006064733082433008,-0.005515339195118934,-0.004938815064251353,-0.004310720841242781,-0.003499514619475525,-0.001828505488588367,-0.0013106724096376852,-0.0007388978817422876,0.0005109417336377118,0.0014262506297840125
2021-10-21,-0.007190688113923937,-0.007328023028201565,-0.007247889322619738,-0.006965916073854239,-0.0065313945279833205,-0.005989223380745708,-0.005445153966468763,-0.004880055265602464,-0.0042664417792458425,-0.0034759104672562563,-0.0018479660482366596,-0.0012743197179387248,-0.0007127623486780059,0.0005435259766617429,0.0014308680244065255
2021-10-22,-0.007101705486754923,-0.007123281486423353,-0.006928053776169891,-0.0065574658489996026,-0.006058412194030911,-0.005472806310574775,-0.004898311005726514,-0.0043061210067688,-0.0036687345118360617,-0.0028475025253415416,-0.001158230201045173,-0.0006936514089816125,-0.00015737663194063928,0.0010854245312555643,0.001985438204337478
2021-10-25,-0.007071526785045284,-0.007078869174661732,-0.0068622656407438505,-0.006455267551827873,-0.005907678331595921,-0.005270529598005649,-0.004638996807986508,-0.003999287580065149,-0.003317958981450255,-0.0024764962855030803,-0.0007486866652163694,-0.00024967245191384683,0.0002842721729265427,0.0015286197055982315,0.0024031640487422235
2021-10-26,-0.007053335368144985,-0.007055901781231763,-0.006817640443979393,-0.006388156583963471,-0.005819552775291793,-0.005167837094153648,-0.004539918703377363,-0.003911637172470118,-0.003246123697447785,-0.0024080307026704555,-0.0006896520914502833,-0.00021640792529969906,0.0002853872918399654,0.001539135015502158,0.0024224207581901767
2021-10-27,-0.0070408043210079515,-0.007047742094641998,-0.006786945337396502,-0.006321709524731957,-0.0057126942992354,-0.005028895252585586,-0.004380930738402457,-0.0037428208150176072,-0.0030644727140357927,-0.0022093110762327027,-0.0004527649549165388,-0.00011746504681277394,0.0002999277536265049,0.0015456805340298037,0.002457630756689224
2021-10-28,-0.0070650721143286,-0.007075909941289227,-0.006839618606712399,-0.006402675995511843,-0.005820487130617969,-0.0051551042597111655,-0.004516840416674107,-0.00388123343449854,-0.003208986211554074,-0.0023677470671022937,-0.0006428514041704756,-0.0002590381478038646,0.00023848904117606713,0.00143378507483151,0.002307371264907637
2021-10-29,-0.00702678473029123,-0.007031941979092441,-0.006781612618567069,-0.006318267654382477,-0.005701273610096924,-0.0050007779148623826,-0.004327208185805838,-0.003666385074505534,-0.0029741368444535614,-0.002129139772275537,-0.0004026903459910891,5.973200444266155e-05,0.0005963136776612248,0.0017890523958980743,0.002676918180006101
2021-11-01,-0.007109892417572479,-0.007171618890443423,-0.00696124671760256,-0.006535192161435883,-0.005949752993494954,-0.005272022522110982,-0.004616476503571147,-0.003965556284179759,-0.0032848253139823734,-0.0024936564719458794,-0.000842531434034267,-0.0002719641740359166,0.00030040430079820497,0.0015512275986875863,0.0025128757513962485
2021-11-02,-0.0071497670342234605,-0.007203417144241933,-0.006977109006449811,-0.006528227125785883,-0.005921017424538393,-0.005219575253177557,-0.004543250538573259,-0.0038734848398901765,-0.003178774938377227,-0.002381620555672154,-0.0007207506956468932,-0.0001742476894844931,0.0003976932100803973,0.0016639429959393042,0.0026777109137420597
2021-11-03,-0.007144652592556354,-0.007137965401746719,-0.006855948387931826,-0.006367044153456402,-0.005740393499178968,-0.005021099094609451,-0.004321769017867895,-0.003627020597385264,-0.0029085666584127835,-0.0021009109973208514,-0.000420109857153265,0.00013176297270480695,0.0006941439752276293,0.0019892731976405603,0.002971946002485393
2021-11-04,-0.00707820245944091,-0.007082903794051003,-0.006802928851440513,-0.0063107132052165,-0.005679191190160084,-0.004956519231789535,-0.004264660955995724,-0.0035786763107011734,-0.0028708064924114836,-0.0020683329852799084,-0.000396274393756661,0.00010902807692167713,0.0006671494830810835,0.0019441765613620726,0.0029681990597599578
2021-11-05,-0.007157979618442957,-0.007179298393306263,-0.006903644541920358,-0.00640853959380323,-0.005766033958438012,-0.005033282038073068,-0.004326270986642933,-0.003628253226769129,-0.0029077119324702944,-0.002099098204194195,-0.00041966025454878415,0.00013142551893789462,0.0007412929584831147,0.00203794458110639,0.002998985023514381
2021-11-08,-0.007195677509126592,-0.007118227795386568,-0.006768322987661819,-0.006220222066815679,-0.005542183340859705,-0.004784377134486316,-0.004063921201781444,-0.003353619281575877,-0.002620069147569037,-0.001789570028090865,-6.449099850559433e-05,0.0003892088700073483,0.0009683552871860273,0.0022620208881940283,0.0032176957794000515
2021-11-09,-0.0071514699807188374,-0.007005407146190079,-0.006597283582865181,-0.006001347469660714,-0.0052979625914189,-0.004528210129804704,-0.0037991965717697504,-0.0030822958789358725,-0.002338910798728349,-0.001515076659343926,0.0001955748749707561,0.0006619632808445024,0.001245311975530157,0.0025264358438313477,0.003512763293552653
2021-11-10,-0.007080413212674143,-0.006881186436459909,-0.006420413508316383,-0.005774265134113614,-0.005032539715922037,-0.004242455462621221,-0.0035094958259670197,-0.0027974648292296914,-0.0020588536610046905,-0.0012336938027639162,0.000479199372639075,0.000847028432151447,0.0014209287733300228,0.0027061855127200945,0.0036447397178923416
2021-11-11,-0.0071005526979597494,-0.0069043942001769595,-0.006456738835873521,-0.005838982663596032,-0.0051371769447251595,-0.004392578048072368,-0.0037158068112608006,-0.0030592810658589898,-0.0023711568721563785,-0.0015858963610438552,5.110097706093088e-05,0.0003231893299125375,0.0007618068046315134,0.0019874609004294115,0.002901248504911851
2021-11-12,-0.007205678382474566,-0.007037896676861829,-0.006662401463204962,-0.006120611731150762,-0.005477483192516845,-0.004770247714009838,-0.004115562179843398,-0.0034724322763495697,-0.002803695161590292,-0.0020330411350342283,-0.0004346324046359081,-0.00014276787272016105,0.0003421020036969567,0.0015491838776967447,0.002439310045258371
2021-11-15,-0.007189830998057221,-0.007030340231158747,-0.006645544247021141,-0.006092025847543205,-0.005435119708747739,-0.004715069779888395,-0.004051642647014508,-0.003401105272359366,-0.002723747915988035,-0.0019403913087241193,-0.00031866129005948503,-0.00012251437075533914,0.000302901175213359,0.0015507815064523707,0.0024658921667888535
2021-11-16,-0.006893577379677598,-0.006659162110212625,-0.006214024626645791,-0.005629565326362815,-0.004977100349310314,-0.004286934072952758,-0.0036853241639581195,-0.0030998304952866377,-0.0024875340074847255,-0.0017595377823891954,-0.00024537210579962334,-0.00017146211691843272,0.0001333172219782942,0.001272723948578151,0.002145523014928615
2021-11-17,-0.006822518000089241,-0.006556837862150387,-0.0060533787109998995,-0.005425422623754321,-0.004735947224669628,-0.004022269040201267,-0.0033890423598133814,-0.0027757779041472953,-0.0021385042090175874,-0.0013999836372358217,0.0001369145343114053,0.0002705958927149344,0.000543418966465436,0.0017074033776714622,0.002577034843657897
2021-11-18,-0.006967789539303902,-0.006736143396723513,-0.006260070517527807,-0.005638790392433288,-0.0049415647808237,-0.004207782118290739,-0.0035467646160670238,-0.0029088086253733344,-0.0022476119185205674,-0.0014858143872902244,9.318637344404726e-05,0.00023474376630437598,0.000502634720425302,0.001771882346038919,0.0026298475647689164
2021-11-19,-0.006910881324326742,-0.006573921034096285,-0.006000801445695316,-0.005310560650832124,-0.004584532722464257,-0.0038503035271382864,-0.003204701080689263,-0.0025758205237604347,-0.0019185418372766358,-0.0011616874606513697,0.0004077739112943629,0.0003833245429044952,0.0005704656263230719,0.0017402521000460399,0.0026006541788014615
2021-11-22,-0.0070259830157171415,-0.00657803331293611,-0.005915295223861811,-0.0051791955991081695,-0.004443642572306279,-0.0037302343621445347,-0.0031102733016090986,-0.0025140393159412367,-0.0018920529647843836,-0.0011675515294597492,0.000334759433453124,0.0002938508026948332,0.00031569399386431645,0.0014627295618096106,0.0022812017729706455
2021-11-23,-0.007048057131848347,-0.006720998938745174,-0.006127114991468137,-0.005443772396200515,-0.004735595602837272,-0.0040301437145724775,-0.003385082820770086,-0.0027548787093985448,-0.002094440427284961,-0.001341769526836705,0.00021759767131556136,0.00019559556276629828,0.0003762846589802722,0.0015651471806819835,0.0023798420439903384
2021-11-24,-0.007060735840407861,-0.006707550439548637,-0.00611325168312044,-0.005434430604818311,-0.004741932129377687,-0.00404928586606417,-0.0034201506756956043,-0.0027900171940065544,-0.0021269650501721214,-0.001352010269723258,0.0002516607484930713,8.50079962758671e-05,0.0002650525558854865,0.0014113220438066508,0.0022528127481768576
2021-11-25,-0.0069097239438562505,-0.0066315900785927735,-0.006124938504737607,-0.005537704733513539,-0.004935884273161745,-0.004331026288065748,-0.0037801439169741773,-0.0032189242065859317,-0.002614861223539157,-0.0018775463885624098,-0.00035034809894457286,-0.0005789947236302341,-0.00046646295446871615,0.000563021721629921,0.0014358182548116778
2021-11-26,-0.0067922287016525884,-0.006487461447555103,-0.005957491095311712,-0.005353227791394694,-0.004732448314813596,-0.0041055093812905775,-0.003534408403966034,-0.0029643952723651485,-0.0023666361197756183,-0.0016450805379611714,-0.00015334616751281813,-0.0005356723046014489,-0.0004348640750345219,0.0005703530500763181,0.0013581354268703144
2021-11-29,-0.006465319648472713,-0.006006047377935464,-0.005364889308707663,-0.004688733449183737,-0.004043307504957614,-0.0034154831940497337,-0.002857678624749222,-0.002305971055300171,-0.001735543194319576,-0.001080550685504565,0.0002706238955458225,-0.000241335903827108,-0.0002645037914451676,0.0006550717001618724,0.0014000454296208798
2021-11-30,-0.006606238570263834,-0.006208401137309139,-0.005581236193032354,-0.004903417195513748,-0.004243239074295097,-0.00359380698503458,-0.0030003403305815363,-0.002403493301711668,-0.0017806797195006588,-0.0010674571018635477,0.00040488368892825026,-0.00019796848123568365,-0.00015984082376311386,0.0008000184846818655,0.0015275854897239453
2021-12-01,-0.007190052162088308,-0.006928074842357372,-0.0064040551175231445,-0.0057991495519669175,-0.005175503840573519,-0.0045235035144211375,-0.003895355701143134,-0.00324620363834833,-0.00257383995504506,-0.001808247605948945,-0.0002313444491652064,-0.0006583085226716067,-0.0003473822854288303,0.0007983496364432239,0.0015321205384929443
2021-12-02,-0.007073485562962867,-0.0067855335251651135,-0.006263116425799787,-0.005660293571861784,-0.005051906579619333,-0.004422065195515349,-0.003828151386090928,-0.0032035119212074675,-0.002538680754034586,-0.0017452047929714582,-0.00011042466799934502,-0.000688932872664042,-0.0005169379847143749,0.0005723410711949571,0.0012961514848252025
2021-12-03,-0.007704714255906596,-0.007373529760072914,-0.0068875265068891346,-0.006325536009569983,-0.005732313135244709,-0.005083778445158646,-0.004441858236337412,-0.003768752199361257,-0.0030639795493960747,-0.00225280063593689,-0.0005833990512105379,-0.0008435410322409329,-0.0005634297787582422,0.0006543687679695577,0.001380769397497758
2021-12-06,-0.007770498462048218,-0.007537667289465313,-0.00709115129541218,-0.006571636074135169,-0.0060465222133074415,-0.0054808586180036855,-0.004906015837383908,-0.004269119258942325,-0.0035822975183174427,-0.002771108765013502,-0.0011098603384912804,-0.0014743694629955225,-0.0012582881994956656,-0.00012068233427786536,0.0006411554070077446
2021-12-07,-0.007700835732340028,-0.007434252149305185,-0.006960884756148278,-0.006418416214280079,-0.0058741007645502765,-0.005290793467636156,-0.004699305283592829,-0.004048083380813544,-0.0033460715564891377,-0.0025138434533460868,-0.00080718381612639,-0.001171917581952727,-0.0009280772992949341,0.00021521898412095707,0.0009634645545924597
2021-12-08,-0.007895136806498027,-0.007610430433518818,-0.007128524100408148,-0.006579139003355658,-0.006044143937034714,-0.0054827384576431205,-0.004930367507844114,-0.004315746834585638,-0.0036356402775807855,-0.0027985718272873256,-0.001079808762504995,-0.001781795746321325,-0.001520087818121516,-0.000603447218807662,0.00020691612496035274
2021-12-09,-0.00781028161815841,-0.007417988554990505,-0.006834797073365541,-0.006195581368317885,-0.005608894947430985,-0.005021180433862953,-0.004476441609100432,-0.0038780991149063573,-0.003220355914858338,-0.0024252397212969506,-0.0007954678299092129,-0.0013206278196565872,-0.0012085122146531318,-0.00018698899045913617,0.0005566755088800893
2021-12-10,-0.007939634607853484,-0.007464280723464824,-0.0068099831510878535,-0.006131233786296021,-0.005533570357917122,-0.004951856102221802,-0.004408781160195756,-0.0038084402851981274,-0.003141121283946122,-0.002331112809498077,-0.000670837476832925,-0.0012657702054931495,-0.0011814372723230387,-0.0001900895052092476,0.0005368768601114987
2021-12-13,-0.008139297462296139,-0.0078037598956925735,-0.007201626525739667,-0.006530241767183991,-0.005908587748123626,-0.005296662908102401,-0.004743695015115262,-0.004110339427145052,-0.0034111958004119903,-0.002550559916713183,-0.0007847095609229049,-0.0014855593010836313,-0.0013708026880961365,-0.00026176669930465046,0.00046828497585437524
2021-12-14,-0.007988294177819906,-0.007645524542431016,-0.007035586062282075,-0.006354964695694047,-0.005730831763265625,-0.005116313402111113,-0.0045706763029771755,-0.0039462989108545975,-0.003260417299322949,-0.002423442564837714,-0.0007066912114503685,-0.00134634439278931,-0.0012024555601261228,-0.00013892178115338082,0.0005927929957751813
2021-12-15,-0.008270118883252669,-0.007815527296154083,-0.007170207477792492,-0.0064776572380015485,-0.005849075547656163,-0.005223202912065016,-0.004658220242270528,-0.004019254432819826,-0.003308854639812118,-0.002427783099005515,-0.0006176161872701257,-0.0013347992910190548,-0.0012029650602494214,-9.668026544901782e-05,0.000629087867101668
2021-12-16,-0.008179566487206578,-0.007708013574524705,-0.00708577276304466,-0.006410562145164598,-0.005773215804771188,-0.005127473727773519,-0.004553944527626204,-0.00393261529597766,-0.0032540209611304663,-0.0024182844709464335,-0.0007064581306237602,-0.001258529651993142,-0.0011044968708315082,3.7963745301151485e-06,0.0007588676318989985
2021-12-17,-0.008274645095190804,-0.00788408079811,-0.007292972930104926,-0.006624012109453279,-0.005980040401056809,-0.005336857154878773,-0.004785570546516142,-0.004193846782674557,-0.0035409782743687293,-0.002707236178878722,-0.0010046400995315705,-0.0016296873205456286,-0.0015453185238180516,-0.0004592884275017189,0.00035254911162082534
2021-12-20,-0.008429372668084145,-0.008127916251253342,-0.0076311558354518055,-0.007039319987973991,-0.006451185969870203,-0.005838291652822865,-0.005314310848365093,-0.004749985463194095,-0.004121305468840362,-0.0032835210304692445,-0.0015699395897323886,-0.0021352433506434854,-0.0020495237314999215,-0.0009357154529263667,-0.00022738310126968193
2021-12-21,-0.008042308703794647,-0.007840874197646333,-0.007377367339097473,-0.006788037801455883,-0.006191337090089368,-0.005565787352648108,-0.005031604395657116,-0.004463054249726221,-0.0038437807889379542,-0.0030502095615989114,-0.0014279937572527592,-0.0018065200004067613,-0.0017181209574010016,-0.0006045878433675564,0.00012746863863507122
2021-12-22,-0.008186759083018963,-0.007829436074809697,-0.007202712840393736,-0.00647144087612805,-0.005766113016272165,-0.005065430235772918,-0.00448660229235276,-0.0038733288509416003,-0.003196008971705027,-0.002310830331294718,-0.0005005131500920748,-0.0012054322883649495,-0.001134750504419057,-7.360152883482875e-06,0.0006867646977412635
2021-12-23,-0.008388970707693016,-0.007892624025027672,-0.007191180523603508,-0.006427406926726952,-0.0057172844519745025,-0.005004388269500941,-0.004393408941295738,-0.0037372326386452253,-0.003021567546643609,-0.0021241627759192626,-0.00028874181066053167,-0.001002112511892194,-0.0008947691022206868,0.0002538474959744546,0.001063851783004631
2021-12-24,-0.00833192727559279,-0.007833561886029945,-0.007185186868449564,-0.006503643701123224,-0.00585851243359357,-0.005200368229368583,-0.004609408964822052,-0.003976025228625848,-0.0032885393301374274,-0.002419995120180546,-0.0006477456404248425,-0.0013524706543855457,-0.001299987960327992,-0.00014859518227404732,0.000655020981448845
2021-12-27,-0.00829770363589141,-0.008027258559031296,-0.007582651925723898,-0.007064295120607436,-0.0065327452348324655,-0.005955267010987592,-0.0054122662321893795,-0.0048143734014480894,-0.004158735786342341,-0.003310289772178032,-0.0015835085160225116,-0.0021711496763399674,-0.00207840980227784,-0.0009269616276349717,-0.0001072422754098531
2021-12-28,-0.008032734559181565,-0.007781694815858433,-0.007341202440697676,-0.006812096113924652,-0.00627363233793804,-0.005694999622569293,-0.005150409407287537,-0.004549770851641885,-0.0038837671170566246,-0.0030134318062496252,-0.0012418651411880092,-0.001960375917484397,-0.001937356065320774,-0.0008779671616138132,-4.498414852152772e-05
2021-12-29,-0.007849737616781916,-0.007703680571185476,-0.007303587762010317,-0.006807397969693217,-0.006313235061675915,-0.005793151705121072,-0.00531969735477703,-0.004771034282385423,-0.004147404445462472,-0.0032931071696236745,-0.001559198193417135,-0.002390071066417323,-0.00242951287382744,-0.0014194558836741512,-0.0006586521020423427
2021-12-30,-0.007583079977953224,-0.007378582882856209,-0.006971922854573061,-0.00647953721318496,-0.006013496798428233,-0.005518006289156066,-0.005087520893861453,-0.004584084437652975,-0.004008617090825125,-0.0032148931841126925,-0.001607784166734643,-0.002284156248444007,-0.002298118833216714,-0.0013589597910288547,-0.0005944198385555881
2021-12-31,-0.007717103314625775,-0.007631375174769977,-0.0073002157881866085,-0.006855389271641579,-0.006401042685196108,-0.005914214316686883,-0.005491581537592836,-0.005009337116370041,-0.004460895466959963,-0.0036989637192246915,-0.0021615620461020468,-0.002686866969647931,-0.0026862354030438595,-0.0016835004357927629,-0.001011913275947933
2022-01-03,-0.007797929411162028,-0.007654172329237882,-0.007287652779957335,-0.006829810615781412,-0.006379196837385953,-0.005899919861547433,-0.005477075498599275,-0.004995020313794513,-0.004447242048438037,-0.003693574467251368,-0.002173124054243262,-0.0027381917521005997,-0.0027419479689178372,-0.0017648748237786857,-0.001036669478200354
2022-01-04,-0.007723215290486484,-0.007673524142078694,-0.007368169259383058,-0.006951409036490396,-0.0065156556831093785,-0.006049794058350182,-0.005640919452260408,-0.0051823151541046985,-0.0046587343180475105,-0.0039165499195424865,-0.002419708269757234,-0.002947577167591444,-0.0029412811704122768,-0.0019560467508058952,-0.0012862277368042385
2022-01-05,-0.007562254974545292,-0.007428823673574959,-0.007098783093569317,-0.006680374247958099,-0.0062604423453454785,-0.0058042133302061896,-0.005409517396004473,-0.004954523081001948,-0.004438416220981127,-0.0037141342853068975,-0.0022560295188923905,-0.0027886748245049666,-0.002778649059765101,-0.0018296255218135046,-0.0011826724140384683
2022-01-06,-0.007279634799697041,-0.0071149657325340196,-0.006718876648018036,-0.006241001806842437,-0.005778094342537694,-0.005296726880825342,-0.0048927589982663,-0.004438824763385505,-0.003935638917849775,-0.003241706206275657,-0.0018462916280659611,-0.0022206973638532073,-0.0021861013380295256,-0.001241550460523876,-0.000618870253612794
2022-01-07,-0.007360128128549374,-0.0073007333555574865,-0.006976449197217116,-0.006547980166802165,-0.006117202803487686,-0.005659743877717037,-0.005256676610079756,-0.004799334178967639,-0.004286039969549507,-0.003588249123185199,-0.002187180613068879,-0.002559076204847903,-0.0025215204046558646,-0.0014927173702738922,-0.0008595782480860858
2022-01-10,-0.007391277377055954,-0.007277653349549872,-0.006915311387085886,-0.006473184319253826,-0.006053301423743363,-0.0056142069571150435,-0.005220415326861198,-0.004751089975578669,-0.004216693680039894,-0.0034758223919492295,-0.001994187717581301,-0.002491168678402361,-0.0023984554768798983,-0.001382856965090273,-0.0007526637509339006
2022-01-11,-0.00720737981028945,-0.007335795789865438,-0.0070809688465015815,-0.0066871530441660176,-0.006280556086016505,-0.005849500522298018,-0.005468676734498171,-0.0050202136795438265,-0.004513141817543667,-0.0038092995804908567,-0.00240251053806413,-0.0027995252066510437,-0.0027082059465522897,-0.0016674907119129444,-0.0010414846414296475
2022-01-12,-0.006974936226490584,-0.00710793525616659,-0.0068738624017556475,-0.006502608852922939,-0.006112982521465106,-0.005693213766181349,-0.005325369892795658,-0.004887904941625651,-0.004392238036395958,-0.0036911671618531476,-0.0022912286387488786,-0.002688757020609325,-0.0026149245661054358,-0.0015683473780138716,-0.0009707767814401572
2022-01-13,-0.006922387880376131,-0.007042248129024835,-0.006821778700794142,-0.006455092314308589,-0.006070148694634063,-0.005649096273226121,-0.005269888986938926,-0.004815886029881154,-0.004299595235756326,-0.003591032290859652,-0.0021798436292719816,-0.002568295277057282,-0.0024953996420168005,-0.0013910275124815082,-0.0007680850556776306
2022-01-14,-0.007220276248563776,-0.007179308748416057,-0.006856566638581232,-0.006428027966381391,-0.00601254721596884,-0.005569334528384095,-0.005159224323383226,-0.00467253466589443,-0.004125187810878542,-0.003416712312395702,-0.0020028520234443175,-0.002338855414524515,-0.0022432998872118116,-0.0010741665766066356,-0.00042752868980848555
2022-01-17,-0.007329606253715724,-0.007390567291015347,-0.007093547253246433,-0.006678608491442203,-0.006271102174916813,-0.0058379582123322836,-0.005433633804472324,-0.0049458572905718996,-0.004391300276473871,-0.0036602948589082203,-0.0021993305097912784,-0.0025977083842570223,-0.0024773053532986446,-0.0013663392286102985,-0.0006349196213894029
2022-01-18,-0.007428114415065844,-0.007543501954417233,-0.0072575399315195094,-0.0068320171696622,-0.006408116689645109,-0.005956937589765175,-0.00552265181193676,-0.005004364438502441,-0.004422796925606782,-0.0036851265707756307,-0.0022113438670669327,-0.0025643100344202707,-0.0023961775253800743,-0.0012216897815988939,-0.00048248309666185145
2022-01-19,-0.007291065638238335,-0.007277914736609238,-0.006920794886198903,-0.006435969747490531,-0.0059598899812941235,-0.005456040817595836,-0.004982671951820508,-0.004429648222753241,-0.003812759845470842,-0.003039940440149752,-0.0014914232277503947,-0.0018414752597702149,-0.0016142202406311196,-0.00038511842175391136,0.00033577316345039665
2022-01-20,-0.007429278871892221,-0.0072638562595178265,-0.00680476722759921,-0.006250795927994384,-0.005740894597543322,-0.005223167437752086,-0.004756995323921254,-0.004210674174212828,-0.003598117634501955,-0.0028205679305435775,-0.0012671648551612431,-0.0017591261800158453,-0.0016003858806463642,-0.00038574148796416706,0.0003874749208989304
2022-01-21,-0.0072770860833376244,-0.007054109580564639,-0.0065412146922609925,-0.005941075553984264,-0.005394311849658255,-0.004845050501251841,-0.004357982824716631,-0.0037896964843448233,-0.003158367602396616,-0.002359269424445331,-0.0007659289567094766,-0.0012418484821476968,-0.000984278981905787,0.00024265397955734296,0.0009918639891127734
2022-01-24,-0.007303424364961593,-0.007071581207829521,-0.0065495623957677615,-0.005946069203734472,-0.005399844548187395,-0.004853861772608415,-0.004369587924311522,-0.0038039647175122037,-0.003172679289124429,-0.0023727592152526797,-0.0007787682984514414,-0.0012757562095557745,-0.0010227618885071713,0.00020185995449998015,0.000952903545198293
2022-01-25,-0.007308260747617401,-0.007093894691967597,-0.006577039752608566,-0.005990887654519403,-0.005468985012472093,-0.004945841409782348,-0.004467260725850384,-0.00389539911473295,-0.0032572808197265943,-0.002450947689582382,-0.000842092778488141,-0.001389350692899669,-0.0011628626465961765,7.079350151814793e-05,0.0008008063943890156
2022-01-26,-0.007004898528671719,-0.006788672989654689,-0.006293180635901619,-0.005723705473547714,-0.005211017589356596,-0.004704494378198128,-0.004258811932568994,-0.0037378765291801123,-0.0031536749397596837,-0.0024052205061607535,-0.0009143392434186965,-0.0013271999993541771,-0.0011786531258714415,-4.4797535500429506e-05,0.0007381338954871123
2022-01-27,-0.006971515206420148,-0.0066787572918235675,-0.00613728284139556,-0.0055241839041204705,-0.0049747949845896635,-0.004422559199505432,-0.0039242743261509675,-0.0033445474591680996,-0.0026938699754447118,-0.0018718335719876643,-0.0002296795807907188,-0.0008146637484435407,-0.0005669767553212792,0.0006173610481986506,0.0013667911970181757
2022-01-28,-0.006913060147443905,-0.006578191500671142,-0.00597894927336154,-0.005335423813195526,-0.004765345295579881,-0.004216304547244819,-0.003729589269881012,-0.0031785700041386715,-0.002562227590784671,-0.0017851814081621797,-0.000236498570445179,-0.0007516063870446516,-0.0005345832151538203,0.0006529893238416154,0.0013879902361154225
2022-01-31,-0.0069776201074796835,-0.006643759886817275,-0.006045006590205454,-0.005406023092862972,-0.004841846685868246,-0.00429721061516379,-0.003812622322481565,-0.003262222580642153,-0.0026465008602194035,-0.001869852117127827,-0.00031886459261807416,-0.0008272769029958095,-0.0006171213589875213,0.0005746471020148579,0.0013056148556582698
2022-02-01,-0.006778121302264378,-0.006370291155897661,-0.005751858305691293,-0.005089344743114171,-0.004498201481949647,-0.0039161889304683735,-0.003411079204889084,-0.002823831369327614,-0.0021866623571298507,-0.001365706887138653,0.00029132706300672394,-0.000413400848293877,-8.079568557351602e-05,0.0011241263522727418,0.0018987440498625075
2022-02-02,-0.006874197615003517,-0.0064325886728973875,-0.005774656752830509,-0.005094143837279671,-0.0044865658659861115,-0.003904606005896225,-0.0033953090450385857,-0.0028126745942614008,-0.002178932804982168,-0.001355483364827324,0.00030169624944720124,-0.0003780729399314608,-4.641962246377591e-05,0.0011932699221005622,0.0020338747239932596
2022-02-03,-0.006883136344949142,-0.006461640073610089,-0.005798215817142774,-0.005119493171991208,-0.004515470815663246,-0.003934895463315911,-0.0034139204020871778,-0.0028151842125155166,-0.0021673965618006323,-0.0013337099300224976,0.00034677485262827793,-0.0003932649229782861,-2.7803455801807692e-05,0.001228880342472379,0.0020504105856116676
2022-02-04,-0.00669619293968977,-0.006235205648701954,-0.005553016845984223,-0.0048460877960861725,-0.00422578664337357,-0.0036290330436048565,-0.003107819572504508,-0.002514564938528102,-0.0018754467506883312,-0.0010609291166599833,0.0005763319393084708,-0.00015037737401032058,0.0001915389004273056,0.0014147276459356263,0.0022592836479008145
2022-02-07,-0.0065218869271303544,-0.006057463914071416,-0.0053549366387852845,-0.004632553192789193,-0.004008524916363873,-0.0034200202301921303,-0.00291283911093249,-0.0023271447214580627,-0.0016865064125795308,-0.0008544427548160914,0.0008185456811038641,1.7180943207930645e-05,0.000325141363257897,0.0014982008840267028,0.0023476457412303984
2022-02-08,-0.006604661003024692,-0.006098027174712779,-0.005361454491243367,-0.004615382038155389,-0.00397485803755249,-0.003377878681688335,-0.002864324446649514,-0.0022796350635954712,-0.001644998828657024,-0.0008347173740553677,0.0007951420477201917,6.704317637290916e-05,0.0003903000312164167,0.0015704283715569755,0.002420034832097315
2022-02-09,-0.00658519719879151,-0.006056457415611642,-0.005299045251088713,-0.0045271147451283154,-0.0038680491767549164,-0.003268093814353046,-0.0027711562207403304,-0.0022141451117232373,-0.0016013416033418917,-0.0008129285367618942,0.0007752349563429003,8.724801631119106e-05,0.000411663606237581,0.0015903368063152966,0.00246079105190087
2022-02-10,-0.006635530643822525,-0.006144709399220253,-0.005436449502363144,-0.004708885826307093,-0.004079014106598028,-0.0034952172472464127,-0.0030058731897378357,-0.002455816203975891,-0.0018530422372645828,-0.0010718483503080324,0.0004996389059898427,-0.00024115227304746236,6.123016691311517e-05,0.0012755618031689163,0.0020765866076530573
2022-02-11,-0.006750215269260327,-0.006249681770911369,-0.005563247607363147,-0.004854986745830171,-0.004249175304321779,-0.0036853553411270675,-0.0032187958221007317,-0.0026859092572939936,-0.002097054210281202,-0.0013268213088666614,0.0002174133866412875,-0.0006177849054517778,-0.00032676138977470075,0.0008337535755040994,0.0017041078373364127
2022-02-14,-0.006666544054982886,-0.006100439480276298,-0.005332266493619665,-0.00456409965499649,-0.003911321494605777,-0.0033214631420388856,-0.002837808068634575,-0.0022970346200992396,-0.0017027688591079073,-0.0009237180056281919,0.0006353092450057789,-0.00016897352208422717,0.00012221477697540144,0.00130164279192981,0.0021298829616066086
2022-02-15,-0.0066343761158769035,-0.005954375533462876,-0.005137245698463838,-0.004340274888647508,-0.003673694337000861,-0.003071921701751283,-0.002583275140900699,-0.0020420632630263696,-0.0014500126452532199,-0.0006825812241863432,0.0008556780689265437,1.9858109270671638e-05,0.0002857793487768299,0.0014575985354045899,0.002271235932063719
2022-02-16,-0.006641260108655728,-0.005973851193833754,-0.005139807624498082,-0.004335031404588762,-0.0036674549193685775,-0.003062304423026412,-0.0025617817421629725,-0.00199846935715845,-0.0013830957918075008,-0.0005769066286091131,0.0010387468988197835,9.452149208425695e-05,0.0003636269275238106,0.001562957851992277,0.0024162504934408416
2022-02-17,-0.006691643214083261,-0.006011108009499711,-0.005160284571713281,-0.004322424265828835,-0.003620678018297642,-0.002973570305473911,-0.002443418775550927,-0.0018638122517714182,-0.0012455820201600872,-0.00046128468207422453,0.0011111978113238286,0.0002231648941549778,0.0005462916061823048,0.0017112768536990067,0.0026118982565568605
2022-02-18,-0.006783802018822401,-0.006085190003529029,-0.005224995058736807,-0.004389637945554762,-0.003707805077543786,-0.0030918920706727248,-0.0025911328425943852,-0.0020318354875180486,-0.00142368349783424,-0.0006384745652075617,0.0009297073900295055,1.0045199359170071e-05,0.0003152530699051508,0.0014963820020651043,0.002341363733982932
2022-02-21,-0.006895429577321366,-0.006334070432677458,-0.005528285116847217,-0.004711634833751175,-0.004033700900198351,-0.0034200588776578692,-0.0029291894716915157,-0.0023804999208493043,-0.0017887966325463712,-0.0010148975746092248,0.0005275523317923531,-0.00036050258478765223,-3.74484415607766e-05,0.0010871188325487524,0.0019298384350603175
2022-02-22,-0.0071651511279351545,-0.006669898058289731,-0.005908154222732756,-0.0050995025384787,-0.004411130977818786,-0.0037844304455168,-0.003277338131818477,-0.002720796002022053,-0.0021152677079676724,-0.0013455155999084112,0.00019199667841888278,-0.000644991901041739,-0.00029120897842624816,0.0008367687739573773,0.0017461783652245053
2022-02-23,-0.007123452558843594,-0.00664939603889413,-0.005877890551411818,-0.005055561453864482,-0.004348674453690817,-0.0037026274817638853,-0.0031753076991722583,-0.0026004599357391635,-0.0019843746874623354,-0.0012057534296611363,0.00035000796459738493,-0.00046996699987937064,-7.540282504171113e-05,0.001017236922281539,0.001974838155387499
2022-02-24,-0.007117749786228511,-0.00659084509910251,-0.0057812613529990035,-0.004938054174951088,-0.0042252788957606886,-0.0035613921939556307,-0.0030121431980910025,-0.0024116270561919764,-0.0017797250642496104,-0.0009875497078282185,0.0005921659422014141,-0.00020503014273711527,0.00017239710045532166,0.0013277216371816076,0.002214644133187624
2022-02-25,-0.0069073898185078135,-0.00632250627597463,-0.0054775626456554875,-0.004611604641436602,-0.0038936849045933205,-0.0032502094485854114,-0.002738798298635238,-0.0021828625678529823,-0.001585695570966454,-0.0008209951547813461,0.0007013502963398761,-0.00014760538548960015,0.00024369068918059307,0.0011981386956302512,0.0021317907800762355
2022-02-28,-0.006921333526530843,-0.006256651287465364,-0.005365990513573385,-0.0044741036973808416,-0.0037428210215040675,-0.003096613306720154,-0.002592138496961479,-0.0020484975088098543,-0.0014633346750351633,-0.0007016247488753284,0.0008101256210896031,-7.309320804699943e-05,0.0003086451661806179,0.0012560816846948527,0.002188180447868402
2022-03-01,-0.006522372143994184,-0.005644044359602472,-0.004658272473105806,-0.003743409604947633,-0.0030234797893860348,-0.0024107502435913213,-0.0019530248261393041,-0.0014597730270743516,-0.0009189320904013677,-0.00019994662703218916,0.001229945612287538,0.00045157468085072427,0.0008280191029442075,0.0017034298481539058,0.0025268347800384123
2022-03-02,-0.006596772284003503,-0.005547825534246906,-0.004466266959460716,-0.003492494358835391,-0.0027314712125207532,-0.0021188482152650246,-0.0016763654024167967,-0.0011799681488076513,-0.0005955468196240295,0.00016691472592247124,0.001231707549197476,0.0007664975768325688,0.0010856636200589696,0.0020315407547513284,0.0028817699062009317
2022-03-03,-0.006630989991522611,-0.005459580597577253,-0.004303405252293912,-0.003305035732521124,-0.0025607218064005346,-0.001979126704305487,-0.001573919466660891,-0.0011055453205062763,-0.0005421135932865971,0.00020988043155625456,0.0012469528876857434,0.0006708164003821506,0.0008904486848744919,0.0018033709903057611,0.0027250937412637037
2022-03-04,-0.005703264347214861,-0.004303678839153291,-0.0030242831356641292,-0.001962824338459275,-0.001230690236147499,-0.0006995913029926096,-0.0003764222241954191,2.6244224168236303e-05,0.0005449412353068662,0.001271990146272631,0.002258428098873674,0.0014543452620328137,0.0015733414039683581,0.002442118554254791,0.003271141026573506
2022-03-07,-0.0052889547126286655,-0.0036242120059790627,-0.0022177021950252757,-0.001137262417045856,-0.0004052335484265755,8.994193082583562e-05,0.0003559811451361262,0.0006943365073739908,0.0011499009429214342,0.001838297884065993,0.002736143786770908,0.0018053766219918816,0.001830144232163172,0.0025839158676390986,0.003290067936788176
2022-03-08,-0.005463971773760179,-0.0037161166047459736,-0.0021816882347485073,-0.0010177530448491484,-0.00022402362189319106,0.0003040117664054864,0.000603436519251334,0.0009526804483346747,0.00140438619820551,0.0020664820889591093,0.002939680267992417,0.0021011801379442765,0.00221598324547526,0.0030467182622205447,0.0036919376137607624
2022-03-09,-0.005644617630356427,-0.0038336473587318566,-0.0022148982713005947,-0.0009675587409349485,-0.00010862337340438125,0.0004802685633703544,0.0008306285866123489,0.0012185548475578806,0.0016944491136076782,0.0023597795457690916,0.0032392589490575744,0.0024731554567843485,0.002688041457180106,0.0035230795805556193,0.00421640363400547
2022-03-10,-0.005981215473059413,-0.004239548176785217,-0.0026488282613547406,-0.0013919909252387006,-0.0005048415946210549,0.0001224081875390926,0.0005087505110351696,0.000909951405522648,0.0013880120763996662,0.0020366553683706123,0.0029231962857348215,0.002242105037635844,0.0025172256507676473,0.003374170246966981,0.0041697545422929045
2022-03-11,-0.005760715883212061,-0.003973100810408503,-0.002311458275895587,-0.0009852138451164063,-3.8258089300346196e-05,0.0006177435887536601,0.0010057063445697955,0.001402849645446524,0.0018845195322940032,0.0025490851194441273,0.0034495619121281576,0.002666570017075473,0.0029779389570389722,0.0037156593091866473,0.004459573942201708
2022-03-14,-0.005842693072406365,-0.003942847054662943,-0.0022900231054429577,-0.0010058815803539929,-0.00010520832593166206,0.0005347071618934087,0.0009317493269393041,0.001355063056982404,0.0018661871047512698,0.0025691286909592464,0.003524795388891398,0.002744755474618212,0.003055197230458231,0.003726538654468295,0.004486521167188372
2022-03-15,-0.006092938963857768,-0.004212393626511405,-0.0026458640750480736,-0.001400413724747205,-0.00043720098947815463,0.00022163285383750722,0.0006807606269776752,0.0011657986368707222,0.0017118108754664023,0.0022487920217497213,0.0034345967219674956,0.0026446149189992057,0.0029676614859603357,0.003764422648552628,0.0045259854691729684
2022-03-16,-0.006058079173507728,-0.004007114761653546,-0.0023641094985033958,-0.0010699461421057276,-7.44434533388366e-05,0.0006247848213105901,0.0011263634182981175,0.0016465636322711042,0.002220672873623652,0.0027685239529945146,0.003978512491196479,0.003325033898249667,0.003667631628624978,0.004470746433571923,0.005233577998688334
2022-03-17,-0.006223476539751324,-0.00425259023904522,-0.00265417747151305,-0.0013891230846589733,-0.0004511872341702646,0.00020820693034604882,0.0006831033731705802,0.0011867712119669617,0.0017553447391359812,0.002314170266632137,0.0035462371339665907,0.0030124074931375043,0.0034401892083917346,0.004227726670634545,0.005025646430843398
2022-03-18,-0.006547064350831828,-0.004684697681852102,-0.0030935814224472198,-0.0018098184128962787,-0.000829585179626862,-0.00014351134649511345,0.0003510468246993824,0.0008684816165310611,0.0014402786014007032,0.0020180258637572702,0.00328483963470178,0.002846142073603633,0.003291112685889238,0.003986682314349613,0.004773094646284497
2022-03-21,-0.006886983789196586,-0.005126012735807203,-0.003555298421439905,-0.002274696024351433,-0.0012757005256620324,-0.0005654681854984772,-3.2441476361451665e-05,0.0005192608888949417,0.0011172658787864014,0.0016967469560843478,0.0029599591177105343,0.002575900787974862,0.002975492559779307,0.0036790181608395826,0.004580935759351067
2022-03-22,-0.006656080371169228,-0.004957431926747348,-0.0034292858037339668,-0.002168346281011507,-0.0011911351674445678,-0.000502652606757544,-2.811678254915052e-06,0.0005301299589280141,0.00113079774441687,0.0017391231524234228,0.0030629998972017975,0.002584020492485779,0.002896686641510167,0.003608045690602579,0.004464016664444682
2022-03-23,-0.006361095098126261,-0.004574905406760602,-0.002997119566897569,-0.0017402353865923262,-0.0007855699040264071,-0.00013912918877212924,0.00033936028023719074,0.0008617508151676379,0.0014550601681788302,0.0020530181052948065,0.003359254660391632,0.0028570346440439935,0.0031763175142280877,0.003859386212401716,0.004846328533489192
2022-03-24,-0.006230805896601812,-0.00437115199745036,-0.00279415302238114,-0.0015698758028889683,-0.0006763265003911342,-0.00010041378489254847,0.0002989173090708968,0.0007539605455971145,0.0012895835810355263,0.0018629331314998282,0.003119277343610972,0.0025162841626214785,0.002847496653858592,0.0034259818956938236,0.0043427501225729035
2022-03-25,-0.006332270292836033,-0.004775091364248715,-0.0033764345766152714,-0.0022396342253131933,-0.0013624003196396612,-0.0007631401436611324,-0.0003364837266909683,0.00013707884753709997,0.0006810431602990481,0.0012697288955760488,0.0025488492782788706,0.0020109905424452344,0.0025189227205348517,0.0030425283024153333,0.004028158363335409
2022-03-28,-0.006160390018426003,-0.004488322121345776,-0.002981928807665405,-0.0017434756248944198,-0.0007888261150334954,-0.00014655353934029818,0.000275893284719086,0.0007307191310572334,0.0012544344655310436,0.0018432372586699142,0.00311834190639489,0.0026255425785852997,0.0031315604548436747,0.0034830936443561757,0.004395565600401266
2022-03-29,-0.006653901249736848,-0.005338258125141542,-0.003979566762863611,-0.0027853639226635214,-0.00177508520193322,-0.0010228444126900507,-0.00045580944247773484,0.00012220058724610975,0.0007357285246051017,0.0013611681491139094,0.00270593972866128,0.0022247697502141943,0.0031016611963181123,0.003198782396647471,0.004189542654226349
2022-03-30,-0.007780224248567157,-0.007088982364294199,-0.006083221606187313,-0.005069119690239306,-0.00411823383399359,-0.003324193357440082,-0.0026789873533822474,-0.002026653351885387,-0.0013486985600954498,-0.0006899439892298897,0.0007097458084616139,0.00037430521875022883,0.0013266200226573794,0.001583466787029975,0.0025527955538475243
2022-03-31,-0.006899069914994413,-0.006014196909667966,-0.004959938623428889,-0.003960853677678098,-0.003077967533381029,-0.002384715675316376,-0.001858674562573345,-0.001301415922941996,-0.0006834638572244064,-3.591003952642466e-05,0.0013393093945803993,0.0009078116751224637,0.001606737774706652,0.0018289629365304883,0.002795412346674885
2022-04-01,-0.007088429647755323,-0.006086749360146362,-0.004952560693591966,-0.003919325335129892,-0.003000097686620772,-0.0022892729391620465,-0.0017172873754976482,-0.0011379106938703499,-0.0005242049646312987,7.247435855993104e-05,0.0013357062473725117,0.0009636167892251611,0.0015542643327422776,0.0017865687167825128,0.0029547790642777574
2022-04-04,-0.008029242200172176,-0.007269664620644076,-0.006243551368395381,-0.0052177105974932645,-0.004266607097476225,-0.0034944236380363273,-0.0028938317355174776,-0.0022897637694365364,-0.0016459080729389697,-0.0010275730843682072,0.00028437577365888784,-0.00021371909665201624,0.0002987033831434153,0.0004777561464820747,0.001400747027823719
2022-04-05,-0.007499909418411569,-0.00656741512482364,-0.005476661566882174,-0.0044139050890416994,-0.0034494012210121348,-0.0026760324894719778,-0.0020997398501054593,-0.001520616917281629,-0.0008982284109779474,-0.0002946938474051937,0.000983926851439689,0.00026498750918328115,0.0006502574801279759,0.0006493787664670446,0.001547729555789708
2022-04-06,-0.007151758502716985,-0.005941710764954851,-0.004669012615791427,-0.003475046168255716,-0.002408533094435848,-0.0015732207147084907,-0.000964396286783627,-0.00035558911886228277,0.0003016158733159584,0.0009329906559895972,0.002266745423277501,0.0015917377265880638,0.001997288055685187,0.0021145062446681086,0.002937199720932466
2022-04-07,-0.006705424189196403,-0.005175390598065371,-0.0037914158709326357,-0.0025659858208742325,-0.0015304567896911004,-0.0007037738552972451,-5.2425892252385854e-05,0.0006022560503207134,0.0013080244418813523,0.001940042670641929,0.0032731301349462737,0.002668354183549675,0.003070824873330306,0.003103772788207201,0.003975975022047814
2022-04-08,-0.00601717413413794,-0.0042639318642269785,-0.0027803815012700517,-0.001525652669696922,-0.0005045611137768772,0.0002486191838334413,0.0007730361315005171,0.0012950941263872523,0.0018763543618196931,0.0024539218281728133,0.0036843232327909642,0.003142087386977199,0.0036590074882774616,0.0033905901107535398,0.0041386194562632135
2022-04-11,-0.005978193770821292,-0.004095066999929765,-0.002514055605912272,-0.0011823975990047338,-0.00014751077467642696,0.0005884279604126333,0.0010712550710116674,0.001558080929054374,0.0021214178682405775,0.0027132616907479382,0.003975152867153412,0.003326695560223189,0.003790939492027352,0.003459821802345568,0.004311729391985516
2022-04-12,-0.005678788060842862,-0.003684549479881387,-0.002014849095606068,-0.000627121368778187,0.0004346233063772859,0.0012037843776726395,0.0017219275287399117,0.002252677006276146,0.002867214774761656,0.0035105209321237376,0.004875447780889816,0.004371764833281379,0.004876258488388374,0.00449262164307825,0.005215638082395332
2022-04-13,-0.00629859304938677,-0.0043683666639539,-0.002719013033314334,-0.0013258543702214616,-0.00022355938924341104,0.0006066894507704214,0.0012086767360732715,0.0018158266783583905,0.002488757795430842,0.0031536187045730284,0.0045595151602241145,0.0040712170390545714,0.00465854280661287,0.004334382045103642,0.005110785203216223
2022-04-14,-0.005900698061798481,-0.00379416853993022,-0.002068859005719652,-0.0006401729792465317,0.0004577972692633023,0.0012716629460212791,0.001832915339356874,0.0024033007490002005,0.003052179300534662,0.0037064643782325486,0.00509438403865755,0.004577791648176657,0.00507717588135485,0.004787961050412056,0.00544006024124877
2022-04-15,-0.005925678535285603,-0.00373887419151931,-0.00193160880627766,-0.000457946215467322,0.0006511781901783851,0.0014361432691827691,0.001955098777858852,0.0024821043598667134,0.003085506318253703,0.00371670570897296,0.005053924773789709,0.004577817193885416,0.005118872403358345,0.004821239943961012,0.005384381631402094
2022-04-18,-0.006093808673109152,-0.003999115105106604,-0.0022303430263493234,-0.0007898869080635852,0.00028951831622113223,0.0010571381639604188,0.0015940074051080107,0.0021538068726994724,0.0027956804565014374,0.00344486737189892,0.004819243006526609,0.00429349805846584,0.004823408059016402,0.004555515729761472,0.00518426501640444
2022-04-19,-0.0058633473804169745,-0.0036067200193298453,-0.001750504548024965,-0.0002478138045628767,0.0008786434840066693,0.001697982125200345,0.002275776833012174,0.0028656652729478877,0.0035226745105471228,0.00417006910908943,0.005544571689551583,0.005058220144080924,0.005659244469026981,0.0054068171869846365,0.006039475043367092
2022-04-20,-0.005573246382350892,-0.0030604931991725726,-0.0010842750153040568,0.00046965325379802133,0.0016013695560883113,0.002411019260494885,0.0029674196023046218,0.0035207336527862377,0.0041372850410428316,0.004721951058640453,0.005969973551711592,0.005409711046587794,0.005949958890730175,0.0056811712998713435,0.006332201586783259
2022-04-21,-0.005703637374837716,-0.0031543080752418954,-0.0011768809667532553,0.00036218334233657995,0.001472287419096873,0.0022596932219647514,0.0028037465782295616,0.0033479148535774674,0.003955879382347296,0.004535774328275623,0.0057747728051425725,0.005223615490494273,0.005793250830936844,0.005457195127763184,0.006166681820377117
2022-04-22,-0.00550015428830708,-0.0027995652800354084,-0.0007261649154216816,0.0008638710374920732,0.001973960874980541,0.0027292480504655676,0.003228372270504348,0.0037361933791641294,0.004323479255228208,0.004897694559224482,0.006133617200037564,0.005476883454153933,0.005934827131823968,0.0056304250224512645,0.0062629311209410725
2022-04-25,-0.005218261690967307,-0.002416987058419743,-0.00028764283787186,0.0013244482587260703,0.0024358550685468212,0.0031659472352982194,0.0036317573087254287,0.004109143638402894,0.00467044999560079,0.005222097713597353,0.006415432818855025,0.0057281367172842225,0.0063459991201995705,0.0059195840114334205,0.0066596888883237
2022-04-26,-0.0048087778343725435,-0.0019357110156441463,0.00024071199214564578,0.0018444765297268343,0.0029120207151273293,0.003577229383558384,0.003977699549201115,0.004393578903897171,0.0048899756398053185,0.005384603264371946,0.006464258185804673,0.005731533103555498,0.006268041224795089,0.005824553440904271,0.006445949768330556
2022-04-27,-0.0042525593484729046,-0.001272459132665581,0.0009547545940688145,0.0025860324894712004,0.0036713508614704864,0.004337198560016555,0.004725738267767547,0.005122244624356971,0.005593287048116896,0.006055982741330662,0.007068277560465932,0.0063128926553101174,0.006788560684585022,0.006370767279294186,0.007096839143573182
2022-04-28,-0.0042158137466994745,-0.0010047936205731347,0.0013115357089434803,0.0029413060444575924,0.003978180503729923,0.004565692946344894,0.0048627099500812695,0.005170477678411275,0.00555446500292327,0.005974142906224406,0.006902516516014404,0.006271891254631434,0.006686434349279123,0.006344895649727446,0.007080677896268509
2022-04-29,-0.004494503779549225,-0.0016201245407500332,0.0004913136692739651,0.0020007869068796986,0.00296222994951471,0.0035307724282058503,0.0038412588890220254,0.004180727755296998,0.004604407558360379,0.005060441030386979,0.006062636304436351,0.005442916040829247,0.0058782490488439995,0.005537983123534641,0.006251873113577492
2022-05-02,-0.004332160111546557,-0.0014228365213580414,0.000711595796696304,0.0022454758082915602,0.003249173973454325,0.003860403074616242,0.004194720793520727,0.004527136904129695,0.004910632434143672,0.005324892291882849,0.006227847595553133,0.00589952507943588,0.006301825741832909,0.006037484045974851,0.006665234895810576
2022-05-03,-0.004546726206853173,-0.0017974574857261643,0.00021698283418302122,0.0016913873681375555,0.0026505755260130856,0.0032378279403536513,0.003550811357451923,0.003867871088522693,0.004258638145406193,0.00468871062688549,0.005625684623973177,0.005305550570589573,0.005634161776345334,0.005416103870112658,0.0060095320207147526
2022-05-04,-0.004266740659486447,-0.0012559680107251394,0.0009266956119133317,0.0024994418394983405,0.0035114765531915394,0.0041273434269342895,0.004463577777689076,0.004802211152172673,0.005213262848203226,0.005652712615755669,0.006612604789634653,0.006204768608874911,0.006524174352914386,0.006263967596998407,0.006842935852941962
2022-05-05,-0.004370571152931535,-0.0012262237397778523,0.001070711147894657,0.002711043721346663,0.0037803716411222545,0.004448975799516493,0.004866761613944621,0.00527788559806564,0.00574241667569685,0.006197115155399268,0.007189408911008232,0.006790755717840579,0.007257100480685278,0.00694736251029714,0.007609534693120133
2022-05-06,-0.004021886237603176,-0.000842602605345168,0.0014693141933233816,0.003067649925650586,0.004177554100111833,0.004818170744555035,0.005192379511745014,0.005575684346700712,0.00603387698681411,0.006512469419569771,0.007551871188736765,0.007035599951249996,0.007521245900852282,0.0071691159926332865,0.007839749166310061
2022-05-09,-0.003762013779189825,-0.00048257731257332875,0.0018335269399657283,0.003456319030810058,0.004553415298596598,0.005177048108933627,0.005519724815469593,0.005867765846703424,0.006285184411829189,0.006726231604934361,0.007679661694682567,0.007193117766023532,0.007622420626445827,0.007243915666710164,0.007809523961866149
2022-05-10,-0.003151654014440399,0.0002930657597714553,0.0026982419759513944,0.0043550756734949386,0.005471043861459895,0.0061050699557446625,0.00646606506413435,0.006835443860439477,0.007273171824458403,0.007727852643533925,0.00871795450392225,0.008184316677403667,0.008537820294932181,0.008178626290395796,0.00870321101825696
2022-05-11,-0.003536810148359353,-0.00015252643894102217,0.002241093218196022,0.003920572762943871,0.0050717222599715546,0.005767633813297328,0.006214839495542379,0.006666094342108083,0.007177199555825335,0.007672148592498184,0.008737849674575726,0.008278336569752636,0.008814312478735244,0.008467100716461796,0.009006950633243202
2022-05-12,-0.0036005881908878845,-0.00021224814309896102,0.0021406433590746006,0.0037749577538094548,0.004889320321823562,0.005555044281337177,0.005975214136843793,0.006402396214205458,0.006886091870768263,0.007367003455496815,0.008406605452915925,0.00803093986439075,0.00851483046613017,0.008299443193331422,0.008792816509403925
2022-05-13,-0.0035995615825604515,-0.00026135777192632786,0.0021467771763127082,0.0038901445935713534,0.005141916662102554,0.00592465262759881,0.0064410446717464934,0.006947866078492243,0.0075064903575703095,0.008037475828676768,0.00917709010445526,0.008921501895565558,0.009512985762988637,0.009204027240524841,0.009479808278312183
2022-05-16,-0.0034578080301104364,-0.00016245685603912945,0.002213235659683728,0.0039753077089965385,0.005199485172650422,0.005979372596292081,0.006490784766484751,0.00699157305488842,0.007543776023749537,0.008068384434016501,0.009190536897195838,0.008943197826004314,0.009525040968643496,0.009210771432256633,0.009486097429640914
2022-05-17,-0.003497118506656238,-0.00021858250932309454,0.002145819164499024,0.003900220043105994,0.005120269134122062,0.005898961144172927,0.006410509648240092,0.006912204206291793,0.007465709578254743,0.00799188906481434,0.009119930562333841,0.008866417559187281,0.009449543992738247,0.00913522139237268,0.009411004820920013
2022-05-18,-0.0035372459389866138,-4.7483283068664814e-05,0.0024980011759910634,0.0043963332459677745,0.005736020367149295,0.006623206910572665,0.0072555157705723895,0.007863380782590254,0.008503074028174068,0.00904299448008363,0.010214732546238385,0.009924047966180266,0.010435486224626521,0.010155364578795619,0.010764641306140939
2022-05-19,-0.0035337256669360304,-8.284450978677008e-05,0.002390626409697458,0.004199186821577192,0.005450064472099191,0.006252931766528403,0.006795031858164208,0.007324821401157178,0.00789578493634132,0.008413387178764881,0.009535565463015948,0.009150595170698035,0.009575360774529357,0.00926716665190285,0.009784374475658462
2022-05-20,-0.002576759273995727,0.0009349676771995808,0.0033558308811248673,0.005087725106791258,0.006266666724217504,0.007008240123164187,0.007478584833129876,0.007945055531400517,0.008469861024387895,0.008981937494875294,0.010084619212258818,0.009630465217465734,0.009991284568545908,0.009670656081910154,0.01022799450166481
2022-05-23,-0.0019373529022775214,0.0017055912490020453,0.004130364294067756,0.005805065923262184,0.006892053779926052,0.007548862644286034,0.007945544622273218,0.008352155786828378,0.008822173749181927,0.009307408069875607,0.010346304625575708,0.009884947413861808,0.010124693798840572,0.009769942056962003,0.010338364454177941
2022-05-24,-0.002719827414393441,0.0007035240747751737,0.003003793100898112,0.004590633729879078,0.0056529833651528015,0.0063368318717957894,0.0068116566356669125,0.0072869696333473346,0.00779505121144017,0.008287109688914012,0.009334991713938211,0.009096092112755885,0.009433049803168163,0.009184544716151394,0.00977663931005416
2022-05-25,-0.002791991388544272,0.0004823920875475762,0.0026966944919963962,0.004232559638382906,0.005263847230218858,0.005932311268733018,0.0063936610648460505,0.006864120729967377,0.007370444026810247,0.007859435781558587,0.008901819676623771,0.008638482224259504,0.00884167235105091,0.00864004929264039,0.009158786680499234
2022-05-26,-0.0026035545232931077,0.0004901130905986821,0.002596818448597964,0.0040815350323100685,0.005107250106529486,0.005816595134880761,0.006341057901138645,0.006872866159540363,0.007432340233036001,0.007973590948180091,0.009117503205132297,0.008929401766356248,0.009246711355208244,0.008930235852643329,0.009449211031555441
2022-05-27,-0.001855665209583912,0.0013300447817259997,0.0034900627122323113,0.00502266432173312,0.006074637750848506,0.006792685554989864,0.007303086877242448,0.007820050826811286,0.008373122824159128,0.008896723585095004,0.01000360002873429,0.009707756690632903,0.010098064189678383,0.00971837542445346,0.010205282386600189
2022-05-30,-0.0012235942282610261,0.001979074871212921,0.0041090642428129555,0.005564814578197844,0.006534500325191881,0.00718118653353294,0.007637608427488752,0.008119126400547823,0.008644087121747605,0.009181796466493811,0.010321298852361611,0.009890662299671433,0.010179638822530137,0.009734455655001866,0.01028570261698477
2022-05-31,-0.00146104817499216,0.0017232776620450755,0.003866127031040972,0.00536822017813521,0.006389185790990262,0.007109660005178655,0.007658398811305655,0.00821413294483802,0.008800650896725526,0.00934271872510981,0.010489315894938312,0.010853893250989875,0.01058541966554138,0.01024390941497117,0.010726002503706238
2022-06-01,-0.0015545148705694073,0.0016836748245959755,0.003852148062305904,0.005363599779128639,0.0063850650194478996,0.0070825355535888675,0.007585330252810327,0.0081010275806013,0.008653405381307952,0.009188372468263916,0.01032257004596787,0.01055176069285678,0.010164547043964802,0.009850668112462924,0.01039667470253139
2022-06-02,-0.0013912640578428832,0.0019761509957188987,0.004206912106559835,0.005762004206505757,0.006814573979330881,0.007538231427448479,0.008045097159741683,0.008545527806897633,0.009066766285933153,0.009557115357182466,0.010597798074916278,0.011004938894729813,0.010460918633913355,0.01004882198126043,0.010565408384371465
2022-06-03,-0.0011706307258132042,0.0021283243348133563,0.004373792452448294,0.005969627904489177,0.007071710290777951,0.007844745506756713,0.008398463580198618,0.008944116821880886,0.00951874544710142,0.01005831403452141,0.011202111151914246,0.01145504254021997,0.011208201679918135,0.010547423164482816,0.011629457353560928
2022-06-06,-0.0004131125457877834,0.0028935069785215916,0.005271500195351652,0.006997238104482205,0.008194863829850931,0.008978929678789289,0.009511223977098884,0.010060311478955123,0.01066178176641321,0.011225894315637589,0.012439386098797666,0.012414421996109072,0.012072216796679263,0.011480010454252784,0.012162105306796714
2022-06-07,-0.001608246275123522,0.0018151089731571056,0.004275864126837679,0.006065793037284173,0.007346391280545955,0.00825035821940482,0.008919455435894957,0.009562846134792677,0.010203240782425547,0.01074756211852642,0.01192141023856658,0.01228613372629557,0.011890978877163163,0.011402136369962864,0.012002792998893933
2022-06-08,-0.0018607551242399586,0.0013253608852446359,0.0036462155322153746,0.0053605455882611095,0.006602597711682813,0.0074837601701193785,0.008135642642255816,0.00876529032222998,0.00940155218138115,0.009942983464447793,0.011107216749242888,0.011404162198767546,0.01110979195716534,0.010647773935420575,0.011170815128161829
2022-06-09,-0.0017484965813667488,0.0013237388980256756,0.0035989484515918176,0.0053107427596124045,0.00656749409507989,0.007475431049632651,0.008158225432679094,0.008821170767977532,0.009494764091350492,0.010054889903391628,0.011264671688479241,0.011595695696239116,0.011333461895995323,0.010813357548865032,0.011467984551133688
2022-06-10,-0.0019009730531108888,0.0006344890338645692,0.002600959818610279,0.004133504242627887,0.0053045581961026714,0.0062034391786962816,0.006888221148605725,0.007545090867401582,0.008201090293819152,0.008765950317979533,0.009963697474444302,0.010412267581631955,0.01025077562061448,0.009855080872988585,0.010350606119107252
2022-06-13,-0.00151795449409528,0.001092166380936485,0.0031271682668430117,0.00471087766052014,0.005923969002845379,0.006853483102560231,0.007569075617542741,0.008255726199245023,0.008940135248309288,0.009522780355192249,0.010770888567994612,0.01110861377954983,0.010989536510606612,0.010611636375226928,0.011008050121448456
2022-06-14,-0.0015010175346674725,0.0011658519043825663,0.003141879701988583,0.004695392807781392,0.005866889632429305,0.006781680426727747,0.0074612756800479145,0.008113915463484537,0.008773049071299307,0.009351555385391867,0.010579430007505415,0.011032429220941746,0.010844919506685887,0.010384123757940088,0.010878036226265222
2022-06-15,-0.0006467553567423381,0.002201583232423075,0.004258515426424131,0.005819553867752029,0.006955942160069609,0.007829720138901429,0.008488770536958852,0.009130298784380615,0.009782721226355396,0.010326023268132164,0.011499803823936025,0.011809687748763618,0.011474577029103962,0.010997766554948586,0.011557993071336455
2022-06-16,-0.0007045155682828021,0.002238796732749424,0.004322975805573422,0.005876663991731944,0.00699613023140186,0.007833325475180248,0.00844710184743048,0.009039336538234907,0.009635331793249557,0.010149574672285177,0.011246034791812872,0.01168668317256825,0.011305716169321398,0.010746504904524012,0.011249455099858616
2022-06-17,-0.0006407075990208078,0.002130439649728328,0.0040906909734231955,0.005540097252472446,0.006553256202555403,0.007297148009815034,0.007830421916958636,0.008352642706525457,0.008895795135450246,0.009405967532127676,0.010473911623829418,0.0109920223047457,0.010625220915683794,0.010098981359504015,0.010441638736360552
2022-06-20,-0.000655659927600068,0.0020702875837944985,0.003994715088242147,0.005418452279624473,0.006422680671728629,0.007182473641561334,0.007752918199159188,0.008328000532804988,0.008924598158299343,0.009476122764809235,0.010639220364261775,0.011190011598989174,0.010993842242845369,0.010509087159580712,0.01099801882776151
2022-06-21,-0.00023556304732550885,0.002615705790787433,0.00461734045336115,0.006080666028684476,0.007086487640241841,0.007822727452049757,0.008352876728957166,0.008889611330167831,0.009460177200926392,0.01002272023140674,0.011201115646869406,0.011782979800302141,0.011618801926453145,0.011079009761046041,0.01143334838320966
2022-06-22,-0.0007231020324906892,0.0020719818850283445,0.004033451738250862,0.0054681969181224555,0.00645925844605365,0.0071943238857136785,0.007739457680207958,0.008298082657310487,0.008892245552129223,0.009476772597873424,0.01069779841759691,0.011405176119937348,0.011375924846877841,0.010878171178610969,0.011351744868881637
2022-06-23,-0.0007690713201153549,0.0019475318071100205,0.0039002560002255934,0.005348837047044232,0.006362030355859979,0.007115638426579578,0.00768958670248623,0.00827171195717974,0.008885563251754854,0.009475527809680955,0.01071266665131085,0.01145102894091921,0.011554603826662348,0.011058610443419213,0.011524337479451462
2022-06-24,-0.0007261255192036722,0.0019592299756983267,0.003947610353871532,0.005462875479639134,0.006549874669920815,0.0073690350328983415,0.007995333270270449,0.008623320248780996,0.009286392109315244,0.009929023753266139,0.011271061480757238,0.012153409139643237,0.012460135493287684,0.011976784325833113,0.012559841988061789
2022-06-27,-0.0006080597835281002,0.002135696167839039,0.0040913808931486795,0.00554508890233517,0.0065537822579035164,0.007305547256114498,0.007871076098252664,0.008465696579419783,0.009112148779915117,0.00975793383080716,0.011106101275795881,0.011813932618523704,0.012161967917325612,0.011671643572684267,0.012197303793177974
2022-06-28,-4.473334474120865e-05,0.0029307945941465024,0.004977707777724388,0.006464863822466516,0.007479213646925329,0.008228991546059246,0.008790516754507573,0.00935916222331043,0.009969582720030488,0.010570209163070722,0.011829517966849713,0.012647386131444316,0.012889075323062502,0.012365000216086169,0.013189581888014426
2022-06-29,0.0004948590883192132,0.003515239184570968,0.005611351413347958,0.007133456479449911,0.008169341722490215,0.008927729974110487,0.00949184354181641,0.010073518677892588,0.01070008956084225,0.01131392807688885,0.01260615364995935,0.013383731001730972,0.013587383489947766,0.013059502175872853,0.013912882138993995
2022-06-30,0.0008060086447578206,0.003937521606335612,0.006048521897976318,0.00755422120489719,0.008592531123880169,0.009345563891213687,0.00989690881722206,0.01047584669395471,0.011107483200096632,0.011748947242686231,0.013088386767045344,0.013825848942465134,0.014212773164593741,0.013689263343044815,0.014291715903133807
2022-07-01,0.0012299161785314016,0.004531320699320824,0.006722902523444963,0.008267186627706116,0.009320888113792303,0.010062712786016876,0.010574738650034941,0.011101297731500112,0.011682892232740778,0.01227801587750246,0.013516523038378022,0.0142691082408425,0.014570142383959234,0.013992419388643745,0.014623047235377959
2022-07-04,0.0015057153350450903,0.004799591555626162,0.007030765934511367,0.008633969582195252,0.009734107806918302,0.010494815936057134,0.01100278212033674,0.011534276398788061,0.01213490180458011,0.012748218638391448,0.014034292320532361,0.014637443774696045,0.014972415598006158,0.014390490097793647,0.015079568478720494
2022-07-05,0.0020255978866977674,0.005360134963430632,0.007587354346421887,0.00918564738938121,0.010283130303525605,0.011058046210576218,0.011583323042958388,0.012128747077856675,0.012734453268822398,0.01334413407819566,0.014621419816969506,0.01525712178762048,0.015618233844934356,0.015021704481064293,0.015661626601726625
2022-07-06,0.0015518857903453432,0.004978135713925928,0.007211247048135835,0.008794562351270428,0.009881325849566658,0.010659080272565276,0.011189421548145196,0.01173121133796049,0.012322808781389851,0.012906781166559274,0.014131727272645583,0.014798906497011119,0.015163107078223471,0.014622203063998003,0.015293634155465556
2022-07-07,0.0019531610364160647,0.005368621394019966,0.0076496752661475535,0.009246209139681468,0.010336335939159249,0.011101784854611045,0.011645470115085151,0.012211051062404726,0.012823417289645984,0.013419083204714067,0.014672130814232182,0.015242684293905103,0.015631983787935025,0.015017787036364421,0.015574477898160619
2022-07-08,0.002926754225177856,0.006479556452657011,0.00880026641876306,0.01041305168916269,0.011482875331215987,0.012210478813468512,0.012688548617683459,0.0131649071284506,0.013689511146323762,0.014211531821911032,0.015303085047486622,0.01585107713813217,0.01610012631335059,0.015488901506215342,0.015996151974075234
2022-07-11,0.003976089494615494,0.007571173736374534,0.009854132351168061,0.011361535400572529,0.0123151616533713,0.012917460054606592,0.013268983526228765,0.013631591504378891,0.014047503986778126,0.014506267404561766,0.015456761283982502,0.01598085274175343,0.016184755549507546,0.015541001444969891,0.0159586086185356
2022-07-12,0.005064611398202151,0.008942261090802121,0.01132826254866874,0.012862502670495693,0.013791084345794544,0.01434319214826149,0.014653473912457042,0.014944741200578945,0.01526838727445482,0.015567061112204371,0.016211988969149112,0.016703015874712818,0.016801781915602665,0.015962308174818106,0.016588610149428685
2022-07-13,0.005859527204476883,0.00974195238891493,0.012164045216849365,0.013700736291300924,0.014618852085150394,0.01517575844574412,0.015510734000237123,0.01583448470796288,0.016183263203049855,0.016549574863996493,0.01730492119151322,0.017901116318100783,0.018162382484427666,0.017252443210037927,0.017696370109057776
2022-07-14,0.005192100307575964,0.008703744213329964,0.010938444347341703,0.01244606138712605,0.01340728086813284,0.01405160263725367,0.014507069414190523,0.014992534691472627,0.015544794259392663,0.016073182145018235,0.01718785361358588,0.01768869364549248,0.017941320294531285,0.017135959935283857,0.01755227678810775
2022-07-15,0.005806712141647336,0.009443053390864018,0.011780919540687402,0.013335737616135417,0.014311086944171318,0.014920411753232403,0.015307749466566174,0.015691095151918067,0.01612260802463212,0.016574392834607224,0.01750348369819678,0.018364076048954216,0.01846415764635032,0.01738783587038508,0.018205318755132344
2022-07-18,0.005546667700694202,0.009118396949499848,0.011439909640703242,0.012990525914639554,0.013962591700079298,0.014556306721557133,0.01494202926133062,0.015340876162066872,0.015790165591636145,0.016285289846308035,0.017288672246618,0.01822846187365126,0.01850358732486127,0.01745057961834982,0.018003577282393445
2022-07-19,0.005771653220311548,0.009356746539186661,0.011694977982207937,0.013293666546038358,0.014342372093139613,0.014992877309948834,0.015388480395018814,0.015803871834014344,0.016278999317990466,0.01684900862831289,0.017987304327550416,0.018844177610211767,0.019255439721619323,0.018247096295410537,0.018435464510180702
2022-07-20,0.005710823965480445,0.009487808556798632,0.011941695159104555,0.013615094287605406,0.01468870929538696,0.015357312118667381,0.015767206345804183,0.016204483322923558,0.016715407935563923,0.017304790344804442,0.01850167549474757,0.01937228402950998,0.019633716116920486,0.018636947121532875,0.01891401176504923
2022-07-21,0.005539940227138625,0.008766310793013347,0.010935168559549705,0.01242234015002037,0.013383027699595797,0.013981173502751494,0.014379206407491327,0.01482835208869341,0.015351763298145865,0.015922184205894023,0.01709075566795177,0.017862229618150822,0.018198973155487738,0.017339855310713113,0.017365027983413273
2022-07-22,0.0042598273739720685,0.0068464861761223855,0.008693788986686067,0.010063424817866744,0.011032286225296476,0.011748814129690739,0.012300158564053192,0.01287493881179958,0.013487912771061466,0.01412250917005968,0.015411436679178178,0.016480022156644448,0.017046596903925494,0.016213454178948053,0.015985233828211695
2022-07-25,0.004350336718075157,0.0068555197555669216,0.008705223077820413,0.010075387721336076,0.011056080407948235,0.011764353028551226,0.012333312616645449,0.012935269232632718,0.013589553856120791,0.014241050922390468,0.015580221971407971,0.016674015520961438,0.01727395515384445,0.01640197633650574,0.016501795156490785
2022-07-26,0.004628753694849803,0.007549952792480681,0.009632918615764523,0.01115190817433827,0.012206777358422249,0.012924750151128933,0.013433819253220186,0.013965558890537215,0.014559320629125011,0.015166631611510249,0.01641804452757136,0.017302762111173174,0.01781637199133044,0.016882016159130705,0.016731560439609848
2022-07-27,0.0048269064177493,0.008105314942559151,0.010383738639216407,0.012020644824164435,0.013146003292488832,0.013908307134915126,0.014429375370842216,0.014959645104337076,0.015538842929102568,0.016131317263202705,0.017349830440971273,0.018290646873405144,0.018797211602783557,0.017785272828673614,0.017486399025064516
2022-07-28,0.004009644652342587,0.007009076774306384,0.00910106786527478,0.010607149210238889,0.011672631621757664,0.012444275249599986,0.01302909815058437,0.0136559984538737,0.014335255405903328,0.015000945574897794,0.016390062312596522,0.01709393984442326,0.017765888643225668,0.016813315243788325,0.01666206093565902
2022-07-29,0.0029408017812494664,0.005721968017392013,0.007691476589088882,0.00914009467069943,0.01021015677628241,0.01102657992235886,0.011674111982512501,0.0123476351373608,0.013065182203690153,0.013773641078611279,0.015240866809084626,0.016113227175593273,0.016804540625242788,0.01605334636059647,0.015815973842827118
2022-08-01,0.0015031895513623501,0.003930039187669821,0.005732796856412925,0.007170552342057539,0.008284817946067186,0.009184004151618992,0.009941160810218558,0.010762495779181307,0.011663365848586172,0.01251600133337372,0.013387034728242826,0.014891731694340063,0.015188513022901204,0.01535457957716722,0.015126277742710517
2022-08-02,0.0027961282099590564,0.005421775379753941,0.007319080722942017,0.008782064096593859,0.009886889037632534,0.010735099741896103,0.011415805122835984,0.01211002159484701,0.012867623209966874,0.01360319282132312,0.014593982752317021,0.01600688910326412,0.016235130161888545,0.016319484424760923,0.015945886858384814
2022-08-03,0.001267750248209818,0.0036967208729377877,0.0055438117224425616,0.006991359142488015,0.008127272269028494,0.00904486885712013,0.009839781876537265,0.010634872246050827,0.011461018402586377,0.012202853394685092,0.01321059649376218,0.014668283919390153,0.014899819737092054,0.015040174814644895,0.015143394461193898
2022-08-04,0.0009573405685874147,0.0031140265832688145,0.0048422361842822845,0.006274695619758172,0.007431605686679025,0.008385074053281653,0.009210638876348994,0.010062403450506257,0.010978426545700762,0.011835033121965809,0.012903146471387628,0.014461530434693799,0.014832192705643817,0.015077662236074674,0.01494370137989665
2022-08-05,0.0021283544356586284,0.004513950875506958,0.006290506145772701,0.007726010811585603,0.008842769613296914,0.009729383518424211,0.010436899189154927,0.01114576266402626,0.011916638652261021,0.01265133666643214,0.013640098204012099,0.015034192884597807,0.015227521858245082,0.015423238047814007,0.015674745873350705
2022-08-08,0.0020754101117416183,0.00453132868135072,0.006369476473930698,0.007844319099160307,0.009006650349846225,0.009939619381643701,0.010702779781442377,0.011462238008211965,0.012276141767947921,0.013050190294863845,0.014096412802341423,0.015593109370151669,0.015723898145409382,0.015846976418234633,0.015577355627787087
2022-08-09,0.001732452338458908,0.0038611764514289316,0.005544529451266445,0.00697244191731671,0.008143221340783166,0.009098526921132253,0.009879007770411534,0.010660933543372242,0.011492273824270588,0.012263715080163823,0.01333813390542696,0.015005726526697941,0.015144361009127263,0.015276710557167578,0.015156681464226895
2022-08-10,0.0007294486159789395,0.002931033445586146,0.00466868135941374,0.006116681224780784,0.007288167265023646,0.008216792085278968,0.008965244363740332,0.009726795680357139,0.010545769394662745,0.011313520915821386,0.012287642474315623,0.013798881383661669,0.013905853979941306,0.014009099182385683,0.013982369774149704
2022-08-11,0.0020204748536512464,0.004088781894333431,0.005702291797844895,0.0070750487359873,0.008165186844830015,0.009008923980599867,0.009636614568974777,0.010262586526444548,0.010945768522088659,0.011622286548349764,0.012615668086924938,0.014127802445966287,0.014115074105978152,0.014134504991899407,0.01379442665387847
2022-08-12,0.0025434781437280425,0.004575618198676246,0.006134231181854777,0.007427359169009524,0.00846136688035098,0.009272170934416006,0.009902584451351072,0.010522924021344233,0.011184551553825495,0.011830758529839672,0.012818052338252965,0.01415652332987091,0.014053667105667992,0.013964549534192428,0.01383390319381209
2022-08-15,0.0018624708989702626,0.003943705754330862,0.00551356666342009,0.006826180209975904,0.007867176713239436,0.008674679669327907,0.00929235792039057,0.009914195325046822,0.010603501929023321,0.011287604235129917,0.012313672536254466,0.013736069283733185,0.013743952482639103,0.013772576582577299,0.013667254827386854
2022-08-16,0.002431740761690817,0.004567407683335802,0.006214744707905334,0.007572349488567724,0.008654003576034856,0.009477190480169278,0.010106996111882724,0.010729266381130415,0.011404245984395732,0.012066692759201766,0.01306020913934429,0.014538640222799609,0.014472204220961323,0.014576555344920146,0.014377464171615346
2022-08-17,0.0033414436677376906,0.00557701570286016,0.0072361297982226095,0.008574179185580656,0.009611444962623778,0.010372844235921741,0.01092244390566434,0.011461178983625501,0.012058777495245669,0.012688873621965168,0.01368394421933942,0.015023121546638799,0.014938152099758168,0.01494671529100533,0.014710317605423674
2022-08-18,0.0033412713887129514,0.005561085788864159,0.007236648925369643,0.008608087635682797,0.009668173646002419,0.010429253435821972,0.010953330031812182,0.011462028823240026,0.012030230244694108,0.012646480225772912,0.013647854516900038,0.015023807146239037,0.014926656972454528,0.014924470889243834,0.014748208685034795
2022-08-19,0.0037673732599723944,0.005730067614309056,0.007231019419049684,0.008493080191844745,0.009476810977978816,0.010159889321531322,0.010600350066389675,0.010989539938028847,0.011427644879481348,0.011925847500074535,0.013030776634117119,0.014482259115828134,0.014181292250119921,0.014026916355565466,0.013832648244477564
2022-08-22,0.0023107140854840133,0.0037237054438820994,0.004974812843715611,0.006125671667698432,0.007120113750573927,0.007902794422533038,0.00849457488844565,0.009046357211523432,0.009631287039613846,0.010259320405127125,0.011456307181691742,0.0129773573002217,0.012991012879645113,0.013096789227149833,0.012831231085584432
2022-08-23,0.002072022303375519,0.0035614178550447753,0.00485155254514065,0.005998256532678361,0.006966851734761674,0.007723863065144836,0.00832199943432931,0.008871474666079677,0.009446184697850924,0.010017268396034878,0.01121799387126523,0.012754551201016375,0.012810857316045527,0.012946445683671771,0.012975388383149537
2022-08-24,0.001765835690567028,0.0031648049825574046,0.004360082499644794,0.005431952197790015,0.006349525618938713,0.007078288226673511,0.0076550165315023505,0.008197176084359166,0.008783181289806383,0.009405271692424656,0.010587972468995488,0.012148995607114712,0.012292220672034792,0.01246798140825624,0.0121851374452385
2022-08-25,0.0022294596871511997,0.003524445249493852,0.004605670655929422,0.00558512898809905,0.006445770389208825,0.007141592728800058,0.007699955052067403,0.008225991482859043,0.008791572217513359,0.009386444747910035,0.010585553284257069,0.012112411132107708,0.01222449095440164,0.012463049845022346,0.012205308153996482
2022-08-26,0.0009983549763378538,0.0020002865189803916,0.0029715423440845766,0.003927090460075029,0.0048119495309235085,0.005579147816017583,0.006245264474880566,0.006876647564096263,0.007534177978540428,0.008174069829028328,0.009424288495910073,0.010981112571986232,0.011118286358013624,0.011302975251496374,0.011192219258491995
2022-08-29,0.0011173226163542396,0.0021557483073424643,0.003133877058520118,0.0041116616300751925,0.0050128818907389065,0.005784581688200627,0.006422994871604559,0.0070364274722408285,0.0076862059059902045,0.00831777476417105,0.00939201143683516,0.010883731221004445,0.01087416705857441,0.010999846431357844,0.010940009748007892
2022-08-30,0.0012172647034101253,0.0019271541319949858,0.002711393409722733,0.003624941940712785,0.004482536749616107,0.005232058697711743,0.0058372944309436564,0.0064268259350633156,0.007115524587224567,0.007843351441193781,0.008939956830463407,0.010353862249459792,0.01042274025416141,0.01060928584112473,0.010701997745873298
2022-08-31,0.0017119945315610889,0.002398020070808501,0.0031349045060860056,0.004007838073493925,0.00483410578053096,0.005553995991773913,0.006116966705387021,0.0066506926819073445,0.007311986080953464,0.00803437861338643,0.00898822822519433,0.010293681668928566,0.01028354565067955,0.01042709247831628,0.01039685026685563
2022-09-01,0.002284187958566063,0.0031705259153095074,0.003997643741655541,0.004894355930227327,0.005708888766477088,0.006397777204400927,0.006929852253922185,0.007452016900822742,0.008109251075273938,0.008820247265004572,0.009662261088476507,0.01088356017666092,0.0108480610939931,0.010984573817616729,0.011074501918238507
2022-09-02,0.0019791179142425435,0.0027597081352249754,0.003482551961680917,0.004276031766945405,0.005020445658198757,0.005673847817047794,0.00620820395817734,0.006739130837585664,0.007403250783788348,0.008129773703523056,0.009058457703223322,0.01037901559117452,0.010468558465046015,0.010694631080757284,0.01071300245691193
2022-09-05,0.003121326971137157,0.003932516912901569,0.004716428891332245,0.005600958375498648,0.0064023268439649,0.0070549321856271455,0.00754094561522562,0.008018049755052365,0.008661518725089204,0.009389975916699751,0.010300218361110529,0.011582029588137551,0.011590696693549151,0.011767293176333887,0.011775205255762389
2022-09-06,0.003093111012498272,0.003746663261980255,0.0044275320064617795,0.005261078545000734,0.0060278750611343955,0.006661602317450591,0.0071297002627079345,0.007612697597528399,0.008257987971153699,0.008979792698456033,0.009876294670759497,0.011147288583639973,0.0111901982020113,0.011382997060791187,0.011429153378764458
2022-09-07,0.0033846039860136903,0.004103583840863956,0.004794404197034036,0.005596987731770061,0.006335280932664987,0.00694192236085567,0.007402750921564543,0.007892398142872651,0.008549612912827406,0.009284074636794629,0.010153316156427852,0.011456151499674563,0.01151327387899884,0.01169776688804675,0.011832954171917718
2022-09-08,0.0027816617991657864,0.003505817078853725,0.0041751961773560005,0.00497255830013279,0.00571747172452401,0.006337997135699625,0.006804030543694579,0.007302952706696673,0.007977789336128959,0.008737661258413534,0.009601898569577279,0.010914587548905069,0.010991328695879628,0.011203329019286796,0.011380082041398029
2022-09-09,0.003367007467881194,0.004264269584363464,0.005036179856207869,0.005870890573513981,0.0066281282257859885,0.007268276240282669,0.0077702537148284165,0.00828523111714201,0.008973810793871896,0.009748576493007149,0.010715905690594234,0.01205793549171346,0.01212273512828301,0.012319361594032343,0.012270560367240503
2022-09-12,0.0033966321995910786,0.00443658233103045,0.0052747082969610065,0.006111854605044456,0.0068479087362147365,0.007485657708420835,0.008011219430776829,0.008537893131862472,0.009215655226447222,0.009773522623143602,0.010900517305940884,0.01223734659331169,0.012318622152730383,0.012456766726450541,0.012690310203292716
2022-09-13,0.0028641847528158137,0.003839359246758039,0.004656196324799132,0.005466147984521295,0.006153906591930909,0.006727001342414106,0.007197637790854808,0.007677117113662786,0.008316116046971172,0.008872041458756159,0.010008374712637857,0.011428965676214726,0.011526569472350062,0.011720477673685498,0.011885954754900101
2022-09-14,0.0029620338296575724,0.004269232632091143,0.005247041878583585,0.006136604462309406,0.006840512850553027,0.007429487574287512,0.007930215248366429,0.008452977817341643,0.009134525045840433,0.009681102687078013,0.010784241749792119,0.012159028034106269,0.012250419526726265,0.012472230535771622,0.012718394541326375
2022-09-15,0.004331366733127116,0.005641077093120263,0.0065988124877237745,0.007458656118364821,0.008115687573699173,0.008623762715971655,0.009010165320958595,0.009424878275384648,0.010033425563090982,0.010564940356653662,0.01158959599520606,0.01279050029563093,0.01275148292406478,0.012909503294320598,0.013175192197787143
2022-09-16,0.004485000023180261,0.005874786998431283,0.00687248123914712,0.007745693116997796,0.008362891007911136,0.00881847483941502,0.009177521982958686,0.009562459864650957,0.010139025813341076,0.010623454353332888,0.011595522860978546,0.012766448263857276,0.012694079831790326,0.012775498720510023,0.013032317702742154
2022-09-19,0.0053122632610776805,0.006799599148477664,0.007928019732598145,0.008916584957453528,0.009624678901125705,0.010113540673218086,0.01047524339267775,0.010869033464289067,0.011462182230604806,0.011949234504659088,0.012913923528474808,0.014078234058638844,0.013948566167032514,0.014001558873875674,0.014231607709064852
2022-09-20,0.005640179859982501,0.007219605393788048,0.008399772621378908,0.009428869137933834,0.010148201513380011,0.010633692121498305,0.010978621048054717,0.011359463216344656,0.011950724132784706,0.012439243789946,0.013351083745367642,0.014466004362572985,0.014270514010078308,0.014270022731596397,0.014497161534076033
2022-09-21,0.0053762341938390894,0.007000722031586267,0.008270111837394534,0.009380259312929684,0.010190825251665205,0.010746641120607709,0.011179739352960997,0.011641718924702055,0.012281740016284536,0.012756312741559948,0.013666108236917726,0.014846431830098067,0.01459082300254916,0.014657059542102094,0.01487973716094973
2022-09-22,0.0059933244018541346,0.007619286915965808,0.0088596369175212,0.009931413500627602,0.01071092287494202,0.011246134234665327,0.01164989397160132,0.012078738044532727,0.012693740179956671,0.013172532207103353,0.014076866735307846,0.015205219646134556,0.014880526807776786,0.014859381064639564,0.015116152497269063
2022-09-23,0.0054264461597395754,0.007009760990471448,0.008229615256214115,0.00929260740022532,0.010075667197453494,0.01062655251944431,0.011068624807918509,0.011536391094204162,0.012189243681288311,0.012675531157583223,0.013672485770152966,0.014955133951815403,0.0147929214082189,0.014787883057145079,0.014998502684274226
2022-09-26,0.00642012233567381,0.008129750400094043,0.009373758632345505,0.010404505777838897,0.011130284263662046,0.011622545979095773,0.012005954395995526,0.012413200233214546,0.012992711970659451,0.01347604442831483,0.014440259385894131,0.01561497397328576,0.015308608561852977,0.015216148923776391,0.015409666096760158
2022-09-27,0.007351254696990495,0.009222606323334642,0.01050667405639736,0.011540220050736074,0.012258649231853217,0.012730937935731844,0.013095239166608054,0.013484931843274928,0.014061062454500959,0.014477468258683127,0.015276939037640254,0.016363686564744982,0.015890667617302377,0.015669514487123337,0.015862941719589845
2022-09-28,0.007127027808251416,0.009128267251231923,0.010462093344728819,0.011528222962120561,0.012245435379476375,0.012703664359756188,0.013025891441154415,0.013375537995696405,0.013927383271201426,0.014361564140187102,0.015204111849806785,0.016266989694944008,0.015769660083642386,0.015543137281661977,0.015736684087097785
2022-09-29,0.007112671510517984,0.009521387738630215,0.010995685732173658,0.012072489115022206,0.012727734542459578,0.013103002580941303,0.01334698039930857,0.013634114472972548,0.014138331896043044,0.01453481902992272,0.01533574248326405,0.016322502004023763,0.01586043364150651,0.015646214785289235,0.01585838889247667
2022-09-30,0.007166939619516374,0.009594626289120275,0.011035810134620282,0.012126692673411786,0.012851753123276423,0.013344425105184389,0.013704011897948782,0.014090293951263162,0.014672960979180263,0.0150908552885399,0.015962771703250646,0.017080058190568827,0.016665099976837888,0.01654881443929739,0.01684435847972093
2022-10-03,0.006202230237613661,0.008646974527411512,0.010132692410331061,0.011274787326713543,0.012043848263761937,0.012566655453501035,0.012947252688152153,0.013359776162156554,0.013974617121682839,0.014430777639570366,0.01535343433837198,0.016562585755830226,0.016256433674742506,0.016196493874756305,0.016481854141645078
2022-10-04,0.00612827309746022,0.00871603324964917,0.010376464317539993,0.01167385422787311,0.012569073399203975,0.013133150179418181,0.01349889492665672,0.013885114109214268,0.014471567939081737,0.014925684947598723,0.01588114933209493,0.01704978016553789,0.016696412173568355,0.016606320371103347,0.016913354204251566
2022-10-05,0.006296273067608697,0.008817367177281642,0.010484984124680737,0.01181314367896213,0.01275639626622014,0.013369813603039649,0.013785707949461778,0.014215237697662432,0.014818928286582125,0.01525253696439074,0.01612254248871085,0.017225664158410918,0.016711232997369246,0.01653459117169821,0.016856240165441017
2022-10-06,0.006451717354830832,0.008696119597846972,0.010265869947417438,0.01156673666438753,0.012513851259296382,0.013150766275127334,0.013600873196119185,0.01405380003984036,0.014663051401215599,0.015087879680595979,0.015944050710524054,0.01700230038003558,0.01644377514530528,0.016167801501211977,0.016577271234706727
2022-10-07,0.008921907424400024,0.01078840386295305,0.012117200034718379,0.013255292876677692,0.014079751805838188,0.014569112952055291,0.014846271374457667,0.015159703068453738,0.015716384360066338,0.01615815390830854,0.016965011704515788,0.017955309268251427,0.017264962092572816,0.016869880192041515,0.01732241922298746
2022-10-10,0.009274696719860928,0.011017050914484742,0.012254350527012988,0.01332083452145956,0.01410053062595989,0.014612064905563531,0.014965492347663993,0.015354851633943043,0.01594637767784558,0.016374551987741532,0.017229248217567262,0.018359946408659438,0.01775501787683653,0.017452569715401975,0.017870262910784217
2022-10-11,0.009300946792962136,0.010784115086394121,0.011848834762108894,0.012783764904371778,0.013483271500689436,0.01397914524245681,0.014339247530291798,0.014712593893193265,0.015248596420623695,0.015653099811591055,0.0165468461578746,0.017693645691898945,0.017032046334671615,0.01668372626642055,0.01713057106554843
2022-10-12,0.010170383716358321,0.011733759696511378,0.012819937926418183,0.013762730082541473,0.014443985078174518,0.01489211086372219,0.01519204960438145,0.015505285822470948,0.016007868581882342,0.016424544216533617,0.017285462236974792,0.01832224001323521,0.017474949338989045,0.017109299942888845,0.017563866763205892
2022-10-13,0.009829149618496506,0.011674249748629767,0.012849066037603366,0.013788778270199576,0.014419045465334195,0.014816275061029609,0.01507514596895598,0.015349883413051501,0.015801219888681252,0.016178889036609745,0.01702173929901982,0.017951101508590025,0.016839027100420796,0.016474165259620643,0.016941890887702166
2022-10-14,0.010872968912081657,0.012646162766810045,0.01371264345829367,0.014545696111363205,0.015079704738265124,0.015411966723359037,0.01561354665396252,0.01584127249963326,0.016257902815041837,0.01663464958049479,0.017461264370435135,0.018335022763612974,0.017118833028613462,0.016695208906655164,0.01713393746039101
2022-10-17,0.011977059405361916,0.013531069413283067,0.014509472128974176,0.015276115359889784,0.015747453961047233,0.01598614872959291,0.016107158991929105,0.01627228401796813,0.01665819723997165,0.017035782137848426,0.017838518320006522,0.018684856933212035,0.01737125619848174,0.0168799903867258,0.01733047742355882
2022-10-18,0.012729508173191786,0.013829818749900349,0.014622695933634687,0.015320237851608723,0.01579927766120092,0.01606946950885673,0.016219811616729043,0.01639761559729876,0.016766017078740144,0.01713212679894272,0.017988050610982353,0.018874987708020017,0.017569952380165527,0.017115213685753184,0.01757212548159682
2022-10-19,0.013624430359932532,0.015026551744739507,0.015977799904312532,0.016744235962368695,0.017254851889121285,0.01752841110460495,0.01766835390054974,0.01784906084359435,0.018217947767674495,0.018603407928484705,0.019421151870263834,0.020272738877879958,0.018980295258351154,0.018480545008369823,0.018957956898406153
2022-10-20,0.014305916581152656,0.01538521122017191,0.016149157498904686,0.016798972300164434,0.017227666406054387,0.01742537776026463,0.017476040333774333,0.0175650743897157,0.017856698455483416,0.018209410269384347,0.018962220076404506,0.019646361924487928,0.018268023920775405,0.017679450685694452,0.0181330414625703
2022-10-21,0.015281092684097644,0.016334436812920575,0.017130482390313173,0.017829494402625053,0.018308120121115046,0.018491058017128043,0.01848216233723443,0.018503668455121226,0.018731075148281175,0.019039818702606643,0.019728856340214016,0.02034139277748647,0.018868463358443475,0.018141747412832542,0.018558319656193915
2022-10-24,0.015676484386806053,0.016781446265434128,0.017624111520984115,0.01834107935898296,0.018809362948560955,0.018961816943573732,0.018942847045913782,0.018973688024511468,0.019209295692444676,0.019451997177323842,0.0199565103902681,0.020465666236736922,0.018824920777282518,0.017956022817698668,0.01837293750144337
2022-10-25,0.015928496192780434,0.016975619188007243,0.017831592930800947,0.01859024742437087,0.019114753562247677,0.019302789633309333,0.019299015639215326,0.01931380147864949,0.01949910291039959,0.019723768981888816,0.020267365232773484,0.0207204792779234,0.019021054638373017,0.01807361873271488,0.018375741446947032
2022-10-26,0.016656505217270152,0.01770311947575079,0.018650807047454004,0.01954019220732357,0.020205242836716954,0.020506754601196036,0.020585820321777405,0.020694377315888825,0.02098899325198442,0.02127887931469934,0.021852851908393596,0.022332313697959405,0.02077344709102553,0.019888815907722887,0.02011431365792767
2022-10-27,0.015415512556083512,0.016430748806948076,0.017415178597162764,0.0183671934238697,0.019118705236648003,0.019561804873455328,0.019815185996638812,0.020067913703849413,0.02043352394229975,0.020719927628169002,0.021379150217850338,0.021970325882669263,0.020694303040389002,0.019786915654462525,0.019981898701786828
2022-10-28,0.015363631910071274,0.01658595380493367,0.01767832293306379,0.018676935747271015,0.019458023474910036,0.019952083573341637,0.02027216847366104,0.020575849319774343,0.020948123956870648,0.021221996319073528,0.02188694833014141,0.022564055376339126,0.021527986811544567,0.020603820875026484,0.020754454305363903
2022-10-31,0.015098710576953674,0.01607516428870014,0.017020235510844122,0.01789819647086968,0.018633349191359616,0.019110511818099158,0.01942223377719295,0.01973074250601579,0.02011099026225333,0.020455849064090727,0.021211786748181204,0.02192729387082529,0.021179715683217876,0.02021026988606955,0.02029524022150536
2022-11-01,0.014062490524987445,0.014632399050684568,0.015318221420111315,0.016039607695655274,0.01670849973064235,0.01717732092210104,0.01749266643475016,0.017793723368111483,0.018150475791552535,0.01848921097131718,0.019308245981619922,0.02012863044767892,0.019416513390623003,0.01862118627034643,0.018574766004499654
2022-11-02,0.013848892660917817,0.014348625891761564,0.014988340613014604,0.01568778002789558,0.016346194751422537,0.016795355325324432,0.017085194926972122,0.017393048430165748,0.017802192497658076,0.018193751140861546,0.01901753926181963,0.019998638449519376,0.019346388103741813,0.018559941773929087,0.018610862870606062
2022-11-03,0.014720499451136458,0.01538344519015031,0.01614766489407936,0.016959892590538483,0.01769852084243455,0.018219400406545683,0.01857355874541484,0.018930539580871104,0.019368460981361652,0.019744020255601347,0.02056465843078584,0.02149631112641081,0.020727583757859304,0.019821654481512987,0.019882775753723846
2022-11-04,0.015442482548168181,0.016280769585910612,0.01708096765579825,0.01785431256247667,0.018518092241380017,0.018945875697241977,0.019212175263693922,0.019489420552351765,0.019856818150819366,0.020197452675330272,0.020918524231056536,0.021722355703226105,0.020843990079765177,0.019794442863347205,0.019865767289602647
2022-11-07,0.01663376722515722,0.01721554797112709,0.01794526154376849,0.018701746532854346,0.019408230174961558,0.019850260524523624,0.02012870073383605,0.02040701746412586,0.02076453713735994,0.021068052451387924,0.021813282152647218,0.02253799350985518,0.021672408305210153,0.020508892230967832,0.020687698812534
2022-11-08,0.01706264195490979,0.0178297534725919,0.018715836260464712,0.0195738990900867,0.020364125969798422,0.020899799910122058,0.0212655859905174,0.021659711134859677,0.02214753907091052,0.022588725634426994,0.023470616194071377,0.024464483754556773,0.023729344570921254,0.02251884683583729,0.022385387463744792
2022-11-09,0.01628536215577961,0.01699499059148918,0.017886916909817363,0.01880280552025141,0.019695550565087924,0.02037081619187131,0.020882000928743892,0.02138531269936072,0.02192123953093872,0.022358822584413116,0.023329194958141737,0.02442361082266596,0.0238925886821946,0.022661155620259138,0.022169571771258563
2022-11-10,0.016360235117427298,0.017168163868746405,0.018117333885175793,0.01906618291046252,0.019975574349454416,0.020677066188523226,0.021235427431500763,0.021815512762317007,0.022445253046353697,0.02293170584886657,0.023950104651274624,0.025309291151805344,0.024972191988171737,0.023636421214254605,0.022989990992259006
2022-11-11,0.01709064101819651,0.01777956788130133,0.01859642096626787,0.019397972709345988,0.020161470956844903,0.020726102925598372,0.021129623744494258,0.02157184602471724,0.02209659784817677,0.022575148849406763,0.02355418065526773,0.024703941904550913,0.024414161331449757,0.022959997719566163,0.02225038945168688
2022-11-14,0.017483103389537465,0.018181190300252996,0.018937521227821608,0.019678462219262945,0.02038356936327393,0.020922565493948456,0.021306983007197137,0.021719680809825108,0.02222904309331297,0.022736739652252383,0.023847528886449285,0.025151084215945033,0.025020757489655522,0.023680680598686644,0.022927718093554473
2022-11-15,0.01747799456340905,0.018088304419715106,0.018757950914166602,0.019422847320762732,0.02005320828193079,0.020502494571248347,0.020800069510998134,0.021151239145594414,0.02164147539344664,0.02213220146330346,0.023149540014040026,0.024276034484588434,0.024182651406162946,0.022756049629573605,0.022017704464443268
2022-11-16,0.017498371427855552,0.018043653572643623,0.018665042647901867,0.019273887793226894,0.019856258012921103,0.0202762122869818,0.02056527857328754,0.020911597597387047,0.021387111730702096,0.02187703174864885,0.022902684850210325,0.024041887454374695,0.0240262160333409,0.022706760295261724,0.021962007719041145
2022-11-17,0.01842679415322875,0.019189212504088574,0.019913757160269496,0.020595061204854125,0.021182344379338157,0.021536488285289455,0.02173726674267201,0.022001986064624734,0.022442469698473355,0.02290641697517288,0.02382909858387849,0.024872696527215736,0.024578317878131473,0.02297766653167737,0.022179803102539808
2022-11-18,0.018683149899510965,0.019490442548751843,0.020224973386356215,0.020887842431482204,0.02143545431507969,0.021774181934534037,0.021993492072411053,0.0222894488588756,0.022752200467584496,0.02323117954091103,0.02417934781951609,0.02527477620224214,0.02506165619663406,0.023371990331210117,0.02256242285829715
2022-11-21,0.018533385866909058,0.019437273631088776,0.020264846424415853,0.02101889318119308,0.021652114629633436,0.02209523456686826,0.022426935617081534,0.022818094345184267,0.02334524020298365,0.023851148700727968,0.02486446511818802,0.025974097909228666,0.02589980417751612,0.024330128239530464,0.02348758412704415
2022-11-22,0.018406678061645972,0.019126508465117244,0.019810262712499912,0.02045555343581317,0.021013791462523496,0.021384771394801282,0.02162937647929944,0.021936455259216,0.022406058735925726,0.0228896603195837,0.023851446267074368,0.02485691352657378,0.024749625256118714,0.0231841716246581,0.022409382231434564
2022-11-23,0.018412688507620227,0.01878732669944855,0.01917840376066762,0.01957252712773726,0.019917435299929623,0.020160397091112548,0.02033998412923478,0.020592230600661468,0.021001990631916632,0.02144279351878966,0.022381617520142033,0.02334515732627585,0.023189856755432843,0.021540850883178576,0.02074543580933108
2022-11-24,0.018655855208898477,0.018837065982378713,0.019125374027141862,0.019443580634413763,0.019752031709232506,0.019952858407712618,0.02007707554161933,0.020271350474275893,0.02062460719673164,0.02107073047812033,0.02204594709004859,0.023063813959681774,0.022961441421287934,0.02141760366585519,0.020560470598913947
2022-11-25,0.017844334007944017,0.017604476967575253,0.017709499290037047,0.017946965311981897,0.01827901691027213,0.018551015643070653,0.018769875972928986,0.019039677260290426,0.0194209962316107,0.0198590189310143,0.02088990665662255,0.022000538175126743,0.021991516276357228,0.020672111251690724,0.01982478498837786
2022-11-28,0.01858320232914957,0.0184612080764228,0.01866357522288374,0.01897554433250867,0.019318031535308807,0.019525355791456797,0.0196495003216374,0.019830028733187184,0.020152821212481794,0.020558980539556633,0.021491574251753305,0.02238100276704714,0.022152729240447887,0.020752595196361946,0.019887043604682714
2022-11-29,0.019122822252414722,0.018947315585416815,0.019132323911670256,0.019425279972085478,0.01977984339129964,0.020015864817065313,0.02020165204675847,0.02046074094965744,0.020862280170838837,0.02128934496584253,0.022194354807463578,0.023122120024154202,0.022931175531763787,0.021642560709431012,0.020834877583862994
2022-11-30,0.018772613719367625,0.018497498129938925,0.018606376169961962,0.01885444277674142,0.01922740940616404,0.01956799824438852,0.019818483116571004,0.0200931982407255,0.02041309377055062,0.020839323075039128,0.021821128690570384,0.022718276431732687,0.02259621074977135,0.021410283866677055,0.020843863923908253
2022-12-01,0.018934661714486028,0.018772495474748182,0.01893251259681564,0.019200886525091485,0.01955152834424675,0.019834975647761148,0.02002775123907796,0.02027444700981989,0.020603198484291513,0.021006726854128476,0.021847228437522386,0.022671727198033755,0.022367618668518517,0.02112881392290109,0.020560573988746608
2022-12-02,0.01978161083993567,0.019884351847807975,0.02016906073880925,0.020509482840647176,0.020863935503962816,0.021132252670874558,0.021317213656300883,0.021565416240709605,0.021915165748613692,0.022255410268037453,0.02295396998351388,0.023612593807029934,0.02308065361329225,0.02187477414560998,0.021298090647996842
2022-12-05,0.020273049446798138,0.020332762508743073,0.020589112351320046,0.020916646952427988,0.02127582781270149,0.021567569592870428,0.02177379323448951,0.022027629835167817,0.022360365182639036,0.022694277180296464,0.023406628745846727,0.024047558996314278,0.023476479397130764,0.02235138526934489,0.02177731199512849
2022-12-06,0.020620773708583378,0.020701914175121662,0.020918342409533774,0.02119867811299188,0.021510415681401315,0.02177765484393515,0.021972043291867686,0.022210548345505732,0.02253607819056833,0.022877175296362632,0.023627022909630858,0.024225474337893564,0.023616734210618783,0.022530240601139687,0.021951951253197138
2022-12-07,0.020785560635363295,0.020802432808237983,0.02094596775165176,0.02114573736436951,0.021383827047566927,0.021586166812908036,0.021723662573659284,0.021914956346223154,0.02219337484443882,0.02250578653176081,0.023200074619908077,0.02376508225240152,0.023126484607915818,0.02198779621133248,0.021463350200265525
2022-12-08,0.020572512291451267,0.02028504489148789,0.020248906087196167,0.02033053372021916,0.020529785796859962,0.020734510844510813,0.020882688200187988,0.021059694308225872,0.021300451459093827,0.021619390866474825,0.02242200921575598,0.023041422887104635,0.022415378146004063,0.021272334407631557,0.020745124215912018
2022-12-09,0.020367776144024897,0.019374765089695673,0.018978150070689353,0.018874547709994815,0.01899690417697267,0.019134601130809045,0.01922390293816431,0.01934684712901292,0.019577400933068603,0.01993223276139835,0.020910783872204502,0.021685057558120786,0.02119844360594997,0.020031016168621924,0.01962328024034554
2022-12-12,0.021382511046504203,0.020761037165633534,0.020492810282652138,0.02040256298100916,0.020491270285396816,0.020610477225602896,0.02068867423742488,0.020810917489800303,0.02102749100254714,0.021378374269170986,0.022294392951733893,0.023108717731771533,0.02251725655764666,0.02131323015225832,0.02083544978281154
2022-12-13,0.021816611309165457,0.02085097395299177,0.020458173383547062,0.02033207276070636,0.020473026247000224,0.02062391655285658,0.020703872218407558,0.02082921306265608,0.021053703507625067,0.02143070661264897,0.0223457174361182,0.02324703275928201,0.02266412891377801,0.021462709981967216,0.020984498622337353
2022-12-14,0.021436687933721582,0.020603602494034205,0.020202201044252042,0.020017989755617107,0.020057948194727795,0.02014103998844691,0.02016834428892624,0.020238041680030124,0.020401394346423914,0.020747550197291204,0.021676698962008988,0.022525291057098013,0.02193274417252041,0.020675271027456588,0.02021084439323385
2022-12-15,0.02094270610559544,0.02017682275022789,0.01972081226440781,0.019432806181339572,0.01935283035505414,0.019361054690143206,0.019346896300098986,0.01937344755742267,0.01949170878983978,0.019822992531020923,0.02072154484891128,0.021547189943285052,0.02092006195339186,0.01965620851658409,0.019246609520519705
2022-12-16,0.02087702744657761,0.02037824240544909,0.020053721009487623,0.019843793599861558,0.019789787664179576,0.01980036456288513,0.01978085404153488,0.01981185167642712,0.019932122032933368,0.02021031779460592,0.021000018293399675,0.021642651967794423,0.020957549951593216,0.019592231129596346,0.0192617334972183
2022-12-19,0.02047940110819183,0.020005989133300955,0.0197237737974518,0.01954796556109167,0.019525222705500424,0.019548418269357323,0.019546823758891305,0.01960109338655221,0.019749377108010464,0.020054319336910566,0.02083990135808066,0.021483154217149143,0.02089285479231907,0.019561957098366622,0.019212908791992903
2022-12-20,0.020146311990809088,0.019795237094667715,0.019558349098528504,0.019410379012668063,0.019378170332422517,0.019400448468697578,0.01940718263786244,0.019477401931965847,0.0196380390023114,0.019933656570367497,0.02072628146647589,0.021376687971909874,0.020808767518431512,0.019499042205917482,0.019191426140921796
2022-12-21,0.019910762212763767,0.019703620832227542,0.019506356276150258,0.01935661686725506,0.019290832089722144,0.019284858600712208,0.019284458248054654,0.01934878180369724,0.019505629445246746,0.01976636982856659,0.02052698695474766,0.021172930931882782,0.02059259851087095,0.019277749968850923,0.018905583982847037
2022-12-22,0.020004962706380976,0.019834841835941794,0.01959044594578542,0.01937112057093324,0.019199193164564053,0.019070151652546847,0.018920704116190987,0.018829071705127085,0.018841216971310824,0.019057636168660606,0.019783284601472162,0.020310984422894137,0.019675301284513867,0.018290481924196415,0.01790078348215449
2022-12-23,0.019854757836720565,0.019498585442395022,0.019097009292500456,0.018745332779438927,0.018483613674472613,0.018302835737604557,0.01812832777673658,0.018032703917583538,0.018061459184863436,0.01827687436809766,0.01895410191946478,0.01945695837767759,0.018814766979144106,0.017411806916306057,0.017055979750904348
2022-12-26,0.020608404845825552,0.020387134095725665,0.02010350463313205,0.019836664043954604,0.019625150572377806,0.01946388835594611,0.019318635985398982,0.019238973041901045,0.019270512143929025,0.019447573047231867,0.020031466449266462,0.020411143280267253,0.019707975456648524,0.018207298977688812,0.017847340296495286
2022-12-27,0.020634935196371013,0.02035940716192475,0.02004861656707124,0.019764288050628513,0.019565648875838493,0.01943802330546992,0.019340899332225017,0.01931295421386676,0.01939043687944713,0.01957055533411881,0.020123075562572798,0.02049982825416235,0.019769368178979885,0.018264950675869182,0.017923389217222415
2022-12-28,0.019606313319981646,0.019469920472915007,0.019244625149343966,0.019025543698441075,0.018871664357864238,0.01878716452606507,0.018745704889281997,0.018765974194457455,0.018878168490899815,0.01902883487707891,0.01953986698763369,0.019845912054095267,0.019129563436741808,0.017687947714092253,0.017310099015643166
2022-12-29,0.02012762207952076,0.019914603317015812,0.019652042335739025,0.01938634323488793,0.01919661121974967,0.01906964379730641,0.018997198836876582,0.019001676889908444,0.019109386279141303,0.019271128999757768,0.0197478864790696,0.019985825284850173,0.019241399625393677,0.017750276168030092,0.017377816895899803
2022-12-30,0.019096921371365663,0.01887874145948729,0.01848441487582122,0.018094249552210822,0.017799738864143825,0.01769346432986923,0.01769512667157061,0.017791032157538793,0.017959651751597472,0.018112366802828152,0.018655479771145216,0.0189714080664544,0.018311760546627222,0.016882858078979324,0.01650655334266105
2023-01-02,0.019671915953633545,0.019513468901938714,0.019142154428162007,0.018781388570558583,0.018500878117531348,0.018363591273601983,0.01829241163991407,0.018334293326278114,0.018503778677281403,0.01867870589987332,0.019131113003168058,0.019269521713656607,0.018421466986197465,0.016872581397226073,0.016510795374631612
2023-01-03,0.01993546331725841,0.019738008456743738,0.0193686650195638,0.01900166710676017,0.01869588035170649,0.01853205069603792,0.01846305029662251,0.018500196336443717,0.018657648936306018,0.01874355166562067,0.019126217693056443,0.019207059544255632,0.018134524751024755,0.016562402755896363,0.016269565892904667
2023-01-04,0.019730203146377693,0.019304825992670544,0.01885354405654646,0.018450505438911028,0.018144104188070352,0.017977233880696386,0.01789055462914299,0.017901844277577402,0.018004354556728747,0.018147591176518332,0.01865283529791169,0.018750324392706606,0.01783609760684247,0.016272876173440823,0.015883261410286613
2023-01-05,0.01962450308025611,0.019087856492189737,0.018580966002218133,0.01816200547348638,0.017870244299883944,0.01773509548427859,0.017684639699891026,0.017729433515966588,0.017864699911191287,0.01800127014630378,0.01853474732685441,0.0187221160853096,0.017834892643358566,0.01630576384446492,0.015972925312815356
2023-01-06,0.019788151450815215,0.019322782369717323,0.01879784984867998,0.01833898702907308,0.01800323328083394,0.017860268809492024,0.01781610179943591,0.01786082842943063,0.017987815228478362,0.018117387545354174,0.01861228114588707,0.018761769076757383,0.01778470739453419,0.016189877427069104,0.01584062568296566
2023-01-09,0.020554762865005505,0.020169532458764256,0.0197045760297682,0.019284492006085972,0.01896998092652544,0.01881282169793556,0.018744705225165175,0.018794907301081815,0.01895512975689174,0.01909445618637758,0.019534617769739956,0.019639505086047802,0.018564727345572213,0.016941994769331694,0.01658716954720901
2023-01-10,0.020652248696140966,0.020393659376983408,0.019965789452166476,0.019553366600157458,0.019218997974372935,0.01904061341696441,0.018946191612367096,0.018972456775909318,0.019114341528524644,0.01923802918945868,0.019622158991291525,0.019676825742270712,0.018500032239424362,0.016832930675051785,0.01645881639454468
2023-01-11,0.020547159072965178,0.020080475284096903,0.019577789208880206,0.019143578583407164,0.018843449467166765,0.018712893051091046,0.018672796560199677,0.018728786726252892,0.018864838778147593,0.018982372359309878,0.01943807176476736,0.019609938299691886,0.018519989302201424,0.016963688056132697,0.01657400025448954
2023-01-12,0.02034815582182169,0.019862508350981606,0.019373278402891127,0.018977186931619303,0.018735240270869286,0.018667310277586373,0.01868750188819202,0.018806287393303155,0.019023011563387014,0.019191523262530385,0.019718680406163914,0.019973331521526846,0.01910786567094631,0.017687994935574568,0.017312015735147047
2023-01-13,0.02176313549840597,0.021741770098942056,0.021415232997638135,0.02108334864683415,0.020784433228622227,0.020607542796863793,0.02047211681846388,0.020425298287253313,0.02046221977855327,0.02052492890522699,0.020948558777567586,0.021099459378684328,0.01998894843022275,0.018498022247908676,0.018134430911766187
2023-01-16,0.022504232301564796,0.02251730669996442,0.022218046019131858,0.021893815384876447,0.021609924037260267,0.021446542465875698,0.021326522215820105,0.02127224814519566,0.021287416367002675,0.02136073747639414,0.021782417475584886,0.021881164625998054,0.020674381437479447,0.019145058886862656,0.018794009138311255
2023-01-17,0.02244462309571729,0.022433363481547293,0.022149469189729595,0.021863007285531005,0.021636067145773066,0.02151909191270683,0.021436727875617637,0.021419196798309628,0.021478703148708263,0.021608970640509824,0.022134679476593404,0.022306081067228842,0.021218110746094067,0.019849149747544422,0.019459687001933044
2023-01-18,0.02289872579842667,0.02304804925125661,0.02287102285790653,0.022662029974371802,0.02247372257268768,0.022368897632012393,0.02229310602336094,0.022282926822688377,0.022367959428367078,0.02250253384364077,0.02304407086226118,0.023294815171613636,0.022234496270650328,0.020961879961015083,0.02059469596487894
2023-01-19,0.022897586828396398,0.023031479365452336,0.022863530716058438,0.022676259518474254,0.022509619634827376,0.02240799387476153,0.02231882001495958,0.022300605946489267,0.02238855284045432,0.022534898846283662,0.02305980073063686,0.023290157444006556,0.02228764013119125,0.021053739912704615,0.020656930885389266
2023-01-20,0.023150311318478382,0.02344078149576014,0.023342928282957334,0.023159952249375993,0.022979578380145055,0.022870897622356414,0.02281485370972151,0.022821396761297432,0.022917212585464797,0.023044173367768768,0.02352624075464527,0.023703664425054612,0.022623223764969825,0.021406165820706854,0.02103494194292624
2023-01-23,0.02353879004070611,0.02380461291295356,0.02365880868893558,0.023450117763987362,0.023249466792382583,0.023143574845856173,0.02307930059033051,0.023070891466553733,0.023134477710656458,0.023234613191947088,0.023733668836511464,0.023920858617638135,0.0229386835765773,0.02169714819617903,0.021325954386189474
2023-01-24,0.02355636967233694,0.02382593449224722,0.02368356072224464,0.023476419655842875,0.023275415275264392,0.02316932241711476,0.023104368506482367,0.02309527228714313,0.023158402113820947,0.023259313238931205,0.023758185468465517,0.023941254634100163,0.02295615517313219,0.021712007863111255,0.02133917078747726
2023-01-25,0.02451172189870382,0.024729212082188465,0.02465523065616595,0.024577077024830474,0.02448419077221684,0.02442902661938537,0.024388673581461764,0.024369223071388293,0.0244183698233653,0.02453890525007789,0.025163147255650838,0.025469751786271245,0.024485841593324408,0.023201532263938403,0.022862314417669897
2023-01-26,0.023774411554640763,0.024342947131890016,0.024391311135827428,0.02432201602741943,0.02419883109015793,0.024122165709431206,0.024071218308862236,0.02408659396139209,0.024193548492086808,0.024356873336903243,0.02493423692728451,0.025260795072765813,0.02426762148748954,0.02309057775886324,0.022662433938601404
2023-01-27,0.02365559439869016,0.024089934950088956,0.024038534630598025,0.02390906433077307,0.023771691307709498,0.023719248167094382,0.023712167974609042,0.023766622246286877,0.023898984625930354,0.02403315989137347,0.024614187675799377,0.024961799284037335,0.024082733226415905,0.02298320337805545,0.022549510863018662
2023-01-30,0.02445566797207046,0.02476348023252535,0.024715831626111667,0.024582462093023782,0.024447424724657725,0.024380554449318182,0.024349432298339767,0.02440470521736741,0.02454427262337909,0.02474028892522981,0.02537581409195242,0.025780441660189914,0.02493178037325533,0.023934204405703517,0.023511981595702697
2023-01-31,0.02491389947725213,0.02472425499189938,0.02432100934101075,0.023930673946382854,0.023662093156674877,0.023532980670119635,0.023474174670617437,0.023505390728117356,0.023631666788840593,0.023807580727932036,0.024439074024568828,0.024793774551031895,0.023877320973694882,0.022899337809522365,0.022505985853215813
2023-02-01,0.025322987748486236,0.024764898431694687,0.02410299114198178,0.023518425776104843,0.023130642274722175,0.022946360777634157,0.02286554438467727,0.02287546998671611,0.022972469601114907,0.023139078260392243,0.02368113881160439,0.023895599783844097,0.02298626035415322,0.021936501533115795,0.021525883171183598
2023-02-02,0.025032904170743817,0.024113865767318863,0.023251184981234137,0.02251962501653552,0.02207171168031412,0.021874787685995333,0.021811569494710886,0.02182766920976758,0.021908977244947225,0.02207104597916811,0.02263706404240782,0.02288630862981862,0.022013655235985453,0.02098722779264286,0.020582915971528018
2023-02-03,0.025757371346260927,0.02464540696429416,0.023731113870528293,0.02297672721988513,0.022504718839494096,0.022277584905013397,0.022186184096689085,0.022190401262227093,0.022261155454442468,0.02243996561286506,0.023052210608270455,0.02332448973955514,0.022514098093751236,0.0214127092834032,0.02097304766742675
2023-02-06,0.02514403552449267,0.023965691672224863,0.022948656975048807,0.022084505775744098,0.021524568375939652,0.02126049907211538,0.021154687356961244,0.021132758527410107,0.021168119253707603,0.021338673919278003,0.0220062303379412,0.022285165102806124,0.021495405871853883,0.020442520825168734,0.02001314116457743
2023-02-07,0.025474209352383734,0.02423546518760408,0.02317849126697412,0.02230680566454167,0.02176102438602027,0.021522764245227796,0.021433280564158576,0.021430978883904044,0.021495308975579202,0.021722791359558218,0.022476363446935287,0.022836668026962513,0.022019368705033782,0.020812498337023737,0.020391276505972694
2023-02-08,0.026086107006959076,0.024872438896553467,0.0238765299271234,0.023056922098666912,0.02254220214888019,0.022290816312049565,0.022171781281178055,0.022147455943583957,0.022199049295190613,0.02244303331021323,0.023203268863373434,0.023527757048763035,0.022587728606472707,0.021302840118765463,0.020907913463258983
2023-02-09,0.025700603721832613,0.024376504652243558,0.023213791525487765,0.022223720266218654,0.021566276453201444,0.021237953879395467,0.021077600864513376,0.02101649995346249,0.02102016257575033,0.021253664750222282,0.022079068567156326,0.022402386416616477,0.021495193956419953,0.020232417546830778,0.019868671822051362
2023-02-10,0.02553651945806452,0.024064378768716928,0.02282251672815135,0.021778753070903687,0.021102035467472392,0.020770849861697582,0.02062213526160973,0.02059088690718533,0.02063856861067993,0.020902265418524767,0.02174947180219688,0.022127285616495608,0.021301294729077904,0.02010632009173975,0.019738026337455982
2023-02-13,0.025642753582519336,0.024236061617728483,0.02297353310897321,0.021898423540056507,0.021183713457841404,0.020820669356537078,0.020635989565278366,0.020583145236065564,0.020633261441614096,0.02092765035672889,0.021772890417988886,0.02218807673441091,0.021463986979350612,0.02037750654491762,0.02010117576639194
2023-02-14,0.025575815040073953,0.024228273174115085,0.023009139957387566,0.021962066584750695,0.021280579179267987,0.0209385334857917,0.0207761098063779,0.020737451604934957,0.020799844170428836,0.021092163863117828,0.02190377541958863,0.02223268546657077,0.021589374417812415,0.020469383175499248,0.020231374523554703
2023-02-15,0.024810185757443756,0.023279610777294974,0.021996251354458714,0.020936087428455614,0.02026995920699121,0.019971805238987964,0.019867685639634168,0.019894315615999074,0.02001820030669863,0.020321795091352412,0.021187480035505076,0.021629948187088452,0.021068787517486944,0.020006504407870693,0.01979188950567141
2023-02-16,0.02496841924687644,0.023329226237087997,0.021945372337339463,0.02077409175881327,0.02000442898598099,0.01959576684159989,0.01937752760207655,0.019294659836962404,0.019311575584144012,0.019584709524050566,0.02035441844209279,0.02076453518530454,0.020139683401133163,0.018935936567320726,0.01870721545154255
2023-02-17,0.02536460260449173,0.02383718527795349,0.02249758891753491,0.02136446992227625,0.0206054881018004,0.020189267688350523,0.01995403303537526,0.019862273107881388,0.019888751430963542,0.02017249687255844,0.020925890111682048,0.021322104082449188,0.020621270646111543,0.01938577055772335,0.019124900252807903
2023-02-20,0.025805588588087267,0.024489210612634853,0.023304360413040594,0.02228893564011709,0.021606501395898592,0.021223754803762547,0.0210075780817018,0.02092818338179707,0.020963191867640427,0.02126241473797468,0.022042616233439956,0.022507512614886684,0.0219459994609153,0.020743423489762387,0.020473104185897796
2023-02-21,0.02581519731000128,0.024600477545112943,0.023466313062673046,0.022501039039835476,0.021848943686068704,0.021495577365338026,0.021285916737748375,0.021207805095998993,0.021239664362725643,0.021549766886497502,0.022365040648549803,0.022828258800017064,0.022240941084397666,0.021038329048553687,0.02078520336688406
2023-02-22,0.025559739274297204,0.024286450587691612,0.02312014265397324,0.022136933558335257,0.02148736640138194,0.021154815983953454,0.020961636227392777,0.02088660026380293,0.02090291076393483,0.021187104364009526,0.021943675054921192,0.022380662484978435,0.021818257201638512,0.020593830330019894,0.02036099857374907
2023-02-23,0.02559281664861563,0.02424864828707029,0.02306673222080426,0.022081375431353516,0.021445409569041424,0.02111866888918922,0.02094974008340392,0.020911629330252226,0.02098524125395357,0.02130180629820212,0.022089803230285098,0.02256903973205368,0.022052552636977134,0.020912199607299523,0.020687409732096033
2023-02-24,0.025852247969210415,0.02456686750875003,0.023431048568443535,0.022483576903406785,0.021863571307468233,0.02154925192046939,0.021388229084688983,0.0213587700623545,0.021437311147693233,0.021737070145924683,0.02248997258012001,0.022999441998537547,0.022412665698015585,0.02121634821558548,0.021000988366096842
2023-02-27,0.025974423371172346,0.024700054665117675,0.023583326039398847,0.02265776743073358,0.022066257968279972,0.021770421455525348,0.021623560167421958,0.021594246806838947,0.02166461909445181,0.021962132586785435,0.022736949776474506,0.02318405974108276,0.022570782464452738,0.021338208228393777,0.021148134655033016
2023-02-28,0.026634438311455202,0.025447116425379543,0.024368133237424077,0.023471036099092513,0.022890497143595957,0.022579129236937185,0.022386530325503973,0.022306587868480793,0.022325381494091894,0.022615232323843503,0.023308367092464376,0.023692588691210003,0.022999014019076735,0.02168846067460386,0.02149107140325937
2023-03-01,0.026391473187864715,0.02521179199679285,0.024095355987730507,0.023134006147699424,0.0225107658879978,0.022207097945840467,0.02206398898418126,0.022039984203125695,0.022106276156538464,0.022407233472983012,0.023159924891072704,0.023624103882321015,0.023018386663372546,0.02175776856772473,0.021563713930481423
2023-03-02,0.02673760419542954,0.025490643235513706,0.024305181034905823,0.023321915436972606,0.022643251604646978,0.022298978733472013,0.022104705400005673,0.022059813968913808,0.022183608736868657,0.02247774799227483,0.023124965411289604,0.023532838912175294,0.022923356066787103,0.021661754087124053,0.0214732315163711
2023-03-03,0.025370872936585766,0.023750338710163042,0.02225491214977127,0.020995972185179814,0.020163318793548466,0.01980798321289465,0.019666171000980677,0.019665619933190468,0.019802648772533214,0.02011794291022785,0.020901826994223945,0.02140492605716758,0.02101891456561494,0.020049312062177294,0.019860082648543585
2023-03-06,0.026078885551449393,0.024424848153401443,0.023065040727700627,0.021990395842273837,0.021325329864704146,0.021036741871765113,0.020913489582060556,0.020937648275074213,0.021109291358153988,0.0214529794146444,0.022198485692379716,0.022690380706092663,0.02243866740226774,0.02155618141185123,0.021423120357361162
2023-03-07,0.02648252899245718,0.024995528398374378,0.02378804387962465,0.022845755875391106,0.02225613740626921,0.02198114451973856,0.021830462392012112,0.02182699803698737,0.02197348468034634,0.02229421918913663,0.02295702411926616,0.02329787403792243,0.022938883165755923,0.021934868130096034,0.021827918804843877
2023-03-08,0.026408892694491606,0.025007590281218007,0.023843038199773764,0.02295050197130767,0.022401452624898923,0.022155866582217524,0.022029949951890088,0.022033771265877796,0.02218489959251597,0.022481067342565136,0.023100999994866374,0.023465870151970644,0.023050511920308006,0.022004247108949434,0.021919872133205502
2023-03-09,0.027504712591213433,0.025989069043568222,0.024708695019093,0.02370916343755977,0.02308994371123876,0.022823351322060002,0.022697401610525494,0.02269265529711569,0.022829112736486114,0.023107722025089067,0.023744608572733,0.024047255906583524,0.023626625366870376,0.022501839505929735,0.022433829496464316
2023-03-10,0.027694443260763237,0.02588734190505939,0.024441925149681947,0.02333565395822568,0.022643139132170836,0.022324679825061575,0.022164397697848247,0.02214002820039959,0.022270114085185224,0.022537406872968846,0.023129240588158323,0.02348230183116799,0.023076834979771817,0.02195446207610454,0.02191381616761519
2023-03-13,0.028191453192109257,0.02645002621659849,0.0250247002055329,0.023920066778351724,0.02322371069330601,0.022884656120824663,0.022697901401442688,0.022654489506242513,0.022772081659461516,0.023052048857597242,0.02366235283616393,0.024011523165397886,0.02352128143267674,0.022342432271066432,0.022306166959747048
2023-03-14,0.028399645366322807,0.02670123511341778,0.02527481138688648,0.024150741800037456,0.023420451009214492,0.02304338988398549,0.022820370082807247,0.022738516783334488,0.022817139417552503,0.02306761348404234,0.02369912763047326,0.02403591956268318,0.023489888811333983,0.022305907985740312,0.022286239670185122
2023-03-15,0.028752119639890765,0.027236805663691886,0.025924143832353766,0.024823612910360348,0.02410521365792731,0.023740030879158477,0.023489948954718745,0.023368889702577195,0.02343107213285339,0.02362344221888952,0.024209371053512032,0.024555818764109383,0.02390993242880984,0.022613733654883533,0.0226267864084766
2023-03-16,0.02885696038958716,0.0273662627441461,0.026077257129746678,0.024983163315799924,0.024267050596169536,0.02390393718599623,0.023678026164969966,0.02358931679125219,0.02368297439735276,0.02391854539327961,0.02461290865132747,0.025033500696120068,0.02435256565491028,0.023081539085110445,0.023060618082619548
2023-03-17,0.02898303365735195,0.027497926367458632,0.026247201436749922,0.025171904480455757,0.02447332493899147,0.02408436006787697,0.023827969603734782,0.02371946431860756,0.023806672242076814,0.024050103664393477,0.024769321008964177,0.02512237738758344,0.024419596122132212,0.02315590647770657,0.023173977971999646
2023-03-20,0.029027036976792455,0.02746728553239744,0.026135905785469996,0.024997811972071675,0.024252960590772265,0.02384249180732319,0.02357847943151143,0.023457581091981764,0.023536468386061472,0.02375343994012786,0.024366399459937786,0.024775427992953257,0.02412446218113429,0.02288867773806261,0.022878719817688662
2023-03-21,0.029348018618198378,0.027738912483178148,0.026384191032265875,0.02522358776699388,0.024457252857700267,0.024019533308498736,0.023725289237452193,0.02358687504993573,0.02365110260954174,0.023876833455164365,0.024494371600127816,0.024929331579809505,0.024222504992437773,0.022970091147230212,0.023004876189366686
2023-03-22,0.02973538937363172,0.028242155894468948,0.026986106832626155,0.02590007729931813,0.025178322096472507,0.024766875266596926,0.024501427812486598,0.024382489727671715,0.024447303762029006,0.024651755750211238,0.025253691725553876,0.025660046672441223,0.02494825896163818,0.0235874460700323,0.023661426651419383
2023-03-23,0.029489626738116132,0.02796837071560865,0.026698995030898637,0.025607125342128605,0.024882379497087683,0.024476260331933605,0.02422084629787408,0.0241005599901211,0.024156156500827804,0.024374041453762395,0.025034101445594224,0.02548016683043057,0.02482259857682856,0.023524011307345532,0.023763386758939874
2023-03-24,0.029391159730370608,0.02781363685963714,0.026503402765533444,0.025387814482364768,0.024652882108853167,0.024237510010264487,0.023954225097583937,0.023805478006169473,0.023840480295910037,0.024051090556435728,0.024686423172259758,0.02517538683155792,0.024433498679702084,0.023037140088057698,0.02318877595101414
2023-03-27,0.03045249778435119,0.02887800426567418,0.027499393516133903,0.026290312701073723,0.025455259913212253,0.024955217780107064,0.024598337112930573,0.02437236045998267,0.024336179357356696,0.024516999772075734,0.025131652061347008,0.025587253842928915,0.024776624528027796,0.02331173314279137,0.023481714123921298
2023-03-28,0.03094871400641501,0.029296875814524757,0.02787068299561321,0.02663325099963462,0.025790791625409835,0.025295407554266326,0.024955106297617064,0.024757067419612228,0.02476618927880844,0.024986970693485797,0.025687727571976435,0.026227304800262887,0.025483210650385432,0.024086208356718517,0.02429737416200673
2023-03-29,0.0311901443971319,0.029857811450401315,0.028569877807569317,0.027379446956730964,0.026521862519320816,0.026004062418943645,0.0256476219037387,0.025413717896269256,0.025366393834918927,0.025577182897998,0.026262688296858877,0.02683276378145233,0.02601762158648527,0.02452405561773538,0.02473212436145539
2023-03-30,0.03199395266320583,0.030606719546715618,0.029287526289620155,0.02810343087705188,0.027230325074656902,0.02669606769300825,0.02631239394447949,0.026076090655254593,0.026054377287634448,0.026240815648297163,0.02683741254122475,0.027338078059410433,0.026632337403950296,0.02508170058249444,0.02535200425027922
2023-03-31,0.03202000918235749,0.03065325245323148,0.029367120790076588,0.0282186224887607,0.027382528092619346,0.02688577345372086,0.02653576076626074,0.026339237175605375,0.02634917163112979,0.026539683845823708,0.027126910837665823,0.02754958164565666,0.026865613901707948,0.025286861232660177,0.025607339191171093
2023-04-03,0.03223959230725957,0.030853421593559745,0.02950166490363343,0.028269614188456055,0.027354810961495384,0.026793142904423382,0.02639788627626653,0.0261572134168432,0.02612096023580083,0.02629344235692842,0.026840994009045938,0.02725021388233422,0.026554964741629754,0.024978031473516238,0.025324196814001908
2023-04-04,0.03270410635208584,0.03141578586770451,0.02999763427716156,0.02865026679324026,0.027625287029790842,0.027000308572271883,0.026544507554626427,0.0262249674148819,0.02609571260686075,0.02622867727149385,0.026700135685776935,0.027052918201441994,0.026374065392803406,0.02473366079006214,0.02509342802284067
2023-04-05,0.03286818154336391,0.03147194738921269,0.029969934537530416,0.028553265300844552,0.027478795336887726,0.026839601509882155,0.02638409049674117,0.02607848676872034,0.025968861969468234,0.026114401777381658,0.026577537494482415,0.026892017000582823,0.026231487049015626,0.02460327766203771,0.024934505925693663
2023-04-06,0.0330150292820803,0.03148900808996586,0.029885924740278232,0.028380451384926033,0.02722363844917276,0.02649152300769485,0.02593346600372098,0.025542707431217684,0.02537603222820402,0.025496306787612097,0.025903359412448628,0.026169099341301627,0.025486256087672188,0.023812920322817305,0.024102094997365566
2023-04-07,0.03289273085110885,0.031333376910872957,0.029771022261157458,0.028320692566893083,0.027229537364552713,0.026552252618006898,0.026048540893946568,0.02572024248874928,0.025610479917246038,0.02577753589545837,0.026238244571612526,0.026595534143447442,0.026028100057985955,0.02449559175288011,0.024747977487141633
2023-04-10,0.03145520024050767,0.02941078306852248,0.027680601517990622,0.026217953226140945,0.025214379450956167,0.02461728925121379,0.02418927348886741,0.023934876579014774,0.02391688471499032,0.02413869879810472,0.024664949233303344,0.02508316538663962,0.024584251806734816,0.02317452967201461,0.02344767067495879
2023-04-11,0.028132073750140745,0.026176872244053802,0.02468300460987865,0.023503551538813984,0.022738495243545775,0.022329787327806595,0.02203698318191435,0.021902659668477268,0.02195188150139201,0.022210395668554178,0.022863527901445798,0.023389642220183735,0.0230375111193424,0.021780690737778066,0.02204516930820147
2023-04-12,0.029651805498784545,0.028198317521721545,0.026845417157089227,0.02567186033597427,0.024847622094421103,0.024355346261292835,0.023982114581950334,0.02376853301582344,0.023792739455199337,0.024042591211933566,0.02458143072388169,0.02509502062165199,0.024614871176587554,0.02317792884845785,0.023484946518891416
2023-04-13,0.024841150740623447,0.023870119051477207,0.022813347823619115,0.021896773753754938,0.021240073496130232,0.020941239245221014,0.020764830242980533,0.020726183771791293,0.020869898803520002,0.021160099996227488,0.021767456514600204,0.022317322702815993,0.021955034834946104,0.02062177664664792,0.020917002982159507
2023-04-14,0.025977793531840286,0.0250070518208504,0.02400226397063084,0.02308648803850196,0.02242639383609713,0.02205887888986951,0.0218208022158221,0.021733555700253537,0.02183671375823146,0.022127110029813234,0.02276317490517015,0.023399478397633997,0.022963094203419576,0.021589630224459505,0.02195701196950881
2023-04-17,0.025285693736799075,0.0238830809581515,0.02268179380581462,0.021670467707831306,0.020993052749290496,0.02064020918195695,0.020413396191434473,0.020352199518376534,0.020492943982142138,0.020814814110065145,0.02148185642784999,0.022146699362138055,0.021689405539914965,0.02036400828697702,0.02070459694621073
2023-04-18,0.024685121281989304,0.023345752124569307,0.02227141600869518,0.021408941326148113,0.02085505727416475,0.020569001575756196,0.020404032926595712,0.02040572200109891,0.020629113127914545,0.02100811214464595,0.02176098706625238,0.022567833365974295,0.02224043631525049,0.020910950205128787,0.02128283457937414
2023-04-19,0.02669647292543765,0.0253864856396759,0.02423839848943007,0.023295724097544077,0.022666288789755188,0.022315006994235095,0.022078892412915937,0.022005627914772355,0.022183075793481888,0.022520262441481174,0.02317720734576765,0.023906194925173475,0.023395608405564813,0.021862713245641353,0.02223869159994398
2023-04-20,0.02764226938707819,0.026415397156041177,0.025245227777862197,0.024227008679510505,0.02351532015052018,0.023112326281414568,0.022835250124060007,0.02272023732089202,0.022833150670977263,0.023139982488983902,0.02378876660636914,0.024444422231963914,0.023889479789526213,0.022289008037550212,0.022650520829975634
2023-04-21,0.0265294079830496,0.024892892836910218,0.02358036472806407,0.022526927869772832,0.02186682808853236,0.021549638254024703,0.02136371478603107,0.02132353847405643,0.021477097025405564,0.02181733829816516,0.022543516221219705,0.023331821384144268,0.022936590157214908,0.021554603486020403,0.02194681685764703
2023-04-24,0.025471878722023927,0.023685236946035523,0.022376774732717084,0.02138721739080186,0.020820888929033828,0.020577984965699576,0.02045648465869735,0.020478991281620933,0.020702258509587394,0.021080317963480165,0.021871016516020792,0.022704091977556993,0.022404798128744755,0.021133341887775253,0.02150768351298118
2023-04-25,0.02651446660420899,0.024723530508863875,0.02338197806791421,0.022362464831381493,0.021776696168463505,0.021521806853454662,0.021384052974296137,0.021379574328508705,0.02156706279218423,0.02193053545614196,0.022719451812117396,0.023544719590720548,0.023240753069109478,0.021955098162770855,0.022358196945564346
2023-04-26,0.0274754376790227,0.025561210355888545,0.024183438280207376,0.02316569786554217,0.022588792247047875,0.02231353052896776,0.022144348227008302,0.022122154567712486,0.022320342756351436,0.0226806265182082,0.023453528195679044,0.024254659679709526,0.023977227499182695,0.022697073589598705,0.023107195849934162
2023-04-27,0.027621732432749,0.025850737063264684,0.024510117635083758,0.023492090690512276,0.022883116932637355,0.022574551353071706,0.022370386699087506,0.022306655932482173,0.022469130166005262,0.022831791578189955,0.023630379695530238,0.02446772754598116,0.02418832595151138,0.022901854978464104,0.0233243997309502
2023-04-28,0.02860079082129667,0.026899418627018088,0.025528051207692234,0.02442017176141658,0.023709731226312602,0.023306233781074926,0.023030680119930255,0.02291936626313993,0.023043784705386795,0.023370854142293583,0.02408851925397189,0.02487035441956648,0.02446905331526548,0.02304700164385194,0.023461680664197695
2023-05-01,0.02832428324766344,0.026649735262976232,0.025228187132933875,0.024055304525902956,0.02330543999578226,0.022913428821572743,0.022642412419502145,0.022519260869060434,0.02261238392930759,0.02295930598525336,0.02373943553290303,0.024525830138436434,0.024135689606693114,0.02276597520796788,0.023200705542086458
2023-05-02,0.02795336843633611,0.026132264987108723,0.024633477810884787,0.023405505258978446,0.022602777244190266,0.022172963896678406,0.021887371319069305,0.021778420233298484,0.021895459277092005,0.02223836197144317,0.022991360853644335,0.02375637223018151,0.023369023535184868,0.02204116409851165,0.022424431790984675
2023-05-03,0.027751965102811502,0.02594864429071408,0.024488579611410724,0.023314938271144135,0.022601478268159336,0.022260012771011268,0.022050831540010057,0.021990437991533655,0.02213406749480744,0.022478330860429288,0.023256257745449878,0.024060845758967542,0.02374493398661037,0.022458606116962508,0.022839695114680127
2023-05-04,0.027107545464025013,0.02505273090928633,0.023572757716805365,0.022374014956158567,0.02171829136357411,0.021412600684355708,0.021224400011809103,0.021188138534912145,0.021363224704052042,0.021758410349829848,0.02259536341391248,0.023426556719515056,0.023216324590110544,0.021958929825373206,0.02236580626606254
2023-05-05,0.027316644573263785,0.025253140753790048,0.023700627262247444,0.022421113494004975,0.021694591398530607,0.02134689407129569,0.02112734991497432,0.02107081093577198,0.02123567531553361,0.02160570598159457,0.02239072927394537,0.023197681870106183,0.023023924766726107,0.021781606112876783,0.022179913790234807
2023-05-08,0.027337698966709026,0.02523874702284181,0.023669461179196834,0.0223831313220234,0.021658560278149063,0.02131791607910003,0.021108454138765807,0.021062382934092894,0.02123734661176091,0.021616268662395924,0.022418791747996374,0.02325056721848739,0.023098604902288235,0.021870625971527644,0.02226885885612622
2023-05-09,0.027142257480498623,0.025045704395314207,0.023482873752024125,0.022204911183206513,0.021488206304430536,0.021155921475258837,0.020954632054901823,0.020916271000625486,0.021097167746565604,0.02147834232389049,0.022284220924346863,0.023104476863198217,0.0229502873988116,0.02172499454453705,0.02212021397315259
2023-05-10,0.028504583109614467,0.026329761347420953,0.0246907788868702,0.023337887654891285,0.022563824876501194,0.022200433396493028,0.021985288239793184,0.021938261808143015,0.022106832675707976,0.02247162996811266,0.023243112935767904,0.02404203851759005,0.02381655315928442,0.0225817961964192,0.023012194376122223
2023-05-11,0.029178915360001518,0.027053922914790404,0.025478226969546384,0.024172979756994825,0.023411967108175672,0.023055421626162302,0.02281184100024672,0.022724531643359365,0.022845108884165095,0.023196183362104467,0.02392384336169076,0.02469726288422644,0.024447747192380322,0.023159239694535358,0.023641292021188295
2023-05-12,0.02876051979938332,0.02665273611314307,0.02507535660915734,0.023772456664192462,0.023026607220818455,0.02268537878504763,0.02246680163352027,0.022410341211994426,0.022569368668652074,0.02293017398867898,0.023672452741750425,0.024484024811502532,0.024316613914947504,0.023112874726436174,0.023597424948020546
2023-05-15,0.02966283555345543,0.0275246862210993,0.02592303793198864,0.024599747606431077,0.023824674670958938,0.023451183868921605,0.023195645275409387,0.023111788058124753,0.02325141467462198,0.02359376419612054,0.02428149767899029,0.02505994372992594,0.024833420646965216,0.0235423252932306,0.02402653627753263
2023-05-16,0.029870401276724478,0.02775843231216672,0.02621919577447899,0.024967964701814054,0.02426710019844385,0.023950251084126746,0.023734443577495948,0.02367013104690524,0.023813664899948142,0.024169583276639085,0.024913592391538304,0.02570466369134216,0.02549619279057918,0.024234665991224303,0.024722124541591915
2023-05-17,0.029666471544180947,0.02757747863802797,0.026053861438653455,0.02481595138025141,0.024111681399195353,0.023775518874845334,0.023539465077165124,0.023450996100158567,0.023573730562133223,0.023921521613364877,0.024648489882269763,0.02544796257634441,0.025186836593446664,0.023891393852002764,0.0243846694714857
2023-05-18,0.030602329201832184,0.028486744791182222,0.026905062579624696,0.025608468366197824,0.024843580450220105,0.024452832358942637,0.024161175602108242,0.02402902714420063,0.02412738643077679,0.02445663139485168,0.0251407410827163,0.025893564154484558,0.025516599098070372,0.024090958863967463,0.024566597344478587
2023-05-19,0.03006099431247262,0.027921776684311925,0.02633743152459459,0.02504594438610213,0.024291384132405565,0.023914825595441096,0.02364587963046497,0.023531655561640604,0.023636272793963846,0.02398280202864308,0.024715802200783482,0.025515846886287212,0.025151442676384205,0.02381463947511311,0.02432612052437204
2023-05-22,0.030323741094298653,0.02812280052478537,0.0265234961308101,0.025229045877621623,0.024481724198656588,0.024105671867824502,0.023838007286063903,0.023731169158308744,0.023854399978693767,0.024210573307573847,0.024953373521931336,0.025847758532569244,0.025441722620519462,0.024112867944613824,0.024625787495949174
2023-05-23,0.03032328907731666,0.028150548849601862,0.02651032214351618,0.025166331977660054,0.024381356518277966,0.02400708887771911,0.023744996691156546,0.02363636872305139,0.02374740402635514,0.024103344806111832,0.024872519816672902,0.025832229448812846,0.02530573902897012,0.02395015892083479,0.024486282114021613
2023-05-24,0.029630781668266465,0.027266425496432635,0.025545344161096613,0.02414523433720131,0.023342661865384685,0.02297299257396221,0.02273015009874041,0.022643728235402755,0.022771642099973538,0.02314673830885275,0.023961140802318228,0.0249335031681626,0.024493482141997876,0.02315736086696554,0.023685876929561405
2023-05-25,0.028904389721281468,0.026687981871413767,0.02505069479738723,0.02373682530709443,0.023013959578384348,0.022726054147571707,0.022561374708836044,0.02255745193186269,0.022775218014056235,0.02318016847803109,0.024020953573598392,0.02502348900423836,0.024741323069595728,0.023467041947999062,0.02400516968122477
2023-05-26,0.029442936426547484,0.027394180598004234,0.025817313974295476,0.024539056145984662,0.023822627415798818,0.023528157159106337,0.023353589126963302,0.023333704247483128,0.02354321225948492,0.023949884893054912,0.0247828339199351,0.025685475938519126,0.025376878303033153,0.024066392425621627,0.0246318618215797
2023-05-29,0.028593610013183102,0.0265800296728558,0.024988854402174503,0.023655630852468634,0.022885144503537857,0.02256738986617353,0.02237577876973348,0.02233736959117961,0.02250470181287887,0.022908145777966182,0.023758591811670653,0.02462902839895377,0.02434987119922042,0.023064186317307844,0.02361674314095245
2023-05-30,0.02857340228958234,0.02655266398801436,0.024952558891174075,0.023624312266131094,0.0228359523510116,0.022520366479927934,0.022331989295021802,0.022296986745072547,0.022468469893102964,0.022873579258814065,0.023729270332892526,0.024605104274231,0.02433085644883527,0.023050536469444112,0.023602334685086043
2023-05-31,0.02800548088605595,0.025847483473064058,0.024155695513710343,0.022787606814795282,0.022001992109654762,0.02171753589218142,0.021560680109614656,0.021549535015195128,0.021742879784171745,0.022148496273688614,0.023021533857295474,0.023972231191465385,0.023681535484750642,0.022440778657269053,0.023041412332166583
2023-06-01,0.028202648040403455,0.025932979980967514,0.024202697741655045,0.022817263143556383,0.02202041180716958,0.02172775690008281,0.0215643895095849,0.02156114577553233,0.021771153968081654,0.022178977106712083,0.023044812858206046,0.023964417747633058,0.023705069128902644,0.022479988251129717,0.02320286408141703
2023-06-02,0.02739560114138251,0.024874090125908358,0.023104887301794188,0.021724453950891655,0.021001518401809912,0.020805248100219633,0.0207631690578544,0.020887987809451013,0.021203935814444824,0.021684831536648835,0.022703557853858636,0.02387230295510082,0.023658355891365137,0.022529184956256134,0.02324233451459853
2023-06-05,0.02787974227790829,0.025429571456800738,0.023707732290591737,0.022395570533033014,0.021729556018304,0.021568423599419264,0.02154031985655255,0.0216647483136989,0.02199099369233214,0.022471363957225984,0.02347012904429911,0.024604283492235045,0.02446146857208708,0.023359619075156823,0.024125719647920305
2023-06-06,0.02819943540489828,0.025832946245137278,0.0241287883846177,0.022804153295580033,0.022110893035375494,0.021923326382309722,0.021871170235321608,0.02198154820635379,0.02229351211514171,0.02276402820792161,0.02373608333833198,0.024858625937662703,0.024677616791397416,0.0235343211060585,0.02428168603972955
2023-06-07,0.028269826165923266,0.025809530086637264,0.024081894203063874,0.022759208242259903,0.02209304002004331,0.021927389706753075,0.021894884762353427,0.022020893846683647,0.022350202712939006,0.022839796739454736,0.02385780399789882,0.02499493178598358,0.024888846157876825,0.02380738679034724,0.02455995675931589
2023-06-08,0.02807137142522412,0.02553919537325042,0.023782532864194718,0.022441370740581744,0.02176672704901845,0.021596029564356477,0.021559770556707117,0.021677170876884297,0.021995815715530838,0.0224847162029511,0.023509869347982184,0.024655631575078114,0.024565590121372938,0.02353525461110435,0.02425432606813956
2023-06-09,0.028124314258427735,0.025353687606554626,0.02347505073311251,0.022050969203521002,0.021330540229833418,0.021124898132048233,0.021058754992881987,0.021162821010285385,0.021479727441940356,0.021963903804439848,0.022979604471378333,0.024138584314877656,0.024045226696597508,0.023000902300054516,0.02373891838155177
2023-06-12,0.02847857354463182,0.025728396409819502,0.02386827799221977,0.022464506813301553,0.021756662334293225,0.02155063823127865,0.02147852462695753,0.021569774086497483,0.021869784324839152,0.022360113819827086,0.023385251167798816,0.02437838233599077,0.024424370031378664,0.023376432550085292,0.02411349969921663
2023-06-13,0.028486146567266293,0.025858796434100023,0.024050365939369853,0.02267157194332319,0.021977796964696504,0.02179234926063842,0.021745601868427132,0.021867905316704798,0.02219550919156288,0.022702150444607296,0.023770754412212606,0.02482374342339657,0.024885635544867547,0.02381250480337985,0.024581460152867947
2023-06-14,0.028868766876118442,0.0262666257144271,0.024484330750304862,0.023118892582169315,0.02246051993017543,0.022270702782854354,0.022218137365716775,0.0223374235560129,0.022681340856380697,0.0231957528313525,0.02428486373339679,0.02540009317732042,0.025454326562510746,0.024350603369433784,0.02511192786718286
2023-06-15,0.028933450939786613,0.026478033238522148,0.02470518894774594,0.023314627090660185,0.02259647998600112,0.022351742986816414,0.022232546877778016,0.02227732127592093,0.022538503102235676,0.02302549196361656,0.024114710559599697,0.02519530971582083,0.025184205828531748,0.02400085400630321,0.02477614641666081
2023-06-16,0.02959843815671983,0.027284925199809282,0.025653628357812968,0.024371096773860748,0.02371964793919832,0.023492597238993905,0.02338897780476667,0.023454414984598566,0.02373843952575838,0.024228974935458374,0.025291575341336924,0.026346231604724327,0.02631327648402315,0.025097126536486696,0.025889449421498706
2023-06-19,0.029346741006926302,0.027146273064996423,0.025551263566539494,0.024279519872977263,0.023619265391662415,0.023382891244380116,0.023266925356211773,0.023298216884153546,0.02353348846652973,0.02401596491451618,0.02506302782083768,0.026056387532726606,0.0259909289567954,0.024722354725879876,0.02550630309882088
2023-06-20,0.0296443519003767,0.02736152975738147,0.02571451760220126,0.024410959250624364,0.023738370379296526,0.023497279684239748,0.023383378384927545,0.023451783918548925,0.02373545157024957,0.02419696417935028,0.02518334247820143,0.026217097463874704,0.02619458923452381,0.024985058619962187,0.025756116275147203
2023-06-21,0.029730752040657293,0.027573977010093405,0.025952304492655228,0.024632239008559192,0.023919401262538866,0.02365259856453522,0.02352613856787907,0.023579177916800295,0.023849583755767095,0.024328611580997594,0.02535220066173351,0.026417077889617932,0.0263237030234395,0.02510116097578636,0.025888105476799123
2023-06-22,0.029969454418607523,0.027653004337413727,0.02593991456552632,0.02455966994187185,0.023813504176778553,0.023515077347260906,0.02335330616719894,0.023372117179174413,0.023624147832776426,0.024092603688618028,0.02506295994811294,0.02607004656695483,0.026023252037151237,0.024732753763319158,0.025548181602146287
2023-06-23,0.0302939069713863,0.028027183174151794,0.026346444000499993,0.024978189235828216,0.024228305382530155,0.02391671167988964,0.023746265110810943,0.023758855566949497,0.02398931746630926,0.024428619252420524,0.025385394030192993,0.026386313250715897,0.02625056292691239,0.02494656772750054,0.025748393182539336
2023-06-26,0.030687174106403314,0.028548289712311343,0.026894065504466904,0.02553866199654205,0.024789766696815117,0.024472200003751405,0.02428975480750021,0.024298400164944667,0.024550968722084072,0.025011391907954122,0.02595948380212849,0.02694044113486773,0.026829805034568145,0.02549211933136908,0.02632938821664368
2023-06-27,0.03013603529117224,0.027976655835709078,0.026230810679515448,0.02476834242199885,0.023921322072976547,0.02355906323867899,0.023344199610237905,0.0233217877543853,0.02353038173201995,0.023976280050405013,0.024921410705776623,0.025828361383507005,0.025697423009829367,0.024342899597974987,0.025163756689532798
2023-06-28,0.029740005900336673,0.027300967477313188,0.02546361937103505,0.023960509259536827,0.023112187368292562,0.02275740318446721,0.022541421034231884,0.022514778818755948,0.02271432836880928,0.0231874079587138,0.024189939230328677,0.025212224817525226,0.025212435484197014,0.02391680112970432,0.024539128930377643
2023-06-29,0.029109943664021906,0.026491831790127058,0.02456558389319254,0.023003855636022592,0.022142567031929742,0.02180768588448991,0.021632884326812027,0.02164835757915552,0.021879991957300275,0.02236051315002768,0.02340484258632937,0.02441108730783405,0.024486991802468678,0.023313044094733303,0.024094591396554548
2023-06-30,0.02913229251905365,0.02647351841556147,0.024486400615892336,0.022865194225001224,0.021982281487950964,0.02165018084664595,0.021485857847920554,0.021541721197412305,0.02178977111621292,0.02223500809274547,0.023265756492859717,0.02433817187071392,0.024424633414914618,0.023321801518242893,0.024071092740251585
2023-07-03,0.029894740809481662,0.027208826699331366,0.025167579482777484,0.02349072806726259,0.02253380737175818,0.022142664305886704,0.021937494055264628,0.02197551210935274,0.022220198812909396,0.02266202670014199,0.023674618746029316,0.024692637038822934,0.02475499771048632,0.023582678310086067,0.024388987957676748
2023-07-04,0.03054350972492251,0.02791803475647828,0.025855890414238233,0.024148387369851632,0.02317872314314705,0.022793816610065836,0.022592343979061326,0.022631747855204328,0.022879567321980532,0.0233195203239479,0.02431716342528026,0.025338653540899144,0.025399197983481992,0.024206509770514282,0.025008158518528965
2023-07-05,0.030474768862220173,0.02783529024724658,0.025797204211044117,0.02411337609113265,0.02316129682281038,0.022789740477108925,0.022607440340851468,0.022664290654515654,0.022926256946014224,0.023378743332487198,0.024402112906215377,0.025446658659865555,0.025558389512192494,0.02439883148876177,0.025225153969117765
2023-07-06,0.031075723126267902,0.02841900355345373,0.02638750276006596,0.02471414260232831,0.023769440277896126,0.02338520821662289,0.023184509066638423,0.023223371268902,0.023466345595588377,0.02389362993144315,0.02485960972475406,0.025849678531854017,0.025849125610671837,0.02458801727621196,0.025391306647217494
2023-07-07,0.030669177791537026,0.028114445559993602,0.026107818901632298,0.024451995562448797,0.023523011257432794,0.02316684815492292,0.022988890800945207,0.02304073528414921,0.023290775397245195,0.023737243146079914,0.024746778678430986,0.025756432149014744,0.025766946455162906,0.02452525707769023,0.025404726838166723
2023-07-10,0.03080453246480031,0.028146474889634437,0.026036543036777417,0.024296052438968038,0.023302632964303658,0.022888831745344413,0.022661598225347968,0.022660292031355764,0.02285316954089762,0.023273424399745377,0.02428263211933932,0.025242729543957964,0.025239066493685774,0.02398809127342445,0.0248038366217519
2023-07-11,0.030920399712086242,0.028182077112759333,0.026034913061282822,0.02426034621654619,0.023259909779605115,0.022848475564346965,0.022629701837073822,0.02265080134942709,0.022870343490980154,0.02329221702355173,0.024286687812621586,0.025321417484298343,0.025365045874011123,0.024165727836206657,0.024975381929217534
2023-07-12,0.03149023623883011,0.02878034103496899,0.02665306037218305,0.024895999551476772,0.02389537688257421,0.023460028141789383,0.023209100483615894,0.023194633300627553,0.023382078218010215,0.023772227385717472,0.024718698593667408,0.025709472803077487,0.02570044477801216,0.024461785873118813,0.02527770767346422
2023-07-13,0.03165111763959077,0.029033035143145425,0.026957770279443547,0.02523806847866071,0.024244333134233027,0.02379486816283218,0.023525857415627547,0.023496696479847295,0.023671623046243335,0.024052270280901334,0.024986978998012235,0.025956333448790725,0.025920269007522923,0.024630883778527752,0.025421291211048212
2023-07-14,0.032572219492581364,0.03002652961274723,0.027967585461539806,0.026224582688683783,0.025146614236599325,0.024587571056696608,0.024204974886542018,0.024078497974654473,0.02416676132026533,0.0244949819082932,0.025296650794763596,0.026150578902360715,0.025943190596955497,0.02449584258707597,0.02528767854515105
2023-07-17,0.032548333244915566,0.030002075283297677,0.027879856767822144,0.026081089019840152,0.02495738690409631,0.02437990111801384,0.023985794160036916,0.02383877964823037,0.023897671326920708,0.024214987131062626,0.02502342788147347,0.025814951365068964,0.02556564873686152,0.0241262266908674,0.024930906413678684
2023-07-18,0.032851487813860075,0.03036079934656925,0.028279677292452173,0.02650533270309932,0.025399329902975734,0.024839550832967423,0.024466315434994404,0.024347968972071154,0.02443122936417418,0.024749156486354038,0.02553986679103937,0.026379475636379136,0.026221455695332737,0.02480298922778583,0.025583201444677475
2023-07-19,0.03244527468020462,0.029877056558661987,0.027677670484695018,0.02577059347799086,0.024539439848940168,0.023897811179546494,0.023465495899344727,0.023298060386983406,0.023334242287733956,0.023627507871144673,0.024389460364045552,0.025245709224332842,0.02509617892377495,0.023724039580232736,0.02444210004100194
2023-07-20,0.03297650032653048,0.030248806161318406,0.027997959626635347,0.026076766000014854,0.0248525099256952,0.02420096665520048,0.02375701412801442,0.023588170918706353,0.02363212384798608,0.023894527762331592,0.02455689137756097,0.02534872606025483,0.025174142254931826,0.023720279488520235,0.024387114647807295
2023-07-21,0.03354382488003496,0.030870354814860845,0.028638881365457742,0.026730246636326508,0.02550857917963887,0.024842221115043993,0.024377509392586726,0.02417512435362314,0.024180128604885748,0.024410342698743284,0.024977264182149725,0.025617380958057337,0.025362781049260912,0.023795577508191414,0.02448279394546638
2023-07-24,0.03278963087985251,0.0299900982208792,0.02761054323696369,0.025569234125011206,0.02426282852548716,0.023574523512276287,0.023096887016009437,0.022895521291301495,0.022905592333866107,0.023152140685290503,0.023783072503141458,0.024501787659489026,0.02439806987899949,0.022966051450145266,0.023665199009604714
2023-07-25,0.032879666428458354,0.029898639594998125,0.027433974524985572,0.025314301576858093,0.02396403415391952,0.023254222904766163,0.022770792163097155,0.02256143131203112,0.0225539297085969,0.022808422192145673,0.02348125244327321,0.024229342782802542,0.024186954522675823,0.022830425322722395,0.023484172795273348
2023-07-26,0.033348016946322286,0.03044396856805294,0.0280008524692948,0.025895721148827978,0.024522192839306494,0.023751838565430474,0.023194223073483074,0.02293282468924532,0.022904031753255453,0.02312423221447197,0.023679896451324494,0.02436098976822335,0.024252359938934598,0.022826641331429438,0.02349425466221425
2023-07-27,0.032976972269485004,0.030056779423940454,0.027605852922808437,0.025484480085950476,0.024110531153135804,0.023361098700213256,0.022827594887201756,0.022582465796216627,0.02255344935245312,0.022804406231381986,0.02343129913316902,0.02414761045945297,0.024014224246267698,0.02258130455387146,0.023261975335245388
2023-07-28,0.03335420216413726,0.030533382249801056,0.028154035490077358,0.026108150821215894,0.02478502129145596,0.024052441980449993,0.0235264864545025,0.023282030509809603,0.02325457291893996,0.02348104111974347,0.024052627198017207,0.024725983095686355,0.024546458403194794,0.023062439469109314,0.023750408768465573
2023-07-31,0.033398796044801976,0.03059146789291117,0.028203531815178016,0.0261346855113011,0.024788061049584073,0.02402351136049865,0.02347548626533721,0.023205113586892277,0.023153671978767488,0.023374974969910253,0.023966229849267245,0.024613954041209793,0.02438716149945242,0.022913180977910032,0.02358537903356577
2023-08-01,0.034005009637241165,0.03123577662038574,0.028844364704736062,0.026827680778953516,0.02543855051321942,0.024602530698023057,0.023988620535772137,0.023652608013714743,0.02356045753308452,0.023728494791579326,0.0241607841793299,0.024736503560710166,0.02434293638718404,0.022767582726343074,0.02335208577148696
2023-08-02,0.033800940361013145,0.031076685518786812,0.02874550181823052,0.02676820742844997,0.025415721856602846,0.024617333801412917,0.024060057535525092,0.023790009294743272,0.02375514399522349,0.02396028461936964,0.02441757559697539,0.02499346253532475,0.024816082964521945,0.023274863186652443,0.02385128400500874
2023-08-03,0.03373232214538885,0.030996239050406157,0.028661809725461788,0.026700092826525565,0.025379602704876887,0.024610202056129793,0.024082471058546846,0.023869932778068887,0.023918644935235347,0.024180552637681638,0.02469305695293156,0.02531609570288152,0.025186871541926326,0.023742189892325963,0.024298386949628256
2023-08-04,0.034166204876503854,0.03182090047817,0.029787450437999633,0.028061628522163342,0.026881683002381064,0.026175874378887656,0.025680189240406204,0.025456068194822164,0.025456638147100568,0.02567631031256434,0.02612180979092338,0.026593143842958276,0.02623965077993355,0.024610886672768915,0.025225142653440443
2023-08-07,0.033700427257183,0.03135609811195603,0.029361071253238582,0.027691863979259306,0.026588390887788936,0.02596287437531541,0.02555785591544179,0.025424764468359732,0.025506040687609335,0.02576935364395488,0.02629193479099041,0.02689275001226923,0.026689139556458526,0.025173619618513884,0.02580555714913357
2023-08-08,0.03397334052851947,0.03156187817718377,0.029523935558166323,0.027823281896061723,0.026689666689508132,0.02603952810662485,0.025598968611791856,0.025420559374816413,0.025464818274825152,0.025745213009878688,0.02633549995026214,0.026950883704974046,0.02670256182019274,0.025153224870498897,0.025764431882499637
2023-08-09,0.03414771658224264,0.03174592043913323,0.02968004459401577,0.02794520510696161,0.026781786691417734,0.02611527773342712,0.025669179287978558,0.02548932894770168,0.02553087935151638,0.025796800232291008,0.02640091089887839,0.027052174511882462,0.026798061884447538,0.025266330725977938,0.025972351886449346
2023-08-10,0.033592119519615334,0.031086646872677235,0.028938816613344274,0.027147445955889075,0.025974045812617922,0.025330721555212137,0.024910990438483258,0.02473854699891164,0.024767973945415078,0.02505911395945527,0.025735628419429033,0.026428736344154543,0.026283756986570133,0.0249074855773908,0.025479020788732397
2023-08-11,0.033445724021593244,0.030602909219493993,0.02828362092585856,0.026400214080639143,0.02518774849225662,0.02451990661268765,0.024098133865260905,0.023946131922467324,0.024019367878813973,0.024322734920779507,0.02503584329020131,0.0258015422587841,0.025690005628790768,0.024391948781906463,0.02497919405891054
2023-08-14,0.03375529776490998,0.030951529505287335,0.02861753427506269,0.02670294576603507,0.025450509045845098,0.024745152672689168,0.024273411808419684,0.0240644467207201,0.02408056811618464,0.0243766295716793,0.02505675393096082,0.02574545483813684,0.025576483619129956,0.024202860425395732,0.024803052059301552
2023-08-15,0.033843505111996554,0.03091403593594046,0.028519096842560324,0.02655203012402452,0.025279386930402145,0.024562182156621877,0.02409172833533392,0.023887036035423633,0.023898265583854033,0.024186297193976324,0.024864331629712542,0.025566241095650356,0.025413180011722936,0.024073160679757743,0.024665150659524782
2023-08-16,0.03308413660919685,0.030017968972187926,0.027545344246594917,0.025536077001909022,0.024248950579602288,0.023537627882016902,0.023076935728919307,0.0228827389915355,0.022907825497549238,0.023208860891998955,0.0239067199559612,0.024643380736032228,0.024507452604239484,0.023218778485225914,0.023810676308074288
2023-08-17,0.033403101043439944,0.030255811673325018,0.027767368950594718,0.025754404931983322,0.024487509014918706,0.023796074831922514,0.02336205383356018,0.023197508560591325,0.023247073418306896,0.023553709804355356,0.024239319741165274,0.024974440566846726,0.024822669081212133,0.023497353338032583,0.02412749712461172
2023-08-18,0.03390231510698987,0.030840962788864865,0.02838828094571105,0.026397092019602258,0.02513642155237381,0.02444414548400816,0.02399371736155952,0.023792867115850252,0.023784002539689875,0.024054883802297134,0.024763979476930105,0.02541288990588389,0.02516473703747851,0.023774924426327226,0.024450117764107143
2023-08-21,0.03371235008910262,0.030650730613880923,0.028216359826660722,0.026245963925337016,0.025005993462496677,0.024304372386012844,0.02383219955842926,0.02362720512299493,0.023640806502649894,0.023922806823592248,0.02456924628275708,0.025279403726461355,0.02508027346221917,0.02372114090225224,0.02431071735192669
2023-08-22,0.033221001355570726,0.030098545357465187,0.027634025346010966,0.02565333208415108,0.024429822856915993,0.023757639479108642,0.023316031859960437,0.0231475905808277,0.023204323930274617,0.023531738634043575,0.024249928736650946,0.024977530725007868,0.024876430907096188,0.023608328510457462,0.02420264300621805
2023-08-23,0.03325309551579971,0.030195847570797917,0.027748289879147153,0.025781555276716696,0.02455210368228377,0.023879482934547565,0.02345135350374692,0.023288898632525038,0.023346764866152087,0.02366598264032409,0.02437217221013458,0.0251052591283486,0.024966229460585715,0.02368603568100863,0.02429901444777743
2023-08-24,0.03373077650807238,0.0307506210915321,0.028323689711922142,0.026385015845116454,0.025171530290245662,0.024492813401221166,0.024013345783384238,0.023785263839795224,0.02379036827610038,0.024087367088256664,0.02478292445525587,0.025486298019223173,0.02533647012992643,0.024013786589708465,0.02459139433942763
2023-08-25,0.03369028788033317,0.030564860778076686,0.02809425317031708,0.026129808101593783,0.024925058753966264,0.024263689412344448,0.023835010518036787,0.023685613115236318,0.02376211620345794,0.024069312348536723,0.024732063647987187,0.0254574577159832,0.025378457953450305,0.024141973557597226,0.02473333167219184
2023-08-28,0.033254513166506544,0.03022420623061866,0.027860282755408045,0.02598842538328213,0.0248679574460505,0.024274476299037173,0.023895692985240347,0.023770708984992357,0.023863158084487284,0.024238004329375062,0.025039399344492737,0.0258698867725503,0.02581041798833308,0.024587542939434902,0.025227399504155805
2023-08-29,0.033139275823778125,0.030133155308765557,0.027772767813644825,0.025894155705074143,0.02477950717277314,0.024202532079891002,0.023855900489608728,0.02375676882045294,0.023853238240784908,0.02421022927305475,0.025028156675423376,0.025840823814159787,0.025733717501233003,0.024565489029865405,0.025102509598958007
2023-08-30,0.03325576905552451,0.030311489161160124,0.02803748009821739,0.026279585094802015,0.0252371049914292,0.024742034776672063,0.024428116840016504,0.024364242076393067,0.024539683418849906,0.024874465687248673,0.02568584330953557,0.026534298623166346,0.026437247550122743,0.025278987035634734,0.025779712214113105
2023-08-31,0.03298828272021003,0.029948287294860758,0.027671776133931295,0.025934477613111354,0.02492648967566437,0.024462936636903916,0.024184187856382537,0.024158057893117174,0.024368536055668442,0.024721530973384476,0.025539463056464543,0.026428637988395013,0.02634707978350616,0.025235557477380325,0.025685504550249684
2023-09-01,0.0327351550055349,0.029847015994313962,0.027695752286343214,0.026076143829974096,0.025160903370016918,0.024766191980081943,0.024553887891423033,0.024578234054673073,0.02481983098205801,0.025184623031794043,0.025980088627680833,0.026841349925791,0.02682722993824506,0.025756323132466254,0.02616221051710654
2023-09-04,0.032721638563488,0.02993666616225943,0.027801952573691502,0.026184383468972047,0.0252562811117617,0.024839908197147792,0.024594278549360405,0.024598694235709696,0.02483714995748953,0.02519464395298552,0.02593675510281793,0.02674715779141825,0.026713532544782984,0.025624656359416843,0.02598208160648975
2023-09-05,0.03272410302983664,0.02980937856097975,0.02769416780858995,0.026131983300676124,0.025272749071051048,0.02491614349064018,0.024723473351852047,0.024757359850691787,0.025006368960947045,0.025379668208831033,0.026176464965400378,0.027026560316786866,0.026971555597608,0.025921093710297008,0.026265976611967695
2023-09-06,0.03225008933953554,0.02918187404737685,0.026932458045068466,0.025252138647646777,0.024295192582277792,0.023858664160045985,0.023600087182416407,0.02359228329249198,0.023818156118372062,0.02418086237422218,0.02497373655519718,0.025828021821931318,0.025731966432661377,0.024697418104500508,0.025064463809412244
2023-09-07,0.03241453025186184,0.029419861065214672,0.027183829254424367,0.025510521656788465,0.024558015156679516,0.024138239135595974,0.023893082557704344,0.023885155891401236,0.024113898051899302,0.02448259935333715,0.025283556376387604,0.026112421607627466,0.026059820856405253,0.024986763961898667,0.02545644412050251
2023-09-08,0.03277838371690794,0.029735951519405127,0.02750520299837074,0.025838393285061368,0.024890290427454463,0.024455062423241445,0.02419902499850238,0.024194030454105488,0.024420485814178043,0.024780675133822087,0.02555058773193806,0.026398161359591988,0.026368748589169155,0.025329756080511676,0.0258203496818736
2023-09-11,0.032938679862190935,0.030123872563465198,0.028016106413616928,0.026440188976541913,0.025546836915675233,0.02514696867858746,0.024916793284096964,0.024923911357389555,0.02516569193160867,0.025528673460758586,0.0262899545310811,0.027088311432943858,0.027027834856651146,0.025954675302869375,0.026435838313507706
2023-09-12,0.03321001239706545,0.03040611467116816,0.02821716173418912,0.026698867289241566,0.02577836297970783,0.02536954500455528,0.025132422454785266,0.025146999433824344,0.025354091497903703,0.025700456254534532,0.02645240004832618,0.027201814911801743,0.027072115337538213,0.02604040085807622,0.026507435387427464
2023-09-13,0.03348840043165048,0.030757015954625013,0.028599082665688152,0.02708756368799525,0.02617006267127947,0.02576473642605121,0.025520931180813496,0.025519818753752817,0.0257106872050418,0.026057672080618734,0.026847443753413285,0.027592170882768465,0.027525603214980328,0.02637623866108573,0.026903933005948337
2023-09-14,0.03317169421637564,0.030377675835936372,0.028209949628467772,0.026682134423856783,0.02581233857955832,0.025431824548623194,0.0252120534983785,0.02522537700810933,0.025428849611159602,0.025778173730319695,0.02654973398190798,0.027300805172052623,0.027249515999337462,0.026193469498637406,0.026661345310145707
2023-09-15,0.03312244321148656,0.030475684663082904,0.028400018432568744,0.02693550345969805,0.026110677514012564,0.025774404423835558,0.025593733914997033,0.025632260807104568,0.025839972158941335,0.026179246476203875,0.026963024755634824,0.027706157560118187,0.02765618517672791,0.026580600762292943,0.027086072195469553
2023-09-18,0.03277883946447267,0.030068285992281934,0.02794747743096604,0.0264392805319415,0.025578555469538175,0.025213918572319093,0.02501445575757721,0.025046469845461303,0.025248851209829185,0.02558991213288158,0.02636991259949434,0.027123092677418338,0.027199531033869975,0.026143310764932412,0.026674673453020853
2023-09-19,0.033253015769993136,0.030598557441276927,0.02850900897106314,0.02703575336485839,0.02620647574230194,0.025866192994802806,0.02568353662000801,0.025726109971407982,0.025941225758000536,0.026295967309404266,0.027083793814256726,0.027858683739719326,0.02794185268611132,0.026887471947811888,0.027395445244181905
2023-09-20,0.03300071279511198,0.0303465494244101,0.02822598982775114,0.02671140741042231,0.02584743363229376,0.025485693106913083,0.025287351436080525,0.025307965487978968,0.02551090842924534,0.02585721919845836,0.026643915781013758,0.027353765384853842,0.027246808277135763,0.026194557007584003,0.02675876650702176
2023-09-21,0.03231055975609553,0.029447336505092587,0.027199797001965353,0.025590945476757415,0.02466609122475573,0.024260880896823968,0.024036855809723444,0.024057940202472074,0.02426581664074312,0.024623893000176967,0.02543121793982939,0.02621234853274938,0.026242739913103823,0.025235538234277145,0.025781594799560558
2023-09-22,0.03246191666584075,0.02947180665896933,0.027193304120087525,0.02559363914992838,0.024680421647054054,0.024278119514397036,0.02406413661851861,0.02409195993400881,0.024300459244307657,0.024661768637861566,0.02547529088358994,0.026218038194075834,0.026184134202947403,0.02514795737145416,0.025746527045239852
2023-09-25,0.03285048621756663,0.030071944870004575,0.02784110917778575,0.0262684375736346,0.02536528999774454,0.0249531996543859,0.024699968970687804,0.02468244851075323,0.024861623158532468,0.025210245567552896,0.026020277989499345,0.026789240377569586,0.02675057158739278,0.025727583706814997,0.02634348530865065
2023-09-26,0.033223355880324434,0.03029864006024757,0.028001927550094636,0.026363153924312908,0.025402297357881753,0.024941565075567305,0.024666826513625572,0.024654622696374896,0.024850057238163702,0.025203288272630756,0.025992818433389082,0.02674067961712796,0.026711903693305904,0.025672729157625293,0.02633725743922258
2023-09-27,0.032626630106237675,0.029743548735997067,0.027425638620746994,0.02572664291037997,0.024725316387556606,0.02426808366465017,0.024010323308435787,0.02401597926808292,0.024214143464533974,0.02457348235079826,0.025402751284271836,0.026165066108319042,0.026205923927488627,0.02522610740424565,0.02588315704521106
2023-09-28,0.03310389680096091,0.03004195487384636,0.027664096371704975,0.0259565383128664,0.02496486342753567,0.0245023392320888,0.024237933203862132,0.024234095707723335,0.024429236272116375,0.024797352836562456,0.025660699136930504,0.026420067812468438,0.026414946411044627,0.025400086166164133,0.02601330309248349
2023-09-29,0.03255449499203262,0.029336576223693667,0.026869213655688864,0.02512639728600323,0.02413851606083989,0.02369983405294318,0.023471594039872094,0.023513162174805438,0.02374522540818654,0.02413613058626444,0.025023205401487045,0.025816670598471852,0.025896988834860826,0.02493090455075235,0.025576755024722397
2023-10-02,0.03277568347750003,0.029493083270694477,0.027087873519546318,0.025456303867470137,0.024574891624753733,0.02421100374581635,0.024043279437667785,0.02412865080839102,0.02439622897662119,0.024807371093888125,0.02569879163197911,0.02651166602356049,0.026585887599714537,0.02569047637343143,0.0263248070683384
2023-10-03,0.032986857441095176,0.029798486251712754,0.027473655413500515,0.0258983212488566,0.02503883947847304,0.024667595166782266,0.024487768604553362,0.02456923413998862,0.02483406731017283,0.025240190499594067,0.026112903243532742,0.02689622148773883,0.026930080631216866,0.025958511489854456,0.02660031897701945
2023-10-04,0.03308275626323417,0.029937243698980362,0.027618149838662676,0.026044604531343437,0.02520137488986933,0.0248582210939443,0.024705309922926237,0.024806594494325512,0.025083845725439608,0.025497730410749642,0.026399454567973633,0.027232494364670127,0.027401540823678225,0.026483406787220047,0.027134370598248386
2023-10-05,0.033591199003815526,0.030477428384457994,0.02814547076132019,0.026554550131844146,0.025677273607727903,0.02529220206528259,0.025084381317871766,0.02514447141727645,0.02540288279021264,0.02580770632382189,0.026666400307487643,0.02744475719838494,0.027512838571568412,0.0264936629323178,0.027158280941637785
2023-10-06,0.033374947960483334,0.030293828466579388,0.02797238952271077,0.026358105983641026,0.02547448496196419,0.025083480795911692,0.024883545272512353,0.024944510082466235,0.025187961553756705,0.025587359400816745,0.026463076347783228,0.027249501212635845,0.02729947980429658,0.02630218536659278,0.02697951772870178
2023-10-09,0.03327657019896464,0.030123965060450265,0.027776407190419652,0.026166808997629187,0.02527956786008781,0.024882848217513194,0.02467669680353849,0.024735140376080544,0.024986744409338683,0.025392196236554747,0.026261543576194375,0.02703297211794543,0.027124902504097513,0.026156032855527294,0.026816393063235005
2023-10-10,0.03338518769641268,0.03032599360626329,0.02803903047562495,0.0264694136017923,0.02561581734631249,0.02524471329215928,0.02505705329995316,0.025122644381139793,0.02538031238619211,0.02578977403380004,0.026669992308025286,0.027463282606320444,0.027555640651018187,0.02663891577580918,0.02730261050021559
2023-10-11,0.033753628874040834,0.030641501244258507,0.028307142773245145,0.026686862807004427,0.025789024408567982,0.02538167639442758,0.025159751462360738,0.025202220194132118,0.025431028353937773,0.025829827733216425,0.026724882277092573,0.02750471526882934,0.027567846309853285,0.026561540395936417,0.027271358384103824
2023-10-12,0.03419338059226666,0.031077642023791284,0.02870869640768374,0.02705112843200307,0.026116957898522294,0.025679006371616016,0.02543050277396817,0.025452816335414644,0.025662447447064283,0.0260303725181183,0.02686378084499873,0.02761125371798464,0.027589528674396745,0.026542933978506447,0.02716612268782195
2023-10-13,0.034084919521240986,0.0308950224854102,0.028407742179287206,0.02657407776303042,0.025573710624941716,0.02508451359205397,0.024815020392644757,0.02482525321535856,0.025026340629464815,0.025403312049119112,0.026288780765373172,0.027080537947573313,0.027155616364835343,0.026236622321146968,0.026792163046652145
2023-10-16,0.03449362955018577,0.03136449007207874,0.028943020502283184,0.027169133993580823,0.02620960895916619,0.025746104260970393,0.025494614678796334,0.02552484415772961,0.025744699032847436,0.026142959560744448,0.027083099229555894,0.02792486912255044,0.028083179875197015,0.02712230477509276,0.027655808562187387
2023-10-17,0.03488347867500266,0.03179375372080827,0.029402022204122004,0.0276458003258953,0.026689991791440777,0.026213417357530678,0.025944465287349585,0.025952214191788923,0.026151181602904437,0.02653840387498764,0.027474366628392356,0.0283011301355042,0.028431109342075708,0.027442820666806547,0.0280370206981004
2023-10-18,0.03499881657084321,0.03199233322521421,0.029638543365632205,0.027896969701758877,0.026942430346228938,0.02646138424673965,0.026185831129810697,0.026190071184386494,0.0263893526048041,0.026774959084836424,0.027675396573894416,0.02849203206306838,0.028614948884043014,0.02759138282193585,0.02817383093685258
2023-10-19,0.034771404773744026,0.031717673814225786,0.029336140403822566,0.027582920869664903,0.026625328552306978,0.02614738537874402,0.025872218606587005,0.025883624669454052,0.02609367617528103,0.02649010717127987,0.027403737416734915,0.028242214638271073,0.02843193726663864,0.02741925851914948,0.028051997285650703
2023-10-20,0.034795228119431594,0.03181326402092609,0.029473917855874616,0.027753411207053956,0.02681426798995002,0.026344525854567,0.0260734134902883,0.026084487368237944,0.026290077527118715,0.026676993561523716,0.02755486807471803,0.028363542186173773,0.028497206633039143,0.027462343685936752,0.028134509969041578
2023-10-23,0.03460552312281561,0.03156809630081708,0.029213437764623006,0.02751681309358117,0.026625656725480628,0.026215022203042473,0.026005486623963254,0.026068436940020655,0.026311077190460587,0.026705091517332486,0.027581261662239592,0.028438335681895424,0.028667707944449627,0.027713785696764734,0.02839070799048757
2023-10-24,0.03464555986865863,0.031560517889012485,0.02925041155778013,0.02760890772740771,0.02679497644201565,0.026448106723209453,0.02632002718647129,0.026467969686796163,0.026783520399617136,0.027228205717145154,0.02815082138486692,0.029097887384993474,0.029411510252652612,0.02857729111979115,0.02932902791966735
2023-10-25,0.03441826959131384,0.031445317314803635,0.02920029389287435,0.027619039441467378,0.02683764404038669,0.02652048527064632,0.02640378957367491,0.026552053390333022,0.02686700498104641,0.02732227064445773,0.028280258092991898,0.029213215524774724,0.02956854266332218,0.028728485715807453,0.029541500015801057
2023-10-26,0.0345640103685924,0.031553335933260776,0.029317419798677993,0.027767065357464808,0.026999043801912377,0.026677861724853494,0.02656237842509969,0.02672473931604712,0.027052389021563542,0.027507734726571587,0.02842701934784004,0.029330364735009547,0.029681934685225068,0.028879236429777418,0.02967294185701915
2023-10-27,0.034920673404644206,0.032122718369206014,0.030091823148597978,0.028753754559195405,0.028153611489268517,0.02795836674867671,0.027925989609522067,0.02812258156343587,0.028467721476516175,0.02893019750922233,0.029846512036567536,0.03066855034981553,0.030829121782112286,0.02990493710366405,0.03084509637332602
2023-10-30,0.03431739054803102,0.03126921481032298,0.029022471463189734,0.02749521190183207,0.026795377059009577,0.02656525920615408,0.026523409220049247,0.02672285453342198,0.02706426762608909,0.027545302082983107,0.02851446002827335,0.02939628518854806,0.02973679124077954,0.02884882922265919,0.029663129382276943
2023-10-31,0.03455022669538328,0.03154848324263437,0.029379254006448998,0.02793900339305685,0.02731556353924066,0.027151263265442854,0.027188273767652472,0.027455008127897855,0.027847709766367752,0.02835237500187449,0.029361028079400445,0.03029094868240257,0.030654646323950818,0.029847197381950446,0.03067399334709603
2023-11-01,0.034367311309896356,0.03143846160011299,0.029364246679215205,0.028034406174194636,0.02751089559682096,0.027437834844515407,0.027564285467190818,0.02791233240330416,0.028375702588751765,0.028931688002331847,0.029978200761769727,0.0310065864750305,0.03142867282490711,0.030722845145091732,0.03149636802712247
2023-11-02,0.03419976149662666,0.031292741594538105,0.02926024798765717,0.02797418562755224,0.027490808122431654,0.027435881510745518,0.027550244771800035,0.02786135536114362,0.028285849486072236,0.028828347384788438,0.029907175153891553,0.030867891930777658,0.031218580027895668,0.03040188713863568,0.031174829179582465
2023-11-03,0.03380837682708791,0.03079917959148883,0.02868006779067232,0.02735269617932022,0.026869206229024774,0.02681843544551955,0.026941206272294484,0.027257860860264695,0.027697118120345653,0.028245698790451232,0.029333674704369674,0.030360849774425748,0.030798638229336917,0.030080881019231252,0.030799151822013475
2023-11-06,0.03381943275065777,0.03079507122201705,0.02881379318751875,0.027370976272389866,0.02689357495878642,0.02685303138783655,0.026994765148590585,0.027336631252870277,0.02779628417316445,0.02837192333937014,0.029499335927290815,0.030504219865513667,0.030898557843513877,0.030173938958719948,0.030753481527608952
2023-11-07,0.033195470132662795,0.029967798727224052,0.027854349112454272,0.026306155642174894,0.025783389895348677,0.025732522752202388,0.025865396301636638,0.026216575565961252,0.026671763169192286,0.027236614787458733,0.028332213342359067,0.02938609828738704,0.02986596262625885,0.029157749237711313,0.029819038378869313
2023-11-08,0.033543437617845756,0.030302587541590705,0.028161143996440985,0.026584275418756652,0.026017323999158307,0.025909192456817335,0.025988847128088858,0.026291946413622393,0.026727392305756072,0.027294601372489333,0.02842041116948034,0.02946183820886639,0.029863545474874097,0.0291545556349575,0.029759810988521644
2023-11-09,0.03359802094743755,0.030372812687451622,0.02817064312651937,0.02652398697603928,0.025858221359881667,0.02564393645096327,0.02561291543818567,0.02581724465898817,0.026181481436526457,0.02670070382223356,0.027781804308516594,0.02873814850412259,0.028943147327606583,0.028155298602763168,0.028788349070238424
2023-11-10,0.034290559488309946,0.031023287318435736,0.028781611926144333,0.02716018121688461,0.026423344650014488,0.026195222904656968,0.026154939180030787,0.026362848676104327,0.02673162021754817,0.027236239535595858,0.028264099133306398,0.029182543535520668,0.029393393422456816,0.028503261748226937,0.029130501344577397
2023-11-13,0.033871345279388405,0.030689214086029572,0.028479723589868264,0.026860117770257895,0.02610328215605049,0.02586997532824097,0.025831061367973532,0.026028452591057034,0.026379694774393957,0.026892908686405932,0.027968063084642256,0.028943516522057684,0.029243941274303176,0.028398119667497983,0.02895239131537976
2023-11-14,0.03409138976273204,0.030895329681296307,0.028697643935466283,0.02710704245626831,0.026391387413669972,0.026185756738873432,0.026166935205978233,0.026394010480913766,0.02677834348342034,0.027313338779814296,0.02840749070668238,0.029430008466608672,0.02980355459061213,0.02900638079574204,0.029581162602820687
2023-11-15,0.03464591865593278,0.03161409819233432,0.029494765078874434,0.02795609371707984,0.027267612597000335,0.027089603053952273,0.027091130955738733,0.027317191117604583,0.027685968792488705,0.028208982379140993,0.029290957333930556,0.030260099628271114,0.03051869006909698,0.029645710710172336,0.0302092728960008
2023-11-16,0.034790132762960044,0.03180361370471452,0.02975810434045544,0.028279062290359907,0.027616909192570344,0.02746093573010916,0.0274782759739487,0.027743291534075034,0.0281564021367374,0.028693424832047315,0.0297497056346476,0.030714580078252264,0.031016506286528796,0.030075362743821426,0.030599302826823674
2023-11-17,0.034603490526673754,0.03181067967920094,0.029847104161013212,0.02835677795027592,0.027744953411057593,0.027584022583310823,0.027592491701318816,0.027834009636647887,0.028216932967942632,0.028744444896577827,0.029820579512284152,0.03076086537068767,0.030964066715030436,0.029958953434673675,0.03042109696220222
2023-11-20,0.033784353092760636,0.030954359503501113,0.029004592678564863,0.02754534228386588,0.026996601685844484,0.026908014676473756,0.02699059870070984,0.027290229807463432,0.027718803345273497,0.028285509190246996,0.029457196939556302,0.030469646072483706,0.03086382804996819,0.03004039469529965,0.030562319865716944
2023-11-21,0.03389387195446348,0.031058920681515993,0.029098877759844134,0.0276326275834071,0.02705939222616547,0.02693830130692447,0.02699167033773007,0.027285789582561608,0.027725279346192733,0.0282960357606875,0.029448445173463705,0.030411070235366666,0.030713519833534948,0.029873313426478323,0.0303545484600337
2023-11-22,0.03381041870037477,0.0308360841245496,0.028777537889943115,0.02723120495765726,0.026628103204548767,0.026505966759456333,0.026563285060131253,0.026847329892347657,0.02727071309893752,0.027835978541840615,0.02902878044685844,0.030065149956007568,0.030446154460305533,0.029664100140887443,0.030148333614323886
2023-11-23,0.034015708090674814,0.031022827902649326,0.028994873415572674,0.027491155624716723,0.026924575618390827,0.02683578740089431,0.026930818995588208,0.027262934995357868,0.02773049273178213,0.028341124303795564,0.029541275281298414,0.030549574811835928,0.03103776170561194,0.030252223846323888,0.0307628536842065
2023-11-24,0.03351135075989099,0.030517334730758915,0.028483339575431334,0.026987553761278035,0.02644872135076174,0.02639655394506903,0.02652098397150716,0.026885840067948214,0.027382842855013807,0.028015536779312362,0.029265116016874232,0.030369964441745806,0.030883543102847497,0.030155700388505294,0.030807241077896258
2023-11-27,0.03345688936713553,0.030393862403206028,0.02834075375599723,0.026835151665803303,0.026316143850136527,0.026292935994732567,0.026458988414860857,0.026856706941071153,0.027372834766161317,0.028012611184726352,0.029303558912932067,0.03045640301143616,0.030970433722290695,0.03032734254902748,0.031023121212253202
2023-11-28,0.033300602725366814,0.030201780229210703,0.028129478798463295,0.026619382952692797,0.02610541341370545,0.026086794480348428,0.026257330142203897,0.026666294590852267,0.0272001251571389,0.027859473030268332,0.029162575852561098,0.030256972375042993,0.03076541266036888,0.03012156277485405,0.030853492805429126
2023-11-29,0.03327071700365225,0.030098958748001968,0.027968225396966057,0.026419554152633116,0.02589620390756821,0.025885854414882236,0.026068108753446437,0.02648038629767254,0.027015164334289212,0.027682395493985507,0.029033733201983065,0.030184575693599024,0.03075075218926634,0.030033511261022782,0.030803732049846478
2023-11-30,0.032931234083189986,0.02971185462016098,0.027583938006749034,0.02604691744319346,0.02550111977489825,0.025481823301353547,0.02566496272286534,0.026080724504308022,0.026618199934394335,0.02729795735240895,0.02867082725414274,0.02985011862545155,0.030516962377362865,0.029853312402065835,0.030541889112412453
2023-12-01,0.033002104821445256,0.029722779830396,0.027521491251233907,0.0259306370192943,0.025332919438606973,0.025244901784619744,0.02534381096029883,0.025688077864332855,0.02618572752804179,0.026849800844189364,0.02823185090509393,0.029392926282112368,0.02995706783576121,0.029254931102281508,0.029916520017819945
2023-12-04,0.03309116015998028,0.02961383557143725,0.02729304382194368,0.025588920465630504,0.02491033035565415,0.024759223059415685,0.02480150717697127,0.025110775076722457,0.025572390154611345,0.026228925266931335,0.02756427081932281,0.028659482107630287,0.029196322543243492,0.028388251558715497,0.029370222104156955
2023-12-05,0.03343138937451424,0.0300490011703281,0.027821793588616747,0.026205073037020632,0.025584881830579526,0.025464983538078013,0.025535433012148463,0.025851962014543216,0.026328130032383656,0.026997583628480735,0.028361943781969944,0.029458878013259884,0.029963764962344364,0.029128886426473995,0.029823913687855898
2023-12-06,0.03320679177367795,0.029761940671419906,0.027464534162777304,0.025793032996844486,0.025116686636162018,0.0249437194318656,0.024964263166277048,0.025242009469339192,0.025681974306897944,0.02631088367954699,0.027591115024802243,0.02859487822341126,0.028962252557600127,0.02805105489087378,0.028803995957236483
2023-12-07,0.03329611502334359,0.029815037797863132,0.027451912374192852,0.02571000208762505,0.024972642432692933,0.024746567041518553,0.024713777738326673,0.024937263957013973,0.025330899978968723,0.025911368168465884,0.02714877087188983,0.028119925723754113,0.028377321869399202,0.0273937692731143,0.028097361525384612
2023-12-08,0.033476716345109896,0.029984726074014378,0.027628114112230834,0.025888664967080498,0.025159636412004523,0.024937668863915113,0.02491907619939058,0.025162950704366423,0.025571745479567386,0.026158200321075357,0.027410321832681626,0.0284428188562714,0.028845708678045763,0.02787982944223553,0.028502183079646706
2023-12-11,0.03387857872209835,0.030425338051671785,0.028115829104779205,0.02642598370399035,0.025713409431983757,0.0254897286644915,0.025462260218846382,0.025694704475863157,0.026086351714894845,0.026645275779127304,0.0278666760417876,0.028898734181520645,0.029241228628416164,0.02822321417962984,0.028829967875783534
2023-12-12,0.033985449888719405,0.030622883094100807,0.02832922007635592,0.026634290821344803,0.02591077062172165,0.025684890535929747,0.025656270482169015,0.025886336744162113,0.026278272996459077,0.026842195566837368,0.028068486859047417,0.029081731866342966,0.02942557243805378,0.02841781532083349,0.028982198731724845
2023-12-13,0.03340987117141561,0.029926436142977415,0.027522881433037053,0.02576216569324215,0.024972550407317672,0.024680169473797597,0.024654342978770744,0.02486407001410254,0.025247853079844503,0.02579224141148198,0.026970214740756025,0.028015366583569828,0.02845352772323959,0.027404473483225535,0.027869828850192433
2023-12-14,0.03331272646675936,0.029917866610064073,0.027552059827900113,0.02583115203890081,0.025072108733103195,0.024822250451368905,0.02483325739328738,0.02505731439461136,0.025443379828682392,0.02598846207764083,0.027195419837248606,0.02826328169795115,0.028712448834839383,0.02772207271598197,0.028249669090405955
2023-12-15,0.03285133888995928,0.02944787976698605,0.027069663331800765,0.025314217941673062,0.024532487810295236,0.02425893870613718,0.024286839583240544,0.0245281246390041,0.02492872383994001,0.02550189711287556,0.02673084148477392,0.02781003729166296,0.02835437958541691,0.027395505986445804,0.02789491680284137
2023-12-18,0.03285076130819368,0.0294921059875972,0.027152006600684092,0.025452208488681898,0.02471233861177145,0.024467918098340015,0.024485490045837433,0.024730787858645575,0.02514392820243816,0.02571218053971225,0.026900515989034705,0.027978007328309375,0.028446651479287547,0.02739203301713352,0.027965194575867002
2023-12-19,0.03322652560209575,0.02990501422167033,0.027561258645589407,0.025846200553013354,0.025076374891878372,0.024796202920190323,0.024782382658034587,0.024994200018598315,0.025377992316045442,0.025921062111020916,0.027102784712760036,0.028124755748289702,0.02849089145199048,0.027442345140908174,0.027977424616041566
2023-12-20,0.03301854925172782,0.029688357080246603,0.02729855518349853,0.025510670158813604,0.02468949308097729,0.02437910101678786,0.024362089986063085,0.0245665532280323,0.02493022372778599,0.02545444490797747,0.02660504010909698,0.02764294478510628,0.02805483435544382,0.02694793361862492,0.02747734148157364
2023-12-21,0.033189915527361794,0.02976494948816304,0.027330507588457287,0.025531904573719878,0.02468701751255548,0.024347439315004812,0.024296968581902535,0.02448580977318539,0.02485703598098599,0.025367225220128724,0.026418559640445913,0.027426282481939325,0.02789153787096277,0.026855018082983288,0.02735230252334346
2023-12-22,0.03348590258189986,0.030150917966661847,0.027807484125126444,0.026095405122330346,0.02530228872512809,0.024991706785468304,0.024955713086623317,0.025161762734355077,0.02553789581162204,0.026045166433507322,0.02708138447862085,0.02806924709415392,0.028458890890940173,0.02737581744718759,0.027871473652907097
2023-12-25,0.03351511248003091,0.0302625080744398,0.02794360839192326,0.02624140276375839,0.025452756270796933,0.025144077052853143,0.025101289375177027,0.02529592490276133,0.025665284650944004,0.026176702119804926,0.02722077633505604,0.028196332665921305,0.028585374699056882,0.027538806102659748,0.028007232039471988
2023-12-26,0.03293792766782804,0.029505892287358882,0.02707886194265407,0.025295320521157395,0.02448210170606229,0.024173220157995688,0.024159396700713053,0.024374277514662538,0.024746340836180415,0.025280282541535158,0.02641278386387821,0.027459537665233846,0.027954018061002388,0.026937624867081393,0.027427540139411906
2023-12-27,0.032397950096317026,0.0288978543617775,0.0264479681934435,0.02466001069042466,0.02384859692014768,0.023542930166812304,0.023542750398209553,0.023796121391177982,0.024209195660755987,0.02476995683293241,0.025942327669307236,0.027064374737415898,0.027635573412253676,0.026701588077798315,0.027190343260752366
2023-12-28,0.0319277430401504,0.028126857807232016,0.02557357690022943,0.023758350082649593,0.02299539815338903,0.02275075601193495,0.022804510753968343,0.023091923988476138,0.02352344368063936,0.02409216441094329,0.025277692215078463,0.026454151479982806,0.027100051975360775,0.026229855536856275,0.02672363442834779
2023-12-29,0.03174893152777212,0.028065342435612498,0.025656821444212174,0.02397578468001419,0.023282334496402244,0.02305238615682627,0.0230986142813932,0.023380721217619284,0.02382636276260872,0.024418459691344003,0.025624017745267152,0.026760895986521524,0.027349244749950062,0.026437485537305322,0.026989612473399503
2024-01-01,0.030550980362932648,0.02687738388989613,0.024524847091993828,0.022903798633990967,0.022288505384618892,0.022144688950140847,0.022275541145743497,0.022612097964300134,0.023077238563832526,0.023674651181409167,0.024953065957785785,0.026172291120892126,0.02687223311752442,0.026088279180429108,0.026546776418636127
2024-01-02,0.030613084086775346,0.026852043275945408,0.024425864395355563,0.02276031548205682,0.022120647049401455,0.021960581378775375,0.02206373341200997,0.022392666910486643,0.022858644345060224,0.023438228975988556,0.02460950305287359,0.025771039157817897,0.02639522779271235,0.02555433423119992,0.02598447092680787
2024-01-03,0.030168826092463352,0.026354415019054646,0.02387801222902306,0.022168494514723355,0.021480851248068866,0.0212602139950697,0.02129858004488832,0.021552755689917512,0.021951236631904174,0.022476084535888004,0.02354680331969245,0.024561042910600978,0.025077968790308342,0.02418899553718105,0.02456552484005157
2024-01-04,0.03024821120435809,0.026277840838345074,0.023722956580791304,0.021953551608547034,0.02122555918566494,0.020962180633217364,0.02097095646882413,0.021197246093038413,0.021577634033780227,0.02210313672536368,0.023147981131275946,0.024139137050143908,0.024593096379721145,0.02361810252734177,0.02402664970290014
2024-01-05,0.030301297582674337,0.026170461430500717,0.023539368208631326,0.02171964502850441,0.02098599810407007,0.02073229093185012,0.020772355313516726,0.02104045506775977,0.021452887594907048,0.021993044497485424,0.023070597778321607,0.024114372718865143,0.024601253493865344,0.02368826431802443,0.024079986906002715
2024-01-08,0.03099815169127675,0.026980721557053503,0.024370534147372495,0.02256801847633272,0.02180367083394372,0.021511545225361743,0.02149801923648861,0.02172303053749576,0.022115438453074385,0.022642559179999786,0.0237031639192729,0.024698534680281305,0.025152486370594033,0.02416570084759962,0.024481812977376376
2024-01-09,0.031158250577423524,0.02707536042588458,0.02440332511882299,0.02258397830987101,0.02182541630353064,0.021531296050985516,0.02151275190856769,0.02172947618468881,0.022110618435756554,0.02263209154217172,0.023673132579452978,0.024667811741607884,0.02509746847936131,0.024085443832812962,0.02447474172117116
2024-01-10,0.031154284386932397,0.027105750699835163,0.024361344473000306,0.022463652934025122,0.02162998598010212,0.02128434583027885,0.021225251508073896,0.021399523279310998,0.021751761344182316,0.02225387097122597,0.023291094306267537,0.02427130142460659,0.024678588171260687,0.02365115728951476,0.02405055595598984
2024-01-11,0.03028662802881995,0.02652823549052012,0.023907254118751015,0.021988558360233498,0.021236167958881565,0.020886866987394722,0.020817952658876013,0.020980243810600572,0.021316719308804615,0.021815370374089996,0.022860170293813518,0.02381504161495027,0.02427415536405601,0.023270063206766153,0.0236026619738745
2024-01-12,0.029354144552897813,0.025681900932315982,0.023128127049053405,0.02128253811082649,0.020587848589151317,0.02029757439173407,0.02027034333447654,0.020473296110659255,0.02083509506305992,0.021366594093074738,0.022463690138996135,0.023440982755516898,0.023908613636712085,0.02303785355814846,0.023371272538130917
2024-01-15,0.029097232068570296,0.025101624897939934,0.02237221193092235,0.020422757800450372,0.019714887190699946,0.019410256050819655,0.019362354717202775,0.01953331322106304,0.01987821657698968,0.020404547068652287,0.0214998984135025,0.022486401886844077,0.023038397571376497,0.021907452743060378,0.02233839149103037
2024-01-16,0.029388751536562324,0.025458433678778977,0.02276422919135041,0.020841581653624826,0.020144487340136512,0.019848858602296328,0.019820700124000896,0.02001363179754903,0.020372037214955757,0.020880016006918245,0.021945570091554335,0.022902185490814856,0.023433936741772306,0.02254169606794919,0.02287541591823569
2024-01-17,0.029367336463785115,0.025346382131218963,0.022555218029147776,0.02055011521665997,0.01981367376043387,0.019494113631112177,0.019439754895553885,0.019603772242747827,0.01992975095640796,0.020412074970317075,0.02146150658673311,0.022404942158159632,0.022896351230283447,0.021980517586625538,0.022319140620787197
2024-01-18,0.028940804009202074,0.0248958284843845,0.022111082170056386,0.020122732974270176,0.019399414579117757,0.01908501051229834,0.01903996116028971,0.019212201990658692,0.019547237523033965,0.020034855688307276,0.021065019857404162,0.021972846980697635,0.022421536461123645,0.021536809766755264,0.021894556122431148
2024-01-19,0.0287497841253713,0.024643307871212657,0.02181365873196438,0.019801053591460182,0.01908225994763113,0.018777090504495515,0.01875148255463513,0.018945555445494755,0.01929809186238049,0.019801889647809906,0.020880706208683274,0.02185463450993343,0.022353656483587673,0.02149900780990056,0.0217918589242782
2024-01-22,0.028655681870116554,0.024564648355572226,0.02176565831144437,0.019790175733398804,0.019104259750823895,0.01881929239071995,0.01880185281462249,0.01900285611313671,0.019368316647310185,0.019885723700047354,0.020972982975070525,0.021975588388521167,0.022503015949994976,0.021695951984362482,0.022147687379091712
2024-01-23,0.028640504404952933,0.024546545653559588,0.02174829636562538,0.01977514116020553,0.019092410623403392,0.01881089899885642,0.018797059487085606,0.0190015599414568,0.019370177485141356,0.01988964290898954,0.020980508340957205,0.02198425375658232,0.0225140726088811,0.021708746705597238,0.022159507288124557
2024-01-24,0.028645637577516474,0.02452595000968709,0.02170863496484669,0.0197206711151302,0.01902831932210665,0.018741067051630856,0.018723653131042094,0.018925464398622756,0.01929199008034076,0.019811396003633953,0.02090327168065745,0.0219158411912275,0.022453556161562145,0.021653965937577783,0.02210622051170596
2024-01-25,0.02820513792000093,0.02402997290118561,0.021158042633845433,0.019128049561279115,0.018410801029790733,0.018117767001733703,0.018117057606892813,0.018342632979090945,0.018728513008960362,0.019257203917083774,0.020351148336670517,0.021369803299487,0.02194748304265355,0.021189744344030058,0.021474136967595574
2024-01-26,0.02770397069053808,0.02370422558678941,0.020975598236690055,0.019050494312743554,0.01840880730525315,0.018177602610974883,0.01824014781687801,0.018508010103952387,0.018905603967906734,0.019440608714294032,0.02058672347514011,0.02161651389278632,0.022235011758817917,0.021538852082827575,0.021820911781242052
2024-01-29,0.027890180679194125,0.023992540590475817,0.021405836217208086,0.019645049251085806,0.0191173140188476,0.018950393380719126,0.01901619712473579,0.01928149100325378,0.019693512120976024,0.020255663319137678,0.021415215302506767,0.022470206384448445,0.023098112592567183,0.022356222187869784,0.022586498876767787
2024-01-30,0.027778500104173022,0.02388384297699789,0.021300463725923268,0.01954312993216987,0.01901947692873548,0.01885774616947474,0.01892943799393809,0.019200064878886085,0.019615931693903462,0.02018000387897861,0.02134266881810146,0.02240771965991364,0.02304527506825596,0.02231375215197269,0.022546039467099408
2024-01-31,0.02813662287333148,0.024215494714805136,0.02160366153344771,0.019828415989261952,0.019285858312922854,0.01911597166966217,0.019204584493298444,0.01950597320964098,0.0199539970609049,0.02051530655032328,0.02165396864534522,0.02268153957251067,0.02329288895007275,0.02261754703329117,0.022887763185502914
2024-02-01,0.02824087100746007,0.024174553186669983,0.02146438395308482,0.0196661642951517,0.01905930933504401,0.018908062004703928,0.018988561866708064,0.01926383187006646,0.019681056418371385,0.020254923182975365,0.021461739020747467,0.02253362498004904,0.02317379755852471,0.02249208024550571,0.022776494463649617
2024-02-02,0.02896433104830528,0.024897875152103673,0.02219466563079635,0.020425202682042735,0.019819305270569798,0.01964169465863202,0.01969048400472326,0.019947629513005397,0.020376020243379186,0.02094103433654063,0.022100143562013695,0.023078829788120734,0.023631651052075524,0.02289432705404928,0.023214181023623513
2024-02-05,0.029523072191045448,0.025369434019885284,0.022622491603101452,0.0208237996184433,0.020195415137667073,0.019983471451561253,0.019994703530141354,0.020210156695090756,0.020608569892825238,0.02117012271951773,0.02230362975282076,0.023250887566731934,0.023789178109153066,0.022944618050745037,0.023275259308652655
2024-02-06,0.029482549267768728,0.025350436327542764,0.022602145777849705,0.020799860420682048,0.020186096062983126,0.019987281969969337,0.020007373236918445,0.020218913139550453,0.020621075418102458,0.021205701502225248,0.022412918130869798,0.0233793777842795,0.023885898814457643,0.023070617213049087,0.02336966474993972
2024-02-07,0.029698941652856765,0.02565192494026702,0.022957633444483053,0.02121235064335323,0.02062838624672528,0.020446139892408857,0.020466158210463582,0.02067048354607337,0.02107288371853933,0.021655095485666707,0.022860232438611537,0.02386043337718839,0.02434469076068722,0.023502145312022212,0.023798989845628588
2024-02-08,0.03009667114318716,0.026073661620217063,0.02335417988673414,0.021566158352502352,0.02093038406692872,0.02070589507837079,0.020695811341737178,0.02087821724097575,0.021266947345700057,0.021851996845930304,0.023048511186435555,0.02397793319666511,0.024396749479156963,0.023515469582576727,0.023819534245955155
2024-02-09,0.02994191017528353,0.025946272255873027,0.02325040122806809,0.021502450576496124,0.02089906367271997,0.020692399196555685,0.0206845102244025,0.020868350559810307,0.02126852045307792,0.021849199406576165,0.023047721842420942,0.024023639822822605,0.02446245048151922,0.023605583247552013,0.023901675254846266
2024-02-12,0.029099525298051675,0.025099426052196103,0.022472426037633192,0.02078849412834496,0.02025451333508586,0.020102206422813358,0.020151092524857687,0.020375665386393977,0.02080383719102748,0.021428035258245895,0.022672776170547214,0.0236683209611281,0.024182168837119204,0.02337804908446822,0.023709325043517845
2024-02-13,0.029388505927037494,0.025413633852029858,0.022772556093958923,0.021097704486081285,0.02055598537604296,0.020406493344215397,0.02045389507306774,0.02068467385671302,0.021122250559792905,0.021732696327057596,0.022977881384316414,0.024009763481030368,0.024479433900561978,0.023663794864635913,0.023973278945715236
2024-02-14,0.029497108566492836,0.025508875726275238,0.022894913817382487,0.02125044577688891,0.020742106869000305,0.020610481652922518,0.020669707851871912,0.020899449527609915,0.0213268827456973,0.021924198079570308,0.02316178371678553,0.024196137007108917,0.024680437119694806,0.02388494166144406,0.024164808119800794
2024-02-15,0.030265131792869833,0.02637872648097528,0.023787142503098612,0.02213337150502527,0.02156523638094338,0.02136606722798027,0.021355928990826778,0.02153638872537412,0.021926946056537028,0.02248825826692823,0.023601399785791156,0.024526312040024038,0.02489326822736303,0.02397157565271629,0.024271366575275444
2024-02-16,0.030347814054167522,0.02644590827382375,0.023889587207678836,0.02228178024084061,0.02175719142450349,0.021589203301047976,0.02160786144665569,0.021810922832042855,0.02221344620136155,0.022775212888073722,0.023880311363568503,0.02483542333918562,0.0252646262821248,0.024357254101713303,0.02465532366429001
2024-02-19,0.030416505516324004,0.026531258913972587,0.023953541606750773,0.02232192454194195,0.021776125445355957,0.021588683609890667,0.02158689052336195,0.021765575116306005,0.022153627098418015,0.022710099083638007,0.023812969336700292,0.024781288814391223,0.02519652378039477,0.024263975097946415,0.024527965708565358
2024-02-20,0.030187993968213585,0.026269031873247757,0.023650262703516903,0.02196932050915387,0.02138221403640913,0.021165321330812947,0.021141125240164354,0.021289451196813546,0.02163728979739676,0.02217751249764071,0.02329990521145514,0.02429350481482242,0.024661822427283188,0.023792647396387315,0.024065443345236727
2024-02-21,0.030397222963174573,0.026523272202334896,0.023956957110327012,0.02232504784477708,0.021772712004750512,0.021586078519910422,0.02159631169687094,0.021789896522978355,0.022184138409959385,0.022752965408984964,0.023902599933754175,0.024962253828682286,0.025415011011723294,0.02453529971914589,0.02476819592798957
2024-02-22,0.030286473712341458,0.026434706553687855,0.023876260979564717,0.022257166859125748,0.021708174190851626,0.021520782103816822,0.021528998262842915,0.021722437039345732,0.022116325960182013,0.02267785755565666,0.023789887692589686,0.024827602376980437,0.025269077855097005,0.024448812192359885,0.024709625086159582
2024-02-23,0.02941265968577847,0.025560237994480074,0.023050650630622095,0.02148313830324212,0.02098765470808191,0.020846697733975583,0.020900401343444185,0.02111894832023097,0.021520620336543828,0.02210228562406914,0.023293283239895005,0.02436917068755392,0.024917541863546482,0.024151296457472427,0.024422302867747856
2024-02-26,0.029618069743801552,0.025764004381809102,0.023248076111373178,0.021691444620876167,0.021204065923550328,0.021064126223635234,0.02111623419137236,0.021344037077699177,0.0217709383040243,0.02236288336440328,0.02355088300310577,0.02466307620978826,0.025205120763453194,0.024452174167854758,0.024799394125497837
2024-02-27,0.02907306216398279,0.02519392144466079,0.022653208417420925,0.021074317061098826,0.020581892954756015,0.020455607167807727,0.020529508214378014,0.020780761792153882,0.021217024812142903,0.021822828973401463,0.023031167884968444,0.024109343109894037,0.024682147268259378,0.02403182095439928,0.02444367201755534
2024-02-28,0.029495845320524378,0.025661359241038954,0.023111377250851262,0.02150550316425218,0.02098851791490497,0.02085403123839194,0.020922523573791447,0.02115984622091635,0.021571040426393667,0.022165343854208912,0.023374609483885655,0.024474201724416007,0.02504856357122898,0.024376451718747267,0.02479099527538099
2024-02-29,0.028591669678246195,0.02460110508196866,0.021976441892581,0.020329785779785073,0.019818669651553072,0.01970220485640309,0.019797384073058564,0.0200575308199975,0.020480045105859376,0.02108654239011576,0.022321055799243556,0.02345524926658288,0.024091436286460575,0.023456630275262198,0.023828790089991995
2024-03-01,0.02878466045367623,0.024731935069745466,0.022034418959208827,0.020327550575640778,0.019713717009440124,0.019540850779004932,0.019593348353680744,0.019806601705582665,0.020230046624853535,0.020803572460473343,0.02201523588367256,0.02311286927127694,0.023722867809970818,0.023053218641362224,0.023270106511662836
2024-03-04,0.030250855325859864,0.026202270128850923,0.023490487311892915,0.02176958186787934,0.02110909223554555,0.02087422979424566,0.02085348102931788,0.02101781456241351,0.02138407913463056,0.02188786778630198,0.02297113540527128,0.023992852944531004,0.024492948460689203,0.023735316277261772,0.024136198208458342
2024-03-05,0.030532134140427564,0.026631588994680034,0.02402739234890264,0.022412220123384494,0.021819282878903192,0.02162625410985055,0.021623416992270453,0.02179374327866574,0.022182522452240186,0.022715752204553408,0.023816968349219134,0.02484472231774415,0.025406954127806254,0.024617977412172035,0.024920975198978117
2024-03-06,0.030204262479598554,0.026360404555919495,0.023774078659265205,0.022164198945491608,0.021574951248956874,0.0213907842617105,0.021392898408180167,0.021557524900072685,0.021928164886265724,0.022449149667552504,0.023580751283495693,0.024649172653869438,0.025252176344012636,0.024511758326254292,0.024906790710953926
2024-03-07,0.030169336716590296,0.026327588004593606,0.023728438169375102,0.022090584073531025,0.02147415822446294,0.021270732543597883,0.02127302459223507,0.021449748760316804,0.021839993275803066,0.02237832281432087,0.023516987377485997,0.024628419575144642,0.02527382385822736,0.024574753245093978,0.024889787765436256
2024-03-08,0.030765838203386117,0.026990200754952995,0.024444754644524024,0.022852768520132828,0.022238300471463423,0.02201488305015314,0.02199251564615351,0.02215065209604656,0.022531373885435538,0.023060467726962987,0.024167009632115828,0.025241143683166774,0.025825432276372202,0.02509728422723837,0.02547149909671638
2024-03-11,0.03093316304266274,0.02729473811880346,0.024809780202679918,0.023233375230725824,0.022591530890696772,0.02232419655009224,0.02225887660435667,0.022367113350440924,0.022707016720403397,0.023202949810924488,0.02425036350239685,0.025279877431199763,0.025822040618898347,0.024986970565166768,0.02532861310053761
2024-03-12,0.03083285399712005,0.027160720828312418,0.024657530135661323,0.023075709417357836,0.022435265316954188,0.02217250517406208,0.02211940830580494,0.022246373759927413,0.022599241924299008,0.023101612450030284,0.024150201120177604,0.02521418892174714,0.025774650206138297,0.024940853294938652,0.025294984619410314
2024-03-13,0.03129185285685753,0.02765373288506258,0.025134127395647906,0.0235087688670838,0.022819273497007207,0.02251503364952127,0.022426186712353052,0.02252339733277095,0.022846546285864938,0.02331210751319848,0.024298421428774298,0.025303393551311882,0.02575490897119963,0.024851083148049704,0.025267534323670036
2024-03-14,0.031146462112856297,0.02747061747252016,0.024991453653470008,0.023297548213449478,0.02257159214176372,0.022240279421722624,0.02214003313174404,0.022263760081968963,0.022558452263745078,0.023000566372637185,0.023982959165462368,0.025007816411591697,0.025466932693444754,0.024573989823161838,0.024881548282874037
2024-03-15,0.03134784917741456,0.027624074239260703,0.025105347139602503,0.023378801079757875,0.022621064682179934,0.022260044086529325,0.022132443922139335,0.022236595246450483,0.022506186766493356,0.022931658609836626,0.02392077462668978,0.024937970445670633,0.0254128438812277,0.02447243815941541,0.0247793957994387
2024-03-18,0.03143128755221714,0.028060383495400704,0.025676475955572535,0.023989532734634347,0.023254319055400634,0.022882951054496406,0.022740698065375004,0.02283348901927579,0.02310023040932453,0.023519892428836387,0.02448851712279707,0.025474297926972228,0.02587031163687528,0.024851463644585556,0.025179444020990583
2024-03-19,0.03151765321309921,0.028121294486507083,0.02573224875427967,0.024038176858773373,0.02329466991117867,0.022914825001975662,0.022778917680874717,0.022884098984761278,0.023158451592192788,0.023590060036961402,0.024578250017363572,0.025572671555710268,0.025985249255086777,0.025021124877344748,0.02531033943428962
2024-03-20,0.0313112021075418,0.027837223203096745,0.02540960610937199,0.023697027750231314,0.02295990852499084,0.022577916387089333,0.022431668723117356,0.022524461822761473,0.022790518406055175,0.023225247178755855,0.024210911120969056,0.02521806104100699,0.02564649503329124,0.02469986897888881,0.025022777401463924
2024-03-21,0.031766085836597124,0.028318413356527485,0.025904167731788427,0.024213663084850085,0.023477670540658645,0.023095567000450064,0.022952683011138883,0.02306405375929345,0.023346881008623165,0.0237758348161909,0.024703225551054656,0.0256670505914638,0.026101407180286668,0.02518351581285466,0.025458254114507032
2024-03-22,0.03217188080599667,0.02873111388940937,0.026277943545414854,0.024526042085898814,0.023724897054088784,0.023270651102337846,0.02306178820682785,0.02312059332259826,0.02336261605841706,0.023769210506269473,0.024635750185412753,0.02546101126780216,0.025865197766625696,0.02487106363008331,0.02515311017113559
2024-03-25,0.031921263709349786,0.02840351769011693,0.02589466724492641,0.024088160849200457,0.02325902089804379,0.022797891451978202,0.022592135514241638,0.022648529973035545,0.022873666358868585,0.023237954621039707,0.02403511394106185,0.02491577469137941,0.025423844419796632,0.024501369896632076,0.024812560742466783
2024-03-26,0.03235159503009846,0.028904368224733898,0.026412590006383345,0.024612399491064203,0.023763302359504315,0.023276705590137135,0.023059668473307343,0.023114697816277875,0.023329127737086112,0.02368414141166993,0.02448548090649776,0.025399621924012794,0.02591981810617788,0.02511730406296384,0.025367499255101095
2024-03-27,0.03247654261336394,0.0289797863000228,0.0264893479104215,0.024690439378838077,0.02386016942357839,0.023391797484907707,0.02319575494206456,0.023266684572937374,0.02349153210154374,0.023842759043113212,0.024642147084964358,0.025649470823270654,0.02618018651485688,0.02538003508415501,0.02563850008048868
2024-03-28,0.03216351616214166,0.02883070368662434,0.02644550493932848,0.02473414901698505,0.023934071112519145,0.02347952983965705,0.02327835941902795,0.023352552146674643,0.02358890677536213,0.023950931074421783,0.024727177020137284,0.025716516248731783,0.026231107924844906,0.0254446836564581,0.02561923709231293
2024-03-29,0.03204757101397081,0.028599599794238113,0.026148523778366663,0.02438327077008547,0.02355283628496442,0.023067735206548177,0.022848232351685573,0.022898946612305935,0.023110260253189144,0.023457987166893162,0.024218975981870915,0.025137446775313724,0.025473151711830344,0.02477203561114469,0.02506066216377319
2024-04-01,0.0320652388564354,0.028463606434846828,0.0259802367085996,0.02423432151040853,0.023405493438782468,0.02294568152336664,0.022747253175985017,0.022814507403519032,0.02304143318038728,0.02340298604222204,0.02417662371386247,0.025052374368389488,0.025437757121203466,0.024719829540221838,0.024823155875635564
2024-04-02,0.03225786984049428,0.028687506832444462,0.02618452200075759,0.024413124203674016,0.023564190524669758,0.023089037878455527,0.02287469193511385,0.022919184291084693,0.02312797183346036,0.02348507641082579,0.024293489626844623,0.025203831981338083,0.025606223044878872,0.024915012495539943,0.025045856903226808
2024-04-03,0.03203115992839402,0.02830584558050897,0.025699880859799126,0.023842797016238915,0.022924089947118923,0.02238610173210657,0.022124906791289926,0.022148360342876983,0.022340353407120313,0.02268193080508401,0.023467308074188488,0.0243572915417766,0.024765290159135322,0.024057881213431453,0.02416989333435147
2024-04-04,0.03220309862201035,0.028372459735802526,0.025743852207836967,0.023895997002524063,0.023015802480641206,0.022505826845097162,0.02225603131546592,0.022270190695341027,0.022451428633276822,0.022783094627678097,0.023554378204701937,0.024449866846570276,0.02483999174291307,0.024152929086814545,0.024277310755575567
2024-04-05,0.03191628867794748,0.02811914639287133,0.02549929491803783,0.023665603064658123,0.022794954552132797,0.022300107046778227,0.022059342831318617,0.022075964267777314,0.022259673424077028,0.022589577927736873,0.023363189697322134,0.0242505212173855,0.024632559899245097,0.02395875159611444,0.024104960209027453
2024-04-08,0.031354050215236295,0.027494778449339365,0.02486266661989412,0.0230425367723995,0.022214677135731158,0.02176786533947803,0.021585204542754463,0.02166371035809056,0.021901424785049178,0.02227557811241383,0.023100717246326098,0.02404056380315003,0.024502933829283525,0.023888649269886184,0.024047464341948308
2024-04-09,0.031681135687085964,0.02784781483303563,0.02525186706803601,0.023453184376672775,0.022625298506044382,0.022164533062724697,0.021973358925919034,0.022039526880290695,0.02226655768523232,0.022632279086525344,0.023465040145611665,0.024388980427809036,0.02477577691771471,0.02408595488017329,0.024243764476337845
2024-04-10,0.03210279504376146,0.028241701717928256,0.02560262383017612,0.023780115193131845,0.022933610969746915,0.02245914505183004,0.02223833943981943,0.022273547921766373,0.022483012178801817,0.022838697848111808,0.02365329910723271,0.024564008872746346,0.024898683819587982,0.024165310822928374,0.024333247162878057
2024-04-11,0.032579172709826146,0.02868100000585831,0.026003721372754172,0.02415307375733246,0.02329950148408123,0.022821411696298935,0.022598600598896457,0.022641896790209264,0.022858826539115806,0.023225764994695995,0.02403817346659201,0.024953494337436807,0.0253238649442225,0.02458438318948165,0.024776911049885296
2024-04-12,0.03224428507922325,0.028741026648886493,0.026315962689313462,0.024619896441618744,0.023840881814077078,0.023391886977798464,0.02318546764774947,0.023234671181027438,0.02346380806838214,0.023837549092329994,0.024656513921256718,0.02552910650054587,0.025897214223924523,0.02514701567025048,0.025322555916719648
2024-04-15,0.03239977014732143,0.02895838493078724,0.02653271715603609,0.02481244515732632,0.024002708990487082,0.02353790270475185,0.02332964134468357,0.02337846952358795,0.023600530904704518,0.023966268444982668,0.02478126816241108,0.025595953974017864,0.02595425625803581,0.025136240849739047,0.025346036866353155
2024-04-16,0.032468848792980474,0.029030019273721713,0.026613920073908146,0.02491861271999485,0.02414263998537062,0.023701667321714373,0.023505175982429842,0.023550475424508072,0.023766044717996503,0.02413153644051595,0.024958070871059973,0.02577053803111585,0.026118658889753742,0.02532353019956644,0.025556797424003724
2024-04-17,0.03212727061460569,0.02869435605752404,0.026287451650676894,0.024610360346956614,0.023864109342145105,0.023462769682701796,0.023311441363208608,0.023395864748396368,0.023635811091412127,0.024008884047720253,0.024831651294426313,0.025680722923197175,0.026086747980555425,0.025355583816622895,0.02560691438075548
2024-04-18,0.03233216034160638,0.028829067630822502,0.026366257139463285,0.024638270116080146,0.02384923466937521,0.02341120601168969,0.02323466115838216,0.02330605277166662,0.023538031740288384,0.02390791685283622,0.024733738622365664,0.025568564781246597,0.025930816219921993,0.02519339031421721,0.025490633864074175
2024-04-19,0.032071389010671844,0.02845536611721936,0.02596668090989145,0.024246909937756144,0.023510399055484354,0.023115918484224944,0.022973981928079725,0.023067588596295378,0.02331659598316886,0.02370270352833005,0.02457450847596161,0.02543919846452309,0.025852169282553232,0.025180023333411176,0.025452895570244376
2024-04-22,0.03141349205024668,0.027868591455271544,0.025385433653973784,0.023646550725528962,0.022859898549458073,0.022421180761527715,0.022248737326568825,0.02231953207258151,0.022548108903480833,0.022923242360461026,0.02379453767605453,0.024645613016480175,0.02506660154695754,0.02439869833991463,0.024641085613296154
2024-04-23,0.03200747914522276,0.02847751479959539,0.025983041019611918,0.024221977274843515,0.02340545557394483,0.022931985908924236,0.022722688899837612,0.022765403649169152,0.022981143724213286,0.02334942542915919,0.024184373336036638,0.025030011920659616,0.02545600054542907,0.02467750765780533,0.02490796223743956
2024-04-24,0.03190364899252143,0.028370281125306596,0.02584266560007036,0.02406853385635017,0.02324893395339305,0.022786093124571093,0.02258831127345277,0.022637696655133318,0.022858487420314582,0.023224047745129817,0.02407260711898944,0.024901605970380238,0.025296638665386024,0.024595815274487984,0.02482915312313641
2024-04-25,0.03159425326814941,0.0279913381393902,0.025421788539451307,0.023608741393252766,0.022764402656722926,0.022276282340434054,0.022065508214093043,0.02210781693633811,0.02232081072833392,0.02268944728010657,0.02355899804236053,0.0243995101814012,0.024815893580876908,0.02413705945197252,0.024409835762878595
2024-04-26,0.03169355749978985,0.028076857188990757,0.02548434231801596,0.023642652479378832,0.022772167052270028,0.022257269904538975,0.02203433561163043,0.022078069560398046,0.02228988496232167,0.022652763386456085,0.02348754270203702,0.024350047452918824,0.024742570772049385,0.024025296739301687,0.024299294067497704
2024-04-29,0.031699444134075466,0.028072031991394315,0.025474198487879976,0.02362992225017401,0.02275862560712053,0.02224374753521442,0.022021157111753606,0.022065494086549134,0.022278157800363494,0.022641897892831955,0.023478336134956562,0.024337660628428896,0.024729183795683788,0.024010366253374556,0.024282320266359524
2024-04-30,0.031700371884040776,0.02808126491443552,0.025487243699202355,0.02364454004743515,0.022772989058218954,0.022256854572332535,0.02203246447013073,0.022074857360043106,0.022285621132794194,0.02264779182802366,0.02348122264487455,0.02433798762051725,0.02472606683924407,0.024005110033279015,0.024277681504976896
2024-05-01,0.031433796215440415,0.02806328879697484,0.0257004628218968,0.024080066141548652,0.023385220477097755,0.023014226625128142,0.02290271759618606,0.02303465328181835,0.023321246471325854,0.02373083080090221,0.024612065886315163,0.025507382381997516,0.025951376585521296,0.025249598180351697,0.02553760834560574
2024-05-02,0.03173539146986187,0.028223174550465212,0.025750625458203565,0.024050746951847505,0.023314632687983335,0.022920110606135996,0.022792386797860956,0.022918670251114166,0.023202526995968368,0.023602047370834593,0.02447254139330525,0.02537496915135374,0.02582152751151354,0.02514326336725902,0.025407399239561885
2024-05-03,0.03167934310870479,0.02812619994914761,0.02558673289806918,0.023824589276732124,0.023032423807309063,0.022594750274077625,0.02243574223657697,0.022532263150737007,0.022786016865627246,0.023160261668565957,0.024012889870803543,0.02492045583015965,0.025327370693610015,0.024621051532134498,0.02489265017385853
2024-05-06,0.03176694946178034,0.028282029118368485,0.025799150409758467,0.02407357065218231,0.023303050604545978,0.02287798869585565,0.022737177175682095,0.022862264164856955,0.023140442571043036,0.02353146857784757,0.024378666064362866,0.02530171947087429,0.025719880914142918,0.02497506833052682,0.02523181691394892
2024-05-07,0.031902203485262536,0.02854875840655885,0.02615107974169868,0.024485947138547653,0.023730431964757007,0.0233013418154167,0.023143017875698956,0.02324327939271377,0.02350865579582415,0.02389905353639789,0.02473459207231225,0.02562441799522238,0.025958080554748037,0.02515640705349332,0.025447542162208858
2024-05-08,0.03173610496568408,0.028259817549211225,0.0257696713970649,0.024023982259524315,0.02322216500707363,0.02276747053037054,0.022580391799280494,0.02264388127039348,0.022865506119567888,0.02322145325948573,0.02405565502850746,0.024937498900783648,0.025242325528385314,0.024467328475190512,0.02472931274049437
2024-05-09,0.03227114427142181,0.02886751824898955,0.026401452049090387,0.02466787581815224,0.023850208572644086,0.023363022745573257,0.023151126770925727,0.023200569237579967,0.023423892348751477,0.02377501999628699,0.024563309845580292,0.025409180164177682,0.025633919429298165,0.024772200891562516,0.02506026609304033
2024-05-10,0.03266036825066137,0.029210592962647098,0.026753688260809167,0.025034546721047338,0.02425798171418525,0.023816122736500613,0.02364173028709809,0.023735213348842273,0.023977606473373,0.024319359176752698,0.0250732412003792,0.025987114738288544,0.026161711846038403,0.025305894807615338,0.02556232114751688
2024-05-13,0.0311806904132233,0.027960968790521998,0.025556799581608412,0.02383960551264538,0.02304407347168845,0.022588585694437065,0.022405254450568186,0.02248550135770383,0.022728207578903387,0.023097301907672757,0.023923746584323086,0.024823370864530354,0.0250917359021677,0.024295582099151947,0.024542254561583984
2024-05-14,0.03167132105370503,0.028509234389773725,0.026161076390761064,0.024508274592700992,0.02379733744669454,0.0234198948169342,0.023285759410481634,0.023386263475592278,0.023638861406939722,0.024012365182496734,0.024845301784789105,0.025718369707022178,0.02605894657792621,0.025221834969915508,0.02545866085177477
2024-05-15,0.03174527941776723,0.02866135102471933,0.02641485541068784,0.02484434974081684,0.024178176648201287,0.023818239540551955,0.023696461892884123,0.02380573142679826,0.024054369030260613,0.024417718372802048,0.025220834396977317,0.02612060225012656,0.026457693440319074,0.02563806388308898,0.025871411168635904
2024-05-16,0.031731213797824336,0.028696946071676985,0.02643667989965404,0.024833530788804938,0.024120536346914,0.023730165444731974,0.023583577091855774,0.023676473114012084,0.023918781407662914,0.024270293931840478,0.025047384017714693,0.025892882058669894,0.026214505645592495,0.0253492419164721,0.02562437722680712
2024-05-17,0.03195521272900913,0.028974174186152907,0.026731651659664832,0.02513628695339388,0.02440508366608291,0.023985872429960597,0.023809148469664497,0.02388025412162755,0.02410903186897401,0.024458651995374957,0.025226348934065335,0.026035978244908668,0.02635607337538379,0.02548965421198131,0.025740695165861468
2024-05-20,0.03223792819069763,0.02924877816232556,0.027001780057307693,0.025392523538419778,0.024641309782591086,0.02419520892162027,0.02400018523452616,0.024055738667143247,0.024270102044654497,0.02460264142353874,0.025343438017006503,0.02613917746808767,0.026471373498894682,0.025573554695633775,0.0258326219276619
2024-05-21,0.03179891526120795,0.028868752209005998,0.026658194016007237,0.025072929416166182,0.024340151593677476,0.02391781328200814,0.023745612537797126,0.023816374319042283,0.024043625286762613,0.024394382646156745,0.025147227588297627,0.026001613719095443,0.026412705502590842,0.02557952747377953,0.02591992608104257
2024-05-22,0.031802707661366406,0.02889935903451574,0.026703301032813244,0.025127327519378656,0.024389509786122247,0.023971965268075112,0.02382105062537512,0.023923434633434774,0.024171737998560698,0.024520944874264105,0.025281522991216915,0.026150905191466668,0.026531287478808518,0.025755401022465853,0.02601137698133487
2024-05-23,0.03211032052347512,0.029292568088171007,0.027175220107788133,0.02566961962945086,0.024986568348197916,0.02461037125710117,0.024484014247507013,0.024598445794041884,0.0248570094407706,0.025223571852381787,0.0260095647181723,0.026858868211204527,0.027272695578041822,0.02646343303916283,0.026707519066419622
2024-05-24,0.03238339790329034,0.029663822020763456,0.027593536868037057,0.02611702450895996,0.025438809349333714,0.025066066294474755,0.024938006824342305,0.025048524514376516,0.025301898916066226,0.02566336986380682,0.026440321148596593,0.02723362975868058,0.02760411584869431,0.026781993351352795,0.02701350017045899
2024-05-27,0.032285761205107774,0.029477523425922313,0.027327133302250277,0.025780876174394174,0.025046266593155033,0.02462240250460429,0.024453386965919015,0.024535855916832144,0.024769848767840944,0.025116456802144645,0.02587086777325496,0.02668287709219194,0.027063006996589225,0.026265298042724875,0.02647024999643065
2024-05-28,0.031870794988556474,0.029100708034635027,0.026951305234709986,0.025388729885247433,0.0246284263468334,0.024187783485827292,0.024011019879460686,0.02408438804692915,0.02431223502957637,0.024659651204383917,0.0254356025263688,0.02623992300474009,0.02660181851745047,0.025784130612956715,0.026006000733277686
2024-05-29,0.0325620666536945,0.02981150878853411,0.027673792042437022,0.02612671357790571,0.02536718711225133,0.02491542556221798,0.02471960305258028,0.02477724829054625,0.0249933722477965,0.02532812954024847,0.026060898098207958,0.026835998319999745,0.027157322937942457,0.02623622825297483,0.026443136070100553
2024-05-30,0.032537755595432295,0.029805265534027042,0.027687524506860975,0.026163179018218078,0.02539207941621353,0.024946408750071206,0.024756519136526683,0.024818286309772206,0.02503764745891074,0.025373635685687845,0.026107757714900887,0.026884025350218135,0.02718223456805254,0.026279518084409953,0.026488631381569237
2024-05-31,0.032296832107611397,0.029584763014541347,0.02748544520988852,0.02595663991587106,0.025171759121444787,0.024712504501803324,0.024520091389095673,0.02457949461043038,0.024787662645509342,0.025116472715762294,0.025851554860444707,0.02662925327849232,0.026902395741617714,0.026042803620156933,0.02624431769363764
2024-06-03,0.031877921864705505,0.029065395595635632,0.026925753100357015,0.025394287230653227,0.024626971999007423,0.02418496989236719,0.024019516532899913,0.02410586276409654,0.0243356940780699,0.024671586456291243,0.025411365407919006,0.02620819709248748,0.02655171360070354,0.025786792063031257,0.02593574417234224
2024-06-04,0.03176831308105881,0.02885606472221999,0.026658208374352795,0.025088070484203442,0.02430335058628471,0.02383971938072272,0.023651107748045075,0.023729053376659714,0.02396175042743183,0.024310128056867497,0.025057283459861735,0.025863694567547967,0.02626067801692664,0.025500349010912093,0.025617229226105317
2024-06-05,0.03159511999206763,0.02870206951685002,0.026457916079903762,0.02482884168630521,0.023982842986358447,0.023478356396725512,0.02326003319508462,0.02330727256319147,0.023514708332562292,0.023850528960965643,0.0245931522327974,0.025397838071394604,0.025773625707247266,0.024989610594898955,0.025080074267086215
2024-06-06,0.03203332360121605,0.02906040165473493,0.026800017182750987,0.025176515038625898,0.02434515650980327,0.023835614174443905,0.023610399711908234,0.023656701015450005,0.023869094959410794,0.024211045644378,0.02495072200712239,0.02574201699810424,0.026117457936816572,0.02531410676351667,0.025387739265726475
2024-06-07,0.03203342223788174,0.02910718792991079,0.02689526020312414,0.025321877949862265,0.024531600472460023,0.024059240121654144,0.023859647470577453,0.023921038595158133,0.02414109511137006,0.024495584227509484,0.02526572075294838,0.026080205627051854,0.026523449250107325,0.025715924272342025,0.02578380380085861
2024-06-10,0.032337912377351924,0.029414173631613413,0.027201092637743444,0.025632654275986082,0.024833587810753916,0.024344520632423417,0.02412998071460665,0.02419713773427163,0.024425946645573723,0.02477395205255417,0.02552413732301399,0.026406160380985273,0.026757168425695574,0.025985598821053918,0.02599946007894977
2024-06-11,0.03202450923276165,0.029162445574945437,0.026978412498390943,0.02541162986540493,0.0246090956384574,0.02411685032544982,0.02390104807223938,0.023952541071311038,0.024172597250658873,0.024531884744825004,0.02530615780002866,0.026187429917618417,0.02659919840730597,0.025829229491752967,0.025893986501143527
2024-06-12,0.03222729225746118,0.02939572035070151,0.0272505829068051,0.025733721269841754,0.024972275463185496,0.024511286261827556,0.024314799636871408,0.024385809529205413,0.02461466454332287,0.0249694246418825,0.025731342034140008,0.02657491611672337,0.026987319061999162,0.026189093106955552,0.02623921151236967
2024-06-13,0.03161799153942404,0.02869405718829922,0.026460291277081476,0.024848050331558447,0.024010365862683545,0.02350110136571687,0.02328978291768228,0.023346511555291546,0.023562113646202965,0.0239187851480087,0.02474283309178767,0.02565193101875244,0.02607891611640982,0.02531369215527601,0.025354654996226998
2024-06-14,0.03170024450985925,0.028797703505463085,0.026572345107431648,0.02497886622987623,0.024155677196916133,0.023639304521993552,0.023403639083635464,0.02343830870740154,0.02364500054987594,0.024002484819972723,0.024803649191670777,0.025673589618284327,0.02614102110399902,0.025319898814597504,0.025381687636477707
2024-06-17,0.03224585925520396,0.029416640086796758,0.02723592170024012,0.025670729429683698,0.024857849185070263,0.02434575759998493,0.024110811078626525,0.024148963458287334,0.024359027637677336,0.024715005649783215,0.025497213048433817,0.026346277985830484,0.026766056611423825,0.02595815834795181,0.026042400520973587
2024-06-18,0.03227703411702473,0.029517110714449058,0.027392028846405743,0.025874277277020814,0.025086149514541228,0.024585428676582286,0.024355106025621173,0.024406222573812583,0.024626710584621396,0.024981656970270334,0.025745009599531,0.026637592983763596,0.027085821774925464,0.026267752504599656,0.02632283751968754
2024-06-19,0.03206873313481308,0.029289234927528333,0.027150825088918976,0.025618864607296604,0.024825428469783264,0.02432702217498315,0.024097917077908898,0.02413302923668717,0.02433421943031686,0.024673775657698797,0.025461409935936076,0.026351367616001847,0.026768441446463394,0.025972670193447837,0.026055496606235188
2024-06-20,0.03234131812844678,0.029591727484989866,0.027455832777772658,0.025921586097512928,0.025120365631116318,0.02461106422666319,0.024367647543387362,0.024394980341822702,0.024595849456558405,0.024942749000357905,0.02571103728726863,0.026584250109573826,0.02699395939323818,0.026202539246552355,0.026294259495860423
2024-06-21,0.03298118626987195,0.030371197625672582,0.0283170741600142,0.02682508701104473,0.026021978536018845,0.02548823886914459,0.025215582169944083,0.02521441351563289,0.025387041691137986,0.0257102939561789,0.026431959731838397,0.027228482696151645,0.027551840785673454,0.02666203802006767,0.026752042050307324
2024-06-24,0.03279480673228839,0.030216564668217028,0.028146109764196705,0.026612614622005364,0.02577752801488001,0.02523078793642466,0.02495915345630358,0.024945116202216264,0.025112048017029803,0.025445387218110634,0.02618902596897973,0.026986112281065188,0.027321311464770417,0.026456570934839746,0.02652622885077732
2024-06-25,0.03261135560987111,0.029988690936492444,0.027898745487809802,0.026352954878841865,0.025508409529401706,0.024962609244049597,0.024697054233187486,0.024683418919591065,0.024846274266549877,0.025171341687633277,0.025919363462125578,0.026799285169519176,0.027152509543698206,0.026351250178901057,0.02642484882076368
2024-06-26,0.0326870189945768,0.029999388833824876,0.027891776699325504,0.026381601875007262,0.02558868287958174,0.02508591485684292,0.024848643478665756,0.024874422563777386,0.025064934248374502,0.025392601194549246,0.026123320364100013,0.026957049308643045,0.02732897016282818,0.02652587893612411,0.0265664944498913
2024-06-27,0.033126856671111045,0.030439734562535112,0.028386201620409376,0.026959197060688042,0.02626028193276933,0.02582734983253214,0.02563478618202745,0.025702230693110378,0.02592245197335747,0.02626775177749156,0.02700240347618778,0.027863133070156903,0.028318193852063914,0.027460719168068762,0.02744237728538575
2024-06-28,0.0327063883551183,0.03020338346621988,0.028277614443500815,0.02692581486755976,0.026247454448427538,0.025823548652969257,0.025635090017604282,0.025692003703875425,0.02590725744117879,0.026260089067517794,0.02702373279463852,0.02789489512059003,0.028343863650078748,0.02754854585911076,0.027510609607550987
2024-07-01,0.032662897405854284,0.030128252451433378,0.028164150553204596,0.026781059779136935,0.02608040006442463,0.025636683846825613,0.025430750832355686,0.025475176419308593,0.025675715888701774,0.026008227907490106,0.026733963550617253,0.027584990663950794,0.027986960082620457,0.02718497437890749,0.027210376109968563
2024-07-02,0.032221165029234985,0.029651320505288042,0.02767239207103889,0.026243983174608337,0.025508053225928844,0.025066757788072807,0.02487007275956753,0.024901723561972282,0.025099497761716983,0.025449784032881593,0.02621465316416275,0.027056429837501506,0.027489535668820224,0.026727936927159097,0.02675153809072828
2024-07-03,0.03210335702373702,0.029378138483428903,0.027304960899877675,0.025815886662106276,0.025047269270327615,0.02458051512423599,0.024370544494965236,0.024407803473529107,0.02460892902352474,0.024955428960099446,0.025700825838769616,0.02657725872215784,0.027024651216403107,0.026273487310468798,0.0263400121371367
2024-07-04,0.03201007729946707,0.02923289605875604,0.027130463824628727,0.025610124531244748,0.024816393889737807,0.024325442913047637,0.024103783044397042,0.024121444879030954,0.02429988070758913,0.024643791226047526,0.02542020755823243,0.0262461074056381,0.026709069746865745,0.02596822859465091,0.02603718162182036
2024-07-05,0.03229441417974286,0.02960355479010043,0.02754875924716896,0.026062866319466436,0.025277180630701408,0.024782194231947937,0.024552972238061282,0.02456936633730579,0.024749805051021718,0.02509209753811861,0.025844461948041932,0.026630089508308953,0.027011180938039902,0.02623049732139281,0.026307077491084085
2024-07-08,0.0327095599501328,0.03013900930204694,0.028173902889893618,0.026748974008486463,0.025979036802151217,0.02547660597215213,0.025227446727386645,0.025232872191051768,0.02540205800549329,0.02572301109338123,0.026422915724606432,0.02719236678986929,0.02749594881764406,0.02664533288403402,0.02677517415106385
2024-07-09,0.03277934876840939,0.030243818772320925,0.028322687258835133,0.026947028996402698,0.026232939680830368,0.02577133098249661,0.025555907083890383,0.02559629937452127,0.025817963463811745,0.0261906764413889,0.02691978141291342,0.027731456572937133,0.028117818463081628,0.027278449398275197,0.02736934076093607
2024-07-10,0.032280129582145274,0.02959680018057733,0.02761935439480309,0.026263274279980806,0.02561421086625315,0.025230530526358295,0.025092586478087153,0.02520439346047043,0.025468725943622827,0.02586024339312197,0.026639885215744792,0.027489119264229735,0.027874463447036858,0.027230591572342797,0.02734955848636363
2024-07-11,0.03173578856131461,0.029034893994925506,0.027046169442983818,0.02565827787659674,0.024950838500495186,0.0245071300566523,0.024329163491139838,0.024414778472989177,0.02465494897098381,0.025037559110693868,0.02584969890236457,0.026744541954045416,0.027108527239888942,0.026435777141888557,0.026573814849894458
2024-07-12,0.03148301684221197,0.028814210925232026,0.026778184387470132,0.025338385994001938,0.02461869273717658,0.024193596113133372,0.02404930721250386,0.024150968661185233,0.024396414435696817,0.024779856874104403,0.025586007029823655,0.026494237182599724,0.026906471975244248,0.02619413437522223,0.0263876396085666
2024-07-15,0.030445250880944453,0.027503018629537516,0.025308406046688294,0.023822714277035553,0.023120578578022292,0.02270527236408941,0.02255754935368276,0.0226715331846655,0.02294265306049824,0.023335458527750385,0.024113865644447473,0.02500852885287814,0.025399671120994748,0.024678928711359554,0.024877156452433675
2024-07-16,0.030504399836028033,0.02783437408768923,0.025792018264805105,0.024384387306858095,0.023701991078894754,0.023295489137964222,0.023148956840260485,0.023260296606609488,0.023529319564403035,0.023928995891534032,0.024721617319504577,0.02557682032231503,0.02595645489530988,0.02522058574465752,0.025417279185432077
2024-07-17,0.030519372348286413,0.027863977753416962,0.025814404642076298,0.024374875442870973,0.023644946389919187,0.0231904721335903,0.023028794454238916,0.023138673051914648,0.02341074567990777,0.02380352042627014,0.024577876936897947,0.025453898731075626,0.025833329709021864,0.025089992530543836,0.025293031156072385
2024-07-18,0.030589606941442714,0.027854546431963542,0.02578234840461767,0.024341703387357805,0.023632413202385832,0.02319663308490759,0.023041705193510023,0.023152183246824987,0.023416568944149438,0.023821424056088957,0.024637945402581095,0.0255222596984779,0.025876830345350394,0.025116199827248473,0.025389773976873458
2024-07-19,0.030879185853001555,0.028148597955492356,0.026086644877463892,0.02466696097964475,0.023967729005720795,0.023539967996985402,0.023385575019991802,0.0235059107815936,0.02378050676872181,0.02419158522199041,0.025033246747249573,0.02597608195291492,0.026300837137377225,0.025545289120376315,0.025803521936699377
2024-07-22,0.03045420715473762,0.027725342017460033,0.025670551335501963,0.024280729825017673,0.02362056791903427,0.023220836178010806,0.023086682009764714,0.02321655799090616,0.02350517041615956,0.02393101854734117,0.02478948451129034,0.025766050043101476,0.026180634385114396,0.025409242717974193,0.02573458024362436
2024-07-23,0.030448321641729198,0.027785875275464954,0.025767217650827796,0.024396740794246724,0.023751019717249026,0.023354863463930998,0.023210366097000636,0.023326643032821916,0.023619115791015804,0.02407695042284404,0.02498399387402715,0.025964409682339033,0.026397284235390787,0.02561663782727875,0.025976858897413184
2024-07-24,0.030433602948737166,0.02774502061305617,0.025708262959480838,0.024326496783734393,0.02368677580687931,0.023296809416666675,0.02313416640125512,0.023226505665875235,0.023499109354042643,0.02396272321305997,0.024843921548326337,0.025789864642892662,0.02619501065077399,0.0253885615717743,0.02579876196089824
2024-07-25,0.03061184525432486,0.02797318426704871,0.025979617222462656,0.024631838616816993,0.024014286331911966,0.023641880043106835,0.023505913268732193,0.023623358907377084,0.023910741876122896,0.02437388859313474,0.025280302498906566,0.02624749705019398,0.026632463982043615,0.025844144726740046,0.026273917008612535
2024-07-26,0.030444844365566857,0.027825625741663904,0.02587614546781212,0.02456674668452879,0.023966187767924124,0.02359867504939048,0.02348562477017963,0.02363958484875325,0.023951674400603997,0.0244283826288066,0.02533768020740456,0.02626812890331961,0.026656358749991046,0.025809187042253243,0.026247298196982242
2024-07-29,0.030635410339034556,0.028039431827718758,0.026100021565099236,0.024810257628881466,0.024228043845251675,0.023875586753754494,0.02377149940889982,0.023947697724195464,0.02429238710310705,0.02477104793392631,0.0256491285430864,0.026639590377813088,0.0270930155650763,0.026301880131614826,0.026713248093828135
2024-07-30,0.031135996718273298,0.028755062195127103,0.026966153470445384,0.02577318764050187,0.0252325015972874,0.024918874355411864,0.02484121396262938,0.025009612996892736,0.025327101852871004,0.025785057034599972,0.026700424236774576,0.027658349902054836,0.02805575908554188,0.027183261587188107,0.027577846851430894
2024-07-31,0.030950043043291364,0.028592774563840254,0.026819949099454024,0.025655042437117866,0.025170622184667955,0.024907260823504567,0.024856397269349014,0.025037813661315803,0.025366447600492288,0.025841120601050184,0.026767346341548526,0.02774318778002227,0.02816954871667823,0.02733713350267156,0.027750143828474225
2024-08-01,0.030826956885609318,0.028435021189811224,0.026577518838921718,0.025397258130597067,0.024813718171121806,0.024466484589540073,0.02435481313063442,0.02449548399829638,0.024800352172281936,0.02525650346871118,0.026167998233915676,0.027115758961703935,0.027452435570705015,0.026700330396163256,0.02714232547287855
2024-08-02,0.031094273075312855,0.02872488073510897,0.026875332103483158,0.025697066230977793,0.02511336249892454,0.024769599907058692,0.024647828094979247,0.024778720635221765,0.025063612916970464,0.025497711489861137,0.026382292752822348,0.02730429932821103,0.027612225471131874,0.026830063631503823,0.027291176286462583
2024-08-05,0.030817990611941272,0.02842742479937918,0.026570490892466613,0.025370793894629748,0.024763343293221333,0.024404642894702632,0.02428816705141408,0.02441400305505798,0.024693122578851107,0.02512629838543251,0.026037547177903686,0.026960019344458238,0.027263686747818202,0.02652657229493008,0.026945663302130954
2024-08-06,0.03082635114716984,0.028429036708190376,0.026539224285128376,0.025308247703794796,0.024678818245749863,0.024306669529912273,0.024168950149640274,0.02428033478429938,0.024551021424972497,0.02498324954609385,0.02588808865927354,0.026818347739056114,0.027129686449225695,0.02639194297152155,0.0268163756169042
2024-08-07,0.030969661312743424,0.028657419805665177,0.02683056363425183,0.025638630974958172,0.02502249714370396,0.024659903788025697,0.02453687676933939,0.02466480734460534,0.02495062478179118,0.025382548680143096,0.026285829650005355,0.02722135991869959,0.027515200958622768,0.026784110377593384,0.027182228776840296
2024-08-08,0.03086546300343801,0.028418507817398086,0.0265162196328873,0.025302019041611914,0.024687872175519644,0.024314926608001067,0.024170345756340198,0.024278334174502956,0.024553526434281644,0.024982952926230106,0.02588103980091433,0.0268103491787125,0.027170288201781932,0.02645749880147821,0.026862090558460103
2024-08-09,0.030097068023885638,0.027592961489501792,0.025674902384600188,0.0244708528498435,0.02387115774876887,0.023517772253278987,0.023398807985086596,0.023523939454093777,0.023811699849956115,0.024263379820067724,0.025197134542593615,0.02618191620361926,0.026571437342735642,0.026034797923531784,0.02641089477889
2024-08-12,0.030122167368267144,0.027635633684358417,0.025754412785496558,0.024607936304653365,0.02406033210746033,0.023736891693916257,0.023629890648465754,0.02376615863924695,0.024066424856391447,0.0245224332051178,0.02547242741153879,0.02643545527793781,0.02684497588222306,0.02624422490560337,0.026640926567821976
2024-08-13,0.02992073890069475,0.027383101690387386,0.025453276556030816,0.024273049967094226,0.023710446786734906,0.02339124853446939,0.02330296386415013,0.023460729261576933,0.023774738111494557,0.024241423705061722,0.02521316474701044,0.026182614321807192,0.02660488645681565,0.02595282629497494,0.02633020502948231
2024-08-14,0.029703666841212416,0.027096737773081768,0.025129363409143107,0.023941909039438273,0.023380613360101155,0.02305601871147917,0.022954532142978493,0.023094769536131616,0.023394197795524447,0.023850789779502807,0.02481282975288041,0.025839471386240934,0.02624194081424234,0.025519698433256598,0.02591532735969943
2024-08-15,0.029756128710145453,0.027163616232998417,0.025188279021319374,0.023985671447307934,0.023404646662608875,0.02306256722898142,0.02293786129159567,0.023058075711455246,0.02334875462491653,0.023809007956439025,0.024779704078705736,0.02578374650370778,0.02614363057969688,0.025440367183828968,0.025795507384127243
2024-08-16,0.02965121400302905,0.026935581979743037,0.024900853383588422,0.023679799917343234,0.023121145490926122,0.022818420656766262,0.022741003528725687,0.022888478325708048,0.023189389177723917,0.02365497688856528,0.024631384088446697,0.025657832042805154,0.02607736512084709,0.025441988774163628,0.025834705460518456
2024-08-19,0.029888760473107574,0.027223450133028706,0.025242292576401825,0.02407641941561313,0.023557065058609446,0.023267367837428166,0.023185764843383045,0.023344239462879925,0.023665561253223364,0.024150835885439988,0.025138530669728543,0.026158698095126123,0.026597287425410236,0.02597051554938243,0.026357079610908506
2024-08-20,0.03010555835512345,0.027537476376282535,0.025574942032073493,0.02437728636563851,0.023811023675964983,0.02348932378623511,0.023374291394161677,0.023502958557382235,0.023801506962631416,0.02428276502811279,0.025244078812087546,0.026218158204652578,0.026650018882708636,0.025946642750835122,0.026352233644898183
2024-08-21,0.029779309843633677,0.027137768551286773,0.025147662150529156,0.02395146586631608,0.02340664702346326,0.023109045828742993,0.023029037054175583,0.023182788524413158,0.023491657880617287,0.023974998561287004,0.024959074718628866,0.025944359477845135,0.02639997467102166,0.025748939720007878,0.02615542750983829
2024-08-22,0.029324468333095374,0.026680051768392637,0.024731162727832243,0.023606327703865608,0.023127537268389956,0.022887532096931725,0.02286276936795189,0.023069975021099975,0.0234258232954934,0.023940794399692333,0.0249672337086702,0.025956263911861788,0.0264929241295049,0.02593364207053936,0.026394797606787663
2024-08-23,0.028837243583188493,0.02623413794911716,0.024328959255826663,0.02325460376485535,0.02281251783862538,0.022599671874509175,0.022592815250703575,0.02282918429970468,0.02321083897475977,0.02373864073395086,0.024768248624904943,0.02579632651333904,0.026313925111419802,0.02580365414606516,0.02626248241354547
2024-08-26,0.02877960979834612,0.02612419192518298,0.024186255261311924,0.02309485396266205,0.02265397501205237,0.022447963111717498,0.022447256320435247,0.02268075432133689,0.023058303078500066,0.023593395018266114,0.02462922171860738,0.02561980049214635,0.026133800448857585,0.025609339370843705,0.02605741524340222
2024-08-27,0.02884530645474935,0.026133096110709252,0.024135890449211956,0.022991396171080987,0.022490212318314284,0.022237634327885038,0.02220132525295207,0.022403733333763123,0.022758902143118383,0.023277689570639578,0.024294395073146683,0.025296611103971984,0.025773783775741736,0.025224058186565528,0.025603634137151086
2024-08-28,0.028595300450047424,0.02584105180873403,0.02384501741794865,0.022721615186495635,0.022264185737888686,0.022042690282680518,0.022034077075444178,0.022261636221829077,0.022643669085375743,0.02320000379390103,0.024253812801273877,0.025243554837499748,0.025799807231090637,0.02526266206269994,0.025643799635898266
2024-08-29,0.028294950734492445,0.025540642245642172,0.023524434911245465,0.02240764669628026,0.02195815233895367,0.02175051564208938,0.02174527310009826,0.021971108831511585,0.022354552490864158,0.022911446641417737,0.023967482639551802,0.024961201061196682,0.025488276680859224,0.02490433102055068,0.02525854764964633
2024-08-30,0.027906893501985712,0.025057733247217773,0.023015540426647454,0.02189756154754786,0.021389048963615372,0.021163488698308214,0.02116048071272656,0.021378827542047767,0.02176232143634031,0.02229599680430879,0.023362840245155104,0.024372514539567756,0.02485571184936325,0.024282205777753415,0.02464495693233462
2024-09-02,0.026926720386742858,0.0240005982882225,0.021957699836383928,0.020903029115490933,0.020467541109781492,0.020296776836106777,0.020343289569118767,0.020626538330543495,0.021062250056199147,0.021617506269203564,0.022697651895787607,0.023742093630126568,0.02429022341784198,0.02379567365711894,0.024198042151323214
2024-09-03,0.026417498982324053,0.023631155730534505,0.021720220532089565,0.02077482056800788,0.020405040621345766,0.02026125410851342,0.02031242077108205,0.020621082495624176,0.021069800544486046,0.021616742719782957,0.02270341229151514,0.023803372787579172,0.024357752154000312,0.0238299330363686,0.02415521069110628
2024-09-04,0.026848721925966518,0.02407835722189622,0.022138836998246994,0.021126611790750816,0.02069553072968283,0.020509378291750993,0.020526814498146945,0.02077840274156793,0.021195189143547483,0.02173745152537851,0.02281177127637427,0.023819231549529377,0.024268930190580726,0.023695828963884138,0.02406119496004144
2024-09-05,0.027121927964308772,0.024436459529096025,0.022592124464166224,0.02168263340798706,0.021337953247130306,0.021216157401330635,0.021260941860354387,0.021538943372246176,0.021979410874370695,0.0225438184398429,0.02363453196104414,0.02469848706569242,0.025199327627654203,0.024604815636647185,0.024962025082895727
2024-09-06,0.026959047013994163,0.02437552420760702,0.022576166951806868,0.021666400154106223,0.021302431052821754,0.021179598907349433,0.02125649815087976,0.02154607968994089,0.021980326000376513,0.02253757769501157,0.023665927149574495,0.0247585542449297,0.025249657330193402,0.024651414834070042,0.0250553284350373
2024-09-09,0.026763607534927698,0.02413504583550537,0.02228827233063309,0.021341062916443446,0.020947570987833952,0.020797427182031956,0.02084264048596793,0.021111130622972492,0.021538698165639605,0.022103087972465154,0.0232580860076645,0.024343036964634596,0.024776444329998367,0.024211471291177226,0.02461856292220382
2024-09-10,0.026934894019851496,0.024287181662243067,0.022431787865933313,0.021488538303059117,0.021102835168074135,0.020957327078137484,0.021003577144941356,0.02127365350922912,0.021698301244367654,0.022265144922814496,0.023422821581463894,0.02449566450297079,0.024940542542278014,0.02435087891121974,0.024741472771725417
2024-09-11,0.026398773880863657,0.02367877454030936,0.021796327479285695,0.0208540577004514,0.02047782341741727,0.02033958888840464,0.020395130119534432,0.020672702209277635,0.021106620522945683,0.02168187086712916,0.02286885276961031,0.02397754001966046,0.024449476077623093,0.023854474335033342,0.024211577805182585
2024-09-12,0.02653314490407229,0.023796374076636814,0.021859171320967367,0.020951357123243225,0.020544675403349436,0.02040122363490904,0.020471018622467044,0.020723259116143176,0.021115920366035337,0.02166952539274723,0.02282377954287104,0.02394323593596261,0.024400471031050378,0.02382329857242905,0.024112474855706473
2024-09-13,0.02734752497956141,0.024677715834074267,0.02277885023359101,0.021887530638758576,0.02147457446967143,0.021312239349661113,0.02134339085119552,0.02156074263319882,0.021924921705668017,0.02245632754874255,0.02357898889568152,0.024666130536675476,0.02512533673469322,0.024462852985872495,0.024703448168835636
2024-09-16,0.02702545464293369,0.02447717912442356,0.02263574998224645,0.021731434981428623,0.021332342851249988,0.021163441060408735,0.021193790311898848,0.02141263552792229,0.021781379897451034,0.022314225707675543,0.023442606023402656,0.024514107645077426,0.024974066122118888,0.024296079977656645,0.02453738585937215
2024-09-17,0.02712053785774719,0.02459866859856728,0.02277770692898021,0.021880417872142684,0.021483704816107767,0.021312610364568572,0.02134243782393804,0.021558215705298915,0.021919285213918453,0.022451271991263726,0.023585481543652746,0.024648344231246132,0.025090212461778144,0.024375166115370446,0.02466435853626796
2024-09-18,0.026717865518522493,0.024204808886657773,0.022385780644472702,0.021480996800949108,0.021083676587202525,0.020911123255344322,0.02093917831385227,0.02114704347039215,0.02150322013268428,0.022028935914070426,0.023145235656916292,0.024213468924882423,0.024689896186309693,0.024036730222342408,0.02425450446541407
2024-09-19,0.026396832936633582,0.02390141859854472,0.02211854729391315,0.021244717387169806,0.020864560196003478,0.02070623483641786,0.020755449561948403,0.02097942435026384,0.02134461255428477,0.021874106653644636,0.023016741037012303,0.024108406695423475,0.024662050833212008,0.024035439137955566,0.024219026824557184
2024-09-20,0.026383648636232007,0.024016128146244903,0.022332272449188104,0.02153351406212819,0.02119428837014946,0.021057020838322348,0.02111035954470949,0.021349516933990224,0.021737302362848085,0.02228203529434918,0.023413337344075642,0.024501292093715293,0.025044470781417947,0.024417211585768064,0.024611952440901617
2024-09-23,0.026224020700479876,0.023806740405728333,0.02208515964548526,0.02125765923607255,0.020915378172728216,0.020784104252007884,0.02085841160317188,0.021114445876169955,0.021516569911514585,0.022081587295674516,0.023249951762304977,0.02433772737708304,0.024948137057129536,0.024311443316708207,0.024520078206364634
2024-09-24,0.02607364678412053,0.02378430899332441,0.02216099282054821,0.02140766705283817,0.021109155771153354,0.021007664805504953,0.02108523550654541,0.02133749934502836,0.0217303909665051,0.022271606345271425,0.023417264312700813,0.024531059922068017,0.025133464072053004,0.024529903133148616,0.024712360637351938
2024-09-25,0.026300482689859853,0.023995037865573172,0.022384337735603492,0.021638502836365495,0.02135248459930895,0.021267976536272628,0.02136668602225705,0.02164133537580802,0.022056047309278036,0.02262249547300058,0.023792452576213083,0.02490240800894851,0.025532945083232672,0.02495647672896864,0.025135653030025382
2024-09-26,0.026102393560054036,0.02377519551704996,0.02216425596491606,0.021418741381353627,0.021123347269026253,0.02102594088269325,0.021114461353615218,0.021386663061216508,0.02180256114978057,0.02236443061260215,0.023508776776344723,0.02465125533637499,0.025276594303451513,0.024651531718981958,0.024777247335020576
2024-09-27,0.02580948746211784,0.02355446654284241,0.021996236017035792,0.021325715277225054,0.021095997584508426,0.021052401169971806,0.021178885448265086,0.02148550125886623,0.021932105438851403,0.022520815392593853,0.02371670712054737,0.02489887602438127,0.02556707198602703,0.02489457707010475,0.025027145432248606
2024-09-30,0.026101124284169507,0.023776583373952092,0.022161957698562294,0.02145556544444991,0.0211999312078328,0.02113314206231857,0.021236331258261673,0.021524356313909383,0.02195990758258308,0.022539233266194086,0.023683402225098675,0.024825194375129107,0.02541066907349818,0.024728099028246443,0.02485650617682952
2024-10-01,0.02632043703488175,0.023952425120408193,0.02234972467426398,0.021689817467662187,0.021480653596964893,0.021449357998071628,0.021582598478695356,0.02188862641921821,0.022334205822247984,0.022918595694175096,0.024088715529936206,0.025256811114839843,0.025838711728115662,0.02522020078289069,0.02539492182640874
2024-10-02,0.026139373697537837,0.023685397130831697,0.022011015166043667,0.02129838654936195,0.021044755071548335,0.020975643306286637,0.021085354207601253,0.021379221668611646,0.02181636652916282,0.022390295222841153,0.023513765750803974,0.024619130122039225,0.025194922182965023,0.024582375025028722,0.024774622296485676
2024-10-03,0.025645717795973057,0.023118370525215814,0.02140641783948728,0.020688157859688812,0.020449821527240546,0.02040418494310577,0.02054188452858759,0.020852895408726927,0.02129874597621008,0.021883158231117375,0.023041832128634875,0.024187608360748514,0.024802365777871163,0.024192053600533586,0.02438190782136905
2024-10-04,0.02563119100731124,0.023078960410705496,0.021377295047086832,0.020701346286424137,0.020494256160316474,0.02045884219934444,0.020593741491724656,0.020904810855942067,0.02135396521039459,0.02193513468354542,0.02310068914295247,0.024265133826538707,0.02490477508636747,0.024283769325161707,0.024457529499146084
2024-10-07,0.025037656846445603,0.022491256483594763,0.020810106649350558,0.02015574825505863,0.01997897953458952,0.019971139036568157,0.020128780253613147,0.020456682296389087,0.020912827097813235,0.02150680572472059,0.0226866217665633,0.023879995126014214,0.024529895559205116,0.02395399784465556,0.0241189204351548
2024-10-08,0.024698735799782066,0.022239395915074848,0.02062568586293479,0.02002528694843624,0.019888589359695882,0.01991374130980296,0.020085317104632423,0.020422285883413167,0.020884857631180764,0.021489480656431154,0.022707403113873006,0.02391706995335517,0.024607516577048173,0.02399508744034419,0.024141811449822366
2024-10-09,0.024739556560616337,0.02216447243100307,0.020484258245223264,0.019859463475607714,0.01971014762571019,0.01972944597626683,0.01990258429382896,0.0202444088436441,0.020715133176599423,0.02132498838676224,0.022544260149126152,0.02374429846458651,0.024465561303589616,0.023876722327883102,0.02402297711076167
2024-10-10,0.0243652178051878,0.021658273167864343,0.01990184806794797,0.019252200401706478,0.019103684397371243,0.019132174045615024,0.019323182458329896,0.019681732532947534,0.02016411793911373,0.020781811476068637,0.02201394313419681,0.02324780123055391,0.023995396895460597,0.02348541369014717,0.02357107143575961
2024-10-11,0.025004652007454664,0.022300106262698995,0.020530104667777997,0.01986357995469714,0.019686159761882618,0.019685271155873547,0.019847180651444262,0.020190104306049173,0.020668621357859046,0.021289198427002227,0.022532975847413313,0.023740403131877325,0.024458037614498638,0.023938407644019943,0.024028183716760937
2024-10-14,0.024873847612358398,0.022244412293865305,0.02052657799744199,0.019892231195576586,0.01973391846295316,0.01974754047435208,0.019918037483952898,0.02026474351865807,0.02074390140621742,0.021367167916727242,0.022630570121982857,0.023844485820396964,0.024553836898917335,0.024031310037625916,0.0241543664461236
2024-10-15,0.024522347077305568,0.021989501472042827,0.020274931160232518,0.01964833413230141,0.019485523454743105,0.019491172773857278,0.019650003702318314,0.01998131707412043,0.02044846444763651,0.02107146354516108,0.02235575378164265,0.023547573848611326,0.02421853256786097,0.023698810225240147,0.02380835493869614
2024-10-16,0.024724311760402403,0.02226628286976438,0.02057905278653899,0.019953248197514595,0.01978191473553848,0.01977477692160027,0.01991376433080683,0.020228970847963733,0.02068453424818942,0.021290049997532784,0.02250497757020287,0.02366788042739155,0.02430068415730859,0.02372965949575119,0.0238380439557136
2024-10-17,0.024920326967502047,0.022541275323933924,0.020924349056329162,0.02031749358787483,0.020147080319288205,0.020135313393670383,0.020284299811818295,0.020618785327489647,0.021086795744945618,0.021704338710969526,0.022939607189293956,0.024112433112923763,0.024777431184855384,0.024230700900086038,0.024332445832507786
2024-10-18,0.02420685984975904,0.02198722127520536,0.020504574280334142,0.019965656522681962,0.019874338455499824,0.01993537517205334,0.020150446352522836,0.020535191681904062,0.021045622462821427,0.02168584634893384,0.022984543231568497,0.024235587352962572,0.025017548921113512,0.024503528435509958,0.02472112147595187
2024-10-21,0.024505482435825367,0.02233190270105321,0.020867162320651274,0.02035202301883803,0.020261803417781245,0.02031507175113815,0.020508976083544246,0.020885352120059632,0.02139626680754594,0.022029931495231168,0.023304570846513578,0.024557030871905056,0.02532655705523238,0.024791694296132035,0.024974196936766033
2024-10-22,0.02373444091606566,0.02154055294959426,0.02010452452906535,0.019627602739568935,0.019587059922405416,0.01968802483342707,0.019932095817195798,0.02034323751406368,0.020878818855948174,0.021543847373106575,0.022906039531456795,0.024235681577178286,0.025071387200506452,0.024547849575597844,0.024781897161387578
2024-10-23,0.02321710819817226,0.020997528588660237,0.019580356872431308,0.019158994996503247,0.019179392810370295,0.01932259622035022,0.019590145209528034,0.02001821160102911,0.020575083574944406,0.021272177945354923,0.02265795449253394,0.024000388277360167,0.024882925593543385,0.02439734190201546,0.024587007787898976
2024-10-24,0.023399431294743766,0.021277241706875432,0.019902917373011187,0.019501777558962957,0.019524634036581164,0.01967564527704154,0.019955275606729782,0.020410769048692733,0.020999643221441683,0.021712973393094217,0.023099038432329053,0.024400675781145194,0.02521832617591661,0.024694563314043162,0.024900890903435998
2024-10-25,0.02323782334431926,0.02109895057480442,0.01972456940125448,0.0193369864227591,0.019363808335728618,0.019517310775783225,0.019801638508341685,0.020270864002963993,0.02087444298255897,0.02159979721005537,0.022985147121480094,0.024298445749287835,0.025131241807705266,0.02461660829700239,0.024838319630034255
2024-10-28,0.02284850694088229,0.020793991874611634,0.019465364156672632,0.019093101340770986,0.01912957147685591,0.019291081686101545,0.01957504966672616,0.020032525717604915,0.020623659120994727,0.02134225903981497,0.022732507331775727,0.02406557584211149,0.024941350577358593,0.024446710664036492,0.024652376249108755
2024-10-29,0.022852171122748562,0.020734336252015633,0.019369127221127082,0.0189796643733609,0.019011350078234672,0.01917252095030904,0.01946129895682895,0.01991903726799576,0.02051024913034215,0.02123155001288037,0.02261799761919992,0.023931466520564167,0.02475935366263787,0.024234971640740437,0.024460147580100042
2024-10-30,0.022509834893845122,0.020307475920304168,0.018846521883848017,0.018390541421281183,0.018368311472743357,0.018489442381566565,0.018750175120285168,0.019185753806148703,0.019759083849007483,0.02046313948753888,0.02183865266283032,0.023113771512966397,0.02392003093644852,0.023401864656472263,0.023613989874645032
2024-10-31,0.02269347042040186,0.02051862972121018,0.019140916789655685,0.018787011472555255,0.018845519442384707,0.01902222507388062,0.019311877862827773,0.019768456020674438,0.02036479447120647,0.02110642037449925,0.022518487484787585,0.02379633664557842,0.024570856868370683,0.0240875881151752,0.02429002353263617
2024-11-01,0.022593431497370368,0.020599366868650965,0.019335723643798663,0.01902551101919609,0.019103173141229668,0.019291198067539643,0.019583728628167422,0.020034926864156442,0.02062735133589172,0.02137056847068387,0.02278893135313408,0.02406920902262438,0.024832901362835055,0.02431213430634435,0.02457335743984965
2024-11-04,0.023379361439962106,0.021574057870794538,0.020365313449863955,0.020028040969013457,0.020047042114186384,0.020179880398011912,0.02040700965992218,0.020803670056450976,0.021351812731728148,0.0220544872689248,0.023403187155429706,0.024624147860706984,0.02526794067535529,0.024673937053923966,0.024860405347936446
2024-11-05,0.023837688672932487,0.021991082382700235,0.02077693751551716,0.020433145399132262,0.020442417577421858,0.020564987760258367,0.020788670190550116,0.02117648220523954,0.021703593826670177,0.02238069815957172,0.023709800910117058,0.024925470779716373,0.025545139924877877,0.024903508160396506,0.025137405785122427
2024-11-06,0.02379780610878171,0.021882120890692577,0.020648086037020393,0.02031775520141164,0.020354151231929376,0.02050363650631376,0.020753627444944328,0.021154131929768144,0.021684138457794846,0.022352091719453543,0.0236765268570055,0.024914166690241716,0.025386485549424506,0.024949512740210726,0.025193089510403843
2024-11-07,0.023909531383979724,0.022021361207784966,0.020787105443925626,0.02044330996605356,0.02045840402772982,0.020588158279598905,0.020820192209673495,0.021211620856455057,0.021737367779435742,0.022404058297662507,0.023719179555219044,0.024947598401708744,0.025422188269749454,0.02495678812540842,0.025236481998970904
2024-11-08,0.023897320210706625,0.021959815049796785,0.02072872272301365,0.020402273890809244,0.020436931259698338,0.020588688556907965,0.020844021334128514,0.021249012021505868,0.021773167243711054,0.0224236192206329,0.023696750405220943,0.02493286419765077,0.025433028284445422,0.02502833269011859,0.02532136846251726
2024-11-11,0.023600146190885,0.021949298562436746,0.020868323979176377,0.020526854691481456,0.02056886697902901,0.02071079114442533,0.020967608281179266,0.02138419788736736,0.021926235625524645,0.02259305387239477,0.023872246158107138,0.02509914646963166,0.02557754494508726,0.025168928986103015,0.025461680906039758
2024-11-12,0.02350954577445639,0.02188399952546585,0.020938702771990638,0.020534519748079252,0.020595056445018592,0.020743292527368142,0.020994746860158356,0.021402702361016886,0.0219379499264002,0.022598498007339107,0.02387484299525356,0.025085156354756284,0.025599681547043122,0.025153545917594982,0.025415206911406817
2024-11-13,0.023100248922142717,0.021404812115326265,0.020409636952716873,0.019975649524826323,0.020030453948439997,0.020183674333409403,0.02044649330914722,0.0208621846040648,0.021397295311313496,0.02205409828958832,0.023336122232511407,0.024559882913339246,0.025106847790104223,0.024725484442960327,0.024958556134072954
2024-11-14,0.02301281902626638,0.021173330894919244,0.020084760743160658,0.01959646503802426,0.019634882390211907,0.019775099396921306,0.020028020139381385,0.020437984306786453,0.020972257973927575,0.021630098949142484,0.022899179264681754,0.02411157579804934,0.02466360906517822,0.02424959817799968,0.02449930767120633
2024-11-15,0.022870244998215994,0.021086541422155214,0.020094415757448306,0.019723081037205777,0.019813936596007702,0.020001739703565464,0.02030098208597531,0.02075282702839981,0.021317690766013354,0.021991657580351855,0.023295012085215658,0.024556208824281518,0.02518890440429402,0.024809736245744247,0.025053906821320044
2024-11-18,0.02228588077005036,0.02058445105438767,0.019641074421772507,0.019316992790806422,0.019449293849322563,0.01967908438650895,0.020003106622015186,0.020470912549520052,0.021053850950587212,0.021738304305850678,0.023065855127210762,0.024355064606204787,0.02499081048458127,0.024635258536055072,0.024970684617999984
2024-11-19,0.022959263603886598,0.021357993797503968,0.020481566372001873,0.020195354671862814,0.02033763999141011,0.02056812279058256,0.020890700226148494,0.021362564508864035,0.02195009581519622,0.022632593239305013,0.02394919627222218,0.025230433342163263,0.025835730375517278,0.025467142361591758,0.025779784178917926
2024-11-20,0.022878862322952127,0.021305629585222693,0.02047265075909003,0.020239982999683805,0.0204357336338092,0.020709892219168358,0.021067915385404545,0.02156879389533208,0.022179200995700525,0.022873552978250836,0.024204908521030702,0.025497630382431285,0.02611499185879913,0.025748883295550196,0.026081819490421855
2024-11-21,0.022436801279053353,0.020938353385468875,0.02020579942883866,0.02008222524926703,0.02037225141971557,0.020721649299038764,0.021132782878785908,0.021675145126076423,0.022317797424390922,0.023036428309384908,0.02439064362924081,0.02569203305630072,0.02638188844288304,0.02602501700997437,0.026344435194563882
2024-11-22,0.021840405759340025,0.0203891783887768,0.019651290197862836,0.019498392439981714,0.01975851613088773,0.020094323018765427,0.02050105650822403,0.02103226529759801,0.0216570311976126,0.022353475183976075,0.023663889814229327,0.024936201493299212,0.025600413582915968,0.025245850964014088,0.025502553235984552
2024-11-25,0.022290139669815013,0.02082934670078587,0.02008895227094345,0.01993174771564576,0.020168166441835375,0.020467108118020837,0.020841451870342562,0.021346888420488815,0.021954828468635678,0.022645492173663694,0.02397137134476247,0.02519937718114531,0.025827532588144148,0.025387868840120783,0.025684300686395496
2024-11-26,0.022132951521451675,0.020719691571963364,0.020007936585316143,0.01987802424792606,0.020131033205452755,0.020445140984356257,0.020823020984136912,0.02134602041953636,0.021976439523299196,0.022682974100425406,0.024008090728513037,0.02524936273215609,0.025909796745738314,0.025465590410333902,0.02584146502108469
2024-11-27,0.022479324310171446,0.02112177509506284,0.020455727620328587,0.020349613269123934,0.02061824878357673,0.020937861354852018,0.021320133688844747,0.02183551761131982,0.022456361604538733,0.02315733402426125,0.024470273907578288,0.025660976333406898,0.026215823752093925,0.025717967128222902,0.02610606772982247
2024-11-28,0.023348861971268474,0.02195405439247073,0.02122600172110004,0.021058473215659304,0.02124126147686964,0.021475952479745476,0.02178137435503863,0.022245973403158866,0.022831696040242752,0.023497248293027188,0.024722343389669648,0.02583338586485988,0.026300051333350363,0.025714710451521294,0.026044845417210073
2024-11-29,0.0235250181226625,0.022289252881944537,0.021655316119330508,0.021496175169026938,0.02167000835527452,0.021893987719535365,0.0221804052081745,0.02258075466477011,0.023069162551336776,0.023642314586524014,0.0247556240041041,0.025746133299991626,0.026050397433583682,0.02544917413256442,0.025778809234181396
2024-12-02,0.023308397286996976,0.02206463844708844,0.02145388903962832,0.021344446079713638,0.02154096278781935,0.02179606974865725,0.02213133632366519,0.022601106368975134,0.023161880559630966,0.023762966511390995,0.024889626649122278,0.025912987802357526,0.026256157832089892,0.02569074070837121,0.02608763104600786
2024-12-03,0.02322651924360544,0.022095403571292905,0.021530927712114276,0.021421858267377036,0.021592578151028986,0.02181376244934733,0.022110178177030558,0.022540246401508948,0.02306754111881782,0.023650509636631387,0.02474619616216996,0.025661633799953353,0.025824640520802,0.025233378865766293,0.025640339954778605
2024-12-04,0.02344552046846178,0.02229483697342214,0.02171576161416652,0.021607523337457177,0.021782614045980732,0.022018699766271806,0.02232731968936997,0.022782670977340217,0.023325384259356728,0.02390209755229744,0.02495844735029801,0.02583195827969536,0.026019708728630818,0.025355537308949593,0.025788145256495313
2024-12-05,0.02271206052783746,0.021544266111910786,0.021000303955978725,0.02095323892633923,0.021222662452033487,0.02156136937331986,0.02199116326209497,0.022536494965000056,0.023160965842405287,0.02380513881716425,0.02496452342490836,0.025916786862094966,0.026310151528909465,0.025725393605122278,0.026197279941689196
2024-12-06,0.022763510145877425,0.021670983450499483,0.021200117548957138,0.02121736346164236,0.02151446873690483,0.02185677465584884,0.022289975832802802,0.022842128077852922,0.023470202634043542,0.024101822775487072,0.025250210042741774,0.026204396769193124,0.026545526259366164,0.02602519717023099,0.02665778882874812
2024-12-09,0.022650196161816554,0.021473783842009497,0.020921420505498733,0.02085826465118954,0.021091517173812146,0.021379221197951662,0.021752617767866175,0.02226149021576409,0.022854885973888392,0.023477066161947672,0.02459814270941155,0.02549973729091387,0.025806132196803507,0.025310403359872644,0.02583355502558515
2024-12-10,0.022288608799077257,0.021073030945697846,0.020507116320265636,0.02044636169352766,0.02069684912461776,0.021009041086223992,0.02141113714539483,0.02192831551709665,0.0225214608673103,0.023142146305888487,0.024282624589903323,0.025188694922124576,0.025526223394328425,0.0249987622736206,0.025490756967272134
2024-12-11,0.022324828260702863,0.021079659567621232,0.020544856764257522,0.02053745329602759,0.02083311231758351,0.021169287434085974,0.0215791128079903,0.022107082688207283,0.022706880413047286,0.02332333052604767,0.02443070880580913,0.02532866118544204,0.025524619286198903,0.024978190633414353,0.0254604706230466
2024-12-12,0.022397568420665415,0.02119674861162413,0.020714405548455314,0.02076971668964629,0.021123007530558596,0.021497695686052535,0.021920803071064705,0.02244938505766683,0.023042998681795775,0.02365358490530387,0.024763304363717344,0.025624627495456864,0.025763355729847347,0.02517808131588853,0.025648753599935497
2024-12-13,0.021870267827394558,0.020789084105374635,0.020350803309795197,0.020428675494012206,0.020768103868958478,0.02116650415211034,0.021600671199325048,0.022143992781920942,0.022745756416785157,0.023370750062094103,0.024519214162078383,0.025413871308630452,0.02562977431553126,0.02507540042277103,0.025586134637633203
2024-12-16,0.02194594604935333,0.02089375195232197,0.020449869868816535,0.020503463682026945,0.020812519728235057,0.02118827042627093,0.021605519041742762,0.022139381341412974,0.022727339090346948,0.023337458173388427,0.024453346732509335,0.025341953503270103,0.02557084248145512,0.02499536742691144,0.02551868391064009
2024-12-17,0.02231866199081694,0.021266914845213536,0.020813535572634916,0.02084372905250899,0.021126883482870406,0.021479522815193948,0.021879659543778237,0.02239489399828314,0.02296728382274635,0.02356742212448069,0.024682804704304638,0.02554706514099995,0.025701863421826614,0.02516450110744736,0.025560343881857454
2024-12-18,0.022209913525190333,0.021052296087016434,0.02053141781655464,0.020528403849701265,0.020778550161235487,0.021103806559868637,0.021482392529884965,0.022005792765876445,0.022604481128370463,0.02322812863977986,0.02436063892375883,0.025223965082511807,0.025440297716100516,0.02484878244851446,0.02526515929687127
2024-12-19,0.022229992047825903,0.021104064166813107,0.020617514514929974,0.02064751946694351,0.020933199948060373,0.021292362082752835,0.021702125961423215,0.022229181437183512,0.022814696118795833,0.023419681216327648,0.024532262018761176,0.025388698412967693,0.025501489848519625,0.02494285690678911,0.025444452437587597
2024-12-20,0.021852321659751428,0.020675911973293052,0.020191135834238847,0.020233611838219426,0.02053708586653349,0.02090599872930444,0.021338356332578454,0.021888384136508145,0.02248888137685204,0.02310402725727241,0.02425480580905764,0.02513571270751801,0.02534539637049379,0.024794037984132433,0.02535324140883479
2024-12-23,0.020946339947041405,0.019843328180977317,0.01944437561960738,0.019573408398326525,0.019950598962458117,0.02036416568564007,0.020806994260338486,0.02133710501979466,0.02193289098362774,0.02257809275206769,0.02381962862176262,0.02471258656217371,0.024961914037787605,0.02443767016387149,0.02500160902362084
2024-12-24,0.02101049994626516,0.019888965622296997,0.019409683382132805,0.01942915058800977,0.019690319809008344,0.020013951246156146,0.020398816315443585,0.020916708431679407,0.02150329433203549,0.022138793124881564,0.023303376848339108,0.024172786013461626,0.02435661333906866,0.023878305570855976,0.02442243813490073
2024-12-25,0.021320703578773442,0.020150244184482823,0.019629316971810237,0.01959995518271281,0.019809028588273884,0.020084909564182393,0.020436288324652135,0.02093541152304591,0.021508567540707384,0.022128400111731315,0.02328804904806277,0.02417277357054184,0.02436038477354518,0.023826341139150286,0.024407120871497462
2024-12-26,0.02148533725012264,0.02019363549134696,0.01956513212886546,0.01944714938381827,0.01959028706220772,0.019821926936835262,0.020146398962028283,0.020621482718199798,0.021175656631200468,0.02179195050909053,0.022931963336914527,0.02378058069096558,0.023862538848404922,0.02333552158519228,0.023841906481441917
2024-12-27,0.021174567090486172,0.01984878700115349,0.019194080949590766,0.019056320021108703,0.019191699734094462,0.019429041018397396,0.01976674552508246,0.020246337835180105,0.02080076895756639,0.021419608991460663,0.02257621926413189,0.023433628381741876,0.023502760691414278,0.023061343738318234,0.023584518231794645
2024-12-30,0.02085382350343624,0.019520157702298244,0.018863898695297854,0.018726426646409115,0.01886628524782208,0.01911418263609339,0.019470306360660546,0.01996199400899365,0.02052409082567619,0.021145123034362893,0.022283074792323554,0.023121547366945747,0.023259262889761437,0.02280400355054052,0.023346510597233677
2024-12-31,0.02037855356783202,0.018974584319432407,0.01826937597719819,0.018104989514518013,0.01824050942918544,0.018496885348834372,0.018864328038332576,0.019369821224873542,0.01994404851030986,0.020574179123974006,0.021728975962527482,0.02254722012370989,0.022725935436361432,0.02231583791924439,0.02283050227614144
2025-01-01,0.020636937297742512,0.019322568606051752,0.018649971851083785,0.01848823411668848,0.01858974086328142,0.01880966806526721,0.019142934471727255,0.019641388762160213,0.020209937316402846,0.02083566680495606,0.021984564831482947,0.02276606996182808,0.022892494278073033,0.022459395732857712,0.02299595523890876
2025-01-02,0.020699824610184433,0.019404862900472702,0.018767851963642324,0.018639099216451713,0.018767897430811205,0.01898892299889535,0.01930201722060731,0.019769626126438754,0.020316995459920262,0.02093909861919676,0.022082613707787996,0.022888816840216143,0.02300675726561762,0.022544598816538017,0.023069080854513275
2025-01-03,0.021095364987695847,0.019830530403433244,0.019221009459441503,0.019129974114092965,0.019280213034126584,0.019505238431005042,0.01980048293323581,0.02025757960726912,0.02079961785092783,0.021405296723744527,0.022529727379803494,0.023313166734348904,0.023350207050598103,0.022752536098308324,0.02324801958516281
2025-01-06,0.021133529529652736,0.019873781499145652,0.019254142647598994,0.019126254722719418,0.01924444949657148,0.0194525020443369,0.019756263499045065,0.020231217194532015,0.020784286654913813,0.021402226309763635,0.0225510587360521,0.023366525909933353,0.023361278047297446,0.022846309487923044,0.02340359471856078
2025-01-07,0.021062733693355477,0.019778078967837818,0.019151946346293865,0.019033355389231104,0.01916160602215492,0.019378247998296454,0.01968932422341405,0.02017037830326834,0.020735679186975536,0.021361063055476363,0.02251788536718296,0.02337777283272339,0.023422680963170017,0.022928814497681707,0.023518550866702126
2025-01-08,0.02084041461344521,0.01954124049764435,0.018936221203614982,0.01886219129924299,0.01904413127894349,0.019313435847557632,0.019680105248079,0.0202079013887092,0.020804230069158026,0.021442955763829853,0.022630498878149646,0.0235005238247385,0.023564479285859075,0.023052088555226113,0.023615876291887803
2025-01-09,0.020545947905952135,0.019313965550256666,0.018762493931619266,0.018733995869635464,0.018950577120778897,0.019244899645308452,0.019629438046895473,0.020171201058598934,0.020782600959584892,0.02143529732264996,0.02266444120795448,0.023581606675936066,0.023766458732909744,0.02321505649290117,0.0238901855420976
2025-01-10,0.020747335642492603,0.019662006155066983,0.019204593481189174,0.019248559350106133,0.0195054175643857,0.019826641215864506,0.02021933309877999,0.020773232893556867,0.021396057695409063,0.022048805220224947,0.023277436752370487,0.024156262132469422,0.024203116450673638,0.02376265680691081,0.02435847798883434
2025-01-13,0.02075939756399182,0.019949184994081444,0.01965023221107444,0.019720734484308493,0.019986976358257476,0.020296683693082494,0.020687528813126348,0.02124116964467954,0.02187242162868962,0.02254017429655449,0.02375663371739565,0.024634187748130608,0.024803588114680784,0.02414771711166494,0.024748709979579113
2025-01-14,0.020755510618418765,0.0199098011498979,0.019579621894031975,0.019631768180900108,0.019893038168853284,0.020212326171652518,0.020629537965051254,0.021204126666434498,0.02184031806772722,0.02249657301455613,0.023713618203753853,0.024600479488443138,0.024831408205513498,0.024150049195041743,0.024743561973996905
2025-01-15,0.02080899189023267,0.019965823619227465,0.019633248115434106,0.019673795986397718,0.019914169046459172,0.02020232318886994,0.020584234033548646,0.021135479686203038,0.021762246650465254,0.022426047525539776,0.02364225277524511,0.0245016278555657,0.02467034273479641,0.023993237705796283,0.024581917603568513
2025-01-16,0.02074990091132232,0.019931222186887736,0.019645635832883823,0.019745057344665508,0.020035482659916427,0.02035637381500461,0.02075591435745874,0.021316630388422655,0.021948911380965757,0.02261334423811699,0.02382502380707836,0.024663674647448664,0.024869966094189153,0.024184930940204664,0.024759968834377873
2025-01-17,0.02089305686514699,0.020146768873948506,0.01996544706076571,0.02016131592683979,0.02052334480168879,0.020897529525647315,0.021343791893476207,0.02194040315163294,0.02258473677091751,0.02324226166098299,0.024435029321688156,0.025259766690294998,0.025410139773698184,0.02472272207450948,0.025320622448763735
2025-01-20,0.020636170429295393,0.01978123832848561,0.019534556072464,0.019727300077238216,0.020111255253003953,0.02050297798303488,0.020956465587809284,0.021578944526570817,0.022267708768413334,0.022951212262331013,0.024162775091134493,0.025028611719934875,0.025204950009554146,0.024510600964112318,0.025195468503873063
2025-01-21,0.020821313160544547,0.02006484946088613,0.019870716328346836,0.020080894227566856,0.020465400097841233,0.02085599696385108,0.021308248353226814,0.021922250237278382,0.022594726139078924,0.02325847544568751,0.024432861867674478,0.025285505564081257,0.025364573974638184,0.024759232441695457,0.02542174263361783
2025-01-22,0.020858200036795435,0.020080320601806746,0.019872107784407574,0.02007363017122679,0.020454402924318417,0.020845308464121505,0.02129798379011843,0.0219116610316871,0.022575301403717135,0.02323595261555004,0.02440745695039925,0.02526342173539933,0.025347235318863962,0.024804419014073632,0.025416585524159072
2025-01-23,0.020863270818787732,0.02007229789705844,0.019856048413874984,0.020050044769675507,0.020426433497644392,0.020815419515740653,0.021265879509758313,0.02187679560792486,0.02253910414188923,0.02320027086182993,0.024370179691535696,0.025224301517780004,0.02530678907880976,0.024763121719798015,0.025373270857468825
2025-01-24,0.020883410157896496,0.02008621586168253,0.01986662669310703,0.020058791051251464,0.020434433189035404,0.020823143835812886,0.021273561326817278,0.021884652446828502,0.02254735814810864,0.023208997341833352,0.024379677079899513,0.025233999669372877,0.025316917983232046,0.024772812254241598,0.025382277800582855
2025-01-27,0.020836341627632957,0.02032187544093713,0.02026173555153026,0.020536634888132642,0.02094380817036288,0.02135143442384671,0.021817463497431886,0.02244106306386415,0.02311996389582267,0.023792377418136453,0.024994392504508085,0.02584608852038332,0.02586178741028587,0.02533876319877739,0.02604409460552041
2025-01-28,0.02055817887123599,0.02002981256029043,0.019943652844945026,0.02017960419241684,0.020562778366430553,0.020968474441295456,0.0214600873234899,0.02210188637658968,0.022783535922450384,0.02344669864118611,0.024622602571066913,0.025457368329222692,0.025442053697546894,0.024944657988589164,0.02559666205726333
2025-01-29,0.02067459638977828,0.020118672368682772,0.0200312803304836,0.020273407467588857,0.020655017033503666,0.021053200897903804,0.021534811540041984,0.0221846239409676,0.022877089646905067,0.023546109614205453,0.024721895591186784,0.025585231231555518,0.025618022110442208,0.025090134749924876,0.025805534030287618
2025-01-30,0.020706001727698,0.020149523566515285,0.020059386928519066,0.02029933305352924,0.0206784315201398,0.02107395095723705,0.02155379324758247,0.022200064079697168,0.022891457959342047,0.023558228765189537,0.02473190015579538,0.02559235804555075,0.02562289452160646,0.025091081455776536,0.025807388825867802
2025-01-31,0.020811597822474083,0.02015785729459638,0.020038242579748945,0.020244857802469228,0.02063490507593768,0.021053729223032763,0.021525520094526605,0.022171890947604977,0.022866580371471462,0.02353491197858827,0.024686804682753853,0.025643768492455244,0.025770868768860408,0.02519296847652565,0.025902734177356296
2025-02-03,0.021507360523875946,0.020923226280685922,0.02081850326477451,0.02101103291961962,0.02136297500393565,0.021742536807843202,0.022168770441393443,0.022773646959526536,0.02344010889553179,0.02409743718031214,0.025233085786223575,0.026136200146940042,0.0262170439820449,0.025567180487123656,0.02626370459442044
2025-02-04,0.021892445380871272,0.021310371298180694,0.02121838775729796,0.0214190866781903,0.0217749388768602,0.02214117592621035,0.02255317911053294,0.023139007974070366,0.023789219562355805,0.02444590376226498,0.025577198073537526,0.026466782891164744,0.02646229035825687,0.025798064800631522,0.026465027046266132
2025-02-05,0.021966143371472627,0.021324613788242224,0.021206746832464294,0.02140734511465299,0.021782618483296833,0.022188986090353156,0.022644573562279037,0.02327700280826497,0.02396663452941254,0.02464796731100596,0.025817972952652507,0.026765862184256674,0.02684421414823282,0.026178965974681,0.026874834595656517
2025-02-06,0.02184991251959578,0.02126995895827146,0.02121909495743882,0.02148153129849773,0.021915610785308112,0.022373743057489473,0.02287587733231868,0.023545753042205478,0.02425270201542356,0.02493923517078758,0.026116455135239122,0.027060028667390025,0.0271629151199692,0.026533905276674947,0.027279480490226483
2025-02-07,0.022043259300098247,0.021487757710773624,0.021454853556056825,0.021735006538754334,0.022175683709645736,0.02262528227406909,0.023098889874133187,0.02373704797695899,0.024426020253870653,0.025113917275314427,0.026297566419646434,0.02724468074234847,0.027366069340524286,0.026721485515670513,0.027427241233455347
2025-02-10,0.022378314586775343,0.021922210503268612,0.021945406100144747,0.02225882190694521,0.022700241884563783,0.02313286311383323,0.023572068757654684,0.024156632468740526,0.024793849470162794,0.0254501662584783,0.02661694775283838,0.027540729977733346,0.02767852838443198,0.026911461532027482,0.027591852183351775
2025-02-11,0.02259419520046839,0.02217840208657294,0.022220673055120294,0.02253553804112155,0.02298765605084262,0.023436689653835836,0.02389830071333572,0.02447380554353736,0.025084145726567357,0.025715559642829414,0.026861323856028654,0.02778406691097829,0.02794335532881955,0.027109995565685423,0.02779211967577184
2025-02-12,0.022782022861946184,0.022415484045371383,0.022487249772183936,0.02283275065087924,0.023308744897431986,0.02377714355582198,0.02424819835211309,0.02482500778613148,0.025434874359579494,0.026063554835252033,0.02722638984324792,0.02819716090624663,0.028376307363721643,0.027538115239944264,0.028218585016296253
2025-02-13,0.022407659381166598,0.021913095773222774,0.021861698793992867,0.022094132701991096,0.02248486666340473,0.0229081752501959,0.02336917645332906,0.02394473084837421,0.02456146222390418,0.02520157875450768,0.026379807974649297,0.027371453516738947,0.027622446928612914,0.026856093554061426,0.027518840002728577
2025-02-14,0.02211482480832103,0.021731702969193877,0.021731605915792575,0.02199311449396663,0.02240718533112841,0.02285518929967637,0.02334190945472869,0.02392939866540917,0.024555403916669747,0.025209691085500474,0.02642769717887497,0.02741268523954685,0.027726799880384963,0.027060386740154773,0.02773139864107709
2025-02-17,0.022087390027959078,0.02166689527093748,0.021646562977515927,0.021884017714851718,0.022259261572861216,0.022670601577225283,0.02312368168929915,0.02369555644756945,0.02431162325647606,0.0249438643541816,0.026110829869016867,0.027085714726272723,0.02738268777109503,0.02671031643260669,0.02733226405368473
2025-02-18,0.022074816278486894,0.021617201159712083,0.021586610396658837,0.021828156306134647,0.02221160270408553,0.022628964002897205,0.023087981776316685,0.0236699108224139,0.024293240324643018,0.024930732224097134,0.02610799051456429,0.02709782110884252,0.02737962780330211,0.026699184120382292,0.027302801467795245
2025-02-19,0.02202594909070403,0.021594925441629914,0.02157937703393257,0.0218202007385923,0.022186162462443416,0.022585162736674522,0.023025888737149017,0.023587646853489186,0.024193944413375718,0.024823593454529547,0.026000178878220294,0.026967673925130525,0.02720675323527279,0.02654484848924199,0.02714943658559855
2025-02-20,0.022172703317336413,0.021711898391426943,0.021672822396742297,0.02190521332440297,0.02226699657539945,0.02266322716336364,0.023096363524673803,0.023657609220791312,0.024268338615069815,0.02490990654077685,0.026101683809483855,0.027061009720811116,0.027314269208655814,0.026667334742191975,0.027255098981920835
2025-02-21,0.022200980241295215,0.0218549531223006,0.02188112141670869,0.02214439388084519,0.022507985690735043,0.022902557920501432,0.023338796964894677,0.023906809681850414,0.024522875125684906,0.025164327992722238,0.02635287034007684,0.02733336885758254,0.027560701840826766,0.02693898619531116,0.027501325954497464
2025-02-24,0.02250175502156762,0.02223423149918215,0.022292570969496925,0.022547502131709782,0.022888461498128718,0.023259774079829505,0.02367845268618802,0.024234322837329403,0.02483853045020522,0.025463202926402886,0.02662181409896475,0.027566831936263865,0.02776728642724117,0.027105384829610606,0.027730404392641846
2025-02-25,0.022358936013020206,0.021954826635461774,0.021943736654969428,0.02217642287179876,0.0225159507279104,0.022884711195866447,0.023298496680336553,0.023862272134059156,0.024476157878396083,0.025112545496693027,0.02628015902421755,0.027236988731764503,0.027430504243124786,0.02672959317152146,0.027419028505949725
2025-02-26,0.02235340984996442,0.02202361047481892,0.022060942648947368,0.022327973382051208,0.022688535575618007,0.02307308135016941,0.023497974861765195,0.024060208360776762,0.02467195439552762,0.025307448703141548,0.026484933310159085,0.027431356324022427,0.027663118210736255,0.02697040795182886,0.027606993803606508
2025-02-27,0.022358148843418052,0.022043244999914537,0.022095808602047483,0.02237299890642231,0.02273670030807486,0.023116519452014317,0.023535322118775053,0.024088801242883547,0.02470310374365837,0.02535139483418327,0.02653152800137896,0.027517910568989574,0.02774231651060875,0.02703515160704438,0.027796682145371593
2025-02-28,0.02177622294812027,0.021455024186487745,0.021523964334950428,0.02182280499172161,0.02220245350011304,0.022603246481091303,0.023046493270856016,0.0236244490648287,0.02425052446916434,0.024903208299856594,0.02610546214874682,0.027088113546012958,0.02739379221543263,0.026718488745860424,0.027444799393323022
2025-03-03,0.021058397329725902,0.020715658984991392,0.020803264130469228,0.021131172089687365,0.021549407101220296,0.021987624175029613,0.022474709586816473,0.0230802221660006,0.023726880393974716,0.024413823919148283,0.02568628637747898,0.026709194206509464,0.02705616655478565,0.02635186250240577,0.027072824014095526
2025-03-04,0.020488458540220064,0.02010289137775325,0.02014255874727345,0.020452908947560196,0.020873374831545412,0.0213302985555758,0.021825888489688652,0.02244025132969629,0.023098534956900996,0.02377867880936707,0.02501769562905089,0.026022692127770943,0.02635850944101842,0.02572318144130439,0.026369295799792445
2025-03-05,0.020690028770670926,0.020261721576099873,0.020294565685017904,0.0206042081464763,0.021019606478496055,0.02146377879579693,0.0219507464017841,0.022563602065307442,0.023221495994631282,0.02390030288025161,0.02512950698114158,0.02612837262434211,0.02640693954630017,0.02577521562831768,0.026433037988968917
2025-03-06,0.020689725012422788,0.020203041054713187,0.020168282553203576,0.02041512485715088,0.020791172519100835,0.0212041475942926,0.02165545379625735,0.02223755982705072,0.022866611903035045,0.02352306348710052,0.024726935645461978,0.025716619638764197,0.026001868233733176,0.025329708055522922,0.02603367776746199
2025-03-07,0.02067877186748829,0.020252063606259363,0.02025526113454298,0.020519855744319877,0.020909864385493613,0.021339566950175557,0.021814503726010515,0.02239380580607422,0.023010371975036664,0.023651563856334514,0.024827804908470426,0.02580031973264914,0.026017736075837246,0.025419192460785035,0.02606621637282851
2025-03-10,0.02089320009945261,0.02042353692190769,0.020405853925752896,0.020660690442267073,0.021037585570000194,0.021454135080431428,0.021916921414197158,0.022505242021085045,0.02312916025337166,0.023776505989223522,0.024965639808582067,0.025935603928255335,0.026189333092240794,0.025578809536632736,0.026204701978063336
2025-03-11,0.020658424532268474,0.020182751656339856,0.020195309968835857,0.02049487373641078,0.020923704452120283,0.021378241163021946,0.021861937050305917,0.022447952609918796,0.023063257977818916,0.023706843274045028,0.024901933382339172,0.02590233922296974,0.02618507835283897,0.025610438666467908,0.02634275276554093
2025-03-12,0.021031725106578567,0.0206066959319081,0.02065962758971946,0.02100669320307267,0.021481334296902226,0.02196654845951834,0.022462400236067572,0.02305798424214752,0.023687846813522893,0.024337967819291973,0.025535967250183398,0.026528586760191254,0.02687377670046851,0.026257698410181315,0.02702066432030618
2025-03-13,0.021478905390349842,0.02110781185163224,0.021200168920257806,0.0215680311079977,0.02204468859932273,0.022517298104397,0.0229982274875088,0.023575373188844534,0.02418904157189619,0.024827582776857687,0.02600169575841247,0.026995184822122525,0.02732844733859134,0.026787350437270936,0.027498489686129245
2025-03-14,0.021055723184963092,0.02066000541821068,0.020718926500476506,0.02102727930606617,0.021457119084732617,0.021910034006437797,0.022394435871979198,0.022930632246818468,0.02353875680205593,0.024156042878052276,0.025303557974435478,0.026305146901098655,0.026653785823465056,0.02613979840941588,0.02685186493494745
2025-03-17,0.02109828235524376,0.020702919349392935,0.02074605449148256,0.02104544845571051,0.021465651860479492,0.021915753614057433,0.022390277698585627,0.02291936823430403,0.023525021497828532,0.024133588473384926,0.02527281001526873,0.026238379048068958,0.02657620736911959,0.02605554783001638,0.0267538412406325
2025-03-18,0.02124873230533308,0.020913379437893617,0.021010607556749897,0.021358184311572624,0.02182568301680315,0.022316244083977352,0.022833797280977817,0.02340116185167603,0.024035307191994558,0.024658246368810123,0.025803868637373127,0.026808612516310934,0.027197783986651385,0.026702948436066954,0.02743345693002
2025-03-19,0.02131904439347062,0.020989215126633667,0.02110098875124903,0.021465989990563688,0.021954720159373182,0.022460795908567453,0.02298759710741463,0.023559107200567416,0.024194493248544727,0.024812656038577137,0.02593999701493951,0.02693601619276212,0.027283378545332228,0.0267785305204859,0.027505369580915397
2025-03-20,0.021500250916721964,0.021351831786157918,0.021554827376911053,0.021950917690756324,0.02243610646945457,0.022937396525249364,0.02346823472161546,0.024050304879149442,0.024694633978876668,0.02531792127687758,0.026440001933233745,0.027373805146099495,0.027697345529742855,0.02717856361639542,0.027877772979156328
2025-03-21,0.02133483947921562,0.021197592738712443,0.021425541551421463,0.021848302700910625,0.022353465986305776,0.022867097617045064,0.023413873166260344,0.02400391457640576,0.0246553420252401,0.025277995198246153,0.026389664535507385,0.02735961588918087,0.02772938247269553,0.027269978813799167,0.028042059176155276
2025-03-24,0.020836182969232418,0.020644219549061534,0.020827447116185335,0.021226791981958978,0.021725942033605308,0.02223472765128739,0.02276429151196184,0.023340124277675987,0.023982587949072303,0.024606906925292524,0.025729571599870424,0.02665244304997611,0.02700402419679871,0.026556646669949228,0.027302331163511693
2025-03-25,0.020832638472928062,0.02053493594262888,0.020670430062532056,0.021070586836536793,0.021599819101830287,0.022144598770445726,0.022700154481155685,0.023291282275864383,0.023945810905835797,0.024587519019978445,0.025752042378749788,0.026682241023260795,0.027124710596644938,0.026642902794120345,0.02747742935707658
2025-03-26,0.0207308917114879,0.02042123786454222,0.020568719859606354,0.02098226820189264,0.021520804473511016,0.02206513404409478,0.022623356319984026,0.023219286880326,0.023878713025059405,0.024518138329295006,0.02568968848808017,0.026623580412900163,0.027019841105535316,0.026522903724944074,0.027279518507093925
2025-03-27,0.020571822163176705,0.020342724340939956,0.020516795719906424,0.02092434262364435,0.021437465042235437,0.021956900732984855,0.022497437231875774,0.023083021648942995,0.023742266886722457,0.02439343418728004,0.025584025245876912,0.02652446609168467,0.026968894613950835,0.02640801016195295,0.027263411160770856
2025-03-28,0.020445059922557275,0.020159863823770535,0.020265705411544172,0.020625184134001533,0.021125369427435023,0.021677892097482172,0.022265571827269966,0.022885374398364456,0.02356406925447264,0.024234676943214257,0.025446177155266998,0.026392104446058575,0.026842034249418733,0.026374451455281014,0.027157570652466486
2025-03-31,0.020241477518711373,0.0199571560652703,0.020060350146619863,0.020401338373807885,0.02087310129938442,0.021397625706430567,0.021982990737540405,0.022612237651649724,0.023306141594288204,0.02398853186350882,0.025212412737350885,0.026200337799562948,0.02669492181339674,0.026193877079177124,0.026995779643702682
2025-04-01,0.020843862281374453,0.020512120501430333,0.02063335882036958,0.021031857486839802,0.02158719993674435,0.022193087141367883,0.022840228227098445,0.02352190927491868,0.024258574881992387,0.024973517813878476,0.02622698394596599,0.02724719150537351,0.027763699132172706,0.02725134539599682,0.028124095376475113
2025-04-02,0.02029135516834737,0.019921342946126484,0.02003741555189813,0.020453716773345315,0.021045093159935423,0.021713330612593135,0.022447437292184545,0.023219106364456104,0.024035160595299532,0.0248085023397667,0.02616463479726513,0.027277683296425808,0.02793382531112347,0.02756022728186096,0.02837603244545834
2025-04-03,0.021775871953828872,0.02184655430528151,0.022290573143214892,0.022961617405014123,0.023724148094044953,0.02447061520769541,0.02521260510210132,0.025990884114365356,0.026829363509521028,0.027596607918917326,0.02887672785589037,0.02986203350869126,0.030207423869919012,0.02971381577956237,0.03065887623098803
2025-04-04,0.021901849203077275,0.022274240999786955,0.02296882076597031,0.02382671720060093,0.024715049880901993,0.025525565326674847,0.026296220673948635,0.027071679905841525,0.027888471808238426,0.02862695600651988,0.02983604583224033,0.030697553021254143,0.03095512783453233,0.030360265542313733,0.03115818137385318
2025-04-07,0.02170376547781103,0.021921162083513284,0.022496544961340858,0.023257597247249462,0.024071571998270293,0.024851660375025054,0.02563364389206664,0.02643565666846601,0.027285023262096617,0.028039829429854224,0.029257849469898973,0.030207885937841284,0.030569711767533713,0.029875508743146394,0.030908146128575027
2025-04-08,0.02142670278930792,0.021660165557127114,0.02223695521671691,0.022999174817269086,0.023834670613472927,0.024655636821167958,0.02547816589157512,0.02630031924354024,0.027150301552256634,0.027905673117645455,0.02915088434787503,0.030174088474654675,0.03055632331401254,0.02999148953103348,0.03100279853497651
2025-04-09,0.021428068680274324,0.021686271182878823,0.022356681898691007,0.023247785433997175,0.02421855373351826,0.02515049427360168,0.02605457467594663,0.026943286223671044,0.02784786653679359,0.02863477714864298,0.02988177440757034,0.03088857377493469,0.03126893667206225,0.030693149755784587,0.031635861769045454
2025-04-10,0.02158667529712319,0.021898835510446732,0.02256878340435075,0.02344285584688649,0.02438576408025546,0.025285778681008696,0.026148933962954254,0.02700477319730216,0.027892396959444756,0.02867113226235025,0.02989456889187349,0.03089470227628585,0.031312947495460625,0.030811070995328354,0.0316117326836692
2025-04-11,0.021211043590839935,0.02150608258648268,0.02219035237642678,0.023078485553628052,0.024027480729987817,0.024941700838155938,0.025828059964396022,0.0266980357592735,0.027594318846403443,0.028398363147475465,0.029714920116717954,0.030753428399805414,0.03126950532317292,0.030695918037158525,0.03172266513478985
2025-04-14,0.02114043835415266,0.021485362722317422,0.0222047619504728,0.023133259693029304,0.02412838297975651,0.025078192442382623,0.025984519212417182,0.02686200498259701,0.02775914710094552,0.028571443379840987,0.029908768063806886,0.03096883563010726,0.031486669200770194,0.031003123974987338,0.03192856094933797
2025-04-15,0.021219434291910658,0.021482304378996977,0.02209874595115552,0.022899727105753723,0.023772320880936438,0.024630111823981476,0.02547053416668895,0.02629919918869708,0.027147750209612347,0.027917113771800544,0.029214834266512422,0.03025783917335606,0.030649542969275505,0.030133899927332553,0.03105669401531243
2025-04-16,0.021103465872290082,0.021430096504444072,0.022094987414850255,0.022935859971203686,0.023843349039894633,0.024721946083260317,0.025571124944651757,0.026395065615574705,0.027237046829422674,0.028016463642205613,0.029354318090476044,0.030450621181400527,0.03091816072110435,0.030472130598291798,0.03122419744213042
2025-04-17,0.021234906083732755,0.021497045948589436,0.02209974764449063,0.022891340723409537,0.023750175113337085,0.024580829356131026,0.025392421825460008,0.02619940161595654,0.02703817861859579,0.027815184266798625,0.029117456582021438,0.03016003601863622,0.03059052347192354,0.030034514441828718,0.030838163431144112
2025-04-18,0.02122037568601655,0.02146194005577764,0.022053945478429243,0.02282994084266081,0.02367658933477283,0.024504285530919327,0.02532436431493694,0.026139215978612372,0.026984602497925246,0.027766133233714543,0.029104521600918306,0.03018424947914298,0.03067884138447797,0.030132591742204763,0.03097024945509774
2025-04-21,0.020721070116474425,0.02101962570431974,0.021647222337635892,0.022451093149057366,0.023335204687519526,0.02421015728780236,0.02507040158922176,0.025908498526526193,0.02676132945906634,0.027567648267264495,0.02898190389372332,0.03008587348051967,0.030689803467487557,0.030142048917986847,0.03104347396787243
2025-04-22,0.020608182133567916,0.020948177742303474,0.02161970075551259,0.022469524228804386,0.023398509633932668,0.02431123200868299,0.025194695648328453,0.026048931735204176,0.026920601561492726,0.027738622451379487,0.029155428106883898,0.030281636868105907,0.030858238883928826,0.030354997837676798,0.031240712288115507
2025-04-23,0.02072296383292537,0.021047820415530848,0.02173274137108447,0.022595533387208492,0.02354193433314188,0.024466052077684493,0.025360464417321763,0.026213079658095308,0.027067632341726988,0.027861284251547155,0.02925977148809684,0.030410061304763317,0.030998061117059123,0.030489928154470103,0.03130529278042771
2025-04-24,0.02054548195027015,0.020924837340478862,0.021655817014671463,0.02254310513972346,0.023500651708843273,0.02442408688120974,0.025310856234779747,0.02616891516742313,0.027034018038998967,0.027840080338187745,0.029234976952130242,0.03040379797918831,0.031044829412200367,0.03053719583815805,0.03147348851386434
2025-04-25,0.020199907418694953,0.02052219983506304,0.02123385686184341,0.022135620773519847,0.023126495607621405,0.02410284382573659,0.02504290809624822,0.025934641996516603,0.026823055926118625,0.027642098501864533,0.02906149621535235,0.030271678124973087,0.03097059389901157,0.030438158070651516,0.03136118435652688
2025-04-28,0.019837215168703896,0.02010941679685646,0.020811782131192298,0.021709935391661085,0.022701679682739104,0.02367282375106661,0.024614654386256474,0.025514337984472477,0.02641491280224531,0.02724607370447954,0.0286743706955278,0.029877673164378803,0.030565512311618994,0.030051311488695633,0.03101008567740794
2025-04-29,0.019901508657512956,0.020072661919364986,0.020711723978180933,0.021589311640967942,0.02256653882846547,0.023521156967033597,0.024439972627430338,0.0253406732308383,0.026265888892087697,0.027116931149575495,0.02855230965160006,0.029756269189838338,0.030482243643745157,0.0299439945164763,0.03101491647541623
2025-04-30,0.01994394576407437,0.02009085601099577,0.020697287800343297,0.021538606698093512,0.022478217443864957,0.023396920164549518,0.024287064125252066,0.025154238492671312,0.026040306615159554,0.02686058159424968,0.028234369425311476,0.029397493006076428,0.030047972708503734,0.029518544031700383,0.030436603483304774
2025-05-01,0.01997589540364415,0.020105975724313687,0.02072167046020983,0.021575060726772066,0.02252789626969959,0.023463502929112538,0.0243763588123077,0.025268459557896913,0.026175069209633035,0.02700646567567062,0.028394622215073464,0.029572307518555895,0.030320102337370602,0.029790183637632858,0.030820911699650785
2025-05-02,0.019374325558256602,0.019383799134717012,0.019977756845952113,0.020840337080680393,0.021830783029649248,0.022817029925937957,0.023797112666411605,0.02474276847573231,0.025683506883858065,0.026539611945615202,0.027996801807084422,0.029248293565721353,0.030115161562174357,0.029687854158363537,0.030684387837714266
2025-05-05,0.018581255063838627,0.018432659799589586,0.01899364015515991,0.019916900764214637,0.020989894263885683,0.02203994431352859,0.023071839586541645,0.024083415354932438,0.025098469699638415,0.026001818458016947,0.027459112239296812,0.028698131916534815,0.02953128861744253,0.028996302729513774,0.03022345871881875
2025-05-06,0.018240661371761707,0.01815841100349965,0.018780284492780155,0.019718204611356187,0.020830624920713636,0.021962830802688987,0.023091546130109445,0.024164168317363868,0.025220126195080857,0.02615602076387426,0.027677686737371743,0.02896411842620635,0.029908650037867267,0.02960638823088124,0.030488401577447182
2025-05-07,0.018612550360358127,0.018683153179294844,0.01938387569948219,0.02035308096777858,0.02145604285572224,0.022523734049801142,0.023580036055298126,0.024601523585491027,0.02561603090773878,0.026531066930089307,0.02801468223327571,0.02924028153933074,0.030097310298008724,0.02966953227131155,0.03062737625309963
2025-05-08,0.017441766300937633,0.017558449112773083,0.01834889396361985,0.019437949450010213,0.020652164713335294,0.021822503291359166,0.022974908055793566,0.024080267489870077,0.025164758238638524,0.026101271909248193,0.02758354899213003,0.02886591535331327,0.029727211847716605,0.029271429320028228,0.03038993280008844
2025-05-09,0.01837890016127369,0.018463368115089463,0.019133066964441402,0.020078713115290053,0.0211506050183507,0.022191540151366915,0.0232294636168405,0.024237794507962207,0.025252268512299697,0.026148171255851317,0.027597259285107745,0.028803082833768034,0.0294242688845001,0.029360083666940904,0.029889186506815518
2025-05-12,0.017426697061992825,0.017733552546390037,0.01852303354524199,0.019549830115518335,0.020683562994828368,0.021758892311207482,0.02280275364649614,0.023809243924768807,0.024819085172576145,0.02569762441849829,0.02708462783873281,0.028218456127540575,0.028795064434591577,0.028377641520381063,0.02917276864079237
2025-05-13,0.017701303030542723,0.017973646132371603,0.018727549020555786,0.019703656226168566,0.02077284867040002,0.021785933064489584,0.022774920038224466,0.023738834946597245,0.024718851154678943,0.025585090610290746,0.026990120384086342,0.02816683425663495,0.028805992330505417,0.028395263173910543,0.029286732184156835
2025-05-14,0.01765776285585611,0.01791917350115741,0.018683977786341444,0.019669192526228896,0.02075878132168222,0.021793441765793446,0.02281021960685056,0.023799993414385927,0.024797283124532422,0.025688618817054733,0.027134899214549216,0.028373676196229776,0.02908034750343044,0.028676683025455705,0.029602784099277555
2025-05-15,0.017460697832993297,0.017689748048134703,0.01842618192377991,0.019389418123323666,0.020464855902320386,0.021496661444598487,0.022510242389829016,0.023489845064263597,0.024481214869625036,0.02538502629568113,0.026884623586784215,0.028146272657327116,0.028910298499820897,0.02865843273700237,0.02950622815631228
2025-05-16,0.016951834932806227,0.017159114595389886,0.017922811151563536,0.01892170952136771,0.020035226226772514,0.02108681085329243,0.02211388552501902,0.02310417151551103,0.0240964605372665,0.025012277705177176,0.026557045553110163,0.027885317270069033,0.02869413117954972,0.02853243156254013,0.029458993858490455
2025-05-19,0.016989435029121994,0.017197825142747203,0.017957582638657738,0.01895065713104264,0.020057075675220627,0.02110133604390938,0.022120998788290405,0.023104266146891053,0.02409049465272966,0.025002137993290506,0.02654013873186207,0.02785983758436655,0.028658263084534234,0.02848892135262505,0.029415653929757347
2025-05-20,0.016924423618745823,0.017125287790265842,0.017884313180469433,0.018879634079171904,0.01999098882879345,0.021041690860948203,0.022068595640216262,0.023058864633387795,0.02405109027584746,0.024967187107265646,0.02651301119145442,0.02784315593709067,0.028654736277014217,0.02849574275886775,0.02942274031916746
2025-05-21,0.016651271043972755,0.01688724335716903,0.017656104992403956,0.018652352189506227,0.019764897334964993,0.020829069805506473,0.021877138618730196,0.022883377575519743,0.02388846463471272,0.02479968857293602,0.02630048660382759,0.027585740638205493,0.028380701072796683,0.028192999257628394,0.029087077693188013
2025-05-22,0.017502227917910028,0.017756564909839016,0.01849510475493285,0.019452985714714727,0.02052247627993116,0.021554673749594865,0.022577088913480224,0.023570605829898013,0.024570941076017212,0.025474128426151436,0.026969094265381476,0.02826462155999161,0.029043260412579184,0.02883933575716933,0.029757378416767247
2025-05-23,0.016839950688771203,0.01706593167198437,0.01778046959203885,0.01871993368237797,0.019788532841278874,0.02084750290376479,0.021910684569667976,0.022929482315037667,0.023948563293417616,0.02486196866623007,0.026381892168007678,0.027713735345320244,0.028552197891022642,0.02837723706489417,0.02924638158198422
2025-05-26,0.017266152242898524,0.01749816599360399,0.01820563966911343,0.019126627431466658,0.020165510570137,0.02118851540686354,0.022218967731233864,0.023221399411649336,0.024237322541717055,0.025153835348766692,0.02666651257889689,0.027970077040382287,0.028783297913102305,0.028527411341821695,0.029512954554572833
2025-05-27,0.017116945683837002,0.017431538921180715,0.01820643201314085,0.019183193418391236,0.020269628969425642,0.021338428767483913,0.022411948271858294,0.02344799835979093,0.024485865029240775,0.025417408730416133,0.026967137693204263,0.028289749253461782,0.0291229925667322,0.028915090518809014,0.029735950154582576
2025-05-28,0.017149763499619046,0.01743601246270016,0.01820205725469602,0.019181280721492836,0.02026789374048158,0.02132738283106103,0.022385747955822793,0.023404436720559956,0.02443390225970353,0.025363247073437276,0.026936530395651085,0.02826626484139131,0.0291739347620812,0.028865250740310374,0.029807447070707715
2025-05-29,0.016891482672592762,0.017082630862624338,0.017778388161596475,0.018703569417251275,0.01975369355664443,0.020805549471741732,0.021871285452926194,0.02289856194902343,0.02392868497495578,0.02486466961060332,0.026455437225922477,0.02776737638808577,0.028655463901736854,0.02842480926707883,0.02942911715276967
2025-05-30,0.016919495267793273,0.0170969646084759,0.017791099439413666,0.01871687492094418,0.01975920815947662,0.020811007310542383,0.021876039975963338,0.022894954294055553,0.02392305136450551,0.024864230816398464,0.026457115755862747,0.027771650261641016,0.028659107161999365,0.02842763277083336,0.029430889588264897
2025-06-02,0.017429155271799064,0.017646584655166442,0.01838344622940094,0.019337451640382506,0.02039656217688803,0.021444841511833623,0.022507283414731953,0.0235272728461613,0.024558251490213803,0.02550777939515453,0.027100582388680353,0.028423850191899896,0.029318256003668237,0.029111320376709385,0.03012642033572682
2025-06-03,0.017187333226608384,0.01749663552139429,0.018268560807662933,0.019226514110299374,0.02027798906144917,0.02134060717261119,0.022436039288533043,0.02347830622130555,0.024528224930288296,0.025486008513645072,0.027133208296857735,0.02849624552094755,0.029437645103699884,0.029294873204283804,0.030261193768971066
2025-06-04,0.017180019546194473,0.017465920475006145,0.018255314301213434,0.01925000187128735,0.020339989331315582,0.021429927965766687,0.02255199797147764,0.023625677493162963,0.024706934024753182,0.025685446571152636,0.027342360607391005,0.028724519155674068,0.029712150342794987,0.029595710703620288,0.0304827885079241
2025-06-05,0.016943561630167955,0.01720137264078716,0.01794826746325357,0.018907475697468756,0.019962480565443676,0.021025308491899982,0.02211078022724842,0.023146804768468948,0.024194644919476142,0.025149578580149382,0.026770578540417346,0.028145622839509634,0.029053034878595417,0.028957181885928454,0.029717469939628025
2025-06-06,0.017166583609459725,0.017443426907659418,0.018197515892801195,0.01916414898360551,0.02022268562688177,0.02127422927576898,0.02234767524426234,0.023383596283745423,0.024438796969346283,0.02541222597427728,0.027073021879292933,0.02848173773386216,0.029448192325264834,0.029289713452321824,0.03009993986530272
2025-06-09,0.01738200873781359,0.017725856276014966,0.018546366852811413,0.019556115497436823,0.020648681361794857,0.021721085231267184,0.02281542815231307,0.02386507790156986,0.0249266116374728,0.02590234713198166,0.02756320497990512,0.02898314319013528,0.029895144850457522,0.0297068730484858,0.03057233292212668
2025-06-10,0.018518885095789656,0.018917254008858176,0.019721953223620258,0.02070752966208756,0.021757305356904108,0.02276006277282368,0.02375564929201284,0.024720362637647434,0.02571402361803966,0.026652083507462437,0.028274400430729346,0.029611180965862568,0.030437763030154885,0.030191640172541744,0.03100279780225312
2025-06-11,0.018457308960069026,0.018933997581457418,0.019806433572969344,0.020839456477382383,0.021920019609816065,0.022941675632857705,0.023948402610296255,0.024919609222837886,0.025914472834558472,0.02685969447376761,0.02850281387828448,0.029890458797717036,0.03075588572188818,0.03055549280948638,0.031302663524945235
2025-06-12,0.018434397026368062,0.01890582031699891,0.0198242155030394,0.020917077758793305,0.022054473699698703,0.023102231445241383,0.024120693908447406,0.02509375213239248,0.026086180947586104,0.02701007048838729,0.0286112272503183,0.029986939800123624,0.030998072932348696,0.030753220105409047,0.03167288385189202
2025-06-13,0.0180970621008018,0.01851964673126958,0.01940997166350956,0.02049376108927991,0.021625228820685478,0.02266895780202555,0.023678377545800273,0.024643635295230695,0.02563473640500597,0.026561420883235605,0.028151454518098612,0.029541016086669213,0.03056900716117363,0.030328943107922408,0.031215336371307977
2025-06-16,0.017825007198200498,0.018232408223940066,0.01908322343344102,0.020104121898339995,0.021180488057218543,0.022190637507304364,0.023185388922232337,0.02414746688489911,0.025134475854228278,0.02606595135180987,0.027660551427384935,0.029018315117853275,0.030012300898208524,0.029835210216157176,0.030721199717026793
2025-06-17,0.01771682325758333,0.018096971597203724,0.018921689669210116,0.01994072270839091,0.02103253279724672,0.02206530062755574,0.023077791601084516,0.024061953074806262,0.02506757096122853,0.026003398481898535,0.027599161674657844,0.02897083509814662,0.030007276369271592,0.029815485171074217,0.030665501581908887
2025-06-18,0.017758708483540817,0.018096831360957428,0.018922444899961262,0.019954934293193106,0.021067250978903915,0.022133383344629005,0.023180095934624483,0.02419017513412595,0.025225477094257917,0.026201014020871813,0.027870252313787647,0.029261907788466813,0.030448614498530462,0.03035019374846268,0.03129373908664121
2025-06-19,0.017892393185341835,0.01828726089199309,0.019164220391010754,0.020240436045021043,0.021384642365772547,0.022477172065439244,0.023559441215113767,0.024590470288954374,0.025643121311175278,0.026624914176007496,0.028300529667814465,0.029701519376435056,0.030894092836414526,0.030798223853718644,0.03174717395446615
2025-06-20,0.017665598735548432,0.018088376016399763,0.019017256038015636,0.020146047927997065,0.021340295443453738,0.02246411221249003,0.023556937326283986,0.024607074351047163,0.025672894122426102,0.026673530682153772,0.02837089630739331,0.02983402657128667,0.031078406851610174,0.031013557665162506,0.031999283153729755
2025-06-23,0.017060239357248,0.017422972069416922,0.01832484997495516,0.019447351755027615,0.02063652553314733,0.021761704193472356,0.022868933591054602,0.023919225247058116,0.0249871644348103,0.02598278207437923,0.02770124290034102,0.029183276391750345,0.03049142284721879,0.030443600133571884,0.031327938930103216
2025-06-24,0.017477924373312494,0.017708990422533374,0.0185000343234668,0.01952683401497832,0.02065012825444628,0.021728750515166723,0.022796202207346627,0.023822819308185823,0.02486778026824108,0.025846261276169374,0.02753363938475894,0.028949730595284166,0.030187464122135556,0.03013819904518442,0.03103944824325344
2025-06-25,0.017389664846987743,0.01770984872804147,0.01851512569698221,0.019526292905167657,0.020610609294986076,0.02164863069291964,0.02268157870463437,0.0236829325192206,0.024714695314861354,0.02568191265063973,0.027339451553074066,0.02869380135312813,0.029835588384166372,0.029726786059394977,0.03059595218677302
2025-06-26,0.017537368456418657,0.017809563031510024,0.018612183065528098,0.01961012124217541,0.020679358127444432,0.021699543983236546,0.02273182071752174,0.023739266317355744,0.024771788386587935,0.0257370134165859,0.027377630555422226,0.028703199616636473,0.029824121819330564,0.0297508862894506,0.03071904659173193
2025-06-27,0.01717919847520288,0.017562102214818083,0.01839196496380018,0.019401001170397825,0.020477238338059155,0.021502394841984917,0.02251507842215503,0.023484645034369308,0.024480103570068662,0.02542181942423977,0.027042709749721793,0.028334363561356837,0.029534103792297768,0.029494425733901018,0.03025180687281595
2025-06-30,0.017343778605851633,0.017629870496098016,0.018406375779501695,0.019375335293886766,0.020420692092465578,0.021427277845834605,0.022439343787111474,0.023418871887952795,0.024428606634283055,0.025378464941208056,0.026981120875932095,0.028304594235593457,0.029570148875009625,0.029517381427975407,0.03051204817419422
2025-07-01,0.017508806183066668,0.01774494995484817,0.018498885652212044,0.01947905524771018,0.020546126467185448,0.021571231290278752,0.022593792986579566,0.023584810915617503,0.024607474508937,0.025555464178584123,0.02712317937498774,0.028379503974355468,0.02963657056867211,0.029568123727942392,0.030634994519958582
2025-07-02,0.017416996216532706,0.017646283562455536,0.01837956092846489,0.019334484457116812,0.020373289161650734,0.021382886898868258,0.022405851255573032,0.023399821195968517,0.024417787229458258,0.025361479573158142,0.02692691217598671,0.028229142306669012,0.029526701956934288,0.02957134088813067,0.030579564299353584
2025-07-03,0.01754384481552156,0.017800397878497073,0.018578844308018864,0.01956827315714949,0.020627500879391344,0.021628342107192836,0.0226329264361576,0.02361861796229226,0.024640205085775014,0.025587195370981683,0.02714493953422996,0.028412337880449473,0.029678694690691797,0.02968164741114093,0.030700883732717253
2025-07-04,0.01825549519230737,0.018535986483073967,0.01933401218174047,0.02033406759715506,0.021389316473951744,0.022362140620209164,0.023316722904128104,0.02424643242615307,0.02521362195214455,0.02613234057322346,0.02764664086374273,0.028798126379735257,0.02995670798803083,0.02983533045664475,0.030939464847386102
2025-07-07,0.01815983125021093,0.01853541078917542,0.019331018457259812,0.0203128848164704,0.02134491967847005,0.022301534605990735,0.02323102215500579,0.024139616634871405,0.025087495987172553,0.025986625748800653,0.027447897095762824,0.02862166953091458,0.029694486849593412,0.029571973582399123,0.03057500692577382
2025-07-08,0.017989764948077188,0.018426410203319137,0.01925498698354606,0.02024621222084316,0.02127279709459436,0.0222339799377397,0.023196899515911702,0.02415084309807051,0.02514391585144364,0.026083465911523097,0.02762046700734765,0.028834559408655137,0.02996101355898514,0.029665301976578254,0.03098788395953754
2025-07-09,0.018009547088131822,0.018362891707465575,0.019134025446468333,0.02007545979100878,0.021061808116776024,0.021988931229375442,0.02291903114657004,0.023827812551235096,0.02477923617032543,0.02568410330940527,0.02717498912872742,0.028358361239120493,0.02942122715835889,0.029341352557641177,0.030262339776130635
2025-07-10,0.017987198980313052,0.018344573034902254,0.01912493139460792,0.020080853742691033,0.021082313540248532,0.022024576926543995,0.022965693112604386,0.023880952801777995,0.024836482316618277,0.02575131667129216,0.02728396704300348,0.02853329571446916,0.029702952404261428,0.029625372264102407,0.030628229819939397
2025-07-11,0.017817921466050147,0.01806714045816701,0.018764421942491245,0.019670527233749055,0.020638586135956188,0.02156543834921045,0.02249293260100256,0.023390921323984782,0.024330511972688606,0.025228028955569845,0.026733317443690757,0.027970461597981736,0.02913788905279517,0.0290962532290353,0.02990608731334181
2025-07-14,0.018268476631540752,0.01845776314112728,0.019163968395933047,0.02008645403826548,0.021071098148801787,0.021998719510724855,0.02292899568599398,0.02382835632958333,0.024769704062439127,0.02566628903510232,0.027164902977679085,0.02838884535106396,0.029522512275188942,0.029439833107330282,0.030376217218842254
2025-07-15,0.017930546922573308,0.018250553688309076,0.019013490426668476,0.01994516667147766,0.0209216766515641,0.021853532534047444,0.022799784774303063,0.023722601586590276,0.024680883625076172,0.02559049317856386,0.027095927038715127,0.028326464194271088,0.02948769119658059,0.029377444806587705,0.030282553634718216
2025-07-16,0.018170852548221518,0.01841290882368096,0.019136991013045914,0.020094173912080068,0.021108118603165027,0.02204918192286711,0.022967943231148962,0.023855567887418636,0.024791757676718096,0.025685478719627675,0.02718032719916467,0.028384090675474743,0.029518314539572,0.029507021839421745,0.03036582261968323
2025-07-17,0.017949106372571494,0.018240926171346726,0.018942850389440043,0.01984075332728813,0.020806387778872403,0.0217451433296102,0.022672285018218788,0.02355662110798163,0.02448068757078344,0.02536194313494311,0.02687480772511416,0.028089623719635724,0.029199876942312734,0.029131766479695533,0.030061540316845485
2025-07-18,0.017984919754066454,0.018284587650613804,0.019038101432380054,0.019968610879020635,0.02095325676644288,0.021898965885934676,0.02283997080428045,0.023738298864051,0.0246715964240605,0.025560147731086915,0.027044115289890154,0.02827032771271456,0.029354894955439102,0.029267138435607756,0.03032751216078417
2025-07-21,0.018008997214532637,0.018297726554591925,0.019038943436088977,0.019970560105654123,0.020962537460979078,0.02191140751536931,0.02285543286295936,0.023763366516825063,0.024710583457577852,0.02560594472306926,0.027103290002717134,0.028359754498893792,0.029464790942708093,0.029395735565633505,0.030406321769313405
2025-07-22,0.01790967733868678,0.018204691571357713,0.018951094412067566,0.01985929163672432,0.020821605997578325,0.02175825538250742,0.02270927699729086,0.02361768134177295,0.02455330630592698,0.025442753643498704,0.026957514640093796,0.028184467171346213,0.02926983874914383,0.02933374529019962,0.030107181608765226
2025-07-23,0.017923653621037657,0.018213268163894743,0.018951858981276472,0.01988257997785415,0.020883011997744835,0.02185929166696684,0.02283413760965016,0.0237700439365059,0.0247383474232599,0.02565821743969995,0.02719190259254036,0.02847444762001396,0.029644919942727794,0.029711597910648407,0.030753190970293907
2025-07-24,0.018194021934655937,0.01840516643519833,0.019170105333307836,0.02012586564378741,0.021144459177985152,0.02212523591095796,0.02312428423847882,0.024087409400539612,0.025078229373166398,0.02600427973905924,0.027531656341851365,0.028808642231112513,0.02997859792651294,0.030049872889084443,0.031184130120083222
2025-07-25,0.017808085092910136,0.0181127928629589,0.018921183296717475,0.01991568820647304,0.020971201313167584,0.021988704333190053,0.023015911853888116,0.024006607080323553,0.02502546416043028,0.02598134054567195,0.027573635843796126,0.028883960238613192,0.030143579716140782,0.030204797916316927,0.031273673856208356
2025-07-28,0.018043520117669257,0.018401503927099334,0.019243530771914208,0.020266870210703388,0.021339905269533256,0.022355361857955263,0.023365020288798062,0.02434442051715135,0.02534843988297372,0.026284527524765816,0.027832560453482407,0.02911359062935619,0.03023623261735365,0.030309584629590127,0.031386941432166485
2025-07-29,0.01795838164506493,0.018351240658473142,0.019201779611841125,0.02022283415147917,0.02128698306096752,0.0223069506109239,0.023328872806311185,0.024319816103425308,0.025342379920921712,0.026296151129444,0.02787091368319869,0.02913542519016557,0.030275133536572605,0.030379070853799543,0.0314661347451559
2025-07-30,0.017821120758065447,0.018216379486746866,0.0190409320325987,0.02004701027922956,0.021106994529547955,0.022123702068323262,0.02312370304351395,0.02408866740471802,0.025087337510218723,0.026035404129561974,0.027610244094901672,0.028881562899046406,0.029968395946304356,0.030086314732977234,0.03106921963590766
2025-07-31,0.01784486046371164,0.018327737199486428,0.019229916811039534,0.020298258758127158,0.021412580613749024,0.022467120938953034,0.023501393129708354,0.024494209267688923,0.02551214196016363,0.026465319632156207,0.028050574222666283,0.029326737994949597,0.030420197934919114,0.030481184023446614,0.0314571370297298
2025-08-01,0.017708422945348593,0.018197608832337665,0.019074090245984048,0.020116449492923915,0.021187738234620213,0.022209927845911775,0.0232311115280735,0.024216705155032995,0.025232459950519107,0.026176790851910044,0.02775713898820666,0.029072140443127344,0.03012806776787541,0.030195440512645996,0.03125040019653379
2025-08-04,0.017654248394559514,0.01803688597921907,0.018879355275569897,0.019929234314493723,0.021009103060096866,0.022036921781807994,0.023062722218124068,0.02405504533642863,0.025073276575005295,0.026015649533310377,0.027614241275717794,0.02894113094945376,0.03005647719490777,0.03013381392707216,0.031179888784741674
2025-08-05,0.01787192124184111,0.018284360525430657,0.019154171954480874,0.020236167073330796,0.021342805368162878,0.022390022859191745,0.023432656138184026,0.024437162980986336,0.02546510494617481,0.026400578816999337,0.02797460946410701,0.029335151796159302,0.030375907719027533,0.030503511323124666,0.031590296803445314
2025-08-06,0.017942399348922212,0.01850219152115276,0.01946180989566389,0.02059163910474567,0.021733605609499666,0.0228016833842564,0.02384535980561605,0.024852674400246817,0.025886874815796913,0.02683466664781944,0.028420154397200376,0.02978160914594663,0.03087520376746605,0.030936529741117037,0.03207731304440801
2025-08-07,0.01786470820174944,0.018394006246908002,0.019327077531745594,0.0204523940541891,0.021599357098949192,0.022676878639629788,0.023723681846876045,0.024719125300979472,0.025742598065014378,0.026690509051349662,0.028315799467514037,0.029676141891983546,0.03085032424364641,0.03095653945802279,0.03196193401983481
2025-08-08,0.018099330432134204,0.018643101240575503,0.019577955655465905,0.020696102322345755,0.021828793485194176,0.022884015370957748,0.023916607185591802,0.024923076482303297,0.025959542884440828,0.02693130040365202,0.02858880679908381,0.029955717537987363,0.03122116768202751,0.031225748612456267,0.032364999705608834
2025-08-11,0.01837328705461907,0.01891261939854307,0.01985687414698405,0.020980546273702147,0.0221181616528556,0.023184643269279936,0.024227082376877433,0.02522944992129893,0.02625612175578442,0.027210110955059628,0.02886661816334212,0.030230881486544552,0.03147549280688069,0.03157177675257236,0.0326231645983348
2025-08-12,0.018035137498446294,0.01863079617980612,0.019638468889974645,0.02081352023114933,0.021991935937510285,0.02309965009135859,0.024191441946731333,0.02522841687313791,0.026281863600162506,0.027245999346140064,0.02892489575443729,0.030357321519622067,0.031686676544187366,0.0318317823449544,0.03282780324670328
2025-08-13,0.017983298184381935,0.018511345703524817,0.01948246328787271,0.0206384115591396,0.021808396344931084,0.022900874480991866,0.023978130658189135,0.025003522038726328,0.02605151796481746,0.027016827911840423,0.028703367912778513,0.030107116477140167,0.03142451198697564,0.03149679099995778,0.03258158913032335
2025-08-14,0.01781662663499548,0.018317291130490874,0.019283575182613057,0.020433810126231862,0.021602965374100423,0.02271662439241316,0.02382706387708982,0.02486680655124603,0.0259184882689933,0.02687695439536207,0.028563007001728608,0.030005822040147605,0.031411834114079516,0.03151615467222261,0.03251922749095177
2025-08-15,0.017789661506565045,0.01822791541367349,0.01913869792188933,0.02025932457903412,0.02141260640727396,0.022506488771260554,0.023585253031529668,0.024608282908977746,0.025656331390883986,0.02662999776722058,0.02833150432954434,0.02974750273395923,0.03113267102708651,0.031200561312952107,0.03237801975383533
2025-08-18,0.017897870906301343,0.018452376440536638,0.019425805602615087,0.020562903488603006,0.021709509327832197,0.02280420430852102,0.023898857780887208,0.02494458961649543,0.02601029450116041,0.026986109275524462,0.028683032387370726,0.03010476351513824,0.03153715793431978,0.031680357098337074,0.032830422684236214
2025-08-19,0.01763331196267962,0.018012443182613712,0.01885702142198617,0.019907578046407907,0.020999845936848262,0.022059562325107765,0.023125465024379056,0.024128168536789972,0.025159253535814614,0.026115985875993508,0.02782498984402881,0.029256279155783896,0.030630253631483476,0.030793169223902822,0.03181955347628475
2025-08-20,0.01750231719573018,0.01784734069645201,0.01866239390321072,0.019706125968596604,0.020794131073572343,0.021848639484349463,0.022907812404099608,0.023908547150653128,0.024934570887709662,0.02588402560750823,0.027621172043815534,0.029073029203094777,0.030484972589114565,0.0305944409120027,0.031543580521501365
2025-08-21,0.017541465837738204,0.017891230480187592,0.018726388285387332,0.019779813220059107,0.020875552697394533,0.021935397994184116,0.023001749438051635,0.02402261878478748,0.025073792315289233,0.02605052956184048,0.027794245386230085,0.029260108920259983,0.030749415655946518,0.030849626141442068,0.03191914607992094
2025-08-22,0.018209366372228558,0.018778091043034732,0.019699878620800505,0.020774059076691817,0.021860032850919354,0.022887988112770048,0.02391873664333912,0.024919015353281435,0.025951744617798506,0.02690441346003044,0.028599919116119494,0.030029922219415393,0.031377552043960366,0.031507468864640606,0.03248678332063826
2025-08-25,0.0185089122949756,0.019066818745944996,0.020008340226521162,0.021103918166475322,0.02220232978200592,0.023237281086469275,0.02425588859596517,0.025229796200795577,0.026241954158628844,0.027192385439657636,0.02891590314562025,0.030311946558430895,0.03158516122835414,0.03171135303742171,0.032696537352034864
2025-08-26,0.0183091168640655,0.018800325035417002,0.01969525314175585,0.020764571331781403,0.02184961647660179,0.02287860108901591,0.0238962708830044,0.024875924565170206,0.025891698391101368,0.026845607754324614,0.028549709266170727,0.030004980649967445,0.03132729309967077,0.03142380731776295,0.03230836914584169
2025-08-27,0.01833892299184663,0.018902483892618734,0.019823816234675797,0.020906303473899455,0.02199223035651552,0.023016785251107934,0.0240228327152891,0.02498357131853917,0.025983016042137923,0.0269269502969719,0.028624819778527526,0.03006930944612873,0.031352590770039455,0.031450027611810136,0.03231381958777828
2025-08-28,0.018610740367152108,0.019131806418363723,0.020038941844206924,0.021103025062945868,0.02215851420337171,0.02314676715901469,0.024131688141844895,0.025079351789670308,0.02606784924076613,0.026998645059414753,0.028687037216730917,0.030157520146208486,0.03140177339199673,0.03152892685702646,0.03242305241502226
2025-08-29,0.018671800184468214,0.01920911960743981,0.020108294840434877,0.021147887292899598,0.022178508426503218,0.023149068573816836,0.024102515793787083,0.025015017421450198,0.025973415782692494,0.026893327406921734,0.02854808289911467,0.029967613270463368,0.031255739841876,0.03125607729152402,0.032130722613841846
2025-09-01,0.018344368614413957,0.01884425392715925,0.019744431409141058,0.020818565202543445,0.021888045211478743,0.022874605331150485,0.023838391631622036,0.02478848310289618,0.025785984667735632,0.02673912852925611,0.02840495239051585,0.029881435337658784,0.031232036383256487,0.03136073748188193,0.032108576652528996
2025-09-02,0.018111545904714397,0.018594813909489038,0.019444101851459273,0.02047101224984059,0.021517798278678037,0.0225138612769186,0.023489066972640492,0.024424506576406192,0.02539506061889527,0.026321768806698894,0.027999604681098796,0.02949358476464681,0.030790478177544645,0.03099250177022319,0.03178442799547903
2025-09-03,0.01822035753087388,0.018677466993127737,0.0195001725446606,0.020491409144232114,0.0215054912620405,0.022479877376805645,0.02345529614172902,0.02439550267257979,0.02537755921966056,0.026328526275238174,0.0280504341722414,0.029505860056335362,0.030821007383877823,0.03100241713795078,0.031871112477261876
2025-09-04,0.018317828249738443,0.018763838906460766,0.019596795012730053,0.02059684085118359,0.02160893404102272,0.022583734620445446,0.023571835820543043,0.024525769341591938,0.025516482999297596,0.026464345806553224,0.028180364836368113,0.029698983140557057,0.03103954425480643,0.03119291879867616,0.03208226420507129
2025-09-05,0.018392985275696733,0.01882899328838678,0.019658218118589234,0.02066209816777794,0.02167320406124903,0.02263143835241376,0.02359023799917469,0.024518863593200484,0.025488154872443467,0.02640980000338269,0.028063742763744393,0.029568118187171817,0.030922691291133196,0.03101990684309521,0.031751791033482885
2025-09-08,0.018732704119082767,0.019219148895136654,0.020085183224512127,0.02110904752459887,0.022133206281053714,0.023094901340253726,0.02405682150394542,0.02498941049809202,0.025960602152891473,0.026888953444335596,0.028566074094374252,0.030054202022468272,0.03147208899061156,0.03152009110080089,0.03242372219159885
2025-09-09,0.018791344418632134,0.01930139786935557,0.02016747195989293,0.021190314853694943,0.02221679357830318,0.023187883522498204,0.024157764713153583,0.025098850393152596,0.026076022334666153,0.02700778237244322,0.028702823371823102,0.030222869411624147,0.03165984269838416,0.031855444440920457,0.03266056727428352
2025-09-10,0.018787397307951995,0.019354894118475362,0.020314961874215158,0.021424630763294723,0.02252280441385864,0.023543196085763215,0.024556687645735834,0.02553637133611527,0.026545991943832475,0.027504095718446687,0.02926002235239158,0.0308560396725296,0.03226869289348476,0.032702704204052725,0.03353173964064445
2025-09-11,0.018404449007907775,0.018926385406887035,0.01980259965062566,0.02083540017359312,0.021874630906904266,0.022877543506950055,0.023895057173112112,0.024876921704867782,0.025887091319419228,0.02683707271634731,0.028589244489366165,0.03015295634743746,0.03165394051570395,0.03209209799356803,0.032769363681974334
2025-09-12,0.01866774370185515,0.019124988794168078,0.020000295031455735,0.02105527505226455,0.02212305492117011,0.023150475363663117,0.02415356398745553,0.025155913376134813,0.026174590242552583,0.027120916871489945,0.02888374030033247,0.030459059079585973,0.031996282322392225,0.03242530596888983,0.03316285924675035
2025-09-15,0.01873266160444468,0.01931860102557145,0.020294391903954833,0.021437923794309723,0.022580432971999635,0.023661297917877147,0.02470386028645396,0.025744259684441814,0.02679959092616346,0.02777128933053483,0.029551433572610097,0.03112492756559622,0.03268863859978067,0.033142550203089136,0.03388187876306188
2025-09-16,0.018761741607662457,0.019382318058502306,0.02036622766219176,0.02148525466843529,0.02260530535065011,0.023670155767722446,0.024707768109798273,0.025745387029802787,0.026784071126337936,0.027744729233332478,0.029540225151256594,0.031163522234733,0.032717913822709,0.033338902606225324,0.03400942146246785
2025-09-17,0.0184846842531325,0.019115219204199715,0.020078554029431504,0.02119894564819068,0.02232598749562123,0.023413739922112767,0.024466722540333042,0.025511002871229736,0.026561542626460134,0.027523104481975667,0.029349395807414035,0.030916612812837207,0.03241999012485853,0.03314690801749212,0.033811523840671
2025-09-18,0.01835635028412254,0.018943501923222524,0.01987607835288577,0.0209581034843525,0.022049577557025697,0.023103934172359127,0.02413645979253026,0.02515838873041302,0.026181623122107332,0.027117011302004022,0.028900033254725063,0.030523186786350708,0.03213117097040343,0.03270437689378276,0.03343717293186412
2025-09-19,0.01858486253266426,0.019252249351195305,0.020221371645014502,0.021302645761832304,0.022381309854086782,0.02342660144332413,0.024454396687649066,0.025481441207919415,0.026514457310589698,0.027469536551475417,0.029273367638337683,0.030854425208694906,0.03248654161956682,0.03306609176426234,0.033770806538820905
2025-09-22,0.01853835828110422,0.019110153174770207,0.020017753030657687,0.02107208464667875,0.022152772126577062,0.023217547645699887,0.024258749429414698,0.025292158456265083,0.026318996405216587,0.027256712011486696,0.029059445463155274,0.030673395521661633,0.03232357253466535,0.03293081467819403,0.03354406519132217
2025-09-23,0.018896969476763305,0.01945167329146087,0.020359192524636357,0.0214511567768504,0.022558449427459704,0.023632204364608927,0.024667030386162137,0.025691201943758932,0.02672542059449672,0.027676639757468535,0.029476835470960795,0.03105990623567161,0.032677223885475115,0.033268882866012754,0.03393147112830368
2025-09-24,0.01857432449988676,0.01908029724481259,0.019948574922244493,0.02099702363439968,0.022074043515450354,0.023143505132495936,0.024195566898733666,0.025245315443667933,0.026301246303476376,0.027269064821832525,0.02909430434029941,0.03072202079384494,0.03240419452757771,0.03317779665048074,0.03374265337794579
2025-09-25,0.018475628614302592,0.01886863540826158,0.019665711159970366,0.020680278702591745,0.021745019031087585,0.022827015238847465,0.023883360966116433,0.024940286767149558,0.025997966995374797,0.026974678299760736,0.02885481018630907,0.030486934235389163,0.032214890232530415,0.03304953684529871,0.033689275148988604
2025-09-26,0.018635809423378998,0.019073908624801694,0.019880078450721327,0.02087733470578892,0.02191697985406235,0.022971903611971038,0.024013742934859826,0.025057893454095825,0.02610361077594723,0.027061294182631115,0.02890212075194354,0.030536738536954607,0.03224087509453047,0.033038666915693786,0.03353913134299684
2025-09-29,0.018670495014515114,0.019088864202963515,0.019901226608186155,0.020904788293172976,0.02195300922904632,0.0230126673755861,0.02407026503580745,0.025134160487854194,0.02619783122263928,0.027169068461536473,0.029019749907355393,0.030673428064535845,0.03239066328007151,0.03321142752679606,0.03385337299432533
2025-09-30,0.018791018244216567,0.019264953158270953,0.020113043780651804,0.021146149710751676,0.022220732570626404,0.023305127742211516,0.024381614373515166,0.025461170680511083,0.026540020764152874,0.027524853612248792,0.029384660964328027,0.03100824237691591,0.03276573474955805,0.03360243645399585,0.03420244704067049
2025-10-01,0.018975728602724135,0.019433114005553517,0.02028899932225652,0.021351493842763934,0.022460093120539714,0.02356546106743862,0.024651949227707807,0.02573483970399169,0.026814126296108177,0.027800424676729607,0.029671411742726247,0.03131227437309631,0.033055981808163375,0.03387222680333928,0.034543764628156934
2025-10-02,0.018785474532158383,0.019191184565189975,0.020008497266613426,0.021055729860976143,0.022151950209531316,0.023252520248510624,0.024329702440626936,0.02539874726018728,0.02647653752360619,0.02746496175846682,0.02936341403694238,0.0309925084033166,0.0327642700754369,0.033623743572381,0.03426846280419556
2025-10-03,0.018933567940960655,0.019276431286898266,0.020039371714890186,0.021028906544033728,0.02207049793851678,0.023122034731751614,0.024159356888308683,0.02520013643485305,0.026256437053629636,0.027241467433884822,0.02912020488512728,0.030757783435720325,0.032503744489978344,0.0333708695643281,0.03390232375096956
2025-10-06,0.01863211805721972,0.018883186131051503,0.019591664819314007,0.02054774939725315,0.021575640995283425,0.02261790584225909,0.023641003373700373,0.024665327318403527,0.025704181749637275,0.026686862162953677,0.028588440084756472,0.0302748244166832,0.03210573233437168,0.032995634122421916,0.033487709556522284
2025-10-07,0.018628513450424582,0.018877381662980072,0.01954770518919217,0.02047626933071628,0.021478300883364162,0.022502352705806205,0.02350665804548323,0.024513410029776788,0.025544757850847276,0.02652598227764799,0.02843465481019865,0.03008945929326034,0.03193105276880475,0.032744593816135974,0.03322260434785296
2025-10-08,0.018843986418400342,0.019091464989309047,0.0197754515510621,0.020723936181534536,0.021738119782103757,0.022764905760293316,0.02376520459484277,0.024774557035598752,0.025806520251280753,0.026774943296032656,0.02863259389927439,0.030312222904755416,0.032277510278053645,0.03298760990313082,0.03350362903739504
2025-10-09,0.018900906538755254,0.01915877819516222,0.019841494593795063,0.020771500689100462,0.021762477257530406,0.022764789637072156,0.0237488878213243,0.024738377462328036,0.02575265071214927,0.026708862591428118,0.02858386630163451,0.030262554573771947,0.03215856658711906,0.0329383468207484,0.03351004086347361
2025-10-10,0.01909469459222076,0.019409660512059966,0.020071588226625355,0.020989277030904627,0.021957373206006423,0.022927238919015807,0.023857593963749906,0.02479248733950725,0.025771893455066176,0.026708090150390103,0.028518427543836728,0.030241143493754914,0.0317448485626743,0.03277140107578929,0.03353957426954625
2025-10-13,0.01932784494604172,0.01977239481291458,0.020533456274352116,0.021471664575811365,0.022451623515675482,0.02342352389863055,0.02436227084069621,0.025303920909815217,0.02626085373880684,0.027162892992142043,0.028928867128691717,0.030557964663976568,0.032439642145259476,0.0328693489238468,0.033335586001249036
2025-10-14,0.019279599534574938,0.01971046764640766,0.020448616358974034,0.021385389860335065,0.02236030155600256,0.023331100938733824,0.024272113913639478,0.025214619035090827,0.026173805133329373,0.02707245378653935,0.028855009775653633,0.030497276934983983,0.03238384220396372,0.03290633872829395,0.033398236934880254
2025-10-15,0.019246105999274423,0.01970015219454061,0.02045453428615441,0.02139163419180807,0.02236846830733369,0.023341638708462543,0.024286106660445762,0.025227767324739716,0.026183898329444795,0.027077014868469772,0.028843912473280973,0.030480791696042602,0.032326248479792055,0.03282277164865613,0.03329656106669057
2025-10-16,0.01923246271917259,0.01966475763654883,0.020404626779597482,0.021335674162857355,0.022296434682846644,0.023246725200026897,0.024165299794972506,0.02508638361848794,0.02602932662058115,0.02691100596595163,0.028624849560047197,0.03020966819635134,0.031933623718616654,0.03242436350348433,0.032916173528350856
2025-10-17,0.019245112897985812,0.01967530951278987,0.020474152004563664,0.021441453155866798,0.022434361916307797,0.023406326573440713,0.024363028587183127,0.025334759735098234,0.02632966286727156,0.027257043531833263,0.029022662354593866,0.030681698660153182,0.032397748992292204,0.033010006432964464,0.03351502876384162
2025-10-20,0.01933215961607217,0.019827933007425996,0.020670952842650806,0.02167221754625319,0.02268892110077952,0.02368318456417394,0.02465745415208224,0.02563778455008267,0.02663619343684816,0.027566041149792803,0.02936476603678831,0.031023229175832293,0.032742306405918,0.03336020640617157,0.03402842561586383
2025-10-21,0.019260875939957227,0.019730625710704865,0.02056266370534326,0.021561583678177648,0.022584437438141716,0.023591354289425666,0.02457583628360954,0.02556257423702913,0.02656390842837163,0.027499717124123614,0.029309756195145684,0.031044387847953183,0.032782385192605915,0.03350150534164408,0.03400767194537818
2025-10-22,0.019352785243347454,0.019852948944467753,0.02069678526991386,0.02170916015994042,0.02273658383681945,0.023736018601516112,0.024706993486782947,0.0256841015860727,0.02668247134046501,0.027613466100767356,0.029408096095670445,0.031087241501957463,0.03283805125960056,0.03351305457813424,0.03402367120796372
2025-10-23,0.019325518477311,0.01982146924791556,0.020679911750170286,0.021700233737153837,0.02273596541753893,0.02372837087663381,0.02469184332161995,0.025662713894983938,0.026657015175223325,0.02759671794024768,0.029405582406830486,0.031103316256928533,0.03288175688213329,0.033500724473229944,0.034086922814595674
2025-10-24,0.019417872886446794,0.01993109003783422,0.02081145604985725,0.021867046415888054,0.022920429468199006,0.023912763144109655,0.02486551869741268,0.025818549682851508,0.026799184981670568,0.027713921404199236,0.029458980039021032,0.0310814849439378,0.03278059261311643,0.03332735935671515,0.03376205728247503
2025-10-27,0.01929548945802042,0.019846449318711403,0.020707540976360114,0.02172201581440178,0.02274005427401573,0.023714359127828905,0.02465215012618142,0.025601586505128764,0.026578997907419223,0.02750913543279049,0.029250097904175015,0.0308979471925991,0.03262592875767494,0.03326171105690671,0.03373431550989632
2025-10-28,0.01922345844948177,0.019756785859772544,0.020597291218471564,0.021584889789718537,0.022580555561992195,0.023539739787455785,0.024464208135339945,0.02538944238511653,0.026340906199655238,0.02724260659793468,0.028979757540190786,0.03060195873676477,0.032256368413285386,0.032832938877114894,0.03329754463700641
2025-10-29,0.019386201327786748,0.01983444984937422,0.020637708636857627,0.021603960271856026,0.02258168477581206,0.02352730114480554,0.024449794284011252,0.025380938352872508,0.026341305442146013,0.027254613853848277,0.02901246266054259,0.030635743705816045,0.03235549987416986,0.03292862214989125,0.03338665338493131
2025-10-30,0.019402854361262305,0.019807562422825255,0.020592036767165,0.02156178107149526,0.02255784174863937,0.023543240345493793,0.024492601624638937,0.02543630546224242,0.026394196598927135,0.027311687058550416,0.02909016305320533,0.03071508235846654,0.03245116526729414,0.03310711670555028,0.03361258276010176
2025-10-31,0.019343222034748718,0.019805262206517092,0.020605757905664917,0.021565318775380222,0.0225492027938035,0.02352211010905838,0.02445637698363272,0.025381026123178916,0.02631572869052051,0.02722001057090714,0.029023362807099624,0.030643736571330238,0.03240930178050322,0.03306624888815834,0.03330822367645363
2025-11-03,0.019339310944844913,0.019797394755922928,0.020592133824796882,0.021538090371847507,0.022506743363466024,0.023466500844067033,0.024391862312010088,0.025314244871840325,0.026243884738512226,0.027144407602240413,0.028939582342036113,0.030552471407738507,0.032265981948213736,0.0330029483543806,0.03319893087694163
2025-11-04,0.019305033685321375,0.019715713263998024,0.02049681189838833,0.02146257021137135,0.022464589568341093,0.023459332116646688,0.02442157902161287,0.02537364513198002,0.02632313109270907,0.02723013818047939,0.029023359594035184,0.0306724598872861,0.0324286023579096,0.03320671131512297,0.033344128459335806
2025-11-05,0.0191357568042759,0.019637371241501656,0.02046538981445073,0.021448089870015685,0.022458200031925297,0.02346538537432711,0.024436263337961013,0.025387633781234136,0.026332702387744378,0.02724423846429553,0.02906446307422778,0.030716548601223505,0.032475514946333314,0.033287788830852455,0.033501341312432174
2025-11-06,0.019183054274957388,0.019565110700108964,0.020316286901684834,0.021244529896613927,0.02220388528158434,0.02317275125519284,0.024121567766538676,0.02507163777882263,0.026026409576139917,0.026939659754519348,0.02873698246227019,0.030352667198477276,0.03213121338542434,0.03295122865459054,0.03305765062603003
2025-11-07,0.019320195630840763,0.019735490491422293,0.02051675957769596,0.021462298306242234,0.02243916782725409,0.02340282212887989,0.024339635271908935,0.02527775455702082,0.02622071371154623,0.027125998106593885,0.02893140304099463,0.03055212220116771,0.032295634497899156,0.0330416940381502,0.03332200541408364
2025-11-10,0.01878044018457712,0.019325301170677534,0.020128038765963516,0.021040848854063102,0.02199621256845438,0.022950063592382105,0.023876716771146937,0.024797428528503584,0.02572159898801395,0.026636751226504093,0.028474901656210055,0.030066303243503366,0.0318059966499527,0.032520963449702435,0.03262373867589174
2025-11-11,0.018686299486232294,0.019165120192439922,0.019928070563765776,0.020822345161468685,0.02177215852526062,0.022739221528493385,0.023698530180063664,0.024656357636084418,0.025615577927352463,0.026541560830259967,0.028370573934765348,0.029983681775359785,0.03169870414552788,0.03247725792898627,0.03273262218598419
2025-11-12,0.01867906535357527,0.019066045141097804,0.0197719728512583,0.02064953073915135,0.02158323478075055,0.022536384994605044,0.023476423219972134,0.024417632877395772,0.025368095266710473,0.026288934583121412,0.02810155660992133,0.029688432994360362,0.031321601382128035,0.03216581871429726,0.03243916571397487
2025-11-13,0.018451047975365942,0.018850772437192756,0.01952901581393875,0.020358024282172718,0.02126139065491322,0.0222015332988708,0.02313456323520279,0.024065499691228665,0.024997751022189266,0.025910887176539724,0.027741078021912377,0.029293386755842164,0.030960313457634326,0.03174040198564487,0.03202308475967923
2025-11-14,0.018518278920153442,0.018906606371401843,0.019618851173367247,0.020435414183269773,0.02133873723767808,0.022272365783469347,0.02320997164939804,0.024149519550437766,0.025099345152386987,0.026017552201001912,0.02784741607569984,0.02944010778547705,0.03109857202476759,0.031920898680498064,0.0322671461702714
2025-11-17,0.018532862341759528,0.018851722823033275,0.019545300838276356,0.020375885422546203,0.021304421049199315,0.02226098851671247,0.02321034020147145,0.024159468095965548,0.02511865400594782,0.026045658634063985,0.027902596418002877,0.029508381511220226,0.031175330732252322,0.03204841107842815,0.03242290244308938
2025-11-18,0.018497532069104584,0.0188888589026655,0.019621412529992263,0.020474022385592986,0.021418495434767808,0.022386596635773238,0.023336421807098842,0.024281142908026368,0.025232147758654556,0.026154573990088335,0.02802168804645756,0.029637668970798288,0.03129503461174644,0.032179161164450326,0.032508553385065066
2025-11-19,0.018476277956220186,0.018817523073917118,0.01951734274068698,0.0203468305739143,0.021274649851442395,0.022219808762678643,0.023142740373613233,0.024062511958000715,0.024997429727744578,0.025905840643555406,0.027738054491345053,0.029312882139633022,0.030939803995825573,0.03172391385017912,0.032056385139335716
2025-11-20,0.01866079351767522,0.018960811079070158,0.019636069552970974,0.020452559626325126,0.021367439882686735,0.022304544693533823,0.023222329326890726,0.024145800141740472,0.02508337556923722,0.025982755179090388,0.027763476389156376,0.02936115826938108,0.031010511351522177,0.03176723155615068,0.03205276080424033
2025-11-21,0.018660556017457357,0.019019608530725363,0.019723921894191417,0.020556652849202734,0.021485436064359858,0.022437329844886153,0.02336588229568187,0.024294174183191485,0.025233514748405857,0.026143158806274866,0.02794673715510331,0.02956894714052645,0.03125043558178712,0.03196001395152532,0.032400687225789655
2025-11-24,0.01891597586737402,0.01934773447735415,0.02011778868126945,0.021001566387210496,0.02195486692106822,0.0229040333825103,0.023818177289654952,0.024731460557036275,0.025655114158331122,0.0265521207217859,0.02834582640074281,0.029969162796145636,0.0316555056671644,0.032470287806654265,0.03282832680737567
2025-11-25,0.018928270261945795,0.019408034235457432,0.020177501088657908,0.021041579767526613,0.021962409965470307,0.02288400005791319,0.023777312233226745,0.024669344622195957,0.02558129503818079,0.02647083850641764,0.02824769042042211,0.029833501496338906,0.031516526760175606,0.032278385147459426,0.03262082560855192
2025-11-26,0.019015595350272464,0.01945194423472491,0.02019809308802851,0.0210489871671843,0.0219717674284582,0.022899852432967507,0.023795374532877875,0.02468653481939478,0.025587671415035436,0.02646752072360582,0.028218999360362436,0.02980392147689002,0.031458331977525816,0.03224706205659103,0.03249593894783175
2025-11-27,0.018936853268360043,0.019378718797009985,0.020132831892166376,0.020988249574699646,0.021911773731054955,0.022836914787298126,0.023736225254349506,0.024632366027685763,0.025538501544265475,0.026419888805277205,0.028165362622579706,0.02979040851517895,0.03141853719151863,0.03221672825291868,0.032388892318324466
2025-11-28,0.019092234186974786,0.01957687593327546,0.020356973416433624,0.021226267832508645,0.02215300471858621,0.02308262454837723,0.02398269179813186,0.024871701806133753,0.025760717459755157,0.026623062181683973,0.028323609621754377,0.029901749006859536,0.03150391309720703,0.03230854933295007,0.032411290078618545
2025-12-04,0.018937498797925084,0.01940893593019198,0.020186284230435187,0.02106143008692057,0.022005980241019303,0.022960335717179186,0.023889920091473532,0.024805408567206783,0.02571896730315381,0.026610838069566357,0.028412286518965248,0.030027969789566275,0.031667342740377025,0.032562095566823324,0.03275345793667039
2025-12-08,0.019165991507731246,0.019601452261166573,0.020378001987317026,0.021275259064803403,0.022228123680540775,0.023175969761917815,0.02409415697270407,0.025015060721186044,0.025946737988976315,0.0268465260995754,0.02861697704328323,0.030206050527233196,0.031858912328160835,0.03282472019730445,0.032906770030971984
2025-12-10,0.019102901355414575,0.01953922006148152,0.020300483992423412,0.021169670473751796,0.022103271345305354,0.02304905662384011,0.023972237832555893,0.024892284487828643,0.02581905927431657,0.026714022079575774,0.02849563780652229,0.030103173542637012,0.03175577326114941,0.03272288465985956,0.03282800838742532
2025-12-11,0.01920834011599148,0.019660416207712944,0.02044260765859406,0.02133140026582053,0.022275216469631005,0.023226252538859272,0.024162260263584638,0.025101802630321683,0.026048107525994874,0.026948761439875728,0.028710146036884758,0.030311135993259384,0.03193072239049648,0.0328864914118382,0.0331042164646945
2025-12-12,0.019127452030768488,0.019571178995926038,0.020345778584294063,0.02122724970550185,0.022170667603282897,0.023126633402517423,0.02405813871435566,0.024981550191218754,0.02591083872527351,0.026814030035408373,0.02861694927362606,0.030207931955121874,0.031909150082600854,0.03280647058779157,0.03302688314079061
2025-12-16,0.019039276566154867,0.01950935454182637,0.020303391052154986,0.021200588814648445,0.02215768947251484,0.023129197760894733,0.02408422853303849,0.025032310841710478,0.025990586522719968,0.02691255213897362,0.028725662473084813,0.030325749746698525,0.032065190582932,0.03298581668601147,0.03322516918438795
2025-12-17,0.019111623275195277,0.019542096434248462,0.020316052806577094,0.021208928599607588,0.02216499365985051,0.023129763500499625,0.024068539634455325,0.02499872487215209,0.025938626073346346,0.026846141076415926,0.028649775531462526,0.03022123529148238,0.03200120423938419,0.03289608433157943,0.0331172934776979
2025-12-18,0.019056305381431854,0.019493799247192536,0.020263808742583034,0.021141036294576834,0.022083317129047035,0.02304104649029798,0.02397421027805434,0.02489887426527953,0.0258330203729092,0.02674321986563694,0.0285378971489452,0.030103376835753197,0.031861739288483445,0.03279390267563331,0.032976184285797044
2025-12-19,0.019140789621636557,0.01954090641518797,0.020283950836500003,0.02113796904540763,0.022057480452722218,0.022992171199489483,0.023908705445164654,0.024820953160665547,0.025749708599109758,0.026660361416502076,0.028457875483707564,0.029963684161723386,0.03175179020621949,0.03263140569128812,0.032847803503076624
2025-12-22,0.01939606280521917,0.01983730172145626,0.020602020359787827,0.021478920042782384,0.02241454741066111,0.023347720832090375,0.024251898924342343,0.02516968795543265,0.026097029347628583,0.026998054546009016,0.02876841711760729,0.030317155509352614,0.03216480243224999,0.033011653972808475,0.03325836034529806
2025-12-23,0.019299432872429335,0.019826862999607224,0.020648444582916963,0.021564964504540998,0.02253343101480563,0.02350536539628029,0.024445355461387045,0.02539257975735302,0.02633963701560367,0.027247485643154386,0.02902566631190722,0.03056074763098933,0.032417941673307804,0.0333935432678736,0.033633372248955774
2025-12-24,0.019438516605808955,0.019912363637070697,0.020706493133511753,0.02160487178912269,0.022563995139625072,0.023531949419225772,0.02447067407222566,0.025420433988567068,0.026365918804695833,0.027272234403564993,0.029031416981630802,0.030577749285868212,0.03240854531939048,0.03337034380115015,0.03366530707406725
2025-12-25,0.019280284896260404,0.019745151539903884,0.020539431955979105,0.021442432166596352,0.022413146610962425,0.02339528494937461,0.024357101685394195,0.025322293862341718,0.0262787176446205,0.027193882394186054,0.028990689408840024,0.03060594559401743,0.03252382261707913,0.033503511470933264,0.03379844530098549
2025-12-26,0.019255298718935845,0.01973465580801032,0.020553446838131956,0.021480989890630305,0.022468443256044062,0.023458226864031918,0.02442666068928321,0.025397808713275166,0.026363853250511486,0.027289655551410275,0.029095301803883183,0.030686635885516837,0.03256543899547403,0.033563535039978346,0.03390099174939079
2025-12-29,0.01921157891561874,0.01969810263511872,0.020523924570509344,0.02146613701306477,0.02247824899742716,0.023495190654754274,0.024475814128738452,0.025456193717197425,0.026429283603127445,0.027381198253331334,0.029253085903915614,0.030860979662778676,0.03268398701687522,0.033813180868980726,0.034104312896377824
2025-12-30,0.01911128509657001,0.01958973281610247,0.02040149010375642,0.021326943929950708,0.022315903210173738,0.023313357932858773,0.024286581709773093,0.025261781664529998,0.02623606149976171,0.027187965793457693,0.029066359888942104,0.030744758489151033,0.032586412601931285,0.03370909913011225,0.03392454822768221
2025-12-31,0.019285480084508713,0.019758436963297828,0.020555994214707506,0.021470212319223882,0.022448151386265623,0.02343064950502775,0.024375129128573116,0.025321661738199483,0.026273388756960232,0.02721345464942617,0.029090872438866267,0.030718977887220403,0.032595850100463994,0.033658981523544684,0.03382595259173486
2026-01-01,0.019271654602638327,0.019710675847996312,0.020472569755048197,0.021344528008031913,0.02228133364887601,0.02322681636670547,0.024142990560270524,0.025064585940721727,0.025996008691482022,0.02692487129531089,0.028787745321991385,0.030394731448036148,0.032300409223396914,0.033416054699680627,0.033565476996652625
2026-01-02,0.01929021071764178,0.01975209120295807,0.020511229642071076,0.021378362228879257,0.022317911226339162,0.023274942093748408,0.02420122073951261,0.025130289848414995,0.02606350840322493,0.026987818407183853,0.02887036735628639,0.03050960887166555,0.032455339271418214,0.0336446722409137,0.03359918300889135
2026-01-05,0.019308691889178903,0.01977583899412322,0.020547221069709576,0.021417555733126013,0.02234504926037616,0.023279377550992117,0.024192241693156244,0.025116534406558227,0.026056528212918637,0.026992196861766373,0.028861012455543268,0.030508250130363495,0.03250827031214797,0.033655441891733494,0.0335773706712621
2026-01-06,0.019436341092157264,0.01990422691762967,0.02068380027690552,0.02157288191799397,0.02251236717529044,0.023448707442333495,0.024352889981802055,0.025269350322585055,0.026204749211522226,0.02713120393164851,0.02897665033027115,0.030645795148259672,0.0326135478970728,0.03380286770784498,0.033687458859373604
2026-01-08,0.019692347039024255,0.02026271345085922,0.021161366373266054,0.022157573140727724,0.023183865340417314,0.024182263628235685,0.02512512579222733,0.026066789279540134,0.027007349907964502,0.027918366463346663,0.029723929657890377,0.03140718528859766,0.03335641289882735,0.034724917122119385,0.03447258012044465
2026-01-12,0.020394917184602058,0.021122137698987027,0.02213758479602027,0.02322973650218818,0.024297702781607988,0.025286974283973866,0.026189866792274415,0.02708679176251875,0.027989244479853844,0.028859659131846807,0.03059829536221771,0.032258494174648704,0.03427862280724461,0.03538371039863782,0.03501594968906766
2026-01-19,0.020218638677378206,0.021077572702926105,0.0221173238780473,0.02318305789887176,0.024216177092278444,0.02519268801604393,0.026092493588717826,0.02698551100563956,0.02787595009330841,0.02874932337957615,0.030510156069825888,0.03209141038860621,0.03394777703006562,0.03502993668259912,0.03477700977801228
2026-01-21,0.02020745945727151,0.02105879565682571,0.02207796991279465,0.023127067734618204,0.024138216259688598,0.025099342227908307,0.025992772098681373,0.02688043605874888,0.02777267011990606,0.028644711035309037,0.030407958035215798,0.03202879709762644,0.033846783890179144,0.03502800802807582,0.03485463778111785
2026-01-22,0.020094300153417538,0.020979155193688547,0.022045118270907264,0.023123410342539282,0.02415724349501101,0.025143341836726937,0.026072633826353338,0.02699923271517935,0.027917122103451326,0.028810947427242623,0.030613480471039296,0.03227712684172934,0.03408035856955668,0.03530900873179502,0.03520877621734652
2026-01-23,0.01990744553259474,0.020821863657320968,0.021893588657065557,0.022980192422199078,0.024014649911909332,0.02499999789036878,0.025929346150094488,0.026855133584570187,0.027782737378603716,0.02868739600714483,0.03051225225347458,0.03211237598440774,0.03401557664483546,0.03515259892994593,0.03503342899647619
2026-01-26,0.01997034428223295,0.020871337681747922,0.02194723124241995,0.023048860504767957,0.02409716706338834,0.025092962976371362,0.026036051621131883,0.026975904469974145,0.027919649655000718,0.02883089072671201,0.03063519643998584,0.03224827735512344,0.03411657973690255,0.03529616147083378,0.03523171933917541
2026-01-28,0.019895516352227784,0.020781123175492026,0.02182897087537137,0.022902638266874338,0.023938458361063765,0.02493880772700483,0.025887667625763857,0.026832020077380295,0.027776368958676582,0.02869544014435358,0.030514284007218017,0.03220276618361386,0.03426844726965934,0.03538672694224159,0.03524515470847493
2026-01-29,0.020069680097628717,0.020982257255933504,0.022066625928512044,0.02317691741846774,0.02424045956891211,0.02525843283803912,0.026223406557930408,0.027183095246627355,0.02814189416736897,0.02906854292835437,0.030909007474806304,0.03261794782480946,0.034760958341081435,0.035922645178679984,0.03571738980111305
2026-01-30,0.020070674826342783,0.021043369707676896,0.022172058302534423,0.02331738760137263,0.024402122426230605,0.02543175803872566,0.026401458846476378,0.02736331930800677,0.028320541899466742,0.029238478481394853,0.031047663383809546,0.03272574213147885,0.03477198721592919,0.03590512076633812,0.035716489032530996
2026-02-02,0.019958858871913086,0.020946260791243804,0.022050931084965503,0.02315671675295738,0.02420236958311751,0.02519856459030795,0.02613170805190391,0.027054472504364165,0.027977196022080493,0.02887971466152006,0.03068668492861585,0.03233185443513895,0.034277439824914324,0.03542292575272938,0.03529037151885076
2026-02-03,0.020080641637464532,0.020982831424437,0.022048427046293197,0.023130399838489624,0.02416309591109911,0.025150770089981,0.02608757088037447,0.02701913498749891,0.027951715141465428,0.028862022991595456,0.03066150165275707,0.03234407311599502,0.03438887454780779,0.03543581386112254,0.0352814128475705
2026-02-05,0.020073696624585597,0.020983321238210784,0.022051001644911906,0.02313226899683904,0.024163286362695578,0.02514953796111651,0.026085302799493035,0.02701585263986836,0.027947530374036123,0.02885786606814224,0.0306586015493403,0.032343123937096686,0.03439064670373425,0.03544046819170721,0.035287891399341735
2026-02-10,0.020064067127118234,0.02096430228373418,0.022029490973046725,0.023111207659366476,0.024144158865888034,0.025132504136754358,0.026070270572012586,0.027002777202570695,0.027936143796704803,0.02884722290210491,0.030648479533093177,0.032334331812818556,0.03438135266773285,0.03544109246180598,0.035276385147378464
2026-02-11,0.019798953161308076,0.02068857453926621,0.02174335191130862,0.022813959492211846,0.023841805110899835,0.024834590209264765,0.02577768842807427,0.026717474346782507,0.02765414798618657,0.02856772044726213,0.03039006811441561,0.032058618060804026,0.03408775108001259,0.03523706413953095,0.035030182586747755
2026-02-12,0.019847544839825797,0.02073558642729327,0.02180527261448405,0.022897661579101742,0.023944711365681496,0.024955935253835902,0.025919201949639353,0.02687628587502229,0.027829150691529973,0.028746150663419807,0.03055405611309688,0.03222171389095453,0.03420301750519881,0.03535773485668722,0.035264977150583576
2026-02-16,0.01989680572988198,0.020779346944074992,0.021851643133554678,0.022945419255300338,0.024011478421961063,0.02502651560349483,0.025976517695503975,0.02690965780919078,0.027841048155352842,0.028746940905685154,0.0305825056038304,0.03224071886909684,0.0342743400023029,0.03537382170800258,0.03514161520447034
2026-02-17,0.01989364733291236,0.020790766228870432,0.021867866875049446,0.02296144766505841,0.02402502244179529,0.0250374916635258,0.02598519657266114,0.026915979349279463,0.027845242127963455,0.028750506795524433,0.0305866222941285,0.03224591129023853,0.034281090045091486,0.03538282445153849,0.03515302393404885
2026-02-18,0.01997403342002171,0.02094490122122858,0.022071453577897065,0.023196315446115418,0.024285754243203214,0.025328317461835392,0.026312619965762903,0.027294322946301717,0.02826753716954611,0.029202397360277386,0.031051430393740535,0.03271627214105098,0.03474564804239071,0.03595810186605489,0.03573070614686532
2026-02-20,0.01989498758606891,0.020835890932082258,0.021931532624353104,0.023032853797629857,0.02410593802774113,0.025135413795738415,0.026107247781420182,0.027072331125712085,0.02803088901088085,0.028959943288065247,0.030790039913963167,0.0324649232732375,0.03455319119886807,0.035757075091390755,0.03545505508306082
2026-02-23,0.0197134476424893,0.020604096669047348,0.021673255331923748,0.022757498879614462,0.023826655935463105,0.02485943998208476,0.02584123506591173,0.026815220218759702,0.027776938961269756,0.028703826086529497,0.03053003734835266,0.032186564163128706,0.03435879699925247,0.03561432974068565,0.03527444062892341
2026-02-24,0.019787435078493343,0.020643311953214494,0.02167918519985454,0.02274277024588791,0.0237992688955538,0.02482410986853295,0.02579021081136857,0.026745107302080233,0.027697357699899377,0.028634811296790654,0.03053998315882537,0.032213678445719374,0.03430054117125319,0.03557314246580876,0.03517586668992947
2026-02-25,0.019819862914934337,0.020661720165993352,0.02167714612773855,0.02272061228652791,0.023751517423063334,0.024746044109279032,0.025676176862113462,0.026593500934877164,0.027507070233795974,0.02841011753377207,0.030285196714939684,0.03194144108319755,0.034037971163493136,0.03519970523982104,0.03480843355419628
2026-02-27,0.019812621556644972,0.020588404862893345,0.02158273154301351,0.022629491768988874,0.023673338612046423,0.02468081758636105,0.02561825295406636,0.026544741033722865,0.027470841362099117,0.028386149041429033,0.030276295759298525,0.03202573150900521,0.034111065850332356,0.035259405410193345,0.03501575144732593
2026-03-03,0.019746188321008218,0.020592616588271637,0.0216456323020239,0.022758185730349174,0.023860127717210505,0.024924296353895817,0.025908613592247658,0.026876645193175747,0.02783901269076851,0.02877354434598852,0.030678298872089043,0.032451036077791075,0.03461871966847174,0.035812078456864516,0.03554084323826019
2026-03-04,0.019953330001556364,0.020838558951761392,0.021893595176099526,0.022981544020586858,0.024048386175924506,0.02507589141143647,0.026029127549090723,0.026968484173943232,0.027904299501224764,0.028820783334463158,0.030684211314645153,0.03244419170771733,0.034571055940522705,0.03571655794662555,0.03551604157259213
2026-03-05,0.020048868348794147,0.020998176953555967,0.02209139324096615,0.023204516273143874,0.02427651109755062,0.025298632526460234,0.02623402665929194,0.027156345128198072,0.028080937138442036,0.028991532795190938,0.030836409491185608,0.03256420005196731,0.03472140983430532,0.03577801979461643,0.03555141495491609
2026-03-06,0.019877470227071592,0.02077101425824492,0.021818988542736364,0.022893904862175588,0.02394752577762432,0.024961517332320948,0.025894940707412762,0.026817255614992635,0.027738602079553115,0.028649521076141105,0.030497696139462897,0.03225649493789678,0.034423779074979434,0.03548660125218753,0.03525003958175763
2026-03-09,0.019649949933298622,0.020501930266003783,0.02154224647112783,0.022629657654639784,0.023708783470359127,0.024753244901113462,0.025731221300933336,0.026700207569531106,0.02766554230217037,0.02860126304748969,0.030475794797264654,0.032282684629480196,0.03449238589865602,0.0357774840663264,0.035509837837629066
2026-03-10,0.01952986759162792,0.020329607320974833,0.02133815678572197,0.022404220431163056,0.02347599868660336,0.024526114715379632,0.025513186027667147,0.02648513705108225,0.02744840690892306,0.028393612839956305,0.030317316295763518,0.032137489835227795,0.03441216315475534,0.03574436900162172,0.03544266802349358
2026-03-11,0.019651090367138045,0.020442488447224943,0.021449556982602293,0.022514143686893466,0.023585703216737485,0.024637351861056415,0.025635794990269238,0.026623971597964348,0.02760344969188621,0.028558073598732466,0.03048589850890832,0.032330636474321044,0.03459953551652315,0.03596042042112903,0.03553820524509435
2026-03-12,0.019817230640975833,0.020665167283605727,0.02169093184544063,0.022758224905399166,0.023829414667849207,0.02487788896860976,0.025864167212371676,0.02683321177537068,0.027779715344030585,0.028710771702449296,0.030641951573537787,0.03250287829849703,0.034772919419420255,0.036024178000149516,0.035696659518655055
2026-03-13,0.0198656232877824,0.02074142298390931,0.021791573438691317,0.022887928089987915,0.023982836817071754,0.025050804088815392,0.026048620177521173,0.02703182700476372,0.027994801618912456,0.028940711204734806,0.030881096398807806,0.03269505679547845,0.035096561037549955,0.03628175391733516,0.03606956266833469
2026-03-16,0.019651426721439148,0.02041861120737702,0.0214059848558455,0.02246634359775373,0.023535072553680127,0.024583533324836933,0.0255760671593631,0.026556648509657624,0.027524979096120467,0.028473251281457234,0.03045714662253868,0.03229477072561322,0.03459189001367217,0.035896899281909186,0.03564877913750891
2026-03-17,0.01953279482552379,0.020244511970529285,0.021175501592948308,0.02218555813848317,0.02322070995702681,0.02425311797317546,0.025238840932435346,0.026210678513756795,0.02717388593613594,0.02813332508753928,0.030160691106554643,0.032015384435103655,0.034395155480213005,0.03575282622345122,0.03540027624636538
2026-03-18,0.019630386411882694,0.02031543665198163,0.02122440824712419,0.022217608913020534,0.023235959289900257,0.024254154410095465,0.025224703229446536,0.02618392146130348,0.02713353094486384,0.028075051572669582,0.030068323804778606,0.0319192738894784,0.03428115897640971,0.035622711070897026,0.0353063718339844
2026-03-19,0.01964454485246836,0.020285454131089863,0.02115702939883968,0.022144555361045284,0.023159974134398575,0.02416344980933917,0.02512233011628818,0.026083078963320964,0.02701875429653879,0.027968197473261253,0.029948298179535073,0.03179079215942681,0.03415281582977347,0.03547755901630114,0.035169547194469034
2026-03-23,0.019452551010403878,0.0200450219866693,0.020877996858257735,0.021830981076882184,0.02282888646814188,0.023827037434672935,0.024787542947886904,0.0257499100509673,0.02668809115154405,0.027642517860987804,0.02963411033274396,0.031515566853127244,0.03388427966132796,0.03521285977808783,0.03483831197644058
2026-03-25,0.019456764404060665,0.020047126170398593,0.020864614005722967,0.021803613673733367,0.02278775207207249,0.023777236077704354,0.024729695039187302,0.025686915330428925,0.026619054496447074,0.027565642714697455,0.029530526443072844,0.03140465524783727,0.033715101801373784,0.034990860126654075,0.03466920038005644
2026-03-26,0.019595926792202234,0.020173920910061514,0.020978044780757037,0.02190371174683754,0.0228751218040765,0.02385324259223586,0.024795836414543325,0.025743865339573,0.026669303812639492,0.02760381601801574,0.02954403079285567,0.031455873505086676,0.03376258562409921,0.03505809675694177,0.03474594377595166
2026-03-27,0.019674177356771468,0.020253623246008767,0.02105285505886787,0.021970113426132077,0.022929597406471196,0.023895024054551184,0.024822403362696626,0.025753948349815682,0.026660919118848665,0.027572159699911725,0.029479009757205122,0.03135309930375003,0.03363696293298604,0.034942443581539875,0.03473094385356197
2026-03-30,0.01952653151101516,0.020063917743046444,0.02083310782792835,0.021723839766486504,0.022678836001949518,0.023651112504475894,0.024590550265366204,0.02553647651744016,0.026448005302882622,0.027365638637213602,0.029285714817540904,0.031174888474965922,0.033443810689672566,0.034865753591007895,0.03467063707971413
2026-03-31,0.019588440032368443,0.020110974790325278,0.02085304878466053,0.02171904151218016,0.022652791584170863,0.023611634282782377,0.024537461109695752,0.025470493610019577,0.02636991867367979,0.027277413187497865,0.029177425260099022,0.031064867134359127,0.033326229548326564,0.03476378345471194,0.03455412289153122
2026-04-01,0.019625650279173283,0.020135763430811422,0.020865440621347306,0.021722744544277375,0.022652583197094192,0.023607115116001484,0.024530986959889936,0.025459282232571243,0.02636211631605018,0.027276279928893872,0.029191947475689605,0.03106215148984051,0.033400268586098125,0.03480494935150736,0.03454478208020916
2026-04-02,0.019428449973351473,0.0197911424100203,0.02042075172105898,0.021220224647243668,0.022124024707944348,0.023077972445572033,0.02400362241393401,0.024937611121285425,0.025841785851364894,0.026760005339652147,0.028694772381925287,0.03055051749844443,0.03299227189479851,0.03438434714591767,0.033992619558447575
2026-04-03,0.020954667539396763,0.021411442330044897,0.022054865862576715,0.022800314975398,0.023614826806657892,0.02447392415715576,0.02532635076526813,0.026203924985857125,0.027072186522551514,0.027956033877069467,0.02979752839935859,0.03154516863746511,0.033591243193090585,0.035029691680945815,0.03445113522668284
2026-04-06,0.02047627625510937,0.02094512965742192,0.02160526397636348,0.02237315312385526,0.023220833921992347,0.02411545331260747,0.024997031610422306,0.025899726501478967,0.02678458054625525,0.027685388553992392,0.029559554911461547,0.031339355283835475,0.03347153493666953,0.034890065967544785,0.03463735746784972
2026-04-07,0.021277719357638072,0.021889046826756464,0.02264256968618968,0.02346959577141234,0.02432329148268175,0.025179897057944087,0.026002860767716015,0.026854168163573718,0.027711426935819697,0.02859936346320992,0.030412396934422305,0.03208344094689533,0.03405867314687786,0.035146124081951405,0.034921136505297705
2026-04-08,0.021885507154242177,0.02252941067194982,0.023223801122527258,0.02395275205829074,0.024724484431136354,0.02553819825977748,0.02632687961251393,0.02714415716546135,0.02795913989501221,0.028802470880648242,0.03052704713546627,0.03210787182064382,0.03400282083672752,0.034807926761967756,0.03461960469573714
2026-04-10,0.022074347307100565,0.0226629452846805,0.023307919664630236,0.02399185508077399,0.02473486726141507,0.025527480579207007,0.02630996141932103,0.02711692853980353,0.027919113759241568,0.028748293723108463,0.030480698394238056,0.03214624202161175,0.03403209284009342,0.03478160354693701,0.03473271612991486
2026-04-14,0.021343021797940568,0.021913454874657,0.022608403704030337,0.023373336655418336,0.024206770248985026,0.025085983031897807,0.025944167640006188,0.026818236691283026,0.02766363900797391,0.028527645755515415,0.030351087873441783,0.03210078909354263,0.03341600002356001,0.03493545707013626,0.035025046144422076
2026-04-16,0.02244462424844239,0.023056306463050506,0.023731387798556696,0.024449530147276983,0.025224428569170718,0.026045985431701384,0.026851790043855277,0.027675766612883408,0.028490081857690194,0.0293293473990996,0.03111523202915977,0.03276949230966591,0.03392502384779255,0.035154632251287864,0.03548483103554083
2026-04-17,0.02273696822305975,0.02330960786341784,0.023951875711221888,0.02462121666653016,0.02537217712935475,0.026183069132170715,0.02699266064389907,0.027825688086506005,0.028641814540088923,0.029486055761528535,0.03127814778489261,0.03291285266947193,0.03479362753968902,0.035195498677865256,0.03578215034239148
2026-04-20,0.022932119886771008,0.023526217635974032,0.02418149038153649,0.02487469040581452,0.025637294237795708,0.026457586469033297,0.02728209718603016,0.028133232012964197,0.02897319048344403,0.029823959194049513,0.031606802693097416,0.03321240552034183,0.03508679273358412,0.03547424599562384,0.03593064487397508
