FORECAST_DATE,ZERO_1Y,ZERO_2Y,ZERO_3Y,ZERO_4Y,ZERO_5Y,ZERO_6Y,ZERO_7Y,ZERO_8Y,ZERO_9Y,ZERO_10Y,ZERO_12Y,ZERO_15Y,ZERO_20Y,ZERO_25Y,ZERO_30Y
2014-08-22,0.00011659607806487635,0.0005814115689437607,0.0013835525915288686,0.0025834586037194835,0.004048600357004195,0.005751766501389445,0.00756102140545696,0.009413993532287319,0.01127659282874996,0.012971979601088986,0.01639746563112484,0.01834030534260792,0.020962456148046586,0.021852412919698513,0.02210065326803539
2014-08-25,0.00015153042876099305,0.0002887835695630851,0.0007801665317388727,0.0016889743054351726,0.002937389715912668,0.004489985028625717,0.0061896475589757645,0.007965125058132204,0.009768124945424776,0.011430528491792512,0.014789912051272206,0.016712327801812466,0.019399264373286852,0.020331406795587426,0.02061725674381544
2014-08-26,6.151248113583815e-05,0.0002525590219087631,0.0007880046424304031,0.0017318581393099307,0.002994523051169924,0.004543981506289413,0.006229225719185726,0.007985024049734864,0.009768389079381778,0.011409646438007239,0.01472044461524324,0.016358971644878477,0.019108138640625088,0.020068737391177364,0.020370623611297812
2014-08-27,-7.716906646463358e-05,0.00010382637576552742,0.0006100940520121918,0.0015131488199729563,0.002726256126252206,0.004220022178248145,0.005845271841401211,0.007544018765226797,0.009281477575687275,0.01089443124545292,0.014143287068484158,0.015454566407064694,0.01810608837064868,0.01905616329231895,0.0193427945317901
2014-08-28,0.00011011471564568445,0.00042026263242487605,0.001074138492917634,0.002133316779188928,0.003477135939501392,0.005070550972928151,0.006778979761370051,0.008544075112108895,0.010333324022391694,0.01197014230627722,0.01525027836398661,0.016309886087210314,0.01932674485246611,0.020410881199066002,0.020732861502031356
2014-08-29,-0.00042893241096695587,-0.00028093961333619446,0.00025192096292649883,0.001225923329816852,0.0025485421018198533,0.004180110060623429,0.005958085035109957,0.007798939342607871,0.009658031451849841,0.011346152600869271,0.01475462363534617,0.016039030503776662,0.018993345626719293,0.020115029041285357,0.020424404669315367
2014-09-01,-0.00010281196971198374,-7.670975716876313e-06,0.0004496590578144176,0.0013022338189671266,0.0025688877559791835,0.004121293059782889,0.005842335162108305,0.007648970690279303,0.009489489946217747,0.011178031544022929,0.014584864158959973,0.01605134771904833,0.019085958885538996,0.02019097576298606,0.02051756089717584
2014-09-02,-0.00012752244012977033,0.00010597930036356602,0.0006793092774957306,0.001631662412205589,0.0029640864110914776,0.004549455831933044,0.006271534545401974,0.008057637621440948,0.009868560115600958,0.01152618937154256,0.014873041252347442,0.016304359769103785,0.01918823362710713,0.02021411789757997,0.020502494716184608
2014-09-03,-2.759675983536147e-06,0.0004016571500576383,0.0011492750340543834,0.002268812179840082,0.003714826832324936,0.00536851327079443,0.007137640493722011,0.008954942400743477,0.010796057020127292,0.012461220955544295,0.015809533009653473,0.01689704808491886,0.019780760858441247,0.020813800843596693,0.021053859581511673
2014-09-04,-9.367389201864456e-05,2.516071140656656e-05,0.0004940563452933436,0.001356600948732918,0.002609885317810962,0.004120634959180855,0.005777384541347501,0.007503547106263892,0.0092662657350399,0.010881473562736749,0.01413450534415019,0.015333158283782067,0.018165540398230363,0.019228224060502806,0.019481894159282684
2014-09-05,-0.0007050806944707802,-0.0006633401575221634,-0.00025382670033539034,0.0005653006946067191,0.001795585811897646,0.0033031294560035367,0.004960797235426938,0.006682631452880439,0.008440001329001232,0.010047992053952286,0.013295974690486604,0.014430375266069528,0.017279107033301117,0.01838139905540117,0.01864728440685841
2014-09-08,-6.493996934935379e-05,-4.765421088389081e-05,0.00033905010117883476,0.0011271299802099628,0.0023024709303701876,0.0037326507500908797,0.005305553066534844,0.006950282373758983,0.008636097267329395,0.010183105467837407,0.013292376371723001,0.014392830452865192,0.017263358412331085,0.018345642511530598,0.018609801613666224
2014-09-09,-0.00025995062756587503,-0.0001833117136649626,0.00027850798001378166,0.0011503708309757246,0.0024040822463214885,0.0039034010307631194,0.005541552875232906,0.007240308811400753,0.00897307269402589,0.01054769946966111,0.01372152467389168,0.014938731269188564,0.01780977936110093,0.01890405644134302,0.019162470581407604
2014-09-10,-0.00018409483298047338,-0.00021371645427492212,0.00015745015768871344,0.0009532322123303724,0.0021681573184606554,0.0036574835883473275,0.005303104110105373,0.0070219556858252645,0.008773140414327488,0.01037504077015321,0.013614572458894927,0.015066574832916641,0.01798094362132889,0.019117935347955285,0.019385110957821965
2014-09-11,-0.00018484831058129564,-0.00032676509047596447,-9.933518020071832e-05,0.0005584523046273671,0.001689021258641784,0.0031367911285825317,0.004769144802212511,0.006486657390697364,0.008241947433006254,0.009854185038894542,0.013127735175576395,0.014920173820079373,0.017797420030136714,0.018948358489074033,0.019216797206519025
2014-09-12,-0.00034396733768245403,-0.0003272031838624724,7.942993989580084e-06,0.0007418493670117694,0.001901343267508209,0.0033540086369639914,0.004978092060677107,0.006674796396794726,0.00840443539889753,0.009982644386977298,0.01317630731700678,0.014795563798818342,0.01763254049134605,0.018755950795978568,0.01902131253037405
2014-09-15,-0.0003065558953719137,-0.00033165415799017803,-5.236888196308493e-05,0.0006157746606969337,0.001694048429427346,0.0030583249086280078,0.004589295331491958,0.006197190505242365,0.007849072267906496,0.009368959137305058,0.012439691606667538,0.013985229604682474,0.016658337740243168,0.01770955203123425,0.017960020612128976
2014-09-16,-0.0005397127367021781,-0.0003679419231795308,0.00010877708065294169,0.0009753454140483247,0.002219591382905649,0.00372058279212545,0.005369522368760742,0.0070731166246415,0.00880560601471559,0.010378280190066142,0.013564163273412751,0.015101209559663301,0.01780271857641408,0.018865942606742788,0.019106542523273935
2014-09-17,-0.0005258816870380974,-0.0004914963277827442,-0.00015799561581039348,0.0005701884182189049,0.0016948967619786588,0.0030982846944749057,0.00466168817500871,0.006298904662341215,0.007981986124184349,0.009533347864398283,0.012674498532445615,0.014077376892296956,0.016684831173305083,0.01773401848133524,0.01796302204128114
2014-09-18,-0.0002763422387759492,-0.0003180716801729135,-6.767536957183392e-05,0.0005737123555603144,0.0016259884407255553,0.002961301399815515,0.004461186800477825,0.006043712513689993,0.007681499079486734,0.009204938106635394,0.01228311819673468,0.013491056448808965,0.01608443454338159,0.017129325210350762,0.017373673679898522
2014-09-19,-0.0004174594529340927,-0.00023165065725627465,0.00024051303510436064,0.001093627443553528,0.0022970871943565796,0.0037366417018300686,0.00531316636778869,0.006950972080861044,0.0086306418682695,0.010170820892801339,0.01327132726348272,0.014144062425643159,0.01686742609615507,0.017959215937495384,0.018214089036038102
2014-09-22,-5.360120901539179e-05,-3.3489390923886894e-05,0.00026951820058787937,0.0009488708285171387,0.0020001412159065908,0.00330658027035132,0.004766116227112509,0.0063087273167207105,0.007914083096850816,0.009416885673191391,0.012442810888151253,0.013386780448189852,0.015922912934572084,0.016932430480863403,0.017163051112511853
2014-09-23,-0.0005729155934005952,-0.0005193787401626306,-0.00017822861773063618,0.0005549864586313839,0.0016704753318697268,0.0030507625866451125,0.004588449911791223,0.00620178453778087,0.007867407859399982,0.00942107011272122,0.012564847777067411,0.013682981229679697,0.016361979779278824,0.017449589369244956,0.01768253914119659
2014-09-24,-0.00022443988265921156,-0.00014458323358275434,0.00019363473187712958,0.0008968167030729886,0.0019509997563493117,0.0032482167738904734,0.004698154882771125,0.006233394624175314,0.007834862910331357,0.009340589706209363,0.012366714284828795,0.013275192882127355,0.015985735679536137,0.017052157695369018,0.017309958676388574
2014-09-25,0.00019870909919809422,0.0001700248140789048,0.0003827838643537842,0.0009624897031636885,0.0019234797961943076,0.003144844583453919,0.004535978632669544,0.006025654608065842,0.007587927428291072,0.009060320119289905,0.011997508212166039,0.012870196267613978,0.01579029734291588,0.016939070088195222,0.017233879716621315
2014-09-26,1.1579522738310814e-05,-2.4035621621700453e-05,0.00017264221031832718,0.0007140701563890296,0.0015987866773253874,0.0027231951231023745,0.004004717385093982,0.005379594645666674,0.006840753606604746,0.00823439326335079,0.011028826760471294,0.012029278342897985,0.014445197654257983,0.015476332187775416,0.0157061923537736
2014-09-29,4.39753152092728e-06,4.348136102708518e-05,0.000326178777943507,0.000960617082497275,0.0019150140168182435,0.003085925507591315,0.004403699187453222,0.005808274344749076,0.007291758855090771,0.008690007726304747,0.011468336645845874,0.01221519994936063,0.014931295422903685,0.016058391584468524,0.016344970117991596
2014-09-30,-0.0001056772648195266,-7.586390124405943e-05,0.00023400275559885288,0.0009166097076364625,0.0019203277506737622,0.0031447119045548274,0.0045171106088489,0.005972895427240879,0.007500401171032626,0.008935236199906067,0.011792718540062473,0.012696356305415487,0.01555663202232942,0.016798151850605153,0.017114421747701173
2014-10-01,-0.00011923973470927927,-4.474719843805048e-05,0.00030477757165986506,0.0010346658233173426,0.0021147240798875004,0.003435456131176412,0.004917157709765784,0.006481142180709526,0.00811046825651602,0.009635768177997097,0.012697844697441767,0.013759548151986564,0.016652708540160013,0.01791940055994184,0.01824645728963161
2014-10-02,0.0004648716275731985,0.0003625459739927995,0.0005385791692718066,0.0010995297949999393,0.0020546014642807294,0.0032804893744197827,0.004667343487183668,0.0061966378036847096,0.007801711906324968,0.00934760515007217,0.012454208434985965,0.013634100738018887,0.016506633360085267,0.017777580513038214,0.018101835973281168
2014-10-03,-0.0006579754187792581,-0.0004866622234240194,-6.070957416880402e-05,0.0007572279160862994,0.0019961478838157864,0.0035338666023396683,0.005248077461429523,0.0070918396952937505,0.008960461111008669,0.010690474823696079,0.014181032075787066,0.015383463847658324,0.01873444775955679,0.020323597521738113,0.020707899434445728
2014-10-06,5.610438226246839e-05,0.00010352833947916134,0.0003765254905797624,0.000986430158659147,0.0019752133417071465,0.0032429241630846186,0.00469286135315824,0.006307755505928498,0.00799717063296746,0.009618034122332577,0.01285442675188973,0.013760644559903895,0.016935569977584816,0.01842154338110138,0.018909410245676897
2014-10-07,-0.000511721909636863,-0.0003168597456341593,7.688113882560357e-05,0.0007934439197193022,0.001871181832433611,0.003217280363387836,0.0047318211411755,0.00639236832511515,0.008117638476057946,0.009764788891622552,0.01308167302550902,0.014039735895117601,0.01705109566516306,0.01848020997303142,0.01892388542117055
2014-10-08,-0.00046010860313959196,-0.00017343862908790215,0.0003488652245850364,0.0012074668708198571,0.002406763407476863,0.003855915558141303,0.005452032406501627,0.007179496940919719,0.00894956888093296,0.01061912637760265,0.013970368006769616,0.014674665353127158,0.017780616829910396,0.019286329631045897,0.019758517935795427
2014-10-09,-0.00021376910725719547,-2.3825242437664667e-05,0.00039114657448769297,0.0011454765751965118,0.0022681161080562243,0.0036584418300516144,0.005210545735641874,0.0069018994598499545,0.00864093918456697,0.010283298745679306,0.013571202576513544,0.014189189279569771,0.017264242812753954,0.018775780487331497,0.019259310268357303
2014-10-10,-0.00053309072333401,-0.00022620355769389694,0.00030242942905872095,0.0011669929487838578,0.0023798417192048456,0.0038479131575514416,0.005462167797961579,0.007200215092021468,0.008969877114669296,0.01062410004297062,0.013937104018036939,0.014360109459569191,0.017399701733428724,0.018905885166328597,0.019417419240114107
2014-10-13,-0.00021879556165017465,8.216294604456603e-05,0.0006233961908300146,0.0015115812483551326,0.002758848323534282,0.004268217950110764,0.005932906343864333,0.007724709090658628,0.009536419947418379,0.011217997784586937,0.014592708165932888,0.015143124253760508,0.01832612494620262,0.019870234880908617,0.02038439306770312
2014-10-14,-0.0003443801302470713,-0.00018487074413158508,0.00022614685650904694,0.001016815183724712,0.002209742291126756,0.003699510816863164,0.005365059523178663,0.0071674020002895815,0.008987937533133502,0.010674127427317655,0.014052867879816688,0.01459946455741029,0.01801193167408138,0.019657496873433933,0.02021425976579021
2014-10-15,0.00013593582402942012,9.1259327024815e-05,0.0003112769134265001,0.0009151653123113888,0.0019516010541720846,0.00331470387536694,0.004874071833015658,0.006590759004354072,0.008337473555374045,0.009968993689830855,0.013236518398754876,0.014271277369157672,0.017609415948845415,0.01918598541233701,0.01975086023482956
2014-10-16,0.00020397748132767784,0.00015656962271958365,0.0003758644394548039,0.000993962753445909,0.0020531848431704254,0.0034337249145074147,0.005012669084299173,0.006745493408358614,0.008508697291080112,0.010147438156631366,0.013415007301610743,0.014387536785009406,0.01787269681406392,0.019475351493257676,0.020056770633444018
2014-10-17,0.00027222405579232297,0.0004656738569077482,0.0009281952463342984,0.0017706255699458248,0.002966543244974516,0.004415444025144745,0.0060223855884077755,0.007756341586617938,0.009517442913126235,0.011142905919840613,0.014380316470702023,0.01522603098446279,0.018695803408286207,0.020267310368037736,0.0208600725538067
2014-10-20,0.00019571318523395017,9.70919403678759e-05,0.0002708116650602654,0.000833273656432681,0.0018223337569783428,0.003128056745819131,0.004630835919693205,0.006289277718197493,0.007990588301016423,0.009582674735734384,0.01276028099968425,0.013790789725967634,0.017155357930590448,0.018717991085101603,0.019294988243734858
2014-10-21,0.0002122893283714863,0.00017471440561490242,0.0004044874162233282,0.0010184649956877588,0.0020254447703712424,0.0033210208794898994,0.004795719036552897,0.0064221986193133,0.008095690157006862,0.009662985636310361,0.012773255536613315,0.013556490038457278,0.01707130151297634,0.018690712361490565,0.01931132571800392
2014-10-22,0.0005571946672786078,0.000655733840552555,0.0009865496776071878,0.0016670390617967675,0.0026825849484348767,0.003935636996999971,0.005342124986446114,0.0068933728199613966,0.008504546992425883,0.010030565426107281,0.013041833836109726,0.01363670983611887,0.016942947246008318,0.018447527312263356,0.019021845473689975
2014-10-23,0.000375196568112993,0.00046817062348118374,0.0007941270744509574,0.0014838304722734098,0.002534353637204226,0.003830309377466785,0.005285283868753169,0.006876796571865131,0.008525834195792932,0.010094321383199233,0.01322709786890262,0.014255884843135645,0.01743980707735598,0.018911144496027016,0.019439243676648326
2014-10-24,5.633608470338074e-05,0.0001923299761110702,0.0005463442820345837,0.0012639584440450589,0.002352608187021003,0.0036931778955634612,0.005191444258681901,0.006818546275196589,0.008495392689404751,0.010084166564067723,0.013277957739013488,0.014549514450187626,0.017547721630958947,0.01895498113490795,0.01946882275708889
2014-10-27,2.1007311815724903e-05,3.672816150857049e-05,0.0002806639078831786,0.0009025812349298533,0.0019272724677834464,0.003231308534530155,0.004708900005959436,0.006326297873373072,0.007996992087511616,0.00957922636649912,0.012753443243667374,0.01381547652961876,0.01695636782803898,0.018388590888053617,0.018951837762119193
2014-10-28,0.0004687170765180339,0.0005032961805202773,0.0007432257964291305,0.0013335213729405997,0.0022988592444415515,0.0035168836348479695,0.004899004540729496,0.006423672123946725,0.008015089494373892,0.009542462019192855,0.01259210098060435,0.013578364403715897,0.016416871536073768,0.017728601080142223,0.01823678833837764
2014-10-29,0.00021358732768119457,0.0001659125299867171,0.0003430968276615016,0.0008943788026853816,0.0018499247453143631,0.0030823675621775098,0.004486426703550879,0.006036880598265972,0.007648572951985082,0.00918990162754994,0.012267976931079819,0.01317495832766417,0.016133112710024898,0.017588383250337132,0.018116593441639968
2014-10-30,-0.00019025440432113815,-0.00032142457199613953,-0.0002311193754476438,0.0002398574675249786,0.0010880388212258403,0.002254243271820478,0.0036076194329358663,0.005082182314194723,0.0066699308891421845,0.008264479466282742,0.011456053441768534,0.012007579994739856,0.014897643511730795,0.016360815111653174,0.016900427143235027
2014-10-31,-0.0003856348487462192,-0.0003590549176473965,-0.00013373744826014567,0.00046153354993861936,0.0014027743435908449,0.002634175418319602,0.004034842935730834,0.005542467611861039,0.007155395637933969,0.008767307229679416,0.012005580949228831,0.01258255734220745,0.015445469951033623,0.016929800819531125,0.017456229588157443
2014-11-03,0.0013108525349912943,0.0010446868280376547,0.0011697621012067086,0.0017618276849157163,0.0026646113491197235,0.0037885206586445366,0.005053561958312186,0.006427420068669733,0.007924524239559801,0.009436149418618641,0.012437804935720031,0.012784827557678815,0.015361594655457144,0.016631135649044164,0.017096609572117036
2014-11-04,-0.0006868852607965991,-0.0004732298476065172,-6.930547591690826e-05,0.000708639453830148,0.0018131782150314739,0.0031752495726273104,0.004682344068471554,0.00626196745198831,0.007921669796521556,0.009552461624379546,0.012858221735280777,0.013720382365135031,0.016527003346166528,0.01800318290589014,0.01849974366489799
2014-11-05,-0.0002875279134368832,-0.00028896588452966866,-9.872843251766516e-05,0.0004671937070922468,0.00140993240199094,0.002640279752892797,0.0040451055647667345,0.0055500776169261756,0.007149858970493502,0.008754872729781,0.012007537357049276,0.013125037207765772,0.016132382560775167,0.017716883884634216,0.018281641495007748
2014-11-06,-0.00031175799348169683,-0.0003490880826805856,-0.0002249839397265856,0.00026158695444257794,0.001121405733392343,0.002279459212201458,0.003614834549831013,0.005058955511353325,0.006612078319221504,0.008189413568500918,0.011379369590591298,0.01229484121391242,0.015220093905258638,0.016794175170655044,0.017352226982902886
2014-11-07,-0.0006140372247337352,-0.00044865548869758983,-0.00014864023016229446,0.000557787289863203,0.0015263158963832585,0.0027831189094663887,0.004214179115359447,0.005736912540739983,0.00735315738953745,0.008971688560416104,0.012249382830257668,0.01310053871215023,0.01620922716661703,0.017887266494227453,0.01851130282427848
2014-11-10,-0.0001407105015143391,-9.213313108651352e-05,0.00018179123358790704,0.0006893112945138074,0.0015555371728288542,0.00271893523847256,0.0040678656290462495,0.005525294589009888,0.007086631823068716,0.008663444453889044,0.01183350435470999,0.012561584641130745,0.015725200508133964,0.017429041391775424,0.0180747193298076
2014-11-11,-0.00036594548508933774,-0.000248825845695899,4.897908336426904e-05,0.0005680114742315709,0.0014338907606102997,0.0025897999161732135,0.003921821894156749,0.005358140215611178,0.0069007345771689545,0.008464963620297429,0.011627159782692612,0.012476265072052116,0.01566823872398829,0.017430375008194585,0.01808449241139258
2014-11-12,-0.00045709502000509955,-0.0002660334649611265,5.052498651386824e-05,0.0005542339232793492,0.001355661138718041,0.0024235029760136914,0.0036588681247162,0.005002285736114653,0.00646550983578722,0.007965058264778497,0.010992460440748116,0.011579141626211337,0.014688999185062687,0.016492971844664056,0.01716504442326329
2014-11-13,-0.0008078338737740299,-0.0006456668499550903,-0.00042550106905777404,-5.5774435872425364e-05,0.0005867964418548911,0.0014912747027019855,0.002561883888318925,0.003750808600979585,0.005080077005081609,0.006490141803268287,0.009361004383717116,0.009783552204877874,0.012698177415591842,0.014564866063020314,0.015229789802966813
2014-11-14,-0.0008645888486928026,-0.00033769060523797224,0.00028293110739463707,0.0010636938298561548,0.0020524235785066213,0.003227176103531653,0.004516894251151635,0.005883217716304128,0.007357429511011697,0.008852175131357005,0.011889657649904926,0.012420458260044443,0.015241611090150318,0.01705067597359141,0.017613129724109056
2014-11-17,-0.0009850356105434435,-0.0006188697876883694,-0.00011824810789369915,0.0005714545950847398,0.0015338532435601035,0.0027276756890002984,0.0040523940172333475,0.005449095253573217,0.006941399240743989,0.008452290720047072,0.011534505846021436,0.012198621276003671,0.015191585016668516,0.017194340292275002,0.01780845071771004
2014-11-18,-0.0009017666619217734,-0.0005799273018703957,-0.00011170756831918978,0.0005596317593457411,0.0015338007206348032,0.0027625051188891496,0.004143460250741188,0.005593442468935404,0.007131352536907812,0.008670040042276183,0.01180324619053663,0.01256473930731421,0.015476281315266543,0.01741954381824049,0.017966982302639167
2014-11-19,-0.0006983863024701373,-0.0003756577705687354,8.79364152665107e-05,0.0007493291529141978,0.0017135212799944898,0.0029356176895602997,0.004313193094982222,0.0057610075970687315,0.007294594287927409,0.008825989285133737,0.011947636938286653,0.012765231299998566,0.015639633229526665,0.017559548309374763,0.0180945868964304
2014-11-20,-0.000645283706683556,-0.000383648613506296,1.4305703419908143e-05,0.0006134349339888166,0.001539917971602691,0.0027454575118610242,0.004124780036287773,0.005582513550688653,0.007124079209566075,0.008663471492063052,0.011803456009279945,0.012733131097583682,0.015675114115405557,0.01764553268831133,0.018190571442518632
2014-11-21,-0.00076015556371986,-0.00045590068806789755,1.1720378940803218e-05,0.0006880574036125127,0.001692372567514043,0.002972695003661828,0.0044241814537045844,0.005943983077314912,0.0075374536968881274,0.009110011297666493,0.01232414108927085,0.013358116952426781,0.016176592422542775,0.018095591048591902,0.01847754776485028
2014-11-24,-0.0006584186741361092,-0.00047955500794426905,-0.0001356070715126654,0.00042502655223755127,0.0013403342938350684,0.0025581969200198632,0.003960133744301147,0.005438607141647249,0.006997816833927621,0.008548678828218461,0.01172046021007523,0.012773631027353865,0.015591393630329442,0.017521959028024336,0.017960991854677883
2014-11-25,-0.0006796800190780916,-0.0005002401402710581,-0.0001437705735691332,0.0004357123212506177,0.0013637407500540293,0.0025856630232661414,0.003986758042461373,0.0054622063741413245,0.007021207312320288,0.008577284661010943,0.011760236259884664,0.012801799442063415,0.015535271532971403,0.017407336465719653,0.017899024103060986
2014-11-26,-0.0008512683036891958,-0.0006934169631191874,-0.00035656452742904767,0.0002070901848903803,0.0011239060692605546,0.0023430733185482487,0.003744060147355431,0.005217234504765588,0.006771295702170898,0.008314640472995585,0.011480734788640137,0.012454327426355752,0.01525564659148359,0.017188617362797635,0.01770469737238947
2014-11-27,-0.0005582607369617705,-0.0003761930293104213,-1.9684034963153856e-05,0.0005586300209433349,0.0014848276295720887,0.002709359318699629,0.004113960928177197,0.005587883063818912,0.00714360444309822,0.008678207899360293,0.011813577581933804,0.012728934438050848,0.015420519742072543,0.017299348571588238,0.017763531601678643
2014-11-28,-0.000440613449355814,-0.0004542374286199209,-0.0002879397227019847,0.00010924585152334836,0.000890001847331382,0.0020011282664447972,0.003319759661666147,0.00473213400711842,0.006234998350119037,0.007737803502295386,0.010806520074508452,0.01178670402365238,0.014565079641675133,0.016450835510437068,0.01695194582603089
2014-12-01,-0.0006584024840896359,-0.0007187676344367201,-0.000576973789662255,-0.00018300607370471344,0.0006227405912254306,0.001781794612864155,0.0031611779698712413,0.004632115490226643,0.006186203942435935,0.007729841203820432,0.010893585837760287,0.011982192292552443,0.014864679575711196,0.016823341881614162,0.017332229355469773
2014-12-02,-0.0010314810508370961,-0.000867402614888066,-0.0005728355077383832,-7.113508111119594e-05,0.0007905982687667288,0.001969537898400005,0.003347758987737193,0.004807544357377999,0.006344353016256978,0.007883927113232056,0.011073159637215254,0.012350426200529804,0.0153051857282842,0.017344074191730285,0.017886712423067518
2014-12-03,-0.00012701820893213292,-0.0004056528807128283,-0.0004384379129165813,-0.0001850865182642598,0.0005176707662951678,0.0016014131518565858,0.0029272886924599,0.004362433710662952,0.005893589520585437,0.007421940014697735,0.010519341039211408,0.01164122755014601,0.014383586089228767,0.016204259177017486,0.016645714965664013
2014-12-04,-0.0003849539972079935,-0.0004590905434484549,-0.00029553097257888577,0.000149540302121119,0.001009798912143698,0.002217416367042921,0.0036486031135923775,0.005171081946559561,0.0067835990470996,0.008369595891584541,0.011583654426438054,0.012663426865226465,0.015374374132907785,0.01717742473994525,0.017599559803460178
2014-12-05,-0.0001677347875255734,-0.00041516780043554893,-0.0003621743281795481,2.055687892678923e-05,0.000871873942696294,0.002111970715741414,0.003606113537272437,0.00520204095376506,0.0068907487238864225,0.008537210485820604,0.011853392930149668,0.012986083232335384,0.0158159105188064,0.017572757153990003,0.017951053853760158
2014-12-08,-4.568378500560642e-05,-0.00029246731580313996,-0.00023224627987415678,0.00015277924291242801,0.0009843685420357436,0.002186954539352954,0.0036329735377671267,0.005186009100962811,0.006844236012881307,0.0084732320413459,0.011736098078580653,0.012563087141253017,0.015251214098616843,0.016944878623463118,0.017342299605519227
2014-12-09,-0.00015800530215848456,-0.000317408987297918,-0.00019085820785641298,0.00023733986915336206,0.0010797053761459662,0.002269641876643169,0.0036923914535114863,0.0052226126681746985,0.006863610618494481,0.008489507042162815,0.011757489800604825,0.01257526187208986,0.015177223447212894,0.016824340988106114,0.017237930482836332
2014-12-10,-6.718299826383108e-05,-0.00021627458288702578,-0.0001029812698044092,0.00029956641996139717,0.0011184929370270087,0.002286978045491824,0.0036877384021843022,0.005192559553231811,0.006803524118204453,0.00840401064403123,0.011622540888056539,0.012441361240261373,0.01505623302769877,0.016710901506955325,0.017145614566744363
2014-12-11,-6.35938099378578e-05,-0.00020989830327888129,-8.688583533858046e-05,0.0003278674742528551,0.001164464426977413,0.002355126814086034,0.003784037736214532,0.005318960920796271,0.006953403701996686,0.008572111138158157,0.011834003930517001,0.01281402687429829,0.015510788219446393,0.017136936793542872,0.017579921538942424
2014-12-12,-9.753390616150506e-05,-0.00015432632998058567,3.934604944307233e-05,0.000523929713433875,0.001426510920014464,0.0026793946428732922,0.004164156945908036,0.005741523634062854,0.007402475703622508,0.009036642777696493,0.01234212018348549,0.013496771557720123,0.016297280255077387,0.017947956680133752,0.01841284160347914
2014-12-15,-0.00045591713544529617,-0.0007230347580039287,-0.0007416630410775459,-0.0004687605452169304,0.0002541717055276301,0.0013653438216616864,0.0027418875733631414,0.004241973495316657,0.005855462098678487,0.007478686062770779,0.010778062522634026,0.011710280765736035,0.014442983684333064,0.016128612594327255,0.01659949281792172
2014-12-16,-0.00021935957288306054,-0.0003872952726365946,-0.0003192800173040687,1.9043385571658613e-05,0.0007613781441790244,0.0018523111524310692,0.003194575740681428,0.004661797415693113,0.006251892501137719,0.007857955868456914,0.011108184150804265,0.011937117750926467,0.014550362455564425,0.016170719255420053,0.01661744940332526
2014-12-17,0.0004125692116776258,0.0004218664713001157,0.000617608811523523,0.0010278432591427152,0.0017572646000873571,0.0027698382331520937,0.004010572564917612,0.005381584227293042,0.006887824076861081,0.008431008694791757,0.011537719991671485,0.01232039591717881,0.014839798841517137,0.016436975784133737,0.016888993611351065
2014-12-18,0.0007417233981374261,0.0007744895289112598,0.0010305376858185948,0.0015032502573653224,0.0022717984662972966,0.0032915790758792193,0.0045259541439331375,0.005889042415659491,0.007391326413057686,0.008930739879722706,0.01200654114968036,0.01265088583198781,0.015062053307990804,0.016563746684219467,0.0168588252025039
2014-12-19,0.0006599585449891324,0.000539573876235904,0.0006138449681444275,0.000896487141789136,0.001507306915024881,0.0024029436363557583,0.003534620489310217,0.004811608848256928,0.006237191457977013,0.00772994110254313,0.010723922974032385,0.011479103250513153,0.013924855271003272,0.015461851069105585,0.01592499362604891
2014-12-22,0.00040474981968765535,0.00034104833087188565,0.00040642531783357253,0.0006396795654295072,0.0011806749792350958,0.002001327751898556,0.003052695431612904,0.004252243950675889,0.005603141302227443,0.007044388557827056,0.009954212852054802,0.010933407158542881,0.013392841286694554,0.01501440728334382,0.015536939698800586
2014-12-23,0.0004398091599709934,0.0004572235770428771,0.0006548707905042092,0.0010501977431888552,0.001738923998952968,0.0026835840431290573,0.0038450907033975757,0.005145523253946455,0.006596737804087782,0.008120722214082391,0.011173950025883225,0.0118282298173771,0.014251803305350374,0.015749184443099973,0.016180328287957717
2014-12-24,0.0004046817123349555,0.00031320722753091015,0.00037745549609505204,0.0006207498997538932,0.0011651098388136343,0.001979928879006645,0.003023201179659897,0.004229563077018264,0.005600169827373651,0.007092340720285147,0.010105788178538988,0.011016187001760658,0.013599837640252209,0.015193063239491891,0.015683042086052177
2014-12-29,0.0004507213290915349,0.0003820558012067693,0.0004586182908619521,0.0006986947592206249,0.0012099304517626144,0.001968208292874327,0.0029432003763748015,0.004087280684996755,0.005410552114929655,0.006879789528545376,0.009835173058314555,0.010486195546123813,0.012907312435429226,0.01444769163237398,0.014918285287280161
2014-12-30,0.0005364035239200351,0.0005033939410943662,0.0005630374974973226,0.000748991302319351,0.0011599865972553905,0.0017881312904120493,0.0026169333311120355,0.0036258383655455194,0.004829574164394071,0.006218487514391531,0.009013950368374544,0.009638820552314582,0.012025772673709462,0.013588946831146627,0.014103086660652459
2014-12-31,0.0007707628049098607,0.0008190847582768446,0.0009906837365043185,0.0013017094417428381,0.0018186719229241924,0.0025194287119561054,0.0034106234143905156,0.004471779208214916,0.005721330548178848,0.007132593538148237,0.009961819559228051,0.010538087731164979,0.012948680989055085,0.014442890761863256,0.014927456677065031
2015-01-02,0.0008770367299862896,0.0009903986673589751,0.0012195297038154528,0.0015793546542994575,0.0021094433896538217,0.0028142001524952102,0.0036945073845918285,0.004737129597401856,0.0059665507012582105,0.007368565522249822,0.010184998374020529,0.010642068798845324,0.013017337184884865,0.014503677581980703,0.015008321383933633
2015-01-05,0.00042711066354397586,0.0005944116407572487,0.0008697962294122901,0.0012803556478267672,0.0018776529001381238,0.0026292687267384443,0.0035224553263671194,0.004548941360243225,0.005752315225694378,0.007131152295182865,0.009910978214211472,0.010278460293686436,0.012580557479383131,0.014089392809862709,0.014602346785164037
2015-01-06,0.00012666502714232924,0.00032418982624724256,0.0006128807742756871,0.0010492401542581031,0.001715168173888254,0.0025715803903154947,0.003594651175173225,0.004752392885948656,0.006068182453103593,0.007540844573042034,0.010529958324221303,0.010945172055277239,0.013447268328579518,0.015052737619512258,0.015580535420821825
2015-01-07,0.0003332243650284791,0.00037864259037900154,0.0005356255551496436,0.0008484353632711368,0.001430355660223494,0.0022416369840278613,0.0032463103463230138,0.004404660455227542,0.005726135437587521,0.007223125898760112,0.01024351763309743,0.010466901077649086,0.012903651243552899,0.014480512813532376,0.015020891177142866
2015-01-08,0.0006246756681069675,0.0006734613505399859,0.0008559030437277895,0.0011931359454706134,0.0017784582513670033,0.0025743366914626983,0.003552110115314632,0.004686394096664482,0.005992271656690902,0.007477753686581993,0.010456603893050675,0.010383190300804491,0.012731835731755273,0.014222047681527798,0.014731172253760357
2015-01-09,0.0007098911898129766,0.0005303206526401324,0.00043469406582170123,0.0004944153063344745,0.0008538160029222641,0.001478169424770626,0.002311012287289563,0.00330949625965538,0.00448503910490549,0.005845712222261487,0.00857453242342109,0.008932488724494116,0.011306525462381188,0.012836081335772685,0.013376812989619265
2015-01-12,0.0004206549048676267,0.00039706863877319784,0.0004105425507651148,0.0005588978746943242,0.0009627445654635761,0.0015974287831877357,0.0023900552607160723,0.0033129537863059995,0.004394867522738591,0.0056652722620426895,0.008216147343858607,0.008595591826234926,0.010743297058632334,0.01222811208788396,0.012798944239182796
2015-01-13,0.0008050697528149969,0.0007790570910965024,0.0008039653188889742,0.0009519686844510748,0.0013370174321910566,0.0019399361773995178,0.0027067208789639374,0.0036166469463701613,0.0046917673757614796,0.005952194091993542,0.008454305313491747,0.008660878232020582,0.010668000211913418,0.012019428427210852,0.012538122076573881
2015-01-14,0.0007968124896102743,0.0008888159046075376,0.0009836387365253208,0.0011604769746468885,0.001545411275564029,0.002130005288670549,0.0028711185162349144,0.003759473123129603,0.004808181530731966,0.006058448567425788,0.008540290246688427,0.0087232832736134,0.010694285967945874,0.012013379833624108,0.012549159158923844
2015-01-15,0.0003861136163242761,0.0005276074677816358,0.0005944561013058115,0.0007102012208843904,0.0009925921590120106,0.0014452985810794198,0.002034383317855903,0.002777499342892563,0.0037012484103769163,0.004868092066794984,0.007203837525353908,0.0073778587631635716,0.009337676862815726,0.01076519609980395,0.01134627248316539
2015-01-16,4.491019831095533e-05,0.00034796619140123824,0.0005722286145845242,0.0008417768642074231,0.001247993563554763,0.0017926877649004798,0.002457109271793775,0.0032581139140883814,0.004221509866213707,0.005413054584811377,0.007827204609463938,0.008218851003367101,0.010395768446524794,0.011925854325986945,0.012552905254054426
2015-01-19,-0.0013130866659781595,-0.0013153620698148673,-0.0012694020932526749,-0.0010601012105378635,-0.0005788454994786422,0.00013345755473089546,0.00100201748122889,0.002006449990998037,0.0031621390399668037,0.004531531336718749,0.007357310288763183,0.007736861411508356,0.01020949607118166,0.011856992275108086,0.012517637858429844
2015-01-20,-0.0016383612403393694,-0.0013879180743259622,-0.001157614835127791,-0.0008325759978615008,-0.0002915262055516504,0.00045316024787477364,0.0013398707523583377,0.0023656573335703464,0.0035308164950995187,0.0049322741765080455,0.007836075162746512,0.008095256205538807,0.010604126964658362,0.012280057101704095,0.012959330003782838
2015-01-21,-0.0013354723569371887,-0.0012640991925489792,-0.001158651810634109,-0.0009164026344331426,-0.0004130320984037199,0.0003232447179764911,0.0012448784770148031,0.002328405109069294,0.003566621510698094,0.0050264710727542655,0.00803133211284064,0.008424862366942393,0.01100768789742831,0.012769770573311055,0.013472795703715078
2015-01-22,-0.0013458021813419765,-0.0010855439010195136,-0.0008572993408976419,-0.0005293896349378773,6.010298885672917e-07,0.0007237598832088282,0.0016130836827161518,0.002659635558367338,0.0038641986477968566,0.005299193663637292,0.008255186637720015,0.008729110618574792,0.011375332481825961,0.013143892258964108,0.013859039810038401
2015-01-23,-0.001204578102710616,-0.0009650215155181461,-0.000720615233155037,-0.0003767388681205917,0.00017488689697708784,0.0009265737830047853,0.0018503368451717208,0.0029279497341750324,0.004153522462894102,0.005580493122233763,0.008498263812804522,0.008824100348357993,0.011332571091330347,0.013023345098950433,0.013704086950812723
2015-01-26,-0.0011719331459368093,-0.000833128018104571,-0.0005621601071176763,-0.0002433736804685133,0.0002253325206817143,0.0008548268395613784,0.0016446390901491133,0.002595679810294753,0.00370860416791176,0.005061860235570098,0.007848479190288051,0.008351230767151623,0.010908507574962013,0.01263720423569863,0.013356206565450494
2015-01-27,-0.000849176647165198,-0.0006038364809145187,-0.00032479192051475676,4.2798666998393264e-05,0.0006071759163822892,0.0013772405138991434,0.002332911069071741,0.0034348318625767897,0.00466777239227071,0.006103621311075444,0.009023862924903064,0.009558837334971404,0.012013664655073633,0.01366565073863338,0.014389530696930344
2015-01-28,-0.0014262718824637425,-0.0012466605772518873,-0.001107251656620017,-0.0008661193679348874,-0.0003968892535411699,0.0002888529924766307,0.0011656651265999159,0.002200176069498987,0.0033860779790340027,0.004774849981064769,0.007628165149194021,0.008133255855312327,0.010678336576612782,0.012394589075824535,0.01309437995931586
2015-01-29,-0.0014290308332683037,-0.0011279888013644044,-0.0008562245896043131,-0.0004909783580409195,6.759928391848952e-05,0.0008177866986157699,0.0017422918763703,0.002819812642825005,0.004040703833007466,0.005456997642257863,0.00835247723425649,0.008703269788138696,0.011179307561461762,0.012896665843836466,0.013580610374837617
2015-01-30,-0.0010008551722205548,-0.0006454787285356106,-0.0003900233173519523,-6.91120458508745e-05,0.00036372455271485235,0.0009887732442280096,0.0017548751871677326,0.0026887201162335353,0.0037982855256802105,0.005126773027590617,0.007866247376280534,0.008393991776552407,0.010727459033830268,0.01238267628861507,0.013048940833277177
2015-02-02,-0.0015679949353527719,-0.0011552658645768634,-0.0008671116076711826,-0.0005697813146517764,-0.00024466406767931367,0.00021382075913796243,0.0007845471209394994,0.0015293839396644956,0.0024936520834618983,0.0037147975589656534,0.006268844819228185,0.006604247771071872,0.008957806022650387,0.010735711402397615,0.01145035984444975
2015-02-03,-0.0004364098633327972,-0.00022829079727661444,-9.377563729804283e-05,0.0001036451684839376,0.0003864991445435167,0.0008405673437909102,0.0014344840983087017,0.0022191481568788265,0.0032320056504169335,0.004496823086128498,0.00705129310947678,0.006699099946907455,0.008817382353222651,0.01045561850315511,0.011124232155795258
2015-02-04,-0.0014658081308625331,-0.000730005391959161,-0.00028767021361378905,6.231224145788724e-05,0.0003253965399863522,0.000641128173907121,0.001019059670697531,0.00155115818111677,0.00231468877199545,0.0033764513330153613,0.00560293560693016,0.004964715294644975,0.006901963598113114,0.00860759119569995,0.009306616626627363
2015-02-05,-0.001687268936621714,-0.001232369865147812,-0.0009073408564128632,-0.0005674878531504002,-0.00017293111113853986,0.0003524768708053971,0.0009845066830387649,0.0017755767851872762,0.0027660844318684557,0.00400526211205144,0.0065734477206417456,0.006021967630792212,0.008152622909559296,0.00997947530757937,0.010657004021010224
2015-02-06,-0.001409944265801765,-0.0009644685947629618,-0.0006509800823072248,-0.0003126433607364438,8.895381700459431e-05,0.0006353964936144053,0.0013086066435291058,0.002157768041575581,0.0032267624026726,0.004555835473738994,0.007293970600212137,0.006743119397378145,0.008905826224212564,0.010784807035615117,0.011483929505977259
2015-02-09,-0.0016882709321568094,-0.0011326717195346621,-0.0007181571002471778,-0.0002898961173565392,0.00013129379593921557,0.0006433679013094222,0.0012588803137183113,0.0020290040441969855,0.003024783788069272,0.004245322612009167,0.006772490355278922,0.006412994032059456,0.008231874340738528,0.009977879347980355,0.010658693759015821
2015-02-10,-0.0009191282940847666,-0.000613129711106254,-0.00034958008865695325,-2.8979539163433675e-05,0.000324706863044412,0.000775778370485576,0.0013405596067865835,0.002082037310468146,0.0030734198523456237,0.0043343399121401425,0.006893765700852093,0.006224327530100549,0.007934583358965642,0.009575683952297418,0.01025070069343328
2015-02-11,-0.001387538848064808,-0.0009157344152259626,-0.0005788400852578847,-0.00024389449931957303,8.560092163529187e-05,0.0004954230144529149,0.0010036839444794077,0.001677965693401782,0.0025869484474877295,0.003781498411838968,0.006244957559068367,0.0057714228301723285,0.007542017694878942,0.009210119146219605,0.009901002655181845
2015-02-12,-0.0013458267185973954,-0.0008021674311187224,-0.0004896470341103319,-0.0002376552343770163,-3.8660240681628096e-05,0.0002179800943260833,0.0005538086127382552,0.0010528604719111465,0.0017907203308395576,0.0028382584467697355,0.005011595344159659,0.004748038350291603,0.006478948094603959,0.008136959452171676,0.00884010304265686
2015-02-13,-0.0017253376162225792,-0.0011171960201301436,-0.0006994855406814509,-0.00029388775710841746,8.410678219402615e-05,0.000528856286244759,0.0010533442170880853,0.0017154708282750755,0.0025991942693678024,0.0037573043801496582,0.006148508357667626,0.0059343797121263545,0.007735626864677074,0.009417978751917805,0.010107914049158683
2015-02-16,-0.0015068147595998964,-0.0008744855883226425,-0.00042816903018010055,-2.379805945582677e-05,0.0003151667286386468,0.0006785585393475376,0.0010815510046398055,0.0016106508357268691,0.0023450431325865973,0.0033541983423308035,0.005428837831754593,0.005300353298687518,0.00686244237897739,0.008482707239035065,0.00915068120670723
2015-02-17,-0.0027023807433540162,-0.0019706664604064476,-0.0014591342958555275,-0.0009764388586524727,-0.0005301106910660505,-2.7442304534127542e-05,0.0005151740476895981,0.0011566967962521207,0.0019730927129013196,0.0030363504108007065,0.005278719446824359,0.005622579703002389,0.007522076625126417,0.009250945197718958,0.009958458250148662
2015-02-18,-0.0022562576387546206,-0.0016255196824521592,-0.0011859797976668126,-0.0007551203921520393,-0.000355508744372115,9.314031774752449e-05,0.0005791613209708669,0.0011660003913002534,0.0019484045599665967,0.0030024518342092014,0.005193330597959425,0.005428147390264095,0.007141487700218847,0.008729225637454296,0.009414005658468328
2015-02-19,-0.002561805952785273,-0.0015857608478727619,-0.000799923276362522,-7.878124542411602e-05,0.0005245812828114496,0.0010967940624179954,0.0016630182185373432,0.002305527953994631,0.0031300254243939517,0.004228292725285666,0.006529393769685484,0.006574006830036565,0.00815216518273976,0.00962715173200022,0.010302660846517892
2015-02-20,-0.002942078898756179,-0.002142893065834979,-0.001568377049574103,-0.0010472792112864253,-0.0005996697385349079,-0.00014581277815468944,0.0003064476682124425,0.0008384437885980282,0.0015569875285358205,0.0025472785511320753,0.0046398101147386486,0.00522360089431916,0.006792738411333457,0.008379590015843716,0.009084318259884023
2015-02-23,-0.0024276671632254623,-0.0019523697044608777,-0.001657709881959884,-0.0014004119315845747,-0.0011780574455690848,-0.000928308832014178,-0.0006496438038360593,-0.00027225845055759714,0.0003043044610138798,0.0011770429687579765,0.003003182995300575,0.003782410586400701,0.0055295742808626445,0.0071732012561130315,0.007884914322149696
2015-02-24,-0.002257368404075038,-0.0016092278096344653,-0.0010969205226672046,-0.0005723980231084644,-0.00010033843341794861,0.00036103719810234,0.0008023879099135213,0.0012858655291842862,0.0019369350832181462,0.0028300783322364282,0.004684519530390507,0.005059370116164759,0.006708460133316343,0.008309725581344928,0.008963441435799496
2015-02-25,-0.0028371926196338847,-0.0021422451088742014,-0.001664877878737126,-0.0012054023482443734,-0.0007990517209313247,-0.00039430447571202673,-4.1650522068777975e-05,0.000331118422077007,0.0008371779028228783,0.0015897516691092848,0.0032043751868784873,0.0039082051167687645,0.005576677250488186,0.007251443401354843,0.007948827369100044
2015-02-26,-0.002363225049089278,-0.00185853061310105,-0.0014637080154469406,-0.0010294379897364666,-0.0005758583175317772,-8.494458307664203e-05,0.0003760200949464315,0.000866095668895867,0.0014471973675492444,0.0022367835109427343,0.0038930323998393893,0.0046882557896645,0.006409874894909155,0.007746243259350332,0.0087498011976355
2015-02-27,-0.002508566540729181,-0.0021040869051607586,-0.0018105274456502972,-0.001457831790068347,-0.0010776391497361922,-0.0006396005876639528,-0.0002137043232046828,0.0002464715274267608,0.00083258646992495,0.001633198727271319,0.003322156664302336,0.0039825388500464975,0.005691989078969976,0.007356035944300803,0.00802930111147505
2015-03-02,-0.0031173177395740826,-0.002528246248461018,-0.002137497734203203,-0.0017533475962511346,-0.0013885910748291975,-0.0010003297730382728,-0.0006494910699461479,-0.0002853897806628942,0.00019054678155297987,0.0008796651361448104,0.0023704841736034124,0.0028305379699525767,0.004375655203479989,0.005952723473697142,0.006630003293935176
2015-03-03,-0.0028450403147207235,-0.002576132123865794,-0.002345690828232135,-0.001972140201054267,-0.0015144481647364483,-0.0009701268032215069,-0.0004324270740595069,0.00012324718004185897,0.0008344715613788822,0.0017019660814989335,0.0033305333413187078,0.0035019960355200707,0.004932739410560497,0.006416925369049127,0.00703426905350477
2015-03-04,-0.003423048269292818,-0.0027857731939323225,-0.002344071980630533,-0.0018629818484397955,-0.0013767152644205065,-0.0008456912561062707,-0.00033831139803203647,0.00017619789072734383,0.0008362585451816072,0.0016789051746939304,0.0032514474038089144,0.0036223300156559327,0.005206309508623593,0.006789643475302153,0.007419160861662761
2015-03-05,-0.0029568421043666302,-0.0026624628471693308,-0.0023560924305926607,-0.001856708153207486,-0.0012292805916095434,-0.00048199182478844525,0.0002845721724613431,0.0010725324982696499,0.001997675649507792,0.003036147557622761,0.004879280948852189,0.0050059049187333275,0.006483358989689351,0.007949347744171983,0.00850439001808328
2015-03-06,-0.0030158906270752735,-0.002565643073331676,-0.0022019215551773775,-0.0017283371633083381,-0.0012090141701531969,-0.0006236813420294854,-4.6870716050136885e-05,0.0005431126344458849,0.0012748408558416833,0.0021488385171109835,0.0036918822337814387,0.0037519918292715027,0.004972846285733866,0.006342143657313418,0.006871932188444428
2015-03-09,-0.0030330042120259994,-0.002515352401365419,-0.002094218419178085,-0.0015950141431669272,-0.001070826334546605,-0.0004870505123921033,8.9306283228481e-05,0.0006843932584417577,0.0014178167886452226,0.002291590959941419,0.0037987807017842764,0.0037030508948858376,0.004815368224295716,0.006113620258415041,0.00662277733025272
2015-03-10,-0.0031387341859866877,-0.002742498265225093,-0.0023966688884232905,-0.0019069486477100504,-0.0013380745402879627,-0.0006802682711554837,-1.7865643589467085e-05,0.0006552199563125369,0.0014593270309171992,0.0023797630429730223,0.0039974312724733825,0.004036060370375726,0.0052816557431130135,0.006631235890098814,0.007133926401994567
2015-03-11,-0.003619213468102322,-0.0031040746899724013,-0.002626265877124134,-0.0020142876097778315,-0.0013211891303235713,-0.0005432874999369205,0.00022904313264769048,0.0009980723586236627,0.001864881238699199,0.0028325841758449592,0.004539446666892254,0.004613684711573288,0.005914744893787492,0.00727237918416409,0.007751612383535281
2015-03-12,-0.0032786712252893353,-0.0029106422691673062,-0.0025370459740812344,-0.0020030256987210804,-0.0013604812455832375,-0.000621904363815371,0.00011726312826425896,0.0008610908803840349,0.0017131083000624778,0.0026673936514906853,0.004329881737252109,0.0042545493270095495,0.005425401649268853,0.00670324099299186,0.007146027521559416
2015-03-13,-0.0035763111133706752,-0.0032273316331703087,-0.0028565430491188258,-0.002288230554334081,-0.0016056218033845228,-0.0008259090293361361,-5.613820423930034e-05,0.0007094675769577161,0.0015725320351049916,0.0024151893224614585,0.0042318859246849565,0.004190566142709933,0.005326110320908498,0.006586960955200582,0.007027524321627248
2015-03-16,-0.002866828150407613,-0.0026023703108526168,-0.002300575558120616,-0.001825902854100124,-0.0012389006798794067,-0.0005564165971103819,0.0001274543278223008,0.0008361773668405412,0.00165103066992486,0.002477485672647139,0.004248111076517572,0.004217290795534092,0.005334684416344065,0.006518773940792746,0.006945198348802029
2015-03-17,-0.0029337071315997413,-0.0028392852658733485,-0.002665440569728743,-0.0022811123280402474,-0.001722773785286701,-0.0010276576262078791,-0.00029924657289136393,0.00046497502102183744,0.0013410190921635521,0.0022275164953294737,0.004109186427063915,0.004195143542682428,0.0054379728369125515,0.006681744909755369,0.0071093179446920255
2015-03-18,-0.003145211799451087,-0.002869771187657764,-0.002508109608327366,-0.0019534360121210735,-0.0012292594988726315,-0.0003613774100143735,0.0005457515568138564,0.0014835707551185903,0.0025079523909422815,0.0035091300278359667,0.005623327240359051,0.005711569474401787,0.007024942292835568,0.008249034231918414,0.008654640250154048
2015-03-19,-0.003350671914862046,-0.003165544430336658,-0.0028799415638872793,-0.0023577374741235602,-0.0016359381421612732,-0.0007497590653249605,0.00018551538419813313,0.0011501965957966221,0.0022074221854382716,0.0032390598691005527,0.005433248787578941,0.005822839198696288,0.00737948286199749,0.00874091498157296,0.00918478156719183
2015-03-20,-0.003062577776844116,-0.003016347213396435,-0.002895907439265729,-0.002535663627663691,-0.0020055870071825845,-0.0012744014014543668,-0.000468687682836552,0.00039457644700954206,0.001373207084530928,0.0023510551013591918,0.004440227419615341,0.005106073012117501,0.006795562175945845,0.008207199500548127,0.008722560821868605
2015-03-23,-0.002728479951918902,-0.0026396403988278036,-0.002402965598685988,-0.001972422266188017,-0.0013496978413669524,-0.0005466783353410428,0.00032328463815868504,0.0012486811951442614,0.002293924460763006,0.003336265967387981,0.005531867248705689,0.006113832814693961,0.0078012053600579594,0.009137346410044274,0.009619564940136672
2015-03-24,-0.0031171424131958034,-0.00282886322489345,-0.0024488752427519076,-0.0018992630290558144,-0.0012050790144065866,-0.00036647064594831527,0.0005148731291199153,0.001438227561637812,0.002480195413460539,0.003532133576191692,0.0057793987268352125,0.006517539939744661,0.0082994990086913,0.009707772973381459,0.010213117134198653
2015-03-25,-0.003155410732644341,-0.002926660807125216,-0.002659810089546513,-0.002269852360504709,-0.0017435791553393198,-0.0010723467591791402,-0.0003507024655491104,0.00043331080608386893,0.001357273126550446,0.002327613188687896,0.004423285611342731,0.005172044754400614,0.006950294260454782,0.008296634882800295,0.008844362772727703
2015-03-26,-0.0028695983273874944,-0.0027584467845153133,-0.002551594758073937,-0.0021868998885889116,-0.0016707914600793566,-0.0010081626573048025,-0.0002883731831679145,0.0004959421055282703,0.0014319083594986637,0.0024149552028018607,0.004504413015980469,0.0050125033700576796,0.006645945282713356,0.007865405847175343,0.008361340465891463
2015-03-27,-0.003226526724152008,-0.0028725538642308964,-0.002521230422229075,-0.0020857123283778154,-0.0016003687681854092,-0.0010347780466483298,-0.00044753224876771476,0.00019275897532327794,0.0009988108623815678,0.001882803594487707,0.0038158756628192433,0.004313532053320145,0.005812503169588857,0.007033196722091432,0.007551843996829829
2015-03-30,-0.0030655823004626785,-0.002740999197565766,-0.002392271765694107,-0.0019472425574593552,-0.0014159868256863424,-0.0007860616404440879,-0.0001154710487215393,0.0006163083342401951,0.0015077970894929182,0.0024599537065293376,0.004523565931949691,0.00499175849385669,0.006629179500757899,0.007847566934601974,0.008367231534825288
2015-03-31,-0.002750202246589969,-0.0023711748669867777,-0.001974636813603854,-0.0014948549260496158,-0.000934890230128268,-0.00028469642851688807,0.0004054555204769773,0.001163712172845058,0.0020737014508232588,0.0030593015195035885,0.005183323164925126,0.005933026480650071,0.007821187340717203,0.009151406264042249,0.009704239981551946
2015-04-01,-0.0027606881908176168,-0.0024257592520231814,-0.0020629403334525044,-0.0016000623845257636,-0.0010551374271461716,-0.0004159097985087996,0.00025370847574786976,0.0009804743048270734,0.001857730285642615,0.0027865563971250823,0.004793304905081829,0.005499640513524457,0.0072591753986725625,0.008518069877574183,0.00904523178875667
2015-04-02,-0.002425180870231543,-0.002114910726801246,-0.0017818595794824765,-0.0013791205046165015,-0.0009041253538877738,-0.0003357100092002276,0.00027647661684510755,0.0009615149236163255,0.0017991829521302116,0.002674552847275834,0.004556438415557996,0.0051015885410961356,0.006700476448995537,0.00791017130164284,0.00843992143239151
2015-04-07,-0.002518729208255916,-0.0020639189776118913,-0.001715811282699619,-0.0013705054532621133,-0.001009696889503183,-0.0005647202158064926,-7.714839251283688e-05,0.0004831288633788053,0.0012023913786497872,0.0019650593538803104,0.0036347355259334665,0.004109814573604523,0.005581084629887703,0.006781330917505496,0.0073279463482061255
2015-04-08,-0.0021027280973062636,-0.0018907139306032772,-0.001559022679142415,-0.001087276785281111,-0.0004726693174607565,0.00030263107859911207,0.0011578153870636203,0.0020828367799774956,0.0031121773440890496,0.004085880876454324,0.006129358473301603,0.00635468321150732,0.007887115145013708,0.008989606069818357,0.00939835551176883
2015-04-09,-0.0025917380245773776,-0.0023844553041233083,-0.0021498747432044515,-0.0018395999249554882,-0.0014628027499286108,-0.0009849187967299641,-0.00045769624728532807,0.0001356815140643215,0.0008751216929996692,0.0016246647065313456,0.0032492254321185438,0.0035744476857434196,0.004979246535788328,0.006234133577399744,0.006690445602474058
2015-04-10,-0.0026526510325392337,-0.002471276973056085,-0.0022516126459538786,-0.0019529671516719017,-0.00163251612024529,-0.0012641523885708525,-0.000870886282943359,-0.00042171310442393575,0.00020828407964560005,0.0008607272887756969,0.0022654057551300486,0.002143933311034991,0.0031610490925911314,0.004138938195189222,0.0045580892160544
2015-04-13,-0.0025224789434916193,-0.002383279822772788,-0.0022177803194660204,-0.0019912597300301973,-0.001755224350060278,-0.0014775480795716132,-0.001175431634461067,-0.0008106108979557985,-0.00026891508137582366,0.00029848678424967815,0.0015302380875145834,0.0014777804475480947,0.002387395282243297,0.0032839745598256215,0.003693855601483942
2015-04-14,-0.002521706890757096,-0.002231185642605323,-0.0018953985278054042,-0.0015023259195096593,-0.0010958357911699701,-0.0006413989767912171,-0.00016045219976058823,0.0003814162053410949,0.001068570669677396,0.0017384312174943788,0.00317538213117889,0.0029596827996479745,0.0038132950981096636,0.004598099784184326,0.004970874684861135
2015-04-15,-0.002337600058878483,-0.002088131963663981,-0.0017779186963460857,-0.0014005271692113241,-0.0010188799783124635,-0.0006062793977007498,-0.00017328569870183268,0.0003148667460733132,0.0009574139514771807,0.0015890679097021738,0.002937468284409991,0.0028647374806816924,0.003712942182687232,0.004518157211222774,0.004861071298006267
2015-04-16,-0.002449936906344597,-0.0021350660168151805,-0.0017691788724390962,-0.0013525540253949539,-0.0009548866942597392,-0.0005546131968956454,-0.00015111172500288742,0.00030291670884233696,0.0009211291750532901,0.0015340304153958523,0.0028584487205663154,0.002537799523798275,0.0031923107094170445,0.00382171903595076,0.004133998965205574
2015-04-17,-0.0021672183933522707,-0.0018246722368312845,-0.001460652574642206,-0.001077356235403474,-0.0007366353857365698,-0.00041662644036234925,-9.950322530663308e-05,0.00027072752565805865,0.0008018041908139774,0.0013659273469433164,0.0025866408999645173,0.002503888235882928,0.0032474236134583828,0.003969815453475948,0.004297950486429512
2015-04-20,-0.0025392307015812566,-0.0025423056024089364,-0.0024361835377935785,-0.002202052162635122,-0.0018861580015221376,-0.0015056086414049286,-0.00111103153470988,-0.0006710514983055741,-9.152712493893267e-05,0.0005313583542672889,0.0018504168424722093,0.001905716193379768,0.0026228891652171193,0.003334845169278867,0.003616892853998868
2015-04-21,-0.0025744003726554457,-0.002408632904635494,-0.0021284406104621727,-0.0017497652882374122,-0.001344172480297867,-0.0009321454674716911,-0.0005466205354649118,-0.00013385509780949585,0.00040255928857442285,0.0009942581130629616,0.0022474375140071425,0.002232916230975865,0.0027938846981648384,0.0034690898456176517,0.00372438426443535
2015-04-22,-0.0025265183259478552,-0.002470550809367204,-0.0022559030905226537,-0.00191521651716789,-0.0015089893058053427,-0.0010713095641054977,-0.0006425214041976784,-0.00017982537768224647,0.0004061433836609732,0.0010276818580202082,0.0023321907563945803,0.00214845751911569,0.002675211710976359,0.0033415158370008287,0.00359491536670123
2015-04-23,-0.002701881972088337,-0.0023984961293443763,-0.001979091521836944,-0.00145546148876228,-0.0009319168628770156,-0.00042902960164926767,3.2938102634415766e-05,0.0005088257842958908,0.0011168330397156076,0.0017645800282805016,0.003141222405435636,0.002910384650123945,0.0033847348754642093,0.0040137823673865695,0.004254384504625313
2015-04-24,-0.0024985150524308303,-0.0022363673416062294,-0.001837869645520716,-0.0013348894138909828,-0.0008124883698809067,-0.0003022999481881392,0.00016362330729076602,0.0006580575625046738,0.0012833418464718023,0.0019666988726295288,0.0034104188813318835,0.002996762590921876,0.0034433187178985166,0.004035902703553257,0.004254988277129911
2015-04-27,-0.0028919592267452037,-0.0027131600704465167,-0.0023804585929283633,-0.0019129359276332334,-0.0013800671607150602,-0.0008323955000131642,-0.00032343917515964364,0.00020871979149883317,0.0008582410606408596,0.0015606970060453628,0.0030507277195718522,0.00290901782029311,0.003474925024945434,0.004104948601515237,0.004338226920308409
2015-04-28,-0.003076357985558647,-0.0028699707298062717,-0.002494731853504565,-0.0019640044358838725,-0.0013559376492775312,-0.0007258969416594553,-0.00012904749562647793,0.00048581637556816015,0.0012089627061897409,0.0019643049147633554,0.003562454215805103,0.0034422926845507924,0.004151435374511015,0.004873044032852842,0.005089839662406773
2015-04-29,-0.0031560575384882708,-0.0029224905760671595,-0.0025627173936861314,-0.00206657032389748,-0.0014911084764908699,-0.0008810301282552314,-0.000298926078441115,0.0003069896729414158,0.0010166689388075869,0.0017778301682883167,0.003392152655821281,0.003390755445539735,0.00421474142236923,0.004981743286398211,0.005162851724360291
2015-04-30,-0.003063885098518213,-0.0028184149721048194,-0.0024563650337225173,-0.001983132833464167,-0.0014788984590509858,-0.0009769783913090306,-0.0005110918205290104,-1.1646150619120261e-05,0.0006264986161968953,0.0013296587426358032,0.0028331938401050917,0.0025722029743053434,0.0032367686729167194,0.003948498676987877,0.00412569719714038
2015-05-04,-0.0031943805882527648,-0.003087008540874573,-0.002838593148202673,-0.002465521538558487,-0.002021957618318207,-0.0015611096602363512,-0.0011327010143707462,-0.0006719191282844385,-8.480711067411897e-05,0.0005644828106661994,0.0019515357579472647,0.0016350763067068772,0.0021758143756519356,0.0028679400466797176,0.00303135354075386
2015-05-05,-0.0032393697741991767,-0.002852900193395325,-0.0024307753754782718,-0.0019913264122756644,-0.0015692837260927192,-0.001186768876720519,-0.0008525933414126638,-0.0004937853683484501,-3.3942183752171595e-05,0.0005172008534749407,0.0017263424426972526,0.002130048144051498,0.002951657923052044,0.0038005989943085535,0.0040199493120632234
2015-05-06,-0.0029757577753559005,-0.0028192259465133805,-0.0025233114355089643,-0.0021402527098940533,-0.0017016857344169327,-0.0012535483755512175,-0.0008280808349929762,-0.00036658077491127293,0.00019715117230682225,0.0008284432539783894,0.002178080899977562,0.002495901725632491,0.0034140060999636153,0.004314544119895448,0.004520097806896951
2015-05-07,-0.0030096947197430475,-0.0027952933115435387,-0.002462030509491323,-0.0020519704166353687,-0.0015877416715502114,-0.0011188095421640933,-0.0006748371046656411,-0.00019264712678723913,0.00038168080658845056,0.0010336171489995077,0.002431107770883356,0.003015258983556359,0.004192739721090097,0.005247953423996166,0.0054676617524861415
2015-05-08,-0.003092718716556769,-0.0029255412824922833,-0.002690775397829324,-0.002426832808538161,-0.0021106340943749706,-0.0017772908794438996,-0.0014696982376391841,-0.0011167288306499468,-0.0006731499755719748,-0.00011556444872640035,0.0010850702099591387,0.0016407437691696456,0.0026473314494889167,0.003707170043012487,0.003922214415921398
2015-05-11,-0.0024293982325426103,-0.002441861147317596,-0.0022372261044377997,-0.001899175001277625,-0.0014639079384821264,-0.0009868491764187177,-0.0005091063696308195,2.15717202320312e-05,0.0006512539224960685,0.00132930649042768,0.002722740312896617,0.003132087013464565,0.004198131415364516,0.005206035822115774,0.0053380096703389565
2015-05-12,-0.0025261754665394202,-0.0023631406949243742,-0.002054166850715109,-0.001677166825415482,-0.0012594894478311065,-0.0008416304271087584,-0.00043950124749682926,1.7606978065665276e-05,0.0005686672240838348,0.0012041851546464792,0.0025411212940599404,0.0031109513135135877,0.004343344083490304,0.005400151147227051,0.005537650951960417
2015-05-13,-0.002616070830745326,-0.0024381455554567323,-0.002136698921338182,-0.0017706232364122529,-0.0013663318540553609,-0.0009614646228704572,-0.0005863055078681745,-0.00016074642044939638,0.0003590968548749803,0.0009628801389427177,0.0022371155186897843,0.0025705294194231115,0.0035828649639165163,0.004625777767813406,0.004732789514768028
2015-05-14,-0.0028218703167927246,-0.002704274663434253,-0.002522414874853007,-0.002308008100497562,-0.0020702410441628886,-0.0018333001612975712,-0.001624283920420017,-0.0013595541789442485,-0.0009830745319435825,-0.0004976429783197777,0.0005569098349210574,0.0009949126401238508,0.0019227149079480937,0.002952769988848899,0.003101981751477543
2015-05-15,-0.0027329257651147617,-0.0026595152434599712,-0.002523054843901587,-0.002346041446154582,-0.0021438456162947385,-0.0019444071271709647,-0.0017783743328340948,-0.00155610960011935,-0.0012060823168044857,-0.0007296746569641052,0.0002902493378085895,0.00048247372603472927,0.0012664376277089927,0.0022198035171450805,0.002337696993963413
2015-05-18,-0.0029074317626790994,-0.0027636538499049594,-0.002589415039105879,-0.002422066276102119,-0.002273506229157422,-0.0021630896624151128,-0.0020981835295710276,-0.001970153448703433,-0.0017130843554322684,-0.0012936636130951443,-0.0003735890426231576,8.835974587434589e-05,0.0009603458424285663,0.0019711370841603917,0.002134204439494955
2015-05-19,-0.002836159591054386,-0.002711464124036896,-0.0025740017131858986,-0.0024585316224210118,-0.0023547057641160694,-0.0022747075751086234,-0.0022278660098635356,-0.0021127709005946188,-0.001865104091816791,-0.0014634191681529914,-0.0005824387643114568,-0.00033268107632941646,0.0003389279910891456,0.0013141826787635637,0.0014681297249268114
2015-05-20,-0.002673830341957958,-0.002252705469334845,-0.0018520123629253888,-0.001490642183429645,-0.0012167399944312625,-0.001025508706876445,-0.0009039111251953034,-0.0007422051925096545,-0.0004585800870932188,-3.5598821154091034e-05,0.0008829343747099284,0.0010136829785701575,0.001633298652477443,0.0025279879242067218,0.0026528503676015018
2015-05-21,-0.0025644230294344207,-0.0023110344892091485,-0.002034701940084856,-0.0017830696817268468,-0.0015647433139288455,-0.0013813286286425647,-0.001223599748029271,-0.0010025782188423215,-0.0006633844333379718,-0.0002140545129914323,0.0007559457110645372,0.0009870926904746167,0.001788398046554356,0.0027605177061545806,0.0028925699286924877
2015-05-22,-0.0022553424130686553,-0.0018535900873136238,-0.0014369254754333077,-0.0010738808737840318,-0.0007981565342762104,-0.0006024933131365452,-0.0004536185936046521,-0.00024200132272909273,8.904896825299774e-05,0.0005407273114601209,0.0015242158226885204,0.0017614677701793427,0.0026064939711122367,0.003596588317406322,0.003747852741317008
2015-05-25,-0.002784674348806997,-0.002491791825934329,-0.0021731809869199375,-0.0018636082039055358,-0.001579938216957971,-0.0013245733742956733,-0.0011014141733416247,-0.0008272480279745123,-0.0004508447658106466,8.444636367871189e-06,0.0010059939414630828,0.0013692506693744522,0.0022875915704060694,0.00334839973878762,0.003498109889582539
2015-05-26,-0.002601478133713133,-0.0023380754666783147,-0.002030981208341434,-0.0017323991328940967,-0.001470831021983741,-0.0012497659891350411,-0.0010618270906235716,-0.0008208195313027559,-0.00047159497777569915,-1.829409089412759e-05,0.0009556815158774279,0.0014303251321352605,0.002385126905753145,0.0034807952968781506,0.0036587164358757246
2015-05-27,-0.0024293869691136318,-0.0021929514924976645,-0.00187313647979677,-0.0015412329326351928,-0.0012390949349402368,-0.0009778401683186414,-0.0007487418111142745,-0.00046772611989777873,-8.371204618169736e-05,0.00038664255571282144,0.0013740509458817106,0.0017279663987160867,0.0026224816689628828,0.003694829470030047,0.003870011217323923
2015-05-28,-0.0024913389592558883,-0.002273080306399551,-0.001982248344927462,-0.0016781380573174754,-0.0013910185466131082,-0.0011217044913266168,-0.0008741223976721214,-0.000573171256623184,-0.00016729778104225242,0.000322496209191325,0.0013507057739204288,0.001666121322546284,0.0025805875505141795,0.0036917598498767464,0.0038988604494603653
2015-05-29,-0.0019319681562160681,-0.0014275560731734104,-0.0008257835195647031,-0.00021777737417999217,0.000337735794678839,0.0008414184689849868,0.00131149215175037,0.0018246665742775623,0.0024213374297406254,0.0030486880090374365,0.004348018942013013,0.0046641769187775045,0.005823203611756136,0.007034918596404279,0.007256014153208053
2015-06-01,-0.0018007761958921931,-0.0013274720288229953,-0.0007078943402240453,-6.0306173725640415e-05,0.0005572697133449883,0.0011334612836363634,0.0016823995072221295,0.002272262644424458,0.002932885002123803,0.003586309937565261,0.004936618046965154,0.005147617379989296,0.006289383924405142,0.00746737655688921,0.007719293622877514
2015-06-02,-0.0017581904258255742,-0.001243592985737473,-0.0005435339189597315,0.00021271344249496212,0.0009718257474137398,0.0017121874875012217,0.0024373266078983927,0.0032024816252840416,0.004013020403958468,0.004772257219319473,0.006339631809656654,0.0067759237754861715,0.008195210177790463,0.00954217656067395,0.009809390746723684
2015-06-03,-0.0017662267576998528,-0.0013895929651136743,-0.0007084077396399658,0.0001271414094508505,0.0010483867013869929,0.0020083500876242957,0.002973755229743756,0.003973564385087072,0.0050145746758878005,0.005917236257482666,0.007765894313316571,0.007596547076964166,0.008837757356054018,0.01005062683205159,0.010281745298751564
2015-06-04,-0.0019293976542945933,-0.0012924444725214614,-0.00042356641715948556,0.0005484824454864044,0.0015583424362151505,0.0025751098120167194,0.003579330159210679,0.00460804269146301,0.005666653223398128,0.006596592398288987,0.00853202304886265,0.008756911552183225,0.010223485223671098,0.011592226809454606,0.011810466821406549
2015-06-05,-0.0019129981787430756,-0.0013493536058404273,-0.00053371753360886,0.00040442826392125906,0.0013762211584778376,0.0023479104668012027,0.0033011445092175806,0.004280741544969268,0.005319029501714624,0.006247983963159518,0.008170599660097762,0.008145033914795057,0.009214695013062022,0.010295537079922161,0.010522558850796835
2015-06-08,-0.002062838137721977,-0.0016244349423847454,-0.0009765233183915202,-0.00021089968507443735,0.0006283858250505795,0.0015160688878391843,0.002414934531370251,0.003353551875436962,0.004353608147743691,0.0052648654653943625,0.007165868380830347,0.007429237280616989,0.008707915522857585,0.009855969765396464,0.010084991833356462
2015-06-09,-0.002197156476743913,-0.0014955699522188216,-0.0005893091919686199,0.00042011510604056737,0.0014570896554279608,0.0024986236447920194,0.0035225421075517033,0.00455955673676735,0.005635967508528193,0.006605226084771978,0.008636601550091896,0.008907526936783658,0.010244074227520987,0.011387754732654683,0.011675865454991642
2015-06-10,-0.0020206422979976582,-0.0013443326483784123,-0.0003802966606323662,0.0007558511033676771,0.0019978750425530675,0.003309062988904315,0.004636523106412679,0.005969812437129307,0.0073024889398623435,0.008429081484025273,0.010781771623546132,0.011174255173602834,0.012794164886770003,0.014061234517534327,0.014329266787492322
2015-06-11,-0.001682399986105133,-0.001035358275273716,-0.0001413709158163851,0.0008986505421154025,0.0020545579253732843,0.0032987768156252416,0.0045839821951738965,0.005889953570565259,0.007194772580666231,0.008307083141849199,0.010627212430750734,0.011377334014339865,0.013232486126037188,0.01458982513568845,0.0149092257629971
2015-06-12,-0.001384520167471822,-0.0007672849792487537,0.0001165466292665574,0.0011452534816308595,0.00229142794976325,0.003516142950820724,0.004783951065594535,0.006082452095583021,0.00737939339283318,0.008505028052890188,0.010842348339060899,0.011801913372243985,0.013788019493778036,0.01519152716386063,0.0155100340154283
2015-06-15,-0.0014541436240827637,-0.0009970070529401118,-0.00027206865524510935,0.0005917833750380599,0.0015598129265836833,0.0025913154936337028,0.0036566386057058074,0.004764646263410659,0.0059000717495345115,0.006900376336319846,0.008981563027665358,0.009634703475372262,0.011301627238583986,0.0125093869106467,0.012847728730485123
2015-06-16,-0.0016446315659468572,-0.0011754133764038887,-0.0004203164700286486,0.0005064891528266443,0.001579523633720103,0.002749043933436274,0.003961839887696509,0.005208959765269272,0.00646608432801494,0.007567819765400888,0.009856946692813121,0.010560825815351527,0.012398878889525905,0.01367415006100342,0.013972650924194304
2015-06-17,-0.0018918414406903982,-0.0013732316987310896,-0.0005942961354412951,0.000343127734488952,0.0013954571233689528,0.0025183270411071905,0.00366481603388351,0.004837093637776707,0.0060278125507156,0.0070701687315350365,0.009246025447966755,0.009715318706122647,0.011263754341439629,0.012353882054355479,0.012627897294986317
2015-06-18,-0.002208209521863418,-0.0016758736811848351,-0.0007728390599316803,0.0003717545087506193,0.0016825825322173004,0.0030820142542706845,0.004505633984799681,0.005925407668839827,0.007326014865424961,0.008507977543002494,0.010963686403853189,0.011309219952844977,0.012901238878647994,0.013955644036658336,0.014183644189014404
2015-06-19,-0.002313624597761531,-0.0017377789219090122,-0.0008373097479376726,0.000268226630764688,0.0015171968992237414,0.002839772266616281,0.004183352611539832,0.005532711849355513,0.006871608682735281,0.008011283239068032,0.010402099924496606,0.010878117176711413,0.012521213560117761,0.013688594249298597,0.013947089746300712
2015-06-22,-0.002364665724581472,-0.0018759407037701441,-0.0010915610800370673,-0.00012375277357865055,0.0009829477745040356,0.002161106229814408,0.003366098996746446,0.004589089708749907,0.005821314707560081,0.0069011423857584745,0.009175160913823373,0.009839538369660379,0.011590815943272026,0.012822389205661651,0.01308145564053682
2015-06-23,-0.0018915824301611746,-0.001421996169905317,-0.0006291628924026452,0.0003534731962020047,0.0014670115185970646,0.0026464627959085114,0.003856313095425454,0.0050934728645671825,0.006337867147945589,0.007412624939249237,0.00965783600781462,0.010303872691086825,0.012065464189605975,0.013273705440916331,0.013553118799372987
2015-06-24,-0.002183232799225864,-0.001790104115417525,-0.0011266268287853916,-0.00029033494240996653,0.0006808865945086057,0.0017286606768945779,0.002814008279643261,0.00393523270241208,0.005082786233287536,0.0061118250981260745,0.00826883551416789,0.009103044544607895,0.010815674451997784,0.012002845489553339,0.012350851786392395
2015-06-25,-0.002107170554311046,-0.0015775559960065093,-0.0007978496614213745,0.00013733176794982502,0.0011758532889530318,0.002262482263243119,0.003378214232113909,0.004526962856687161,0.005704916825123767,0.006771998129562316,0.009004635459416972,0.009880003857232117,0.011520078330763045,0.012581400754370503,0.012952070372738772
2015-06-26,-0.0019668078126700425,-0.001400946815598157,-0.0005985179846764853,0.0003416357605617754,0.0013365580726585169,0.0023394553860045303,0.003356343558520009,0.004416195001861721,0.00553570071312532,0.006576994833507465,0.008754450286315755,0.009537293992322634,0.010985897975751672,0.011928169958413134,0.012318572343409329
2015-06-29,-0.0022861033525628945,-0.0020864918499968557,-0.0016426201167216142,-0.001025319219921495,-0.0002770627481278584,0.0005264989744232507,0.001374252256837241,0.0023058906661135342,0.0033426031686199648,0.0043377599236901505,0.006434644170326281,0.007162754388360532,0.008490051872454173,0.009381694343953056,0.009784359374657908
2015-06-30,-0.002178762619238573,-0.0019157465436555191,-0.001377609559720353,-0.0006333795581549861,0.0002340423069145204,0.0011535959775743113,0.0021182965064353056,0.003170399647900574,0.004331625103351145,0.005414566414906162,0.0076959692804648185,0.008283683357834588,0.009698847833960949,0.010619347424765625,0.011030764491458293
2015-07-01,-0.001797952651946611,-0.0012686701845966153,-0.0004079098296912205,0.0006983136894130862,0.0019213641564996716,0.0031777068279411334,0.004469956537151707,0.0058227366592071665,0.007257828804479413,0.008483575324997137,0.011080859126990656,0.011192451275322066,0.012617307514151388,0.013540376034059842,0.01389264612142534
2015-07-02,-0.0018414711428617761,-0.000996382026104358,0.0001554243380478121,0.0015293248068692698,0.0029935658894732495,0.004473139095745081,0.005977036304580082,0.007528918014029157,0.009130567019402135,0.010460802470534743,0.013323694061201166,0.013550307261253326,0.015337732965417645,0.016490729692326036,0.016836615399817612
2015-07-03,-0.001795501891923123,-0.0012687375427922675,-0.0004489768525860664,0.0006005714697504525,0.0017904645516552684,0.0030295451936451223,0.004305245778156915,0.005650064741914451,0.007058877862305166,0.008261206251061136,0.01084145081611473,0.01151282940730994,0.013332804557369666,0.01443221037837986,0.014867242100431709
2015-07-06,-0.0016159632170013858,-0.0011106557212601947,-0.00028545889459261645,0.0007937565371823837,0.0020615261308520585,0.0034092853674696257,0.004810054063293032,0.006266842640714228,0.007769453152776112,0.009063128844670887,0.011808557764007823,0.012942461617648782,0.015068766224575965,0.016320043806864977,0.016760562603127152
2015-07-07,-0.0014210082720451196,-0.0008168056512649383,0.0002074718025766515,0.0015693649866989475,0.0031427406391566414,0.004787752839611978,0.006458479965028887,0.008154347797103164,0.009875678453166666,0.011318318647809189,0.014359393840524828,0.014976222489723565,0.016987979431258002,0.018122433250701318,0.018511949264746155
2015-07-08,-0.0012350427735374155,-0.0006648497254260514,0.0003194127747884758,0.0016361081919924543,0.0031866796014459074,0.004828876153368125,0.006501858314752266,0.00820083201478494,0.009897298790685077,0.011312683724118845,0.014297714865730948,0.015268966617233036,0.017360342500874697,0.018518833864920658,0.018935942334424104
2015-07-09,-0.0013227023001825071,-0.0009336735651495669,-9.248625029683444e-05,0.0011165161692588128,0.0026232242987480328,0.004271984113548151,0.005971361089545365,0.007710612826093874,0.009455635186720952,0.010921600292692029,0.014015765297606862,0.014976648553906829,0.017110506929787057,0.01827887939398247,0.01867228412275916
2015-07-10,-0.0012983737260913201,-0.0010845545252420332,-0.0004433427418559095,0.0005513724375558375,0.0018223410796399133,0.0032194339194278093,0.004651131407489187,0.006134819611967459,0.007661455352447466,0.008999488860447841,0.011803671857009715,0.01274658640159603,0.014624769766809532,0.015663620465893147,0.016088394472169205
2015-07-13,-0.0015131076557401016,-0.0014153287816566576,-0.000830629043126063,0.00014592569692232886,0.001433904668678285,0.0028682670267095468,0.004351512346799457,0.005888603318383431,0.007467763546342025,0.008847610959826883,0.01172775801600093,0.012674694539700436,0.014596145707417825,0.01568128829293048,0.01608997207643483
2015-07-14,-0.001516719788660895,-0.0012635947009032947,-0.000583375680177688,0.0004924438560253309,0.001876164576557298,0.0033984656232364453,0.004955144647846479,0.006551493486329696,0.00816254511088462,0.00958159816713078,0.01253409028794442,0.013821547468659514,0.015988948869014134,0.0170819136380352,0.01750228542982212
2015-07-15,-0.0014828232603100759,-0.0013016950940195485,-0.0007126176636623583,0.0002528588785220137,0.001511839760034848,0.002907000113585008,0.004339344898789541,0.005820993415533117,0.007326067265652294,0.008661941306242328,0.01143623768963524,0.012763184656271024,0.01480918155357048,0.015892434163753074,0.016316104757662705
2015-07-16,-0.0012634114815970557,-0.0011651828306494263,-0.0006566400412926359,0.0002337909476297262,0.0014616440840030127,0.0028706359310973,0.0043506006778469535,0.005891531708773996,0.00743718711226552,0.008798033046861529,0.011610307491442413,0.013246944012642769,0.01553785106529153,0.016659540069077133,0.01709207952977376
2015-07-17,-0.0013276210654025499,-0.0012176337314931329,-0.0006497758286463382,0.000341969196663384,0.0016782521394463467,0.003190205108946527,0.004757608987851739,0.006374485939893074,0.007996636820972585,0.009413432534402874,0.01233097209172639,0.013565433455202665,0.015692109596846332,0.01671949426020155,0.017115986010787076
2015-07-20,-0.0015512561247620338,-0.0014726148857482167,-0.0009871254205096659,-0.00010711164792696681,0.0011170457929612484,0.0025294284075250287,0.004003052715685874,0.005527274256020982,0.00706202920515062,0.008421122884378504,0.011218314077722714,0.012549765327151335,0.014630911093449635,0.015667195460376825,0.016069725691398484
2015-07-21,-0.0014180451027580787,-0.001078365897237491,-0.00022251779808110306,0.0011071437905555415,0.0027954746444460842,0.004660825812795481,0.006567849077602295,0.00850080782720487,0.01041305983007412,0.01202576328577595,0.015363405924133627,0.016283656151584523,0.018508615767899944,0.01962352171290534,0.01997307017095103
2015-07-22,-0.001476086218417889,-0.0013037479873207725,-0.000648016578840757,0.0004580372267037184,0.0019357286715092322,0.0036169921147993925,0.005364129154115298,0.007161529277080313,0.008961840947424363,0.010513620435133028,0.013726397002688847,0.01489847634500995,0.01712288372918796,0.01833675951505116,0.018715563614159002
2015-07-23,-0.0014827864635305636,-0.0012294803947233719,-0.0004929752721453946,0.0006948475180867523,0.0022384597605246926,0.003975630744683176,0.005779242122476911,0.007633888629880276,0.009500126025458801,0.011104195855298567,0.0144262695055216,0.015468581228230634,0.01776067625745238,0.018991842793177394,0.01932300349442273
2015-07-24,-0.0015242169415051409,-0.0013221417645951472,-0.0006331786992316623,0.0005137775032467502,0.002033710219767219,0.003770303222997636,0.005588346316679059,0.007461354668244519,0.009335125703724025,0.010941980152295564,0.014270494284701226,0.015560538463231258,0.017994741541835196,0.019320541598467827,0.0197225102061752
2015-07-27,-0.0012844815578613416,-0.0010646971803328644,-0.0002834460118020769,0.0010015976857970618,0.002688149428278693,0.004601018888486181,0.006600364913331103,0.008642815050407178,0.010668159208170937,0.012373935365879876,0.015896072495397522,0.017185020070077273,0.01969978064398349,0.021036730568156935,0.021461366319444602
2015-07-28,-0.0015932331392810217,-0.0015756083558510529,-0.0010651211626205865,-9.31577740272909e-05,0.0012616701155450994,0.002837994696925865,0.004504618185989782,0.006237033594218895,0.007988278205828165,0.009523817238645729,0.012679656521920287,0.0142358439323292,0.016729227779793056,0.018059015736110167,0.01845775293315553
2015-07-29,-0.0018477628187662037,-0.001783123109558909,-0.0012610202874473197,-0.00029388547170144084,0.0010542834474398172,0.002625302344152176,0.004290189563377109,0.006016621491779079,0.007758329858995914,0.009296466841845633,0.01247006412870139,0.014122803616905277,0.016656977245902396,0.01800162769273193,0.01840989717344664
2015-07-30,-0.0022858219936284425,-0.0023205108314645474,-0.0018890556515773309,-0.0010299170610623227,0.0002682334963653376,0.0018220255400477044,0.003499006010634055,0.005243018695380685,0.0070022967529563395,0.008540954048644748,0.01174920297228326,0.013515053136499387,0.016102320068452015,0.01745292540887575,0.01791830676927495
2015-07-31,-0.0024970217709863437,-0.002420263481095432,-0.001910892242665497,-0.0009401802137103866,0.0003970500141637065,0.0020149792116083555,0.0037515956398131286,0.005567441116406301,0.007395574245838152,0.008979796824968158,0.010914973995941945,0.014030527017461868,0.01668611655877849,0.018156245590328413,0.018585892089942505
2015-08-03,-0.0024711771090072604,-0.002557282945298055,-0.0021350612620511197,-0.0011982534471378647,0.00014274908950466595,0.0017869782579573112,0.0035552514228031364,0.005403082510729642,0.007276489536783819,0.008888935204748682,0.010939209069471495,0.013551127335060247,0.016016948128234017,0.01738647651619608,0.017819802140558956
2015-08-04,-0.002971589975247816,-0.0029311172096454347,-0.0024610397439084036,-0.0015203052936673973,-0.00020474241251057632,0.0013978459241710515,0.0031134969975788805,0.004900075888599402,0.006715601324776567,0.008301871063273252,0.010309707528311552,0.013134463948189673,0.0156234896005858,0.017081819729351643,0.017511159375099797
2015-08-05,-0.0029010918292062663,-0.0030584541005287203,-0.002854829309905389,-0.0022460736258035547,-0.0013406927459589416,-0.0002063280544147144,0.0010138699780090645,0.0023226329470693204,0.0037186485007054708,0.0050221580517052665,0.006593297613034922,0.009275238590638698,0.011435532826503473,0.0127057890832509,0.013148457063413155
2015-08-06,-0.002967141449956001,-0.0028648474220823728,-0.0023859725149355123,-0.001498599721736949,-0.0003541767398137063,0.0009692655031582789,0.0023394725923616367,0.00376193532440948,0.0052476589106504375,0.006589177267370381,0.008135126067526439,0.010582360493097302,0.012532878700484052,0.013584170914772146,0.01400754999969827
2015-08-07,-0.0030510653485908597,-0.0028416452501422444,-0.0022704065490319093,-0.0012894994783175535,-3.8802383428817666e-05,0.001408509490049874,0.0029144008633624945,0.004475136814793806,0.006079184597777969,0.007499053528173838,0.00910917171003842,0.011855658230658175,0.014012414271924362,0.01528240373676706,0.01568306539346176
2015-08-10,-0.0026914318407260714,-0.0020081204575243313,-0.000956390231983744,0.0004956760397854937,0.0021736893369553633,0.004002515647544157,0.005866513706039035,0.00775675471033551,0.009664052218249496,0.011277361120047673,0.013022551101729275,0.01574199225100358,0.01806417824639229,0.019398907989056084,0.01978086507663832
2015-08-11,-0.0030251916905276173,-0.002632515083483933,-0.0019053305593564485,-0.0007895164030410297,0.000596719900731939,0.0021894460914856605,0.0038554606524067673,0.005581408237375223,0.007342642955978175,0.00886080499554744,0.010443775948646407,0.013616885787848554,0.01608553159326533,0.017657510486204064,0.0180586591556702
2015-08-12,-0.002885328690349308,-0.0025518319970985726,-0.0018971794704438646,-0.0008669768969800976,0.00041973434894221557,0.0019078625780516144,0.003472361329987349,0.00510517426070442,0.006787089204146349,0.008245531736917939,0.009754195997468396,0.012747870195760016,0.015105293087110597,0.01659135072580531,0.01699470966368285
2015-08-13,-0.002884207197583581,-0.002703561058721713,-0.00219538864421433,-0.0013076385468358443,-0.00015749784093145732,0.0011996960172541064,0.0026388189188930153,0.004156436796676502,0.005747331936199418,0.0071523206680708,0.008560676455345506,0.0114287523741423,0.01371285937456556,0.015224428672491654,0.015588986871486622
2015-08-14,-0.003026084832531167,-0.0027053086855549657,-0.0020780110173214414,-0.001087234286405754,0.00013830364189963912,0.0015503169689269369,0.0030269161750407815,0.004569406051630202,0.006169292799752541,0.0075759186566122655,0.008983759114203347,0.011902515396896528,0.014233504587644817,0.015746922987605518,0.016168408798826122
2015-08-17,-0.0024793116251172007,-0.0024166493187299763,-0.0019852813553865216,-0.0011482345610845611,-2.4766688240940814e-05,0.0013195709765335371,0.0027547374128932857,0.004275664479683569,0.0058652094362169555,0.007259914105526673,0.008685326254233568,0.011325849524229471,0.013546214675456539,0.015034380918365923,0.01542902075163341
2015-08-18,-0.002421680868456341,-0.002288554928194196,-0.0018017118550546847,-0.0009160445082513065,0.00023684459297331547,0.0015944824986890652,0.003034322826959244,0.004550350064435946,0.006131978852171413,0.0075085333837928165,0.008877061750052935,0.011420238765676416,0.013617928384537578,0.015123001223988103,0.015520156071803001
2015-08-19,-0.002714578679479124,-0.0026460656715657296,-0.002297727699743033,-0.0015956149420140262,-0.0006451798535473195,0.0005098670189990766,0.0017456746479160542,0.0030695633369978333,0.004470549119559632,0.005716273217124411,0.006796150077761129,0.009691770987789132,0.011873137313219272,0.01345214895352455,0.013896439843249552
2015-08-20,-0.002729217767619484,-0.002644890066784143,-0.002260407454674309,-0.0015061911606928946,-0.0005058753302532591,0.0006909147149277726,0.0019656772187187977,0.003329235376561952,0.00478259459529713,0.006082606685043481,0.007227267857725972,0.010012812515984121,0.012195068222291022,0.013788401044553202,0.01419462405613946
2015-08-21,-0.0026617201053759304,-0.00255832280617989,-0.0021682395576947174,-0.0014088975696326437,-0.0003949511570031296,0.0008313683481907996,0.0021491923057903248,0.0035619916950734433,0.005062659059282828,0.006388001447013885,0.007524543351790416,0.01038484681472341,0.012649794661788456,0.014309340793467174,0.014708833633907186
2015-08-24,-0.0027499082888262374,-0.0028324447083075224,-0.0026429705807962042,-0.002095690140842462,-0.001304000728222377,-0.0003096516264191943,0.0007735525459961285,0.0019641229137569746,0.0032710425039102022,0.0044698372093868784,0.005401262675345849,0.008179953498671972,0.010272254557204192,0.011768911327224428,0.012196093632398045
2015-08-25,-0.0028220389713862794,-0.002838083828843321,-0.002614917495172207,-0.0020600159065541452,-0.0012875486971237575,-0.0003323800905643585,0.0007034138132699353,0.0018418128831732745,0.0030995785598040794,0.004253365116332384,0.0050574701673490475,0.007939052715937568,0.010081874541066637,0.011622961813061612,0.012062816693490795
2015-08-26,-0.002647080157948259,-0.002560518763451248,-0.002161981910970164,-0.0013853692161807081,-0.00037134153410582225,0.0008342809675125451,0.002125280793360125,0.0035076435076798643,0.004983651933850378,0.006283348490835409,0.007329613605209108,0.01007286997403262,0.012307805111425159,0.01392236179551666,0.014359501610411985
2015-08-27,-0.0029794179719540587,-0.0028625156044912166,-0.002475362784662951,-0.0017358378614139624,-0.0007715606378875066,0.0003826666967845521,0.001623054267084789,0.002959731437943259,0.004389929204395137,0.005645999889599334,0.006508762911158056,0.009533969510709794,0.011889375100183175,0.013601122790004395,0.014060905735119198
2015-08-28,-0.002947758611543235,-0.002965609285119939,-0.002796126116985479,-0.0023240840112671588,-0.0016520822630855221,-0.0008002317074884326,0.00013999330477202482,0.0011958302876514256,0.0023832329152550895,0.003486180820538703,0.004033938890462396,0.007212054543465857,0.009476498446685796,0.011135233677768655,0.011627034432746833
2015-08-31,-0.002738727459420079,-0.0028614415069329103,-0.0027336337815692838,-0.0022590854811332084,-0.0015621187643303643,-0.0006838940357978069,0.0002776271344114103,0.0013490074053330884,0.0025643008488638727,0.003675949113692081,0.004317652029268069,0.006827715536188158,0.008710101724798944,0.010181715761836095,0.010622329833545888
2015-09-01,-0.0032710236153192583,-0.0029113899997303978,-0.0024552378716590517,-0.001758025587140362,-0.0009321281632298802,-1.338523394532872e-05,0.000945484729837142,0.0019805788505653467,0.0031173462136742497,0.004239110421740535,0.0048524281428920625,0.0077633775608868215,0.009737061314101453,0.011333052137893509,0.011806885483505291
2015-09-02,-0.003286139532842956,-0.002910611207948101,-0.0024493131107992143,-0.0017479404915357439,-0.0009148048247718297,2.4512189998754494e-05,0.0010092655375889279,0.0020702282851928874,0.0032260751484017294,0.004362634909357344,0.0050833055038288525,0.008022813816495552,0.010003053460834571,0.011640728648581917,0.012096913468146672
2015-09-03,-0.0029355974111397775,-0.002351659159406025,-0.0015754712541863416,-0.0004865028778863289,0.000778658086552946,0.0021744669544101086,0.0036358432575995764,0.005166837004375669,0.006760889806035556,0.00821543383690457,0.009383071409526728,0.012308992142663004,0.014532774902239953,0.016287600113766676,0.016737962341692128
2015-09-04,-0.0030520194882123373,-0.002755042101888371,-0.0023315856640389763,-0.0016406960897230862,-0.0007901666548263882,0.0001917242871620399,0.0012486624660462697,0.0024098081727553945,0.0036968380838548233,0.004950776488498227,0.005747227248507345,0.008852222306284895,0.010935582928162137,0.012644350000020116,0.013110931162329125
2015-09-07,-0.0032398534594430426,-0.0029445692063832956,-0.002541426284299815,-0.0018847614419087405,-0.001109219696611661,-0.00023997479481357574,0.0006848590561750811,0.0017091688117940784,0.002886556854684502,0.004071679897763003,0.004822972716467935,0.007680167578307766,0.00949013332117418,0.011027455315627587,0.011491988362393369
2015-09-08,-0.003648862851883962,-0.003423117438799571,-0.003041100052050461,-0.0023585380515697757,-0.001500015999138025,-0.0005129520807356678,0.0005427096003087712,0.0016942785312613453,0.0029836096548566293,0.004250731119481081,0.005081430870024558,0.007979560086498519,0.009866628712133277,0.01146925425682635,0.011935852738587119
2015-09-09,-0.003235477802012346,-0.0030191560348044634,-0.0026615480669067294,-0.002020318016505498,-0.0012516132250193854,-0.0003828099403844253,0.0005423405041278532,0.001573457020081159,0.0027794415379475673,0.003991015188551656,0.004685875126242565,0.007383444236144967,0.009062112777491416,0.010519381921629753,0.010989532011770881
2015-09-10,-0.00365440884920668,-0.0034041499943959054,-0.0030337002410179537,-0.002379052786218675,-0.0015908342707923555,-0.0006948863503009652,0.00025862911196243435,0.0013137537094634983,0.0025377959269740217,0.003773886518604973,0.004554635332454211,0.007641077270350867,0.009526721885279482,0.011105120901037465,0.011587620761267858
2015-09-11,-0.0035203877012117083,-0.003137877702018458,-0.0026321355686505623,-0.0018385659720054908,-0.0009159556759008036,0.00010949135877570405,0.0011888655361305379,0.002369940990189294,0.003692093673911274,0.004617730326812539,0.005901472942722881,0.008984828556524412,0.010879209880555955,0.012431744970341309,0.012929936523961728
2015-09-14,-0.0036178490597581605,-0.00325527074629998,-0.0027799996031703748,-0.0020341592695441784,-0.0011552633891755647,-0.00019164931315832897,0.0008009415053321719,0.0018839950869472446,0.0031013062229863367,0.003965720356626992,0.005170192838762225,0.008039079883540669,0.009710159793493097,0.01117175467967492,0.011662297139150271
2015-09-15,-0.003243228921044422,-0.002841977818032037,-0.002335198791649432,-0.0015646014820930529,-0.0006403040487556158,0.0003835665863803606,0.0014468389301061364,0.0025989351100559033,0.0038702877779719976,0.004782707707321137,0.006076499933355724,0.008963480728573133,0.010732664766543335,0.012205101126424799,0.012783258607605636
2015-09-16,-0.0031509195370010346,-0.0027489011761859085,-0.002250332582152194,-0.0014906082364754766,-0.0005689610577032917,0.0004688789434404333,0.001552680207871609,0.002725697480805335,0.004007718098997429,0.004934116026060008,0.00626264559099686,0.009249417146433792,0.011080228856593537,0.01261531727841591,0.013220428608974252
2015-09-17,-0.0030573211989903875,-0.0027244381522064337,-0.002297412264235481,-0.0016099493714292856,-0.0007469579318031618,0.00024479483514581036,0.0012937827075695646,0.002439530572028318,0.0037041731973313833,0.004620561639571849,0.00593261425231777,0.008874635525100462,0.010685876435296641,0.012209167180439176,0.012833536803475511
2015-09-18,-0.0031449524361582978,-0.002774937510911897,-0.0023304899475049446,-0.0016405377848583086,-0.0008023370963264684,0.00015042127620591998,0.00114896337931252,0.0022426209155422595,0.0034676912621578993,0.004365032375525739,0.005677390881131939,0.008389480867201596,0.010075670407527113,0.011509219510383929,0.012143111227138844
2015-09-21,-0.0033083699657552963,-0.0029257375400084593,-0.002466752015007312,-0.0017644918473383097,-0.0009228145473244105,2.8314422173297853e-05,0.001019713550824299,0.0021011783529126878,0.0033149640591359462,0.004189599972997456,0.005479732156798192,0.007930246189026064,0.009421990615014798,0.010740704313601492,0.011407806643863915
2015-09-22,-0.0032677550347767204,-0.002813446166330633,-0.0022750365517770718,-0.001493132345823477,-0.0005861497179631017,0.00041381707433567046,0.0014435019937955676,0.0025537413926628874,0.003791902640379279,0.0046859917366730555,0.006021225713203423,0.008411212820417676,0.009865517734922679,0.011141505133315377,0.011871503673581543
2015-09-23,-0.0030763829034041864,-0.002311529958602512,-0.0014161875513304973,-0.0002568489656976994,0.0010420545991243115,0.0024383595960644692,0.0038638245151182077,0.005346743591424754,0.006899620453670393,0.007955435338198008,0.009551073412446298,0.012025806045301861,0.013713366037715913,0.015141078224179618,0.015870020926519332
2015-09-24,-0.0032794539407428034,-0.0026485939611790446,-0.0019119008650548576,-0.000928447726894145,0.00018848645037530766,0.0014008677554174765,0.0026390915602727567,0.003945844160766258,0.005345329892099417,0.006296124268465974,0.007702530850622618,0.010110072509004,0.01163861036731269,0.012994851514568181,0.013725925915406426
2015-09-25,-0.0026801952052973544,-0.0022786556688295777,-0.0017348065956723992,-0.0009138161981361787,0.00010461581491567461,0.0012759977521549929,0.0025151963012643138,0.00385302610699482,0.005289960005861708,0.006275079346903068,0.007752888070587642,0.010319877843874297,0.012007722160341162,0.01358492203432457,0.014343999031590633
2015-09-28,-0.0026719067804131056,-0.002174404191383792,-0.0015252908985196089,-0.0006059289034571801,0.0004930653906954185,0.0017230413134914266,0.0030052345981171668,0.004376369082336614,0.005848198299270816,0.006862984150908206,0.00842019887294508,0.01082512585382142,0.012508523582349003,0.014028579078002012,0.014722245662042804
2015-09-29,-0.002606487945349981,-0.0020669248168886994,-0.001350943734034042,-0.00033833454766281335,0.0008997248734253056,0.0022910359435095486,0.0037432187832689007,0.00527569331860952,0.0068832541573793805,0.007983587076163041,0.009683533993067787,0.012290772458659928,0.014195241930372202,0.015883227302095664,0.016582587785731233
2015-09-30,-0.002763602792094676,-0.0023028505867360724,-0.0016295160866502698,-0.0006401841687905141,0.000580656542202661,0.001971577319577738,0.003415292729429085,0.00493621373060054,0.006511946248883639,0.0075814845503211475,0.009225787385683857,0.01181323638480022,0.01373082867251012,0.015387248935598069,0.016094215807991655
2015-10-01,-0.0026124813107472316,-0.002277291969338021,-0.0017184657265526253,-0.0008391903698425729,0.00029750240172007674,0.0016191918143205562,0.0030076788382365246,0.004488770652533978,0.006048879908732752,0.007092378334400051,0.008682812283999829,0.011120017115319973,0.012976098216762096,0.014570107233384965,0.015254678662517153
2015-10-02,-0.003438469752909758,-0.003234353756060202,-0.002882325582804778,-0.002237305282866901,-0.0013078512087985343,-0.00015915218085192553,0.001093120054150889,0.002443445789698966,0.003875319134941122,0.004845303693841114,0.006272853812936147,0.009294406887445872,0.01135478475492559,0.013153265307359205,0.01387435499767131
2015-10-05,-0.0031375581318786264,-0.002908632721552103,-0.002505066183775645,-0.0018140013993192992,-0.0008780087289110601,0.0002509522693219027,0.0014764757386054573,0.0028094943472849873,0.0042329881979437335,0.005234277069186341,0.00672330151296164,0.009723419396087722,0.01181213487352551,0.013575554320737898,0.014312473463920523
2015-10-06,-0.002815569909946833,-0.0025660583893190388,-0.0021589374236836954,-0.0014782967921671258,-0.0005170764027962802,0.0006814810169007599,0.002012741136421465,0.0034648384782485497,0.004984820009550613,0.0060461192851832615,0.007609246597314203,0.010958738672769799,0.01330792691445034,0.01520623376228681,0.015961550618022385
2015-10-07,-0.002845401294289743,-0.002633888091988464,-0.002302703505261647,-0.0017291230509682218,-0.0009003626471329299,0.00014595237873664207,0.0013202364841888234,0.0026248247132437267,0.004023968321336375,0.005003506697482284,0.006382203712746346,0.009834311152174969,0.012160098701305445,0.014058294154199012,0.014842217468592742
2015-10-08,-0.002991515926057839,-0.0025907500620938172,-0.0020362160229011007,-0.001205207214608772,-0.00012231202444102415,0.0011667966239187451,0.0025670782392237406,0.004079715894756659,0.005683918881653035,0.006791300945566769,0.00845653732521169,0.011505785447053331,0.013779711354991257,0.01563311045443406,0.01639791984615089
2015-10-09,-0.002804974045830716,-0.0026069832807469272,-0.0022347755607967793,-0.0015720202116809438,-0.0006370551131412141,0.0005210797701452009,0.0018078865724772614,0.00322510627730153,0.004758895943598317,0.0058208253979784245,0.00743283366622975,0.010333697802145282,0.012526324327771964,0.014328592406401887,0.015093989601453637
2015-10-12,-0.0029312835692153058,-0.0029025438450057707,-0.002694913059644644,-0.0021966472304498453,-0.0013925730974663705,-0.00033727187040324654,0.0008698162608870379,0.0022195697380479875,0.0036907205532879764,0.004756659311590096,0.0064138708442987935,0.00952173879142291,0.011788438921910033,0.013703332140945577,0.014486744951310533
2015-10-13,-0.0028020758350187592,-0.002788811792401333,-0.0025938925758431128,-0.0020854238564127635,-0.0012571087808106599,-0.00016515111214326526,0.0010914305160234328,0.0024941885633656723,0.004014311223641838,0.0050939584657211726,0.006763384946950234,0.009911510790349368,0.012244981438252284,0.014156727836820518,0.01490843138013006
2015-10-14,-0.0027758445370508786,-0.0023558714261150146,-0.001745244758593812,-0.0008283296219998063,0.0003399418292652815,0.0017122715950122246,0.00320795526702439,0.004817766535500569,0.00651116022944175,0.007668593825166507,0.009468282458371696,0.012509450403494738,0.014843819745306214,0.01674995855360866,0.01747774915669647
2015-10-15,-0.0026264644506732897,-0.002400483929442963,-0.001961816139508586,-0.0011977997308492484,-0.00013863292143894107,0.0011582871657499685,0.0026005824501177987,0.004178169143191826,0.005865260741259867,0.007006447657545235,0.008738784208557848,0.011657024542836375,0.01388461143584001,0.015727443290792245,0.016484079291497856
2015-10-16,-0.002483470998158807,-0.00214718936321031,-0.00164262032609783,-0.000853093326578075,0.00019404290693503072,0.0014329864742515445,0.002793354739041379,0.004283985924835723,0.005892809636746881,0.006971397498621421,0.00857020126589048,0.011434876130083243,0.013545524561345747,0.015331803094848459,0.016074428019900854
2015-10-19,-0.003098675625485603,-0.0029150596872796397,-0.0025904949999461134,-0.0019814943490514196,-0.0010897160794596358,6.676470933447351e-06,0.0012255180930541205,0.002570175850382235,0.004027554384886564,0.005029269253977695,0.0065079872051127564,0.00964240952316157,0.011796938369873718,0.013652634387167878,0.014413492386538775
2015-10-20,-0.0030283485616904946,-0.0027680074826178444,-0.002380673775448086,-0.001720395847647864,-0.0007762486744413051,0.0003835801932707281,0.0016745685112254213,0.003094576138956584,0.004604721849850094,0.005637646565263698,0.0071275717311678555,0.010628296425953454,0.012981457007463637,0.014974067793482898,0.0157360498485894
2015-10-21,-0.003477843695571554,-0.003445382634305598,-0.0032876730205719296,-0.002842611168031414,-0.0020899364301932887,-0.0011079371933656005,1.1681411428547846e-05,0.0012688059671868358,0.002637399766453285,0.003607344231552836,0.005000852177117835,0.008539365281608988,0.010804157128912662,0.012775582667983489,0.01355278855254453
2015-10-22,-0.0032633442217367093,-0.0032591541986002237,-0.003171635685641414,-0.0028293151379961785,-0.0022133654378649055,-0.0013884717488596855,-0.00043558062769183284,0.0006632001673341742,0.0018903035867429449,0.002753616803651099,0.003933063448350682,0.007408133420618558,0.009510583110942133,0.01136789718591398,0.012148060037326946
2015-10-23,-0.0031556956247205236,-0.00298130993299216,-0.002733810148814738,-0.002239306924068549,-0.00149998513401468,-0.0005710015341557121,0.0004755205605526956,0.0016576451053525883,0.002954885512199203,0.0038570141578923374,0.005074237002064059,0.008588295929114859,0.010756583017093872,0.012647585935675922,0.01341918715288663
2015-10-26,-0.0032903591154731914,-0.002909457570836444,-0.0024500376279513337,-0.001738363611572769,-0.0008050972495521416,0.00029225660375596673,0.001485932148638157,0.0027928186872577874,0.004205142164796279,0.0051660443794979355,0.0065235929380082075,0.00981442240175862,0.011936172811379165,0.013814781744397427,0.014584757092915663
2015-10-27,-0.003370563854265116,-0.0031920957916902644,-0.0029407381865436248,-0.0024322450895230196,-0.0016845552023316709,-0.0007521151703594927,0.00029379871551439194,0.001470576692348951,0.0027675996103266737,0.003671495381040864,0.004922272896500964,0.008440352355713865,0.010606325563940392,0.012483857482357526,0.013257353862173207
2015-10-28,-0.0034018455919146286,-0.0032072571870220773,-0.002994126459831354,-0.0025672559485865336,-0.001945470715605278,-0.0011613642921521558,-0.00027265197372599117,0.0007520029676882723,0.0019089663139387845,0.0027260312493352095,0.0037989359655188097,0.0075033488150515705,0.00957751720368335,0.01142937897572261,0.012231374985384126
2015-10-29,-0.0032200819493312907,-0.0030841921057486866,-0.002897952532855551,-0.002475868424601401,-0.0018347515880971746,-0.001014027221566529,-7.90906190991853e-05,0.0010002997963870673,0.002211098707824665,0.00306382795478793,0.004224812896279632,0.00787163305468417,0.010000913865812547,0.011865515268281546,0.012646150638557003
2015-10-30,-0.0034655983939001983,-0.003298053472934356,-0.0031163696391435704,-0.0027201364067127665,-0.002113754260471155,-0.001336001641922203,-0.0004463084715989602,0.0005843426074083092,0.001752188073794013,0.0025848964878725303,0.003712279178349988,0.007333711390928726,0.009466209378709897,0.011319196475454147,0.012078013438679768
2015-11-02,-0.003119861539460611,-0.002910107785506742,-0.002653796217572178,-0.0021829436726034843,-0.0015456667070082803,-0.0007780636303404505,7.542600984694267e-05,0.0010647099628748637,0.0022135174967088645,0.0030296062465092256,0.004201537634247363,0.007157949914353059,0.008971249293882854,0.01060647020609827,0.011325375019604393
2015-11-03,-0.003228877007562324,-0.0029381142018109676,-0.002557755287661863,-0.0019269781950860595,-0.0010706940660961443,-4.202079525017529e-05,0.0010951787803922658,0.0023598831822028484,0.003754786944712457,0.004724197368476302,0.006216560807043248,0.009267940167868468,0.011325225724396565,0.013094483632461337,0.013814118670377058
2015-11-04,-0.0031767475850776336,-0.0028822939210352352,-0.002521349962759814,-0.0019331661697283944,-0.0011608179913002747,-0.00024931214626785494,0.000751563490127747,0.0018822617513974563,0.003171222513718916,0.004066927399103129,0.00544363035226229,0.008316068528821843,0.010185786110878595,0.011840606953531034,0.012560193092141453
2015-11-05,-0.003147861237624771,-0.0029704062592120187,-0.0027055328830454485,-0.00219769100957017,-0.0014766970023073521,-0.0005938716467510967,0.0003952936888633263,0.0015275095328323358,0.0028250651055810923,0.0037261704316765053,0.005100086323914904,0.007994421062057923,0.0099116662561522,0.01154454122166195,0.01224134995403881
2015-11-06,-0.003163812235900455,-0.0029038372944942166,-0.002622871284722482,-0.0021214430808622325,-0.001513146435467805,-0.0007460113019548856,0.00011905618422874942,0.0011342514254573037,0.002316779973478952,0.003124446514662152,0.004258025969045632,0.0075049200711336354,0.009441625668441903,0.011086297813811133,0.011797152919232492
2015-11-09,-0.0032104107243376076,-0.00280368349364362,-0.002312421671238411,-0.0017286336535021311,-0.0009869710991785546,-9.61206174899036e-05,0.0008864953903874706,0.0020067400490753344,0.003276473540378007,0.004121966416096964,0.005302205958686582,0.008603796818946425,0.010653418975348572,0.01234159337408649,0.013044983807116743
2015-11-10,-0.003178444063647176,-0.0028763198068166287,-0.0024958699744679833,-0.0020227222951329366,-0.0013900406254664455,-0.0006000563045607145,0.00028329696011575116,0.0013148584291338623,0.0025113168183666787,0.003310732299027,0.0044142574557291744,0.007562898518236806,0.009538678152294023,0.011157498810347825,0.011847443326578517
2015-11-11,-0.0031283985840937904,-0.00274950837273191,-0.00230085540329535,-0.0017689201009370803,-0.0010872759609574802,-0.0002545027551947343,0.0006732901843201149,0.0017449217319367367,0.002972005736789439,0.003788049467985632,0.0049252170581008305,0.008208410834507827,0.010275530379260442,0.011970165368887828,0.012651463334971969
2015-11-12,-0.0032225252564193614,-0.003168750491567787,-0.0030430491038509148,-0.0028127409359799543,-0.002383214644631884,-0.0017542877126112068,-0.0009977707078693907,-7.257973251293065e-05,0.0010366107232931121,0.0017970953250042612,0.002862084725876168,0.006135965221881141,0.00815980194044589,0.009773494295231182,0.01048351762667596
2015-11-13,-0.00337062186782274,-0.0030349316266848917,-0.0026488705030534203,-0.002191475004499784,-0.0015888413038317609,-0.0008385093822586291,-3.8318897150228315e-06,0.0009789066816247587,0.002138739359398679,0.0029239725730104624,0.004017367528266241,0.007217185491685081,0.009220926349561617,0.010819214186321879,0.011503657740939383
2015-11-16,-0.0033986241791082736,-0.0031874942450114204,-0.002870065699395844,-0.0024425248720109953,-0.0018279438624591157,-0.0010457901494963688,-0.0001672301729963882,0.000862252383602387,0.0020712780142556654,0.002892510324608046,0.004086863839181776,0.007140656916210038,0.009134773360149086,0.010704333603470293,0.011401638815203457
2015-11-17,-0.0029579108405286816,-0.0026123705538775147,-0.002130515287699163,-0.0015305851558586922,-0.0007497598445978728,0.00019684968427890223,0.0012411389686991594,0.0024330310310507917,0.0037864005337363,0.004684666419485424,0.0060151669237410825,0.009015968447413094,0.01107147671616699,0.012682655885264743,0.013356788440587143
2015-11-18,-0.002791674624915759,-0.0024283796740609273,-0.0019247867399849485,-0.0013045841932912872,-0.0005223528490891823,0.00040924011430591137,0.0014310681707817713,0.0025934999066562006,0.003919927929768573,0.004770152688194249,0.006059360147676164,0.00878483242132575,0.01066347381500582,0.01216583463951899,0.012827008119445184
2015-11-19,-0.002614501052873786,-0.0023917975136634167,-0.001989926674049931,-0.0014508555888425774,-0.0007209775822298685,0.00017810400570440516,0.0011877567519142124,0.002347358334614604,0.0036775407971910874,0.004522200390166296,0.005818740175729797,0.008425165726174152,0.010273425693216492,0.011813657060695017,0.012429669203119045
2015-11-20,-0.003798998155354224,-0.0037475119219066836,-0.003486693744212287,-0.0030416858796725524,-0.0023662342839510303,-0.0014955966161745316,-0.0005016781040524155,0.0006393116568102211,0.00197208000753957,0.0028241526901518154,0.004217081224134571,0.006740988130316868,0.00857976235933004,0.010111754515390928,0.010780401655321185
2015-11-23,-0.003689956992142319,-0.0035548188942437792,-0.0031854658424763484,-0.002622521530593552,-0.0018368186214322384,-0.000862693680372156,0.00023258417482668642,0.0014676152259438314,0.0028882524298347264,0.0037787237133535424,0.005267470698369738,0.007613296165611072,0.009424547211607168,0.010934270552563557,0.01156814988557208
2015-11-24,-0.0036388555092321854,-0.0036126238641719724,-0.0033538521736683523,-0.00290449517286633,-0.0022370671482017396,-0.0013864845396161902,-0.0004156026634269326,0.0007044858144689184,0.002026535768030625,0.0028445676373996817,0.004212353710530626,0.006394464950856711,0.008038684937998095,0.009477883217389179,0.010105992998414233
2015-11-25,-0.0036691015393946376,-0.0036579748021096296,-0.0033962382979330257,-0.002937241538620913,-0.0022601365385229795,-0.0014036606824041856,-0.00042763577307081043,0.0006945155991473524,0.0020190872881689225,0.002859868859988614,0.004300237196016747,0.006365400132280726,0.007999151438772209,0.009443802276367754,0.010063093363111385
2015-11-26,-0.0039051590461530016,-0.00394779534299914,-0.0036918671667350114,-0.0031947280517554506,-0.00244302171161501,-0.001491281694324595,-0.0004155178850427432,0.0008028946270120807,0.0022262385625717498,0.003144632412409441,0.004757316552494069,0.006596659167695152,0.008147103601452677,0.00955877171467881,0.010166044847256993
2015-11-27,-0.0035274311355175435,-0.0033359227182636745,-0.0028270027481381963,-0.0020842401588564985,-0.0011332214087338849,-3.981791424224693e-05,0.0011396894791629024,0.002438937377177397,0.0039275588725955065,0.004858111980940235,0.006493867258273986,0.007974221663136997,0.009368472987706869,0.010690781455824437,0.011281307956699137
2015-11-30,-0.003323890385137843,-0.0032296533324019565,-0.0028086412959487284,-0.0021506034951587747,-0.0012588705409800885,-0.00020370497280933604,0.000952799287537522,0.0022407179524752564,0.003719631796896374,0.004650296403953598,0.006232937789437253,0.007807338281656848,0.00927465770543771,0.010617087149435583,0.011260805624949797
2015-12-01,-0.003256217121576464,-0.0031112002255311304,-0.0026631963557216666,-0.0019919405853033164,-0.0010769965089945381,1.838498339831068e-05,0.001229683096951433,0.0025773365336409448,0.004096320714369533,0.005034594364793165,0.006605261606459538,0.008633279036673148,0.01033442495655011,0.011872065789985162,0.012484707209749498
2015-12-02,-0.003711014454545365,-0.0036074905295031302,-0.003227610279407373,-0.0026353750745513787,-0.0018129723354535867,-0.000813364211599503,0.00030023720529144863,0.0015495683671969192,0.0029794698809364312,0.003860000036482266,0.00534061632395684,0.007519749468317275,0.009145435585677326,0.010694739296811183,0.01131932855910166
2015-12-03,-0.0037890797408529713,-0.0037119060435039162,-0.0033591853307937914,-0.0027916539985738515,-0.001952656574882659,-0.0008943350752972092,0.0002986322152061839,0.0016427269189664593,0.0031510320908326767,0.004072584540403821,0.005565676797424223,0.00817720392193695,0.010143343113537059,0.011915245802219619,0.012551975678587818
2015-12-04,-0.0035812447322081014,-0.003491661221335148,-0.003111334869511325,-0.0025141159436624736,-0.0016570423036774708,-0.000585775045546032,0.0006352222857706378,0.002016424218860618,0.0035741049635813066,0.004526339160641619,0.006086140515043837,0.00876077751261599,0.01075792596162704,0.012588308645606387,0.013190735499764208
2015-12-07,-0.0031399007141207154,-0.002891491418081746,-0.002313009909427121,-0.0015059592697458934,-0.00045051825539241426,0.0007997315333014721,0.0022020211309416327,0.0037563946882467995,0.005477278256410654,0.006506248252138456,0.008211357361778986,0.01080578317687119,0.01287587710476904,0.014813065254459891,0.015413615816189944
2015-12-08,-0.003456335742408249,-0.0035127788601537592,-0.0031761754487933513,-0.002544111857578437,-0.0015489322358753018,-0.00026788548838930647,0.0012058714185041724,0.002849221702552482,0.004660014301584336,0.005798755146662454,0.007770290140045295,0.010503731622333532,0.012720243860514615,0.01476808898935027,0.015402607355766033
2015-12-09,-0.0036982012411658355,-0.003720803400360691,-0.0033505720287958134,-0.0026894440009522604,-0.0016902647133905306,-0.0004313531334547184,0.0010018796942819052,0.002592415743352054,0.004352983004285821,0.0054638081703754825,0.007383733939386689,0.010079099280274168,0.012289440245632225,0.0142896843218685,0.014922975554570153
2015-12-10,-0.0038472231562792555,-0.003857031901336481,-0.003479998269409254,-0.00282366652385334,-0.0018539556953695393,-0.0006483145901846729,0.0007104738099684787,0.002222716997350843,0.003908005238440716,0.00496952688142273,0.006787532684407548,0.009497147176808345,0.011617578815856195,0.013574681286379151,0.014193450077625165
2015-12-11,-0.003779724241836307,-0.003596363102331422,-0.0030505610841514846,-0.0022536180620952376,-0.0012000610150640426,4.4920557412092554e-05,0.0014189955184857842,0.002934302647160919,0.004617102690625767,0.005649412619064842,0.007377760615529924,0.009868615705779413,0.011977508000054943,0.013886799415636156,0.01448748666341211
2015-12-14,-0.004000711734866252,-0.004017299510279047,-0.003680436377213426,-0.003082180645098683,-0.0021897014526688157,-0.001070370755477122,0.00020228572254056706,0.0016327456168895766,0.003242821573830018,0.004238585361376204,0.005889846393980642,0.008615477506797973,0.010835216375498023,0.01277967915481212,0.013448925808146606
2015-12-15,-0.0040282356318018745,-0.00395484123938144,-0.0035464369177578246,-0.0029023728268788543,-0.001997060395470418,-0.0008945963829539594,0.000344590346981067,0.0017371839876974846,0.0033096556851008093,0.004289401947364465,0.005919314223891411,0.008702748427281227,0.010920807257130884,0.012889199268340156,0.013525003097219254
2015-12-16,-0.004341097623100331,-0.004238473740698247,-0.0038217298842724507,-0.003174443771190395,-0.002277461672354568,-0.0011864630149638965,3.860554560043488e-05,0.0014073259080984106,0.002950474560883855,0.003908816084063062,0.005510447331065789,0.008348703826071807,0.010558046963187542,0.012580991909814546,0.013206666172143087
2015-12-17,-0.004170692514434399,-0.00420029437536197,-0.003918107402101631,-0.0034069564178779875,-0.0026386550922463613,-0.001669669767176937,-0.0005619600837346428,0.0007030090502756803,0.0021637963787211187,0.0030681153957878085,0.004559425640654546,0.00729372994395814,0.009298020299653577,0.011212594735819129,0.011887732431315681
2015-12-18,-0.004058744018830755,-0.003932082310000862,-0.003517461258794095,-0.0029026129602836865,-0.0020816785142926076,-0.0010998874368772814,6.905074905216391e-06,0.0012621676928245983,0.0027059107831938585,0.003581335416142935,0.004999429266229708,0.0077722980986709225,0.009782057721887902,0.01171499652333021,0.012329645614984841
2015-12-21,-0.003827111044345773,-0.0036674102041381437,-0.0032103415027663396,-0.0025533827244065216,-0.0017215838430359764,-0.0007515570615866508,0.00033549259926298153,0.00157980861931915,0.00301971538558982,0.003833864813450964,0.005101091700216551,0.007761541041908571,0.0096365858528423,0.01149980785449353,0.012119290719015628
2015-12-22,-0.004368685313642434,-0.004139898467124399,-0.0036336329554011023,-0.0029264215115275,-0.0019988517296553694,-0.0008873484734762888,0.0003594272687168558,0.00174945090441919,0.0033054647111294116,0.00416106577763654,0.00549448640252043,0.008360217635111314,0.010371528101312,0.012368741058954271,0.012985346020497607
2015-12-23,-0.004092553888319669,-0.00394399038450664,-0.003554109328264216,-0.002983856114624453,-0.0021912540536547565,-0.0011979794216964278,-5.47531050649377e-05,0.0012488081117684093,0.0027193637915540227,0.003546731101750836,0.004828694124437275,0.007988204115795563,0.010192677485880375,0.012232017426014727,0.012931109017286231
2015-12-24,-0.004726626360637565,-0.004471211660646541,-0.003987181150003056,-0.0033252940345099035,-0.0024605557001820886,-0.0014111705950178035,-0.00022224465180981675,0.0011133628969405413,0.0026229447496084485,0.0035263954379203288,0.004910162171759047,0.008123854943108019,0.010371061299459604,0.012561470770877341,0.013178937449053017
2015-12-28,-0.004630867422531855,-0.0043770132813406035,-0.003926405097112303,-0.003324827600167896,-0.0025432609439082327,-0.0015829829867332462,-0.0004798817825278081,0.0007755955401672668,0.0022108146850647855,0.0030580556228720153,0.004312843023263367,0.007499471924328395,0.009618604988847701,0.011752480146600533,0.012375114749844667
2015-12-29,-0.0048112081013838015,-0.004714539698035603,-0.0044421770959205634,-0.004023016494040362,-0.0033916142753464425,-0.0025478811624303037,-0.0015310244071893933,-0.0003374755191614888,0.0010492066000787588,0.0018954325227934679,0.003088547919604947,0.006634133811847309,0.008943760049000585,0.011202321993829093,0.011843328836153837
2015-12-30,-0.004555445619751102,-0.00430114590786225,-0.003836677256815078,-0.003214478018463923,-0.0023979792196068632,-0.0013986748192964117,-0.000240720283297356,0.0010921734522105439,0.0026209112610660733,0.003621974340736234,0.005115157950748675,0.008416391460656562,0.010746037133923409,0.012995444941704844,0.013619365507072897
2015-12-31,-0.0048993427247168335,-0.004777375695895936,-0.004374175682734422,-0.003770784507788198,-0.002955604992876731,-0.001938334621206049,-0.0007487057058494825,0.0006318585324140537,0.002236202784502366,0.0033217719325949304,0.005036856232144631,0.008296308685883576,0.010655683244255395,0.012873170228525929,0.013424476472363393
2016-01-04,-0.004367082794797087,-0.004383146839396317,-0.0040582385861393155,-0.003502012296615036,-0.0026806624886186892,-0.001623045725637789,-0.00038340527413768767,0.001062862163683847,0.0027359471247711408,0.003897797835652453,0.00573664617971942,0.008781042059022167,0.011021747702064875,0.013129480977271084,0.01373593320933693
2016-01-05,-0.0021185592837870944,-0.001897198417437694,-0.0013029194953428928,-0.0005104294484570332,0.00047840356884940505,0.0016358827933323759,0.0029601874109264933,0.004482480006701006,0.0061974583807367055,0.007336945969361332,0.009208596520290114,0.011637025830007813,0.013412540802226904,0.015201005030243919,0.015584600672062411
2016-01-06,-0.0030279153750035655,-0.0027341831473132565,-0.0020394137138702965,-0.0011060160281250065,3.504179647196399e-05,0.0013101282288176211,0.0026929576635717784,0.004239428461716277,0.005990557479790885,0.007180090856699962,0.009088038272616424,0.011506363527070134,0.013334518481014914,0.015230657837991204,0.015702440559952124
2016-01-07,-0.0035942900570860095,-0.003657987481640229,-0.0033805997308706966,-0.0028604575538733164,-0.0020652417284447704,-0.0010563628518890278,0.00010203527598495049,0.0014279229797618596,0.002950658742271188,0.004046953977555709,0.005876947778359488,0.008336889574838892,0.010144664042162063,0.011921424645751945,0.012485048849138411
2016-01-08,-0.0033621203897611415,-0.002983170054583112,-0.0023937923771906915,-0.0016547454102421358,-0.0007776834160546011,0.00021165910704312344,0.0012990811591706319,0.0025278189170175893,0.003951407678138069,0.0049604677137415065,0.006552373387883335,0.008995953521795452,0.010658087875705264,0.012289675032541438,0.012896106286873547
2016-01-11,-0.0034946760879822725,-0.003109223929159886,-0.0024734221929298182,-0.0016498654456366681,-0.0006235187360800047,0.0005733277183009429,0.001912265195229706,0.0034038320365780235,0.0050718877482150765,0.006213956046852719,0.008039953312677693,0.010699364510235995,0.012681755404025632,0.014453876723073075,0.015056588407894304
2016-01-12,-0.003790252615260936,-0.0036810177066096193,-0.0032217403241900523,-0.0025324509892228077,-0.0015820526515141569,-0.000455585965520064,0.0008412123269567384,0.002311106828008709,0.003984557576616484,0.005143050054329992,0.00701102015305295,0.00982077488751531,0.01191880889855233,0.013791288410029894,0.01439301780370283
2016-01-13,-0.004124691019072057,-0.003954256378421873,-0.0035183145217539727,-0.00285981096593565,-0.0019560538075693297,-0.0008544633749333038,0.0004161182244687611,0.0018558078179759067,0.0035016332893374152,0.004629444312774737,0.006456817291840278,0.009145995234499759,0.01112688432050872,0.012940487070362649,0.013528631268415197
2016-01-14,-0.0038725994137584602,-0.003622646819452708,-0.003021772214255952,-0.0021697369617748024,-0.0010770855697750485,0.00018144352637832785,0.0015801589574405799,0.0031341169050172223,0.004877130445498507,0.006043913291482295,0.007936941435945213,0.010383307477478058,0.01230318817515072,0.01403296064724748,0.014608259078589151
2016-01-15,-0.003997461442536802,-0.0034386229486788582,-0.0025768051787011265,-0.001465947247117236,-0.00016439334885057244,0.0012773407120696273,0.0028282231093701817,0.004510739503760329,0.0063669412550425315,0.007519269611376793,0.009419777202489049,0.011822019037211274,0.013728651330874324,0.015442078625248832,0.01602451581044623
2016-01-18,-0.0037403958920046785,-0.003393394854355309,-0.0027083463410055835,-0.0017486039681380897,-0.0005471323446733785,0.0008246358191147795,0.002332369373887322,0.0039829922733159735,0.0058146997470399754,0.006947197339574425,0.008839027445199942,0.011192018556994265,0.013110839888961768,0.014801054952942436,0.01540426404640614
2016-01-19,-0.003983850855794298,-0.003777113210785203,-0.003226324454085271,-0.002391005725115698,-0.0012733570698193202,4.56772278034155e-05,0.001485855930850957,0.0030567533970113133,0.004782411340620861,0.005902098448182456,0.007794292385348532,0.010221497277680139,0.012172173753903143,0.013864298536530532,0.014514983575554793
2016-01-20,-0.004220033393526986,-0.003961147230032325,-0.0033992728817964597,-0.0025640191632498688,-0.0014550483884648165,-0.0001528105242622163,0.0012642169649567376,0.002809655703125004,0.004509459655876874,0.005624282008860498,0.0075077799562292165,0.009988285030887722,0.011946517091705194,0.013678626320811127,0.01434094033476555
2016-01-21,-0.004094315184407652,-0.003840458773301952,-0.0032724379882860723,-0.002423542732059583,-0.0012847248525590528,5.7207882995589064e-05,0.0015177004677690152,0.003109008384946997,0.004847549599768395,0.005990513965122649,0.00792393888821272,0.010387250224844623,0.012352647519231498,0.01407703376215929,0.014764570719840678
2016-01-22,-0.0037966623556052216,-0.003485166147131239,-0.002851594561870891,-0.001957393096907971,-0.0008016411932819911,0.0005231201789235561,0.0019615236731655075,0.00353130762625132,0.005242752379240089,0.006383434080385593,0.008332014678228947,0.010879270379902611,0.012872398940703397,0.014627548925212718,0.015251055847175416
2016-01-25,-0.004072311173724707,-0.0036049316836584116,-0.0027900633861451963,-0.0016833042583095715,-0.0003275342281244915,0.001169728401760352,0.0027522952417343666,0.004438713747858966,0.006242012564521052,0.007472703956467156,0.009678530412958344,0.012115576814906338,0.014194880368970028,0.016002201435976256,0.016648481546331993
2016-01-26,-0.0034487398251609952,-0.003186435871611887,-0.0026049217278184774,-0.0016904778399057271,-0.0004399988540438897,0.0010314788365215427,0.0026148215198650267,0.0043138695441949405,0.0061431352467567965,0.007412297295567376,0.009691585137807532,0.01210251325339288,0.014078357481328936,0.015894162106596173,0.01648160569530799
2016-01-27,-0.003939969395840355,-0.0035606566280924463,-0.002874322687995929,-0.001890407309547625,-0.0006640244834754825,0.0006985812384466428,0.002132916903913877,0.0036756662211263466,0.005378199472761004,0.006546284131339169,0.008609750994488248,0.010849258957916273,0.012766727153632078,0.014421859204979412,0.015136547792900254
2016-01-28,-0.0038514476403508115,-0.003343580243597478,-0.0024441022620929377,-0.0012367232252203447,0.00025651827501946604,0.0019158217677923712,0.003668016020798916,0.0055252088025450384,0.007501383161464135,0.00886211566939973,0.011357546640497002,0.013532374147589551,0.015670218147087266,0.01764827629680786,0.018236409207966216
2016-01-29,-0.004177717324052954,-0.0036867248776192,-0.0028434977812627706,-0.0017034138555013587,-0.00033204779419363775,0.001159227341776179,0.002720296002279431,0.004390736367199837,0.006215683136562387,0.00743796400043837,0.009648491391803246,0.011734952617530528,0.013688536231144983,0.015477965102967286,0.01614223981436825
2016-02-01,-0.003693224642161301,-0.003322704597153373,-0.002603160713987916,-0.001558306432847135,-0.0002490312011917712,0.0012333412034982705,0.0027985361192226004,0.004504107223110022,0.006334786598872711,0.007615930594718101,0.009838312901561803,0.01214114612594247,0.01401800777950748,0.015822631378069954,0.01654910893961177
2016-02-02,-0.004400470120183402,-0.0038070124904990114,-0.0029610234122514627,-0.001863391732120348,-0.0006356015791265956,0.0006711957560311525,0.0019872530441624753,0.003446080840356489,0.00506598936597384,0.006184138198212622,0.008108364179522529,0.010511067312181597,0.012286239946392353,0.014083640539291505,0.01475793207185732
2016-02-03,-0.00571281860358466,-0.005403207623509698,-0.004828793478869949,-0.003943700683984225,-0.0027752542682078843,-0.0014175573091450193,1.4635358195202487e-05,0.0015764994348582827,0.0032669118095382645,0.004433308896713073,0.0065115828764611295,0.009313830836489574,0.011378943551477068,0.013409161087063116,0.014109962783395841
2016-02-04,-0.004357524767287505,-0.00410447562578025,-0.0035707013955787654,-0.0027507285108004224,-0.0016811543766555503,-0.0004541554519277332,0.0008318905972808459,0.002251724898933621,0.003795881823383022,0.004893281782156381,0.006850335520164865,0.009459757934902887,0.011372683531525807,0.01317522177054376,0.01381313633938351
2016-02-05,-0.004183504461943,-0.0036246475400550796,-0.002761668571873509,-0.0016113840812633936,-0.00023723592172960218,0.001249568845860486,0.002771641075577632,0.004396534352293528,0.006116803324266394,0.0073176931202291635,0.009453733985847194,0.011996110141036253,0.013918332195977922,0.015756775816205635,0.016376458939910018
2016-02-08,-0.004316357756356538,-0.0040380964885601165,-0.0034031024305052385,-0.002438962634923854,-0.0011972550344162933,0.00017725053242212098,0.0015983006094011146,0.003130745549504315,0.004771909076934705,0.005957465613140389,0.00808841443856344,0.010426940788823915,0.012271278176767087,0.014008969350280016,0.014644929295269641
2016-02-09,-0.004317062292337851,-0.0038958798524211715,-0.0031557090009926374,-0.002113976642724039,-0.0008346767245058687,0.0005429087371722331,0.0019399669606807437,0.003423123475648982,0.004998822867676622,0.0061181406617155125,0.00807507305755943,0.010335957546293871,0.011993946900320246,0.013631764207323599,0.01427280182078524
2016-02-10,-0.004244560528640198,-0.0037454369037654505,-0.002913513486311781,-0.0017783126329745098,-0.0004330981333731135,0.0009840091318337012,0.0023976396249094957,0.0038766289419754395,0.005438934301352788,0.006534904045484208,0.008518249698395102,0.010392222012007322,0.011827749606075674,0.01326253602083214,0.013905505899540486
2016-02-11,-0.004314950412086119,-0.003923063524836208,-0.003205714322493376,-0.0021862789590844475,-0.0009270540686685506,0.000444903159745174,0.0018515850113086187,0.003365713370869816,0.005000297853730506,0.006098142419356991,0.008012469325839815,0.010151682755928258,0.01179824971550199,0.013411440002141969,0.014062041994897582
2016-02-12,-0.004303559729461629,-0.0039952765484301215,-0.0033705871449350258,-0.00244353620600589,-0.001258584502243731,5.081621696707378e-05,0.0014105961884854346,0.002881434097156759,0.0044614163405571035,0.005560746371653711,0.0075166457521486625,0.009761618848237752,0.011505996459941888,0.013187946122737536,0.013839569335019964
2016-02-15,-0.004399702990983544,-0.004394410479332229,-0.004040151922205802,-0.0033483734557753536,-0.0023557486282098465,-0.0012061396998425972,2.0380213387011502e-05,0.0013812270695661058,0.0028798291926186346,0.003943239242371312,0.005870284806922898,0.008082226122265602,0.009727043197883601,0.011331818007064919,0.011994081467961253
2016-02-16,-0.004322060777641307,-0.004113702591305025,-0.0035781435268411165,-0.0027287698335374303,-0.0016272904233145453,-0.0003996247027440822,0.0008835663048123437,0.0022923921459668184,0.0038307052740569718,0.004920816024486459,0.006867438049453178,0.009132450358972852,0.010806523764604841,0.012459445551431698,0.01310541461057664
2016-02-17,-0.0041746402130061555,-0.0039048292166416034,-0.003275568808431687,-0.002317428263692008,-0.0010993679046189776,0.0002523217276735088,0.0016631952908623556,0.0031992476754768052,0.004851584985696067,0.0059915687378244535,0.008011712599649199,0.010362128528043312,0.012128132834826952,0.013838723141455248,0.01449853166561454
2016-02-18,-0.004497579964471145,-0.004299397757468755,-0.0037724170829118745,-0.002926300800462751,-0.001828171044938781,-0.0006465200014287187,0.0005663772458222177,0.001881611136791574,0.003329594268483162,0.004400822526112452,0.006286281472222205,0.008341889795528027,0.009892588785586694,0.011408938565285728,0.012065936782024445
2016-02-19,-0.0049076460918181805,-0.004803131848058181,-0.004358029206161314,-0.0035653392811830532,-0.002491263613693691,-0.001287040217441527,-2.321628639015416e-05,0.0013606322539189265,0.002886951892035942,0.004006374522682406,0.006002232515278273,0.008180781212031259,0.00977194768665639,0.01141010119569531,0.012078852014943206
2016-02-22,-0.005015442429408623,-0.004762317338783365,-0.004225573776110776,-0.0033741312858859705,-0.0022816123744733314,-0.0010700333409256152,0.0002008700169329942,0.0015901928090939908,0.0031295631158542872,0.0042698062886577836,0.006287632921323164,0.008376968737853766,0.00992085559993241,0.011592601221647377,0.012234408255513435
2016-02-23,-0.004657788065472968,-0.004460116273301795,-0.003967488396890497,-0.0031645490397724766,-0.0021434464625674247,-0.0010080708625237308,0.00016716510501152393,0.0014769507880596105,0.0029407346827546844,0.004015758174485752,0.005910714016617316,0.007842475477706076,0.009226221215876977,0.010773508700694991,0.01143036407751168
2016-02-24,-0.004949509468541854,-0.0046300992575645265,-0.004053593032446828,-0.0031954621760836004,-0.0021730930002132956,-0.0010668679293568725,6.685312508773484e-05,0.0013305335992184098,0.0027520533457245965,0.0037923495472997715,0.005585876783332101,0.00764200489505139,0.008985334221731934,0.010562115531641058,0.011244820579201948
2016-02-25,-0.00428313655431878,-0.004108942532773177,-0.003625095215715534,-0.002829537649921828,-0.001803104650788166,-0.0006402192186593684,0.0005835558262097746,0.001960202469960832,0.003482013672067106,0.004592920942327943,0.006530771894551922,0.008470321382146411,0.00986129733042823,0.011434781721951344,0.012122798464291045
2016-02-26,-0.004427909866569092,-0.004250328438514523,-0.003842878658143418,-0.0031828121770547256,-0.0023716106525770346,-0.0014725696426331064,-0.0005374210859981953,0.0005572063158985545,0.0018323196847283595,0.0027939022413699666,0.004467263192864516,0.006102763007577952,0.007095373044916284,0.008418598691557855,0.009115125722849603
2016-02-29,-0.004930068692013605,-0.0048052954288533775,-0.004450571524932542,-0.003842206276995651,-0.0030467389628001345,-0.002121928213792832,-0.001128578017957837,3.538153972226657e-05,0.001361490290098146,0.002366381095898512,0.004086736494937682,0.006172526913400316,0.007439673458684201,0.008962034489484919,0.009680028501860734
2016-03-01,-0.004645037274763365,-0.004379678081015516,-0.003841655549581521,-0.0030470326814212878,-0.002107944119792055,-0.0010870143070488593,-2.64548184629506e-05,0.001185271259223119,0.0025363448963978096,0.0036482493678474687,0.005258583935268638,0.007154289180221741,0.00835000969701393,0.009881640041929315,0.010565230037106807
2016-03-02,-0.0045302830395304965,-0.004482664933984688,-0.0041294791732406555,-0.003488063126463871,-0.0026131513381689136,-0.0015924894402449888,-0.0004879014998509135,0.0007870627304575129,0.0021870381102350816,0.00335241612444582,0.005094185807692645,0.007259064194689168,0.008715397404628249,0.010414388882100362,0.011119505932347076
2016-03-03,-0.00488348689836411,-0.004641949455885273,-0.0041474972995782745,-0.003406025986034362,-0.00252894434607661,-0.00158881444155555,-0.0006168675249540638,0.0004947677140554252,0.0017441791988917746,0.002799244575449767,0.0043458645727673835,0.006116918709329195,0.007260117329069404,0.008715935589472402,0.009440070999634606
2016-03-04,-0.0048962467901455965,-0.0044213289690523405,-0.0037057323551109673,-0.0027548207453417756,-0.0016950843730276829,-0.0005936437156225886,0.0005258114255111048,0.0017649710948258006,0.003119761806320724,0.004203948197734814,0.005748590358993223,0.007672236479522002,0.00891003102444254,0.010438752940263397,0.011151500910897276
2016-03-07,-0.005163703190011126,-0.004708867382301115,-0.004070085744434877,-0.0032300945594467122,-0.0023043794502158564,-0.0013559230637673917,-0.00039844210516846784,0.0006823055451265414,0.0018959376728454054,0.0028819177024022096,0.004157485201874684,0.006382513018625759,0.007706206590413583,0.009338306087291949,0.010084059355827676
2016-03-08,-0.0055603892032049,-0.005139862785256457,-0.004579154138118559,-0.0038425561219533446,-0.0030516517123778957,-0.0022706601482802326,-0.0014960545808543322,-0.0005897440093665294,0.0004790640677770049,0.0013704174650921836,0.00236744132298398,0.004603064527390035,0.005838937550820338,0.007413598229456162,0.008184396951123343
2016-03-09,-0.005941783933010297,-0.005443633032463893,-0.004802625060431916,-0.003979222842803639,-0.003085171078242712,-0.0021874733341791684,-0.0012910590908003323,-0.00027015240283923946,0.0008907556573409061,0.0018362462011699537,0.002918495854774222,0.005365155138114042,0.006782225372151866,0.00848882904978137,0.009251972337230636
2016-03-10,-0.005414981447094889,-0.0049209984442311295,-0.004311012569112378,-0.003539137068287807,-0.002679818180245713,-0.0017977256828938764,-0.0008948271817129849,0.00015101916997247583,0.0013367234050364785,0.0022989104624847995,0.0033900572894852276,0.00601263322268661,0.007525147481226848,0.009286875933393918,0.009986591153273376
2016-03-11,-0.005835262986829304,-0.005431633542372041,-0.004900511257507794,-0.00420315408323977,-0.0034499537273373904,-0.002708703407516161,-0.0019724138190624434,-0.001093926389268334,-5.46866290495932e-05,0.0008147931391033958,0.0017882208197731414,0.003905665046228143,0.005063973579019567,0.006551779364687442,0.007305814887294612
2016-03-14,-0.005351940012959239,-0.00472313073385639,-0.003966737126344414,-0.003053138120332011,-0.002090622866031933,-0.0011404870773716758,-0.00018028150461970238,0.0008656149220800892,0.0020807400347639263,0.002856946374881992,0.004063544596848335,0.006183979869066196,0.007497426676453786,0.009060049136872701,0.009801946222392069
2016-03-15,-0.005432043579269826,-0.004948488722509775,-0.004332386009298014,-0.003541337792502783,-0.002651119447029487,-0.0017281793402850756,-0.000767125495379902,0.0002952618567481674,0.0015283067667109785,0.002333224544044726,0.003604477221164313,0.005943095610497609,0.007340889894052077,0.009020446794284239,0.009760983954576717
2016-03-16,-0.005446595976056626,-0.004925108467672789,-0.0042658987955463265,-0.0034230575690675437,-0.002478657732788654,-0.0015012543428114164,-0.0004920225593185276,0.0006114155154417775,0.0018793915743476309,0.0027149659413735964,0.004088086781304739,0.006342969616049169,0.007681673949046662,0.009390490697892549,0.010125235222351155
2016-03-17,-0.005340837707202579,-0.004861054118050308,-0.004235998538750554,-0.00343040446204681,-0.002511564085401315,-0.0015522221968030142,-0.0005522331124038398,0.0005526662311384086,0.0018203898014669216,0.00266158620123116,0.004050216278960063,0.00629836085257574,0.007590757338380098,0.009284237506223276,0.01006667746826846
2016-03-18,-0.00529839657482014,-0.004928743393829634,-0.004419976711856611,-0.0037282503908681814,-0.002906625935815153,-0.0020229215031623677,-0.0010866668442169455,-3.107536716085834e-05,0.0011930870887723365,0.0020127057614110462,0.0033668652611453867,0.005628054186104909,0.006927440107213744,0.00858698381074112,0.009358272660831954
2016-03-21,-0.00535326904767479,-0.0048686872068707905,-0.004239843628031957,-0.0035101828972597046,-0.002680943016428458,-0.0018283599322166297,-0.0009413069400726125,5.857824147034469e-05,0.0012260693890729455,0.0020168098706431076,0.0033075868172538097,0.005603563808832151,0.0068553080829871224,0.008506474036233625,0.009255003299671442
2016-03-22,-0.00524108247067705,-0.005075729692746509,-0.004700037401097493,-0.004153574028888406,-0.003422994628835229,-0.0026184084912323864,-0.001752348428229918,-0.0007545891512230939,0.00042419967300601257,0.0012510443592188458,0.002664924662415709,0.004662382032674085,0.005781029628915609,0.007371071106469379,0.008123572713425382
2016-03-23,-0.00538696449523626,-0.005123521509904183,-0.004663920699406824,-0.004043084912175253,-0.0032406255359146443,-0.002353578402645858,-0.0013976894752557945,-0.00030935326954018667,0.0009428578287687312,0.001798982387599511,0.0032508393536141225,0.00536789357381337,0.006591814444871962,0.008213679831565216,0.008977157112998539
2016-03-24,-0.00536396077520537,-0.005166800827993987,-0.004781555682775156,-0.0042363762098068716,-0.003502329361682436,-0.0026739806752406354,-0.0017726995574697474,-0.000734836818829005,0.00047666471284248287,0.0013265882217231336,0.002788337701833131,0.004923539697369944,0.006135931474961841,0.007734346858475875,0.00851267587085918
2016-03-29,-0.005897188476867095,-0.005635617941195248,-0.0052032714763007885,-0.004611648586994291,-0.003810204348541649,-0.002889165819654983,-0.0018805942718483509,-0.0007359119705085664,0.0005607789235075478,0.0014686128135609205,0.003043254440003182,0.005376083768635409,0.006738471422778974,0.008469667100327915,0.009275867631162345
2016-03-30,-0.0057848600289201225,-0.005513902723011088,-0.005067304139054358,-0.004461734666631072,-0.003603023839943431,-0.0025730767068140458,-0.0014218802782704938,-0.00011095688251371374,0.0013235638475170052,0.00230727214311939,0.003974159318851262,0.006698363566679969,0.008335462808616655,0.010300742771606471,0.011072541348704898
2016-03-31,-0.006027489039043063,-0.005855948470346492,-0.005490225699007039,-0.00495402172075036,-0.004156457875400377,-0.0031841909950903733,-0.002085786168995152,-0.0008209898340074072,0.0005788397445101118,0.001557870720014485,0.00324189238823782,0.005931138818484016,0.007566473634052556,0.00951385245015114,0.010262695894065175
2016-04-01,-0.006236784138353846,-0.006002465018285084,-0.005567213539013775,-0.0049700050301100425,-0.004150073834816262,-0.003136176625878524,-0.001989219664726259,-0.0006747497949187043,0.00075110422079745,0.0017593861088580538,0.003476324789194045,0.006543449753241316,0.00837706352931545,0.010541541731904932,0.01130282412670255
2016-04-04,-0.005843487697502724,-0.0055489595298122,-0.005007348769026636,-0.0042891015000885374,-0.0033432994278422223,-0.002208354929291801,-0.0009411950171503195,0.0004863899941139735,0.0020043511909606706,0.0030530075711977527,0.004854886141415717,0.007751314372897651,0.0095539546859942,0.01175416449037164,0.012493191332749044
2016-04-05,-0.006196167205086447,-0.006009053777744746,-0.0055582509046324,-0.004920854357573157,-0.004030953957919041,-0.002930004170279043,-0.0016857140901568105,-0.00027471436239130394,0.001226439872883042,0.002258768714935101,0.00401175246397027,0.007131129602351778,0.009005810699904148,0.011284138136249193,0.012050491071129751
2016-04-06,-0.006324618961985025,-0.006064195366086962,-0.005543337437506052,-0.004832498827113683,-0.003859317366801087,-0.0026641810283737286,-0.00132334182240923,0.00018006849957789427,0.0017613461632786423,0.0028225849302205507,0.0046169895500109415,0.007828289855797794,0.009783731683833374,0.012144593589522506,0.012920430758358303
2016-04-07,-0.006228396779715196,-0.0061938882509887105,-0.005845429476096655,-0.005252134187359825,-0.00431576989253096,-0.00309652512041718,-0.001703364663461874,-0.0001369016822494243,0.0015021215087860848,0.0026177461958426175,0.0045841407946639115,0.00761871170918673,0.009542637440564414,0.011952873193689002,0.0127429614997252
2016-04-08,-0.006309744723709659,-0.006237860436512263,-0.005812934341802565,-0.005125187576455186,-0.004093346795204154,-0.002796434668289822,-0.0013434214854638627,0.0002619177993905589,0.0019393481167068963,0.0031002000872483258,0.005177240112475005,0.008135838952719817,0.01006899654559964,0.012505015986115045,0.0132806004163577
2016-04-11,-0.005681801991271934,-0.0055482934584779806,-0.005032953377422382,-0.004250026607360926,-0.003165617054321914,-0.001861130498028219,-0.00042898953108827325,0.0011512587879098882,0.0028088220058615303,0.0039196734725711274,0.005926598118919959,0.00839949543530995,0.010058109224795246,0.012237280498704841,0.013017525917711114
2016-04-12,-0.004700568448523912,-0.0043014915037219836,-0.0035916453219600134,-0.002682943930535951,-0.0015908279942938185,-0.000367438902645584,0.0009402091758486155,0.0023931597975169095,0.003938627178527894,0.004985919133027357,0.006853260999486861,0.009498135305609692,0.011180214287407536,0.013341431477744093,0.014126344462970761
2016-04-13,-0.0049063339373818125,-0.004750234964141148,-0.004247831118505027,-0.0035054966678926373,-0.0024620043882183675,-0.0012056181913482258,0.0001926829310417165,0.0017563977344640903,0.0034134399074499415,0.0045340942237684576,0.006554633120616632,0.009076141711062071,0.010757625801099182,0.012902376194426069,0.013709457319915654
2016-04-14,-0.0052984885028827654,-0.005110432739483353,-0.004626044511040356,-0.003925594657484743,-0.002968610307397125,-0.0018416715236443722,-0.0005995250691697897,0.0008002535459206006,0.0023126275006096417,0.0033239178739429445,0.005148596008802726,0.007612802985067922,0.00916412582066986,0.011255561957731369,0.012103097247354914
2016-04-15,-0.004874690242050956,-0.004547799208494654,-0.003900295346628445,-0.003036862799383145,-0.0019303984651606381,-0.0006841467692415854,0.0006607154636920198,0.002150867779402321,0.003742817668844445,0.004788843650043079,0.0066717705095462616,0.009137465549956536,0.010685293989808308,0.012818933234306246,0.013654675139443946
2016-04-18,-0.005083729016535872,-0.004921911402838663,-0.004467389744694015,-0.0037943323594435176,-0.00283978213340702,-0.0017181337750595844,-0.0004827921150417876,0.0009107737685030148,0.0024239989263762987,0.0034247579629925963,0.0052145398169048465,0.007767820843379004,0.009343671642809498,0.01146654408297607,0.012271700906490842
2016-04-19,-0.00528621754357036,-0.005137873020756566,-0.004722122017903765,-0.004111324498091518,-0.0032591859970644067,-0.0022656411154557896,-0.0011739163878162079,7.796763313853221e-05,0.0014646902885363904,0.0023912825148798894,0.004032582750292049,0.006622410188295177,0.008128157005987343,0.010136481515395965,0.011001552466652846
2016-04-20,-0.0052441195609971,-0.004997438742899172,-0.004469444137532121,-0.003740080039351555,-0.0027703322400097707,-0.001658788751233833,-0.00044887165377913336,0.000918245034485069,0.0024091323508645384,0.0033848923414876173,0.005125125092071839,0.007607497679335774,0.009127945399912643,0.011082136163765972,0.011973381239274966
2016-04-21,-0.005212870348928105,-0.005023139758757453,-0.004557123078341624,-0.0038938958584219872,-0.0029815598936965785,-0.0019072403713300372,-0.0007187657403991233,0.0006380213503356743,0.002112081856000019,0.0030767568668937807,0.004778248792003619,0.007391328447009916,0.008963306180072017,0.0109765510738862,0.011867287923484862
2016-04-22,-0.005366764409317192,-0.004978188033094214,-0.004394868726852755,-0.003672347775306888,-0.002782837385014965,-0.0017859048673394438,-0.0007053637886827755,0.0005348568616550368,0.0018961095722599083,0.002770445158878993,0.004257161260607466,0.006979394325727365,0.008502581595115122,0.010466347252808683,0.0113576672666977
2016-04-25,-0.005540810743826979,-0.005249941624464919,-0.004780112204799443,-0.004174585755900405,-0.0033844534582653392,-0.0024685216527594645,-0.0014565253323375385,-0.0002768938327607098,0.001027684781048038,0.0018747729554869043,0.003318432260478093,0.006189498014821882,0.0077020891112803015,0.009625942808908324,0.010564327579065577
2016-04-26,-0.005433316479114402,-0.005048845457835372,-0.004503055734565792,-0.0038440315535619614,-0.0030578418184035736,-0.00219271325153637,-0.0012600615574407314,-0.0001659686729833751,0.0010640710044692685,0.0018558355152810545,0.0031994951011324693,0.005877886273269247,0.00725371944062637,0.009058348411055992,0.009993059638719598
2016-04-27,-0.005474194474604965,-0.0052046807120034524,-0.00481247672174497,-0.004310214164171708,-0.003654805597390823,-0.0028923448771707634,-0.0020450164382422465,-0.0010254103157965129,0.00013844926791285408,0.0008799602705762955,0.002122304779662134,0.004837519422864003,0.00611434854079241,0.007784198418548145,0.008773012413152283
2016-04-28,-0.005463903677891633,-0.00510471117870126,-0.004602653945854429,-0.003986249759357915,-0.0032427473508139823,-0.0024226923281930267,-0.0015393392995949593,-0.0004974802278188161,0.0006843048135731241,0.0014326645610083192,0.0027165276907076576,0.005225716525385758,0.006409382252169422,0.008082262255549078,0.009022931334795366
2016-04-29,-0.005328675453949512,-0.004936704951925114,-0.004408336122803892,-0.0037683463713290084,-0.003013468795839429,-0.002191831614985519,-0.001315354960908583,-0.0002861660511083548,0.0008816827776373063,0.0016174434840087522,0.0028910698054409475,0.005273518304338483,0.006359494008579432,0.007981217813427657,0.008912030756457943
2016-05-02,-0.0054326494626701334,-0.00519298678942747,-0.00479702459881113,-0.004265608280067312,-0.003607610634061869,-0.0028776017120951277,-0.0020952954405452986,-0.001156733521660445,-6.124275451452262e-05,0.0006241492748560982,0.0018517686060713356,0.00390439633849501,0.004771595027638367,0.006257022042749071,0.0071710124532713415
2016-05-03,-0.0055965642350037465,-0.005373585487675805,-0.005003402220576187,-0.0044912495476573935,-0.0038430087694741,-0.0031170396320367288,-0.0023400564730643204,-0.0014099884605542241,-0.00031937182482901893,0.00035765710025688677,0.0015903604146730464,0.003496088552862749,0.004248186181639999,0.00568422756906611,0.006616006109815489
2016-05-04,-0.0052883624301067874,-0.005200276252887069,-0.004919597866614713,-0.004467280324147137,-0.003824364456338568,-0.0030573373059845184,-0.002205853556062047,-0.001185253413756233,-1.547552578956893e-05,0.0007194179129873488,0.002034907012116798,0.003922118355537667,0.00479290136943983,0.0062974057880875265,0.0072174737701007265
2016-05-05,-0.005626534819894028,-0.00547323193193859,-0.005167342732826059,-0.004707494583185276,-0.004052705386053057,-0.0032631052993019323,-0.0023826243740909334,-0.0013353662477682223,-0.00014928450395539268,0.0005849411577321086,0.0018804369378159773,0.003992109936215632,0.004892742761128659,0.0065625890158001,0.007479380304010237
2016-05-06,-0.005671955581957813,-0.005446816376747232,-0.005116101007578467,-0.0046670020197228275,-0.004061859901410779,-0.0033628643954275884,-0.0025849914521375215,-0.001646126496653308,-0.000563518231117814,8.017076153418767e-05,0.0011911883792033629,0.003259519448277174,0.004079797910806425,0.005678254474464714,0.006570502700127428
2016-05-09,-0.005542414238394406,-0.005296046141860891,-0.004934736508195362,-0.004458426400022102,-0.0038001586237226066,-0.0030359987990830465,-0.0021765538938449225,-0.0011497178268725693,3.51157713227013e-06,0.0006871599102093596,0.0018442939241558626,0.004187657662939292,0.005194644151364034,0.0069453356260855085,0.007846074676937641
2016-05-10,-0.005757716606276808,-0.005612721793308318,-0.005381933465140103,-0.005036588925845853,-0.004470662825360105,-0.003762280507641868,-0.002932240118620898,-0.0019202322467601065,-0.0007829871976317729,-9.4842965887187e-05,0.0010338581546184239,0.003809195209584884,0.00499866529261535,0.006971000207666755,0.007860161569636799
2016-05-11,-0.006137855858930724,-0.0060016555368770244,-0.005741736572250574,-0.0053239901577670865,-0.004642673801192808,-0.0037931281934359684,-0.0028161609350705642,-0.0016687031995567918,-0.0004087536183214743,0.0003645179434037931,0.0017192292186006672,0.0043276425377655895,0.005514410928307306,0.007535747006176382,0.008475393857287168
2016-05-12,-0.0051942313902664985,-0.0049497282429939535,-0.004603332992031505,-0.0041552670199916045,-0.0035292428042458268,-0.002796084197059726,-0.0019629259636656992,-0.0009521210272247114,0.00017486181807167128,0.0008303045481981213,0.0018935184143739267,0.004553026132759734,0.00566536985019149,0.007555103451830476,0.008446170511441713
2016-05-13,-0.0051550089882943465,-0.00500841217718964,-0.004716573224179057,-0.004268131306245075,-0.0036385795900247277,-0.002851278229323789,-0.0019462144357848326,-0.0008595783920495045,0.0003365148736249187,0.0010400272199682275,0.002231089404737674,0.004811253208098604,0.005925638016203001,0.007838179117264314,0.008778030592308543
2016-05-16,-0.0054532801276015045,-0.0053947902468551925,-0.0052237461044103975,-0.0049045252147408075,-0.004399070039539596,-0.0037293905229845645,-0.0029418068401914667,-0.001965583305474573,-0.0008655508196292454,-0.00021481855387689138,0.0008636908050610798,0.0034499782470949255,0.004510613525266919,0.006366395012813101,0.007276675383259285
2016-05-17,-0.005245695710434386,-0.004997964765380638,-0.004631334201546021,-0.0041245897290191486,-0.003459498881078222,-0.0026522585374059784,-0.0017381543117343998,-0.0006464177629109241,0.0005512920566763717,0.0012444484344351348,0.00239742556055335,0.005028527539940516,0.006123371790876327,0.00804308764754393,0.008927959696343938
2016-05-18,-0.005333180164442003,-0.0050975862155793784,-0.004717092439235622,-0.00417502359368982,-0.003436514433735933,-0.0025267808838008326,-0.0014915966176784682,-0.00027603860227965577,0.001032488226888834,0.0018010961677582217,0.0031087948537045773,0.00585190337596846,0.007061518705932891,0.009110405243407355,0.009994404469288825
2016-05-19,-0.005260439502912313,-0.005124176702587386,-0.004867816891418355,-0.004463028881196597,-0.0038791557987720346,-0.0031364100780570895,-0.0022743690476599693,-0.001223851899908347,-5.655892492634608e-05,0.0006334218947208336,0.001786547912150395,0.004460156594023414,0.005580812688040174,0.007501867353982113,0.008399864044297314
2016-05-20,-0.005135893748907174,-0.00479119075911672,-0.004284596325860577,-0.0036104732673366566,-0.0027743489996737746,-0.0018013800746610005,-0.0007264398017402618,0.0005161851830293966,0.0018451717354327545,0.002613588182482055,0.003947515600418185,0.006482549651954698,0.007584725616335327,0.009540596004027495,0.01044690147665124
2016-05-23,-0.005246778819114593,-0.005106757777395777,-0.004762365122407528,-0.0042094759473533284,-0.0034082348394436925,-0.0024079265963938877,-0.0012619218609675263,6.660912908574615e-05,0.0014744550519890803,0.0023046444472598227,0.003758485301936966,0.006449936902288794,0.007740080593048596,0.009868921496519814,0.010747208582749197
2016-05-24,-0.005265399773328822,-0.004957550237344432,-0.004463180000021895,-0.003778553682499645,-0.0028893549469564393,-0.0018407260352748997,-0.0006755034204550039,0.0006597222360295366,0.0020755063603883246,0.0029025088764414375,0.004341832293982979,0.007041527209279529,0.008343813198059184,0.010455378456524637,0.011346893984835387
2016-05-25,-0.005171449090511639,-0.004828374355241749,-0.004278301434149527,-0.0035256058174253035,-0.0025576767740315897,-0.0014327003546935366,-0.0001955255057715131,0.001201094190379953,0.0026665148127404475,0.0035130723252135994,0.004990471920858053,0.00760665199288363,0.008904023060925564,0.011028214221790953,0.011927370064750717
2016-05-26,-0.005148486789785937,-0.004883415254679858,-0.004418871386918452,-0.0037484259101826676,-0.0028439598294277037,-0.001770555652186572,-0.0005752296883870734,0.0007824170653585013,0.0022178370195008105,0.003081997331556444,0.004616848546426451,0.007428144292465596,0.008759265338201642,0.010941631529914373,0.011820057143764258
2016-05-27,-0.005229156975221385,-0.0051901480781311495,-0.004953918620551555,-0.004495459118472606,-0.003772006847181136,-0.002866063191452809,-0.0018289250670778458,-0.0006178191781316646,0.0006967841530360196,0.0014995676045321004,0.002916860103710131,0.005691347675575588,0.006992833875875088,0.009141022325588881,0.00999535039411365
2016-05-30,-0.004846825624536935,-0.0046492894717389665,-0.004243096500615082,-0.0036224072303095963,-0.002779657510033892,-0.0018003549580669772,-0.0007185144177454052,0.0005211122066801992,0.0018636525925337561,0.002666964514397195,0.004076614855337469,0.006696456978775464,0.007924077286450998,0.010043117859652903,0.01093912743080742
2016-05-31,-0.004814547194035151,-0.004724365462107281,-0.004405074399050648,-0.0038467633273626374,-0.0030362250784720726,-0.002067119093138523,-0.0009845741481567262,0.00026042746562288414,0.0016069281662852322,0.002394129402244464,0.003791519324990427,0.006181614477357156,0.007318592594909321,0.009337287313152084,0.010218953876038826
2016-06-01,-0.00500469011021187,-0.005082676594212979,-0.004967724101262949,-0.004628216199166076,-0.004032327563727355,-0.003263058631595743,-0.0023705452506171025,-0.0012969557037468887,-0.00010275604458108889,0.0006059869001624264,0.0018128220762218994,0.004317848426989535,0.0055752841629128705,0.007653009131216192,0.008505731473038028
2016-06-02,-0.005010888556485724,-0.00488487872752874,-0.004601028984300906,-0.004119571603017426,-0.003433412540330092,-0.0026117241784289202,-0.0016872353627450354,-0.000596017857716169,0.0006127546850099119,0.0013108748515054298,0.002507326319044644,0.005023763000116501,0.006344598543806307,0.008382872314591127,0.009268750374171793
2016-06-03,-0.0050367042579046555,-0.005300934390342719,-0.005308816836813475,-0.0050401206407174265,-0.004484187199295653,-0.003750495044933865,-0.0028917624160776376,-0.0018498159617238654,-0.000665335395519539,3.650107177265247e-05,0.0013377333607060985,0.003223189985806522,0.004208105789455029,0.006112231867096775,0.00699481761095918
2016-06-06,-0.005085169106492504,-0.005307766127070797,-0.005241616317699898,-0.004878485123856642,-0.0042093227089429605,-0.0033496828530445878,-0.002354895467842949,-0.0011762451456458513,0.00013797683875959926,0.0009165142929473052,0.002359745067684693,0.0043087769574644405,0.005405110158659401,0.007438866592717872,0.00829762346140872
2016-06-07,-0.005105653727966854,-0.005448254254592947,-0.005476478311077745,-0.0051865658914052,-0.004574682384002959,-0.003765768249928392,-0.002818210954954015,-0.0016807912498668673,-0.00039802824054537456,0.0003720677725004714,0.0018276938782837873,0.003456200258413463,0.004494069815019135,0.006454324285226724,0.007308995991832483
2016-06-08,-0.004930982342833983,-0.005324106136775709,-0.00537798615888543,-0.005100031638821494,-0.004495182177592513,-0.003697213446986861,-0.0027663751547761122,-0.0016436661942088428,-0.0003627512508455434,0.0004151439324108093,0.001924609280541586,0.0033647624935485222,0.004368401796542526,0.006334780171742269,0.007165984158557386
2016-06-09,-0.005055454433841995,-0.005456675025482041,-0.005534390296555764,-0.005282127421688476,-0.00469055036296358,-0.003893528896811445,-0.0029563340225941563,-0.0018253522037575236,-0.0005423642209876211,0.00023717591453646723,0.001736613696855244,0.0033056442944098216,0.004392267702187275,0.006478148878559919,0.007318017208392945
2016-06-10,-0.005279775929558089,-0.00549983286759472,-0.005416889857607954,-0.005018589449606152,-0.0042832980849563645,-0.003341961225602979,-0.0022476253135307383,-0.0009813779166250155,0.0004100384577579504,0.0012356142228967012,0.0027763391610834895,0.004772273362506405,0.006031387365828163,0.008290474456968946,0.009153475044104895
2016-06-13,-0.0051292896381994755,-0.005477590745006582,-0.00552251209161808,-0.0052565222953915875,-0.004669053690683773,-0.003898269852336163,-0.0029904703078382716,-0.001903385021478928,-0.0006660372949559685,8.133325031490384e-05,0.0015064820966481638,0.0033221853067714182,0.004397430828692807,0.006433657095075964,0.0073268108262958655
2016-06-14,-0.005099446900971562,-0.005262901232949703,-0.0051271073266608205,-0.0046895361480211945,-0.003954238681358241,-0.003047188202388524,-0.0020120502357962476,-0.0008170518071775399,0.0005048827081562313,0.001283808779995406,0.0027509234518770104,0.004650425123146368,0.00578055494737147,0.0078861106016518,0.008759054595048901
2016-06-15,-0.005258672605788259,-0.005571730979365465,-0.005594981308796277,-0.005309278186018456,-0.00469761465331006,-0.003892931800986906,-0.002954791389226019,-0.001849106292458596,-0.0006080712728508721,0.00013279281070181662,0.0015401401276864547,0.003405303760131735,0.0044728742300087065,0.00652738316756376,0.007416077346744402
2016-06-16,-0.005185372978843267,-0.005361234232919226,-0.005251811376375912,-0.004839881394203142,-0.0041217158630386585,-0.0032233583270052904,-0.002198478189430689,-0.0010143780550050452,0.00028919648445669647,0.0010436327091547617,0.002466970104166259,0.004388473207819384,0.005529958519553815,0.007682280876542609,0.008594311413875053
2016-06-17,-0.00510948256491698,-0.005225993376185466,-0.005070105334593976,-0.004621607836348218,-0.0038758819956681897,-0.002958254375399547,-0.0019193587520933194,-0.0007230219490786008,0.0005864208682891402,0.001340697830614689,0.0027354823008525417,0.0047389748551810735,0.005906654758064936,0.00808097571733062,0.008990935512649074
2016-06-20,-0.00507687011293228,-0.005355641405791249,-0.005372721949654098,-0.0051040424613002355,-0.004523778301727855,-0.0037616411309879154,-0.0028706490644952666,-0.0018085345326548656,-0.0006197651594184142,6.949826573210546e-05,0.0013359561148808168,0.0034308452589687137,0.004644329430015757,0.00682358145299166,0.007744900953060648
2016-06-21,-0.004995030631882322,-0.005134979665199036,-0.005018286960969882,-0.00462178354362791,-0.003938360572995461,-0.003092360420145209,-0.0021347739366554853,-0.0010198954605054006,0.00021149231354289176,0.000918043938524088,0.002222487654438689,0.0042941509336617755,0.005477072338420506,0.007650159435305667,0.008618995710506576
2016-06-22,-0.004996184531105478,-0.005260796290331848,-0.0052364826128108305,-0.004901281817623673,-0.0042387747567970094,-0.003391594306902219,-0.002417095486896744,-0.0012746319720984471,-9.92282594350893e-06,0.0007326424037010361,0.002133547171141649,0.004103499761077127,0.005265531598560003,0.007402431986732695,0.008395367940472378
2016-06-23,-0.005100512603645554,-0.005423361669268336,-0.0054603171602103425,-0.005185935944389756,-0.004579772750877944,-0.003783396744837769,-0.002858952632559679,-0.001759031888181153,-0.0005293446797170088,0.0001871663870616849,0.0015412803510039424,0.0035073768863295024,0.0046244316010948805,0.006667611854106531,0.007706056169706352
2016-06-24,-0.005127377315278162,-0.005387047554827931,-0.005357528579781269,-0.005018744695345266,-0.004368946813584315,-0.003545537242706305,-0.0026020446901904135,-0.0014875413740143115,-0.000244273447800202,0.0004672084590416894,0.0018066349209627094,0.0036807293451751716,0.00473472718350409,0.006740284687113317,0.007757780981098916
2016-06-27,-0.005070616510852178,-0.00524355344205196,-0.005143797792550461,-0.0047511848795205825,-0.0040612733558598344,-0.0032011576196964257,-0.0022216261923380357,-0.0010740255782213182,0.00019040613781314236,0.0009078331857403074,0.002253531353292919,0.004267803686827555,0.0053822580886852735,0.007446086286720638,0.008463803398944352
2016-06-28,-0.005161506476277475,-0.005294615337570022,-0.005169618667938181,-0.004760389779887622,-0.0040546001105906575,-0.0031772679325528645,-0.0021757555486468664,-0.001004478299485501,0.00027854917358118784,0.0010025468780199363,0.0023393978134636133,0.004539197376100569,0.005755303048974401,0.007891485924109784,0.008904216486862973
2016-06-29,-0.004900560823757584,-0.004989234566061544,-0.004850514274067632,-0.0044510813133187225,-0.0037916314379390055,-0.002984033400297203,-0.002064300915572645,-0.0009686248123970863,0.00025246684307850275,0.0009342903084373954,0.0021778153673840707,0.00438460286844378,0.005498492506804859,0.0075852057868175055,0.008593900837702652
2016-06-30,-0.005012673820770618,-0.00493221598551245,-0.004627764104438625,-0.004063776989307201,-0.0032703616501556353,-0.00233834104952684,-0.001306682370691249,-0.00011372746950507554,0.0011931466432837231,0.0019071796569901634,0.003214019215850407,0.005361174788259428,0.006504331241958983,0.008616654718816848,0.009607812572340996
2016-07-01,-0.005108485463051775,-0.005119972853824125,-0.004914141035170584,-0.004451664572920631,-0.0037731440676079223,-0.0029716878522496612,-0.0020784851689503387,-0.0010220470122895703,0.00016489401728140456,0.0008166404114780282,0.002017318469220151,0.004139638261885535,0.0051867582504467845,0.007219865081052166,0.008230103463723971
2016-07-04,-0.00511073264640516,-0.0051253400434575274,-0.004934992068426826,-0.004505375580706983,-0.0038914701998308643,-0.0031806009440345393,-0.0023926435135563466,-0.0014375027137531339,-0.0003404168397331779,0.00024338175068319538,0.0013113374540944995,0.0032733488721285566,0.00420569467915898,0.0061410736554073884,0.00713390318365402
2016-07-05,-0.005373288132021881,-0.005299002870931465,-0.0050303661419720015,-0.004541149032614525,-0.003898662354984276,-0.0031810718203503794,-0.002393587793835029,-0.0014417043261464907,-0.00034692201164255394,0.00020750082056256928,0.0011868945865504531,0.0032681191667641063,0.004196152311378709,0.006127667308614325,0.00721310179720692
2016-07-06,-0.005429740911264739,-0.005317948107870099,-0.005088538157249178,-0.004689720135310513,-0.0041805306635299576,-0.0036186370333346316,-0.00299219852588642,-0.0021920882605939453,-0.0012309428922275033,-0.0007753716447162469,-3.743469595443065e-05,0.0022051827640306165,0.0030940286775712647,0.005039255140641864,0.006064098906379016
2016-07-07,-0.00551257032770826,-0.005357808753715775,-0.005087507068254786,-0.004647359101692742,-0.004096547929787518,-0.0034945063973810583,-0.0028323195835727962,-0.002000738064642787,-0.001012010487423964,-0.0005634196609812645,0.0001469586470050526,0.0022224296936181227,0.0030393157750098197,0.004930548266932713,0.005904476125398885
2016-07-08,-0.005672300598410668,-0.005564593387154701,-0.005332989080042697,-0.004922703635191772,-0.004399304000106739,-0.003827423591327,-0.003199771198706875,-0.0024126642296321576,-0.0014729654804100482,-0.0010689887624044565,-0.00042305446919619347,0.0013923481700006976,0.0020592873757971897,0.0038212899771096053,0.004856459219772807
2016-07-11,-0.0060194849919851185,-0.005926352397910127,-0.005749289190027314,-0.005403522212860209,-0.004930428378452026,-0.0043893072802370205,-0.0037828890664819903,-0.003025212923834117,-0.0021248538752711584,-0.001762094557890287,-0.0011941081936339532,0.0006789664635486487,0.0013209919426665124,0.003045506222814643,0.004030041347994352
2016-07-12,-0.006024172873523449,-0.005855264416162354,-0.005597988553128583,-0.005173348284994373,-0.004587090839770638,-0.0038929578276064363,-0.00310652365908013,-0.002169107406740296,-0.0011262612752650216,-0.0006740050140951197,1.6238708650694457e-05,0.0024412458606648977,0.0033720442161441055,0.005535969499619804,0.006473222875448414
2016-07-13,-0.0065981025359617045,-0.006585924596881145,-0.00644558437589932,-0.00610311714890492,-0.005583300358511086,-0.004959464535212823,-0.0042597219024993385,-0.003415227915700696,-0.0024476043575861694,-0.002070549368159139,-0.0014889437821766912,0.000374139319674244,0.001061171225599305,0.0029404143933784163,0.0039049243938323393
2016-07-14,-0.006321011378961468,-0.006324447655573414,-0.006196263380253705,-0.005865039893798189,-0.005329884395611628,-0.004669985270975433,-0.003912291065543241,-0.003002216259281731,-0.00198353359973618,-0.0015935002247089154,-0.0010184622170934007,0.0010504957220917846,0.0018581468803998118,0.003852711631929123,0.004792696356901404
2016-07-15,-0.006475286598164298,-0.006556009271487603,-0.00649682532234361,-0.006228637591454391,-0.00576172738514431,-0.00517665429906163,-0.004495863325102508,-0.0036592595074372903,-0.0027028917138900463,-0.0023836493833085362,-0.0019014804404278115,-0.0004191990781767937,0.00016297785696928798,0.0018654029483110212,0.002785037326055226
2016-07-18,-0.00658418743893963,-0.0065806986171273426,-0.006426436188103969,-0.006056537581544158,-0.0054387226845999444,-0.0046487202372572315,-0.00372179898117558,-0.0026349460439982,-0.0014672971317975254,-0.00104030390125275,-0.00036373897608893055,0.0015820152920795628,0.0024355975001966886,0.004554655322393032,0.005461302581910413
2016-07-19,-0.006043819775840108,-0.005992906647191481,-0.005785290802998758,-0.005370298556289713,-0.004724894470530148,-0.003919320513831976,-0.002977879250594404,-0.001875664687733832,-0.0006924080365399625,-0.00026142777350470403,0.0004307020224000302,0.0024171686685903844,0.0032979575255196337,0.0055007332737459684,0.0063684619289766636
2016-07-20,-0.0061028449669220716,-0.006032088337668608,-0.005835865398718425,-0.005456238622457239,-0.004881351258247048,-0.004167422934595133,-0.0033287507339509717,-0.0023257539032724844,-0.0012305639669379642,-0.0008425255200333207,-0.00022632733079403953,0.0017253425866886464,0.002538852140063462,0.0046617053576130585,0.005549498081705813
2016-07-21,-0.0060242652465816995,-0.005885212388585451,-0.005612296924375392,-0.0051532614630028185,-0.004508446151509183,-0.003739044983429669,-0.002851872560199981,-0.0018063934872179295,-0.0006685455879892862,-0.00025904153275815574,0.0004084001051426593,0.002317178317489889,0.003106884811664006,0.005240163992020117,0.0061327032582613305
2016-07-22,-0.005882612922464592,-0.005755495025467369,-0.005508459894420685,-0.005075463570732585,-0.00442408843607556,-0.0036160387030372033,-0.002661938822258404,-0.0015333520427124386,-0.0003237806164857937,0.00014525267293981098,0.0009169810838205065,0.003253012092673435,0.004238587584668074,0.00666013154353165,0.007521484265321658
2016-07-25,-0.007419758455122599,-0.007426729516714768,-0.007346292647765773,-0.007071563391178575,-0.006588754014577526,-0.005957421939194021,-0.005202717985412723,-0.004293726020845744,-0.0032780512918788507,-0.0029341137870151192,-0.0023039543884117446,-0.0008374194764076562,-0.0003286253636052935,0.0013819405774094368,0.0023309985415651594
2016-07-26,-0.007149113778963216,-0.0070732705933837115,-0.0069345266415321875,-0.006641923409023739,-0.006201029981920945,-0.005656619818049177,-0.005013268883372027,-0.004212285853040511,-0.003297035754292222,-0.003019507823696778,-0.0025636849113945086,-0.001112189530205426,-0.0005796927773215879,0.0010391501960069793,0.0019313915542433298
2016-07-27,-0.007378808107383303,-0.0074389011373511395,-0.007381597099398936,-0.00712637941454028,-0.00665354454307793,-0.006033072009022364,-0.005284757490203325,-0.0043682487028167925,-0.003345154312812447,-0.0029826639600759076,-0.0023378849082797883,-0.0007435271755875444,-3.521960907674777e-05,0.001853824109770957,0.0027159806956775605
2016-07-28,-0.00712974302881032,-0.0070981628709441465,-0.00696721572267311,-0.006660341354798023,-0.006168772537845811,-0.005549119903509492,-0.004812500769700204,-0.003906966857490598,-0.0028943616947462005,-0.0025623794768427715,-0.001983445031298395,-0.000459089962738204,0.0001958669272555131,0.0019731327452891597,0.0028625531809135353
2016-07-29,-0.007129874246583573,-0.007182804682902835,-0.007108378322734049,-0.006835772948073652,-0.006357857416070126,-0.005755447343793988,-0.005041121505641173,-0.004157039175546072,-0.00315199557958625,-0.002805172917713236,-0.002172937609382779,-0.0010128675160885432,-0.0004653576180027167,0.0011745289505104626,0.002271082464499553
2016-08-01,-0.0070972619467980416,-0.007135742861975029,-0.0070614471912712525,-0.006759904993593784,-0.0062818828468699395,-0.0056288378397702,-0.004876090210558259,-0.003927885583541521,-0.002869638962329105,-0.0024956204921848684,-0.0017285350823969818,-0.0002997938826646788,0.00034481042753887114,0.0021196686566504618,0.002964116228330493
2016-08-02,-0.007172711711980963,-0.0071037061397751355,-0.006942525507596637,-0.006576692937402952,-0.006064269815650629,-0.0053876937040231825,-0.004612705387011088,-0.0036311009098218042,-0.002542646474806599,-0.002150926013874367,-0.0014107354911269806,0.00047537831455642197,0.00120340180934108,0.0031203067180700554,0.004000291127835982
2016-08-03,-0.007305793894804206,-0.007413450042100996,-0.007434229024847573,-0.007257398597259177,-0.006889266960000549,-0.006363587267050708,-0.0057311435397800065,-0.00487532597446198,-0.003888400817163903,-0.00355300817772562,-0.0029054903369539146,-0.0012280337865347903,-0.0007120725021801484,0.0010185745145425812,0.0018556695123262395
2016-08-04,-0.007291240042899761,-0.0073312018795961475,-0.00721616506626335,-0.006865214737625588,-0.006315804497489282,-0.005617563621580278,-0.004816909178575446,-0.0037962961982813234,-0.002652447001253278,-0.0022274359646131166,-0.0013900554550422906,0.0002465298018517856,0.0008846813335828775,0.0027639237694821006,0.003559583708515244
2016-08-05,-0.0072378310810165,-0.007278135387898935,-0.007172604055059839,-0.0068357630413080055,-0.006295763915715583,-0.005592195531022153,-0.004770954673566041,-0.0037191897501128125,-0.0025526060970768294,-0.0021325829041316823,-0.0013177565449739841,0.0005875361986655584,0.0013284157960325082,0.0033482250361177965,0.004121324089287509
2016-08-08,-0.0072959897710567455,-0.007380075634624229,-0.007324396267591076,-0.007043168963838472,-0.006557770139517437,-0.005906505691446836,-0.005133421795031988,-0.004122724529713694,-0.0029996324147637324,-0.0026028226831666086,-0.001860780789956289,0.00015003771151604964,0.0008618139121276556,0.002907316043007666,0.003679927425921292
2016-08-09,-0.007511411345223161,-0.007405927737637494,-0.0071979336321162666,-0.0067956157709879025,-0.006234896651428424,-0.005537825374039732,-0.004736190335531881,-0.0037094372715562,-0.002573412480945757,-0.0021916004571773794,-0.001511154818971014,0.0004909633463567313,0.0012789166545770913,0.0033837951175379184,0.004217950447563166
2016-08-10,-0.007057823750127663,-0.006965051302862393,-0.006720527090089027,-0.006248492853736923,-0.0055987742610617034,-0.0048069146658852886,-0.0039086537076774034,-0.002782544828019399,-0.0015514322579305653,-0.0011184026884663747,-0.00030207737281956926,0.001542918542096079,0.0022746884484274137,0.004424336652785816,0.005195544616991709
2016-08-11,-0.006900974150368631,-0.006912681847992772,-0.006791932697082513,-0.006460599396218181,-0.005946020775187218,-0.005281114474634822,-0.00450426781937652,-0.003488963447172526,-0.002360561373729099,-0.001956367082111864,-0.001247076340996853,0.0007740039598108563,0.0015709557499004828,0.003723358325583643,0.004465374558764853
2016-08-12,-0.007034563666294762,-0.006917774110352501,-0.0066585141534076416,-0.006170866591747953,-0.0055017102807986525,-0.0046908018459632965,-0.0037828535692895644,-0.0026572209518522663,-0.0014310321190352435,-0.0009634763179333262,-0.00010471202971980829,0.0018475786879201261,0.002600771157398882,0.0048105092231456245,0.005558665441679093
2016-08-15,-0.006844928190625953,-0.006681468026765162,-0.006384031817121233,-0.005861450476492943,-0.005145693708557573,-0.004277660622497058,-0.003304850984520444,-0.0021103631713871676,-0.0008271433045604258,-0.00032290044929344,0.0005725361981074812,0.0028422259022927087,0.0037046123764661303,0.00603519391000973,0.006815717480092696
2016-08-16,-0.007077315372439398,-0.007003952887268101,-0.006811651531512004,-0.006395886923005962,-0.0058008850325484765,-0.005072067802318973,-0.004255516301212059,-0.003219990028263193,-0.0020721031090753365,-0.0016327125776288824,-0.0008436162196768338,0.001230039926467063,0.0019241549405066977,0.004122181763078954,0.004882741309802685
2016-08-17,-0.007154539949843604,-0.007103854543334917,-0.006942813047406784,-0.006555132620797343,-0.005989309584191043,-0.005286140869585695,-0.004495509750298399,-0.0034836498030700225,-0.002355750063861136,-0.0019258714518975012,-0.0011492507146815812,0.0009269189667189731,0.0016285896777806486,0.0038292666867069986,0.004585332997267274
2016-08-18,-0.006713051442533119,-0.006708804260638004,-0.006576471960443459,-0.006208528033487652,-0.005634162230787179,-0.004904571094450278,-0.0040683840207272545,-0.0029997890929956326,-0.0018208368665308201,-0.0013584311453826714,-0.0005348790352333807,0.0017661420893302104,0.002616320610165393,0.004955773545614662,0.005680237975043223
2016-08-19,-0.006655284211336327,-0.0066100606367566084,-0.006441350638938169,-0.006045480266048987,-0.005486565687064855,-0.004804926414504942,-0.004037239630985743,-0.0030382816578153346,-0.001920768444860227,-0.0015126003449732201,-0.0008088202312721231,0.0014769603139998576,0.002261043835436601,0.004511312471085806,0.0052433564951097555
2016-08-22,-0.006641253555569942,-0.006557615421599748,-0.006372985225928818,-0.00597886867447677,-0.005459289893178699,-0.004845141149373435,-0.0041679531371543585,-0.0032637031904111198,-0.002224601275382098,-0.0018547453185213834,-0.001232743488165877,0.0007638894530463779,0.0013560283576594394,0.0034005200825690807,0.004174330894367404
2016-08-23,-0.0056882590320097,-0.0056370298250039315,-0.005470599804674562,-0.005108129201306353,-0.004597279365824344,-0.003967819043068673,-0.0032393279432858567,-0.0022515217397974484,-0.0011442497571584583,-0.0007527544813248531,-0.00014900490574946924,0.0023962993842783684,0.003297516979383996,0.00550272973164611,0.006232191310023758
2016-08-24,-0.006489233477555843,-0.006377263494951446,-0.006149525085067846,-0.005702111982682574,-0.005103334148843703,-0.004386868663742129,-0.0035862032141927317,-0.002545734718833876,-0.0013900445890687766,-0.0009842076777843317,-0.0003153119767472225,0.0020140390587538165,0.002830897710044441,0.00504370387005754,0.005783330378365681
2016-08-25,-0.006622147446638781,-0.0065921449340553395,-0.006483318458764259,-0.006168602481113229,-0.005749623408467132,-0.00525684085552439,-0.004712682178440367,-0.003937496513388864,-0.003017930432197314,-0.0027668118366656344,-0.0023954949652613133,-0.00024305694250767137,0.00031544892478382804,0.002256652695091119,0.0030377027403590247
2016-08-26,-0.00671156679619099,-0.006571316099786736,-0.0063789010053176744,-0.005995000572908793,-0.00552718767353363,-0.005001430750281134,-0.004433681223986453,-0.00364294508810081,-0.0027118462512540544,-0.0024505050573209787,-0.0021297940615012598,0.00021794237780717318,0.0008929949689459133,0.0028898671933697342,0.0036748211206751808
2016-08-29,-0.006782216199585776,-0.006703312615039873,-0.006577303728117797,-0.006254691939035155,-0.005844534368700306,-0.005379435861753492,-0.0048696711810111044,-0.004132015332308608,-0.0032478822443969776,-0.0030047472109490125,-0.0027406451425172427,-0.00030492450623415793,0.0003635419142880926,0.002328526430120002,0.0031350620360570225
2016-08-30,-0.006529992713494151,-0.006374761838737152,-0.006152854731239467,-0.005701430854343203,-0.005211146310875776,-0.004680733243729681,-0.004127283992347161,-0.003344682600169481,-0.0023802914155050454,-0.001970216754708629,-0.0018141022466542545,0.0003237181345131733,0.0008955378357770184,0.002828046524835712,0.003599519740839567
2016-08-31,-0.006510636101162261,-0.006188385086608404,-0.005810416416430409,-0.005207938484920776,-0.004572424973561751,-0.003897896895092539,-0.0031999044132941428,-0.0022815087405225498,-0.0012038598616687915,-0.0007328926357512688,-0.0004862200095092714,0.001797828573935162,0.00249699941564371,0.004569963730814843,0.005380176222555802
2016-09-01,-0.0064431761720076565,-0.006197084677216389,-0.005891877824749692,-0.0053529533057686055,-0.00474974984010453,-0.004082876038494946,-0.003374941385530498,-0.0024422286254579956,-0.0013471540492774002,-0.0008476150844379409,-0.0005347443302937345,0.0016814309733410014,0.002407744515262962,0.004531277400587819,0.005320175043474316
2016-09-02,-0.006784803749668017,-0.006742559600984595,-0.006651305431066659,-0.006327854765359411,-0.005922238273858465,-0.005440731272481806,-0.0049097510782357325,-0.0041359957499843975,-0.0031748380347314097,-0.002720905714131118,-0.0024800701202127625,-0.00030924100446806776,0.00037113252377190143,0.0024176383909393674,0.0032049438449589236
2016-09-05,-0.006780942223872975,-0.006573867254036324,-0.006329728328769683,-0.005862229840813097,-0.005333504028876171,-0.00474133175685674,-0.004106623211559864,-0.003232136572439247,-0.0021784823042237398,-0.0016664506850295564,-0.0013734071100307468,0.000919012109665079,0.0016479762323526998,0.0037795589617810412,0.00455574492015692
2016-09-06,-0.006838377625796328,-0.006645576931821674,-0.006400243659719719,-0.005913873938566343,-0.005345899903991476,-0.004692706880784164,-0.003987051526472513,-0.0030446777962977022,-0.0019320000437248236,-0.001376746830298526,-0.0009698003772023447,0.0012966468441143685,0.002052397688114191,0.004242137931799945,0.005016675052097715
2016-09-07,-0.0066838563314435976,-0.006724095865457708,-0.006645249859932351,-0.006287255230336829,-0.005808381699625854,-0.005229794458775611,-0.004588317670554856,-0.003696422838134501,-0.0026135427215350734,-0.0020548576822292065,-0.0015664657017049693,0.00032768864906614027,0.0009570938881453682,0.0029853210628722673,0.00377298001028062
2016-09-08,-0.007117366692989176,-0.007134730928262472,-0.007095075801017898,-0.006815447392095217,-0.006447633375576811,-0.005995628019431931,-0.005489109030443546,-0.004728626751263202,-0.003762979937721302,-0.003274661940653836,-0.002960237859327781,-0.0009840561235414428,-0.0003845358707192176,0.0015765731555227717,0.0023828008977796267
2016-09-09,-0.0067225462140216175,-0.006688943970755705,-0.006561837819728324,-0.006171710935315532,-0.005673122562641027,-0.005074697103134082,-0.00440846863936373,-0.0034838106709188794,-0.0023700207898374455,-0.0017793596824715618,-0.0012748626985304079,0.0007723358783457343,0.0015011242553694937,0.003626370565479785,0.00440386928076732
2016-09-12,-0.0067049036829881555,-0.006760260395181694,-0.006747778888062517,-0.006492240901757327,-0.00613563634559856,-0.00568461297613029,-0.005131523716628638,-0.004343062087792795,-0.003485099211176266,-0.0028918350238729277,-0.0024275781842816083,-0.0003728775732922534,0.00025967690512744524,0.002309817560629039,0.0031826812736514727
2016-09-13,-0.006481073483256259,-0.006429934513492979,-0.006301626832349518,-0.00593230245659871,-0.005467854827032348,-0.004913867341421651,-0.0042648195617201,-0.003386854326911639,-0.0024581632723306886,-0.0018270132693966705,-0.001290679376689722,0.0006723364008256304,0.0013100113015673976,0.00336642776007778,0.00425316996221568
2016-09-14,-0.006356183459637092,-0.00624827293450575,-0.0060353225039955,-0.005563454284755093,-0.0049840241806147845,-0.0043089962171083945,-0.0035309349801795602,-0.0025254194472330324,-0.0014879776506707511,-0.0007885223072624379,-0.0001395658741857602,0.0018156105594629495,0.002487680733388631,0.004617110665182874,0.005494433924013294
2016-09-15,-0.006579838994699944,-0.0065287674811322916,-0.00637745369223629,-0.005965418237445141,-0.005442152140376685,-0.004821160642117135,-0.004097226763824441,-0.003142654556201386,-0.0021482578575555793,-0.0014732329837236302,-0.0008612908176444888,0.0010918022583761323,0.0017564556834069097,0.0038626700674920106,0.0047451344581078275
2016-09-16,-0.006754117358354022,-0.006788780841237622,-0.006737578967420217,-0.00642579570451083,-0.006004768129838122,-0.005488477969306417,-0.004869132645881017,-0.004007887533057249,-0.0030862134785496357,-0.002459088159653523,-0.001902800126541272,-0.00011754971181110116,0.0004248738053644787,0.0023706242845071674,0.003267143115700726
2016-09-19,-0.006685378184247926,-0.0066249147272893424,-0.006469511331344459,-0.006047945689603143,-0.005500022430531326,-0.004840149430987949,-0.004062984573186976,-0.003049527449914517,-0.0019998964325567475,-0.0012915596692495862,-0.0006032344546313997,0.0013915615895531734,0.002095942080642785,0.004224567785939796,0.005116559028302044
2016-09-20,-0.006807646201712226,-0.006836905487054086,-0.006780451858233355,-0.006458521731801003,-0.006012657402315783,-0.0054620193293060185,-0.0048003506066768,-0.0038947875251424914,-0.0029332641359484683,-0.0022754093729509197,-0.0016600798465422075,0.00026922861855091095,0.000901830686613739,0.0029430119214586756,0.0038376096100778195
2016-09-21,-0.006841769172490962,-0.006804694177185547,-0.006669652678820809,-0.00626652698950893,-0.005761632286615183,-0.005182772828167487,-0.004510149460855772,-0.0036024719988275097,-0.002630019413695555,-0.001969165356214558,-0.0013420954961066056,0.0004959111667838512,0.0011083142969321481,0.0031263292829996235,0.004024937069461724
2016-09-22,-0.006550821142604118,-0.006588981875722659,-0.006516972382209957,-0.0061747204093871464,-0.005714283876404295,-0.005181652342825029,-0.004552212561023299,-0.003684440308485827,-0.0027452334154508097,-0.002089697417642202,-0.0014632726982711807,0.0005315858472361712,0.0011831110014766469,0.003285605408312821,0.004167538021805728
2016-09-23,-0.006312412401357179,-0.006251518532172191,-0.006072258624944013,-0.005692774200087039,-0.005154768886362905,-0.004522852707129263,-0.0037780025065246147,-0.002818455270106367,-0.0018547250102617738,-0.001110913976447287,-0.0003779280080182464,0.0017499388665932567,0.0030155896595868547,0.0047339368816761655,0.005531057120257435
2016-09-26,-0.0067826158490968584,-0.0068717940186228624,-0.006828809566909003,-0.00649513009214587,-0.005999579194398979,-0.005395900571923081,-0.004680938835946363,-0.0037293572553023704,-0.0027184004634789637,-0.0020060015576275044,-0.0012190084122166715,0.0008641924018245235,0.0016321742939199929,0.003840759761276308,0.004729241942108886
2016-09-27,-0.0066124861745537325,-0.0066052179390062235,-0.006456266561771142,-0.006018963266034942,-0.005426882500305099,-0.004735727845888214,-0.003935214528304167,-0.002907087947116622,-0.0018378246796617067,-0.0010929426858083515,-0.00025326306329928296,0.0019480659881250123,0.0027981066203957403,0.005123639469794969,0.005981443725531651
2016-09-28,-0.006709253180483432,-0.006847233940402996,-0.0068437039097007605,-0.006542631876285135,-0.006053051630126202,-0.0054472408292217285,-0.0047301106268269446,-0.0037883952570465446,-0.00279483824434642,-0.002084901166435022,-0.0012923227581201932,0.000759365205560202,0.0015505066356252995,0.0037164173507999295,0.004640743656020194
2016-09-29,-0.006582694806464886,-0.006750588009755422,-0.006765224050383219,-0.006470826758876255,-0.005986828249030911,-0.005384514128373347,-0.004664717491714053,-0.0037121190407237246,-0.002705155564715078,-0.001979583434298071,-0.001159470038041217,0.0007951637912938453,0.0015365303986746733,0.003673527156553001,0.004571784316591641
2016-09-30,-0.006439171199087981,-0.006552348221616122,-0.00652009246390988,-0.006172195640342309,-0.0056647790251734,-0.004988910471848643,-0.0041953167003819175,-0.003170030535891018,-0.0021058581442286125,-0.001346144878313936,-0.0004518111234459203,0.001677297848714784,0.002480825827127764,0.004758225069919113,0.005688910981709671
2016-10-03,-0.006242980420199296,-0.006261972972782357,-0.00608878382004267,-0.005595431677577431,-0.004938967538199132,-0.004113396851987819,-0.003160647727429234,-0.0019817767501455084,-0.0007880946413426292,5.805862403616223e-05,0.0011251014576702573,0.0032677414267222615,0.004148446276799016,0.006577985391293196,0.007490674884996137
2016-10-04,-0.006573247928543573,-0.006765259960350272,-0.006779961601846468,-0.0064657352934687955,-0.005967726486701592,-0.005275684660427864,-0.004452236855300586,-0.00340953118729134,-0.002336636131091721,-0.0015569501672976081,-0.0005727082399211052,0.0014477213290422137,0.0022121077847414203,0.004542891371309649,0.005501692704517515
2016-10-05,-0.006804124420873136,-0.00709331738694542,-0.007193237311625205,-0.006943601987975547,-0.006496555586938165,-0.005843599239873219,-0.005060029361423426,-0.004055544030525631,-0.0030142034560785066,-0.002257102104558607,-0.0013043527220341917,0.0005845666641415316,0.001189689591994596,0.0034106668936472167,0.004361325409571293
2016-10-06,-0.0067493828198090635,-0.0069852873235534425,-0.007046833138042522,-0.006770286925336896,-0.006301853947616297,-0.005633460338271149,-0.004837864494244095,-0.0038193996703582127,-0.002769562105100206,-0.0020246906732709386,-0.0010949150603355197,0.0005586571557200413,0.0011924748302898306,0.003263538934036726,0.004243157299594564
2016-10-07,-0.006290501647629013,-0.006455998227295541,-0.006406443452930344,-0.00600484100326376,-0.005398974313364444,-0.004590718230633785,-0.0036477947459991476,-0.002480386188818511,-0.0012954776969326762,-0.00045022558913319465,0.0006886868595524918,0.002524422816425183,0.003234427864276397,0.00557109873776109,0.006434759753429985
2016-10-10,-0.006374298836567388,-0.006459819713854619,-0.006321519169215639,-0.005825273655864088,-0.005118882529845636,-0.004206109050889809,-0.003156956188245086,-0.0018852124014396073,-0.0006116707765229588,0.0003153480137696768,0.0015727680634584017,0.0035094410622114347,0.004298324526122896,0.006795317400803247,0.007803507679533571
2016-10-11,-0.006245937402336577,-0.0064016379715792476,-0.006288733158359417,-0.005786424838471596,-0.005079343605002594,-0.004174811653671357,-0.003141344103438525,-0.0018767277635859231,-0.0006087084106040972,0.0002961294052848506,0.0015305418013563618,0.002968613196029519,0.003612226480902442,0.005898186918497254,0.0069392381772013095
2016-10-12,-0.0061957972842171735,-0.006377395242849605,-0.006340447919119026,-0.005932890861709532,-0.005319481713368891,-0.004493301765681815,-0.00352523105486428,-0.0023164922319818845,-0.0011010074509154107,-0.00023061551838429967,0.0009167251082886415,0.002567267061117007,0.0032278898275824516,0.005561260450713458,0.006585978531758286
2016-10-13,-0.006407554833597928,-0.006652663101925782,-0.006668380352947417,-0.006290893634754395,-0.005693106018927327,-0.004879172438465978,-0.00392870276097467,-0.002742527235815933,-0.001550745167976747,-0.0006907168999909412,0.0004655495580646698,0.001953210968819812,0.0025876659645528016,0.004902559185854073,0.005921554688376611
2016-10-14,-0.006320290379054977,-0.006453220439594874,-0.0063746275332463576,-0.005915393518269469,-0.005252769228747749,-0.004378830535567273,-0.0033640732729845746,-0.002112052755833408,-0.0008567748427430183,5.1734786616871144e-05,0.0012528578639239233,0.003027121762412672,0.0038315950679961657,0.006377434708585657,0.007406953858701254
2016-10-17,-0.0065951197236805955,-0.00670023892184449,-0.006625855840222051,-0.006197511920335319,-0.005569749372276015,-0.004735362949491178,-0.0037624567502196047,-0.002551666904846685,-0.001333003697253931,-0.0004518065813066596,0.0007039911936732701,0.0024819981307223123,0.0033256011785091893,0.005896008687191076,0.006910796017555902
2016-10-18,-0.006587219242910848,-0.006663862220072499,-0.006570803307738717,-0.0061315939087811895,-0.005511114103804208,-0.004704706263398338,-0.003776240238778971,-0.002614777439284888,-0.0014413927827347853,-0.0005894655158829843,0.0004996299853365443,0.00213548075815513,0.0028659444374895086,0.005334992061533242,0.006375282873344861
2016-10-19,-0.006653117047289209,-0.006660172984191177,-0.006504960495003819,-0.006005001865340446,-0.005339695899381621,-0.004516649723069771,-0.0036019809655361596,-0.0024831805403728096,-0.0013505228890251793,-0.0005437991982501663,0.0004581281707174017,0.001997342161670213,0.0025810117849470434,0.004841957607180364,0.0058903507722923715
2016-10-20,-0.006655034326121316,-0.006580693339629706,-0.0063640557922860705,-0.005817294514546485,-0.005111978539194578,-0.004234145362107216,-0.0032552548881026235,-0.002076188417038931,-0.0009062671139447348,-8.470856004944754e-05,0.0009090551910828671,0.002697409120072744,0.0034073025357422484,0.005778512384671863,0.006846316194762908
2016-10-21,-0.0064682298093998464,-0.006780974066187362,-0.006891093222926661,-0.006636483413066133,-0.006193417403158494,-0.0055747850265561736,-0.004848321225285088,-0.00389472999305908,-0.0029037106219389356,-0.0021903059752638337,-0.0012565029370251188,-0.00013593121307513755,0.0003333537744805307,0.0023521577533604744,0.0033971097850865914
2016-10-24,-0.006379933033998293,-0.006602987339235142,-0.0066008445776017475,-0.006219872185047216,-0.005655088120974907,-0.004924319281476781,-0.0040926124778765316,-0.0030414750472291642,-0.001965758430959592,-0.0012113616413535133,-0.00020967070294018497,0.0007404429878863777,0.001182458900090972,0.0031647691136684085,0.00419856627177684
2016-10-25,-0.006315040526727796,-0.00663566967514812,-0.006734377934780507,-0.006455130722852123,-0.005981530133072192,-0.005330834627242748,-0.004568566454576714,-0.003572577241631744,-0.0025381844793354686,-0.0017984322812813036,-0.0008081596207666932,0.00025730197523590563,0.0007484740288446709,0.0027584544558823206,0.003784297654670598
2016-10-26,-0.006807961890416862,-0.007190651832723949,-0.007356428838127707,-0.007122854525293587,-0.0066776035176804955,-0.006042352822797753,-0.005298407792883967,-0.004323451360037762,-0.003302606146943699,-0.0025707522690462574,-0.001569445587428882,-0.0005596502803530145,-0.00012983307032004752,0.0018356447350985502,0.002886949686421393
2016-10-27,-0.006582042357775337,-0.006910771076186968,-0.007044527596802332,-0.006803811160046278,-0.006379542900362528,-0.005781317051947936,-0.0050810531060618775,-0.004146375847812564,-0.0031610829099071344,-0.0024585616013239595,-0.001551318538312423,-0.00042215776602787263,2.926825541162549e-05,0.0020003644751984424,0.003020718270699979
2016-10-28,-0.0067448844460701205,-0.006951708517209331,-0.006987097575512551,-0.006651203123509996,-0.006138916316815344,-0.005473430273305739,-0.004718231369948903,-0.003753931310424877,-0.002757278425595305,-0.002057922510403691,-0.0011786715253963979,0.0001725289351357604,0.0006562993634186605,0.002720880785853208,0.0037697306973044262
2016-10-31,-0.006635330984073095,-0.006818899331410522,-0.006828925382659736,-0.0064814495930162145,-0.005986139745099994,-0.0053530163826332145,-0.004643864452761896,-0.003718368004798286,-0.002751220212390452,-0.0020744864020469577,-0.0012459125077337171,7.129198138573957e-05,0.0004600504722939453,0.002494803176327766,0.003562919663053567
2016-11-01,-0.006556143717071522,-0.006794056514781302,-0.006855766279431789,-0.006554811925743241,-0.006098315842545067,-0.005493493264739808,-0.004805752560097881,-0.0038959910659458973,-0.002950890758129688,-0.0022903372880079416,-0.0015003793253182186,-0.00022999764844635218,0.00026590504663487466,0.0023253470709699332,0.003366399228077489
2016-11-02,-0.006510801005717784,-0.006758775060512539,-0.006820648069248317,-0.006508909616792297,-0.006020970605717313,-0.005371739021188489,-0.004626858990583544,-0.0036520409658968222,-0.0026546901492694405,-0.001961315388910632,-0.0011126825214456283,0.00027430262651515825,0.0008441347567168919,0.0030405130457276807,0.004085209057326722
2016-11-03,-0.006159699356674044,-0.006091801766373374,-0.0058584944298498125,-0.0052855248023175,-0.0045937252984704306,-0.0037786325175887536,-0.002885788004207236,-0.0017737159545936306,-0.0006710550927106099,7.095434001924328e-05,0.0009313404668494472,0.002701387388826043,0.00333894791758922,0.005778658473754616,0.006826111685006994
2016-11-04,-0.006127137139107653,-0.006166278530573518,-0.0060515846550362636,-0.005595827955445261,-0.005010902206236052,-0.004295409200596834,-0.0034989990903791677,-0.0024766433124395037,-0.001445926504800005,-0.0007340212696566528,6.12569344942207e-05,0.0019484896362978402,0.002730381777934684,0.005298645864090975,0.006350468767910973
2016-11-07,-0.006480852667339235,-0.006502068834831561,-0.0063755679920359165,-0.005904138621264491,-0.005330138867516612,-0.004650989386902527,-0.00390812805141225,-0.002942516859019431,-0.001966420979399565,-0.0012995129751042088,-0.0005852804613674443,0.00115460176328128,0.001801244190648664,0.004269945763642735,0.005367762509519903
2016-11-08,-0.006347668048160273,-0.006298632781722935,-0.006035958612078364,-0.005603710679830764,-0.005004297521549612,-0.0043080153259708555,-0.0035461696429996224,-0.002564373234108456,-0.0015819379309897884,-0.0009137682638872056,-0.00023375811771131024,0.0015135388653492298,0.002173641669849194,0.004685703818908721,0.00577226601783111
2016-11-09,-0.0063196205459038375,-0.006278655413187448,-0.00603298412911891,-0.005618758472717999,-0.005037873334967364,-0.0043632686542612814,-0.003618707376847649,-0.002650568077476901,-0.001671859502916948,-0.001008381715508904,-0.0003436263349454147,0.00164640916088904,0.0023893316829726825,0.00494960225989056,0.006021580915433436
2016-11-10,-0.006406304222459888,-0.006230869588692429,-0.005852612384987307,-0.005310743145025349,-0.0046132618389124625,-0.003824375260601321,-0.002968071624447008,-0.0018939335497598709,-0.0008320652736767178,-0.0001223257010649227,0.0006217034422094734,0.002593096965205319,0.0033529352823435236,0.005907582655035347,0.007030798218314187
2016-11-11,-0.00621107929549203,-0.0061419507420366285,-0.005877159545849669,-0.005473585110416516,-0.004885870967186857,-0.0042199842819841335,-0.003479387066579829,-0.0025073924364659816,-0.0015306440226159563,-0.0008659599692561475,-0.00020720304977407417,0.0017158578376863234,0.0024153977849081572,0.004794233535952687,0.0058788748975148195
2016-11-14,-0.006445418799078086,-0.006308320602968839,-0.0059633273114419304,-0.00545999023765909,-0.004757572530456666,-0.003959442954882073,-0.0030842495389409503,-0.001990004772942544,-0.000909911112316769,-0.00017159898089824617,0.0006666299375994219,0.0025990197858047244,0.0032473368260705925,0.005657235850216825,0.006781252327685725
2016-11-15,-0.006230717175146577,-0.0061971144473033455,-0.005920755346244284,-0.00545678730721488,-0.004743090785009047,-0.003901900726327643,-0.0029606637246055705,-0.0017974230146961569,-0.0006446057204824465,0.00016003886306362755,0.0011597866889504296,0.003092745397430937,0.0037686805598940876,0.006201717835640196,0.007310469536002848
2016-11-16,-0.006638812121214898,-0.006615330799320026,-0.006377795174594003,-0.005964991204820139,-0.005313706120396649,-0.004535423298483155,-0.0036585995182425203,-0.0025579178942440003,-0.0014708369099545376,-0.0007186398411414376,0.0001607292424785576,0.0021605529131497603,0.002886914994710781,0.005280529696638008,0.006451223738091481
2016-11-17,-0.006529215270964535,-0.006504512066266283,-0.006257998335006823,-0.005832928291877274,-0.005147428827054873,-0.0043131766904242344,-0.0033611287129376183,-0.0021823355356783945,-0.0010249338200753087,-0.00021852896528300756,0.000772699056007435,0.0028643926051459623,0.0037065949809362347,0.006184213361143285,0.007318725652393287
2016-11-18,-0.006618686892363514,-0.006666623078169223,-0.006483561118349191,-0.006113218653383139,-0.005500192079665157,-0.004764901665297865,-0.003937790146357008,-0.002874908176691264,-0.0018090408844354978,-0.0010721442453875433,-0.00018013726168688053,0.0017618473354281826,0.0021539798124350974,0.004381219382478312,0.0054854208657367015
2016-11-21,-0.006377669585469992,-0.006314098786057052,-0.006017921210701929,-0.005545149902333188,-0.004843260605402079,-0.004019487948500115,-0.0030928713247378005,-0.0019425357198616087,-0.0007936606693159709,3.181568423163037e-05,0.0011247803727164407,0.0031763510902691754,0.004045635337249838,0.0064212182552008815,0.007560729600308793
2016-11-22,-0.006503361347416172,-0.006488288536838305,-0.006265984237098454,-0.005875936594943492,-0.005237394876841961,-0.004460007222538576,-0.003570964706408704,-0.0024644757310519835,-0.0013546982449253982,-0.0005168949273542623,0.0006070817348990838,0.0029086855983403424,0.003869642767533032,0.006421179842106665,0.007507467803633637
2016-11-23,-0.006274995643238765,-0.006284677727014387,-0.006046033715028892,-0.0056170474249585736,-0.00494730837699889,-0.004164508801018117,-0.003288297133926879,-0.002187512817428887,-0.0010637423308255498,-0.00022412878578858294,0.0009265371872440376,0.002777571809470747,0.0035577979439282764,0.0058738297081986305,0.006995895809526727
2016-11-24,-0.006004703282849756,-0.005798297019889825,-0.005356816389230503,-0.004745694951235559,-0.003929174731926671,-0.0030293065165306115,-0.00205079772194298,-0.0008569493163091187,0.0003465538548645432,0.0012291599153521334,0.002384016852292885,0.00452123054080159,0.005315491583251472,0.007786707162413902,0.008929344647317204
2016-11-25,-0.0061963568010193855,-0.005882404563586387,-0.005336065593779877,-0.00461124870486425,-0.003666505200317859,-0.0026149304438313364,-0.0014696992812733248,-0.00011458339436904363,0.0012191258430309534,0.0021930540463568093,0.003498880460186034,0.005674818956849979,0.006566662309703654,0.009221772721723016,0.010377592435875698
2016-11-28,-0.005980894609014,-0.005902568908454322,-0.005563167472269533,-0.005036286013692408,-0.0042889028415772825,-0.0034485723811888756,-0.0025110851350517486,-0.0013394470806133017,-0.00015940524975612122,0.0007153994007789441,0.0018708754104195067,0.0035887398788300214,0.004337701339995806,0.006691013186188402,0.007855982329284972
2016-11-29,-0.006176363227228268,-0.006065267492608192,-0.0056995443929536965,-0.005142261405316189,-0.004358363443177879,-0.003478826372682957,-0.0025073891550899505,-0.0013066155430237058,-9.981102373372549e-05,0.00079317746750376,0.0019597276803924256,0.0036412910142868404,0.004455777068147449,0.006850673644123474,0.007990593488547876
2016-11-30,-0.006201486823083456,-0.00596915200808825,-0.005491464410196432,-0.004836287095978286,-0.003966592909634612,-0.0029980830976506887,-0.0019363365432264429,-0.0006623265395834556,0.0005996257743131864,0.0015336546139559132,0.0027613214688707757,0.0045078981748956385,0.005138829356510168,0.007543844852160213,0.008712573695195402
2016-12-01,-0.006329516684292334,-0.0062699503299085795,-0.005956262509750148,-0.005452649353820577,-0.0047134101470569945,-0.0038665915321289793,-0.0029191351917791726,-0.0017455473313111316,-0.0005639483002892968,0.0003204818604937566,0.001500926048132607,0.0030242163911807793,0.0037302786080091015,0.006021569452926537,0.007151719288123111
2016-12-02,-0.006485583721322595,-0.00641841159022588,-0.0060660841046009046,-0.005503498037118878,-0.004689206654947136,-0.003748498473005504,-0.002697542975048854,-0.0014160057209707776,-0.00014906032257670093,0.0007863357772984821,0.0020625342909763086,0.0034599249233472434,0.004153806014207919,0.006405192576830137,0.007541999590043788
2016-12-05,-0.006821048505242413,-0.006716777874369308,-0.0063458109388227005,-0.00576319350564463,-0.004929082374997536,-0.003960648228716449,-0.002880160956369242,-0.0015679208727849409,-0.0002701605151713407,0.0006802611134041014,0.0019849589331586426,0.0032766308252352005,0.003934905683958167,0.006140075678064142,0.007261167806229849
2016-12-06,-0.006479625880988227,-0.0063907620702612555,-0.006013635923711683,-0.005418630868076906,-0.004561436907625701,-0.0035593923601635203,-0.002438919520028736,-0.0010814116952105877,0.0002493182779626454,0.0012212597915754963,0.002558824151561605,0.003891069070106795,0.004564211094679466,0.006767492274348336,0.007931411202124289
2016-12-07,-0.006637698811400822,-0.006436148189826192,-0.005971290806856772,-0.0053047683087365585,-0.004390900844047434,-0.003337210113197976,-0.00217230831528235,-0.0007799052003206623,0.0005792928084373725,0.0015762718944281136,0.0029354084383244154,0.004254441326740331,0.004990993100272597,0.007233255964320824,0.008408191018324374
2016-12-08,-0.006881016979978113,-0.006682525820031131,-0.006214947211874852,-0.0055309274373240925,-0.004574806679676031,-0.00346189872079339,-0.002228762501951348,-0.0007731153472714719,0.0006284108571057163,0.0016416900796159745,0.003058946652522681,0.0044831071863649105,0.005291457833152284,0.007548879688582489,0.00864878457447894
2016-12-09,-0.006653634489463672,-0.00613312899322742,-0.00535875548053573,-0.00441397996884615,-0.0032564615041137295,-0.0019774319435202133,-0.0006021487968766749,0.0009589436537868147,0.0024264613682305177,0.00347961597453986,0.004933084847195854,0.006648658538743609,0.007317203470184521,0.009702728470273892,0.01083951898794994
2016-12-12,-0.0067025856541839774,-0.0060929017260249515,-0.005253450848391878,-0.0042428979433254774,-0.0030323203662068867,-0.0017052227266971364,-0.00030042604327519236,0.001272678715039343,0.002736872534973766,0.003778530776218953,0.005228857449957911,0.006889977517868321,0.0076220822173283615,0.010005255227958105,0.011158596243863447
2016-12-13,-0.006882642508765243,-0.006243735370508462,-0.005380265802941254,-0.004349486119201507,-0.003120023933832084,-0.0017802963403281073,-0.00038048251044576955,0.001147854314411187,0.0025619607637402926,0.0035790899477430695,0.004993481327230148,0.006615204187811434,0.007235991912589771,0.009578952019465218,0.010774526159912378
2016-12-14,-0.007042852172196726,-0.006405827971032703,-0.005573348214987907,-0.004593224582207552,-0.003446818990728696,-0.002211635408393841,-0.000932097298888082,0.0004736983897103233,0.0017811908648356326,0.002725632069365609,0.0040091818793144525,0.00547555999365606,0.00587627479627386,0.007952552835933484,0.00911268875744103
2016-12-15,-0.006971817479282164,-0.006321355955167739,-0.005436506832645181,-0.0043707992313393364,-0.0031004616242084992,-0.0017488426780420453,-0.0003816924293063113,0.0010650753201572882,0.0024161389817896712,0.003424221213680579,0.004866131826072663,0.006350278960955932,0.0067986819603597535,0.008937291723511674,0.010077243508296797
2016-12-16,-0.007108612776087007,-0.006622018562166741,-0.0058805548217431055,-0.004947441571889387,-0.003806410116796729,-0.002585422855220613,-0.0013302495198377763,4.161975178902438e-05,0.0013564793411295069,0.002364401481841485,0.003804771710300704,0.005248958256194092,0.005713020193535076,0.007834580984929822,0.008964689210128947
2016-12-19,-0.007748710563622902,-0.007024337555495013,-0.0060858498519713675,-0.004973365920100209,-0.003695889602926398,-0.002364233255023003,-0.0010212857626817284,0.0004341219093345161,0.0018213132057962496,0.0028600629268235654,0.004310106139563242,0.005735850875215193,0.006393989870879016,0.008565479038325597,0.009633705561057183
2016-12-20,-0.007840751394113105,-0.0071017181046135105,-0.006134595233355745,-0.004983657594246137,-0.0036646102500110184,-0.0022987043069668065,-0.000936430693661451,0.0005159471079988803,0.0018966401401120411,0.002939816728100238,0.0043817486455168045,0.005842608985269294,0.00643729618752056,0.008562860178498659,0.009702864191584677
2016-12-21,-0.008457982889198901,-0.007929882009515679,-0.007130657709984595,-0.006120269543453329,-0.004903827442354689,-0.00362053358546692,-0.0023145314680027866,-0.0008985085329119972,0.0004639186341075397,0.0015182639810846013,0.0030173391916594704,0.004660668727179965,0.005172508976630604,0.007297472733326817,0.008392516460435838
2016-12-22,-0.007687008873492422,-0.006919648335985356,-0.005935322403764099,-0.00479239679637049,-0.0034976382615107176,-0.0021725399999412004,-0.0008491250025840832,0.0005763877086868998,0.0019313692908754124,0.0029609098267300155,0.004312042747568075,0.006064373208489793,0.006772694334774432,0.008931530219457789,0.01002640892400862
2016-12-23,-0.008410760415559902,-0.007913985344997808,-0.007170692710284731,-0.006212997661907009,-0.004996923909231775,-0.0036779156261573884,-0.002317571069044089,-0.0008515569628188909,0.0005409049694631691,0.0016395068104846852,0.0031711500717919935,0.00494094242027655,0.0055773487049042905,0.007730147670068825,0.008941602499736506
2016-12-27,-0.008425246775569611,-0.007860956413067171,-0.007083614919399467,-0.006132415358936032,-0.004980429757651705,-0.0037688817275969267,-0.002544831808929624,-0.0012053289330194229,7.416108317010329e-05,0.0010836535063038222,0.0024077538817687447,0.004382870356310657,0.005115396035261317,0.007295054570244375,0.008418540153813135
2016-12-28,-0.008374474352079183,-0.007875452379904661,-0.007136082533255172,-0.006209476678692679,-0.0050520810502390325,-0.0038207393949690914,-0.0025659328409928382,-0.0011958863806979614,0.00012442152442278796,0.0011714295520021795,0.0025772133663634258,0.004593637298971258,0.00530039362372114,0.007472697734750287,0.00859347449713244
2016-12-29,-0.008264947212868034,-0.007512983342704494,-0.006575462367284379,-0.005477941663743237,-0.004166378069215041,-0.0027858581405068444,-0.0014119130705462736,3.477259248540294e-05,0.0014086143097288672,0.0025036906257845416,0.003912301868516561,0.005974100560654353,0.0067872475282934625,0.009067964926529289,0.010192115342980921
2016-12-30,-0.008226998061158008,-0.007500200725882034,-0.006601917616361856,-0.0055376852637560765,-0.004239159042574036,-0.002861794741284474,-0.001492731286681035,-5.541726246612662e-05,0.001306320432489584,0.0024011764087964885,0.0038015103400248426,0.005999656394394705,0.006889909592882153,0.009295810705725521,0.01038613496387546
2017-01-02,-0.008211596455234156,-0.007300749914286034,-0.006156936340701023,-0.004820953266986099,-0.0032672124082345853,-0.0016624772413433206,-7.431323892710966e-05,0.0015609104707221988,0.003083937028668564,0.0042378448427725255,0.005674161112180739,0.007752428599988684,0.008794064447188952,0.011287583196347165,0.012382662313530263
2017-01-03,-0.0076327291491082505,-0.007065438187073074,-0.006286640717334563,-0.005339519906508685,-0.004171634190834729,-0.002966102126330778,-0.0017808949202410133,-0.0005262343059759382,0.0006750871294848972,0.0016464972518838977,0.002791783425233818,0.00491561320745551,0.005900730557944116,0.008177203215399508,0.00928973273486472
2017-01-04,-0.007094633416586341,-0.006313563364312733,-0.005309850140004619,-0.004128449403522401,-0.0027288715682489213,-0.0013131887186103855,4.123435556762755e-05,0.0014336352464385934,0.0027621197009102304,0.003793689124011926,0.0050186002822568,0.007008035010840095,0.008001675042582803,0.010343179421717107,0.011417238046061772
2017-01-05,-0.007367669950489701,-0.006553467459777123,-0.005498651519956164,-0.004251623136723477,-0.0028084166773168495,-0.0013637306480218808,3.363568852373343e-06,0.001396702788289061,0.0027313893764451015,0.003769261176022572,0.005020724398716897,0.0068993619173750385,0.007751328040008563,0.009995222847855808,0.01110514436737926
2017-01-06,-0.0068746846402697615,-0.00638840635077211,-0.005652074357426969,-0.004691828536085836,-0.00344522694469412,-0.0021145369208980013,-0.0008127210656906027,0.0005141259875810905,0.0017815542299585998,0.00280827230068048,0.004114005478198417,0.006078594007071928,0.006957756843336973,0.00918606607433399,0.010295844554461466
2017-01-09,-0.007684267932065744,-0.007141598515052264,-0.0062546911699250685,-0.005085051042341599,-0.003545491682102335,-0.0018710248075984083,-0.0001830882321100188,0.0015424201947053834,0.0031523914249398173,0.004403884845603025,0.006042496232065109,0.008561975677384995,0.009765538670114475,0.012604945980861346,0.0137343660292533
2017-01-10,-0.007657859349352002,-0.0075431329790284244,-0.007034104390309228,-0.006209778693754716,-0.004956228790689503,-0.0035213620066012405,-0.0020541480217038215,-0.0005499581058949874,0.0008759091148556513,0.002059391915427451,0.0036293169821877296,0.006244486918538153,0.007493103408503117,0.010434261415749164,0.011578370322064133
2017-01-11,-0.007406434737482446,-0.006974448150639294,-0.006141492987414785,-0.005006434270699339,-0.003487442114337379,-0.001832416388864926,-0.00016860639304102731,0.0015042237725699415,0.003067120119417453,0.004333139288000476,0.0060183623852140865,0.008801006229586347,0.010003038926397631,0.013155005772634887,0.014300188794118741
2017-01-12,-0.007212769657691948,-0.006937269117132381,-0.006306418083313882,-0.005377762150592058,-0.004078435246688941,-0.0026395704877191155,-0.0011649455675003602,0.0003545165867065882,0.0018005943212172787,0.0029662156457605357,0.004519586537422666,0.0069082212703891685,0.008054010069550172,0.010909370322479591,0.012052412350252593
2017-01-13,-0.0075965662626709535,-0.007182319462026882,-0.006435261237016445,-0.005410414802184163,-0.004057512934181048,-0.0025900879309679365,-0.001102125476550315,0.00044155369723854735,0.0019172966912988868,0.0030983597515215826,0.004664141205454638,0.007095053602205062,0.00827907187810577,0.011091981345671284,0.01224452723009938
2017-01-16,-0.008081827183738765,-0.007351694689239831,-0.006299612999273952,-0.0049943221260363765,-0.003392814703220729,-0.0016881642653899273,-2.106392978884009e-06,0.0016585590812939895,0.0031888676771869395,0.004397655512519102,0.005976350007146396,0.008264776569756487,0.00939402244244554,0.012114282451888699,0.013307124718343617
2017-01-17,-0.008154853050538298,-0.007521271489125609,-0.006588072542790878,-0.0054074289566497045,-0.003939547677945174,-0.0023743441354570132,-0.0008082556890887898,0.0007663995791351588,0.002238205875648427,0.003384992665412586,0.004836033013485123,0.006936184539689153,0.007920996251109518,0.010479597491945974,0.011629496143011005
2017-01-18,-0.007934162245604556,-0.00763378294068006,-0.006986024968381492,-0.0060347711007270426,-0.004705336363238861,-0.003233732194031721,-0.0017611975625484563,-0.0003041166480300564,0.001068200062867875,0.0021783488369029203,0.0036538454977705723,0.005589187441596508,0.006529760388944659,0.008930289102113506,0.01010744852550124
2017-01-19,-0.008017601905047508,-0.007439941941091423,-0.006620203090382118,-0.005556508976279222,-0.0041786309601958335,-0.0026884703831919197,-0.0012070437397446996,0.00025437725848130534,0.001622059017779195,0.002723157457637384,0.004128720810291183,0.006308557865214419,0.007326982085833919,0.009835565025686605,0.0110065033636908
2017-01-20,-0.007894112464592947,-0.007281521478247982,-0.006427767576621355,-0.005336063784128276,-0.003945692803698747,-0.002460553022865295,-0.0009961193469065106,0.00043612065014654805,0.001758366432424823,0.0028057616760647315,0.0041591604751321275,0.00609669757575483,0.0070044116642536056,0.009310476629350906,0.010490205710950714
2017-01-23,-0.008553035735774199,-0.007931990352744939,-0.007086728673498869,-0.0060097621420942,-0.004598913245241866,-0.0030539820058835885,-0.0015007560409890945,1.807263619171098e-05,0.001412787438078574,0.002510729261647752,0.003970618184418069,0.006127068520496951,0.006994780295129832,0.009460990303928343,0.010684239922230247
2017-01-24,-0.008147591418702632,-0.007557295220810665,-0.006708015049537546,-0.0056100516418232885,-0.0042004047713424955,-0.0026973011708198063,-0.0012139949813699492,0.0002316166793946546,0.001574916613612367,0.0026326555048243653,0.00400217360757037,0.005911331275861392,0.006680015285351955,0.008954513871185637,0.010162249859982672
2017-01-25,-0.008868835836977958,-0.008435503796091525,-0.007739687758033766,-0.006755848567437167,-0.005369096293423581,-0.003804622511483638,-0.0021995879313434414,-0.0006010911401594461,0.0008787229097916706,0.002038073561625295,0.0036533086907476154,0.005391133716903551,0.006300566071115904,0.00863389973240268,0.009807653227543452
2017-01-26,-0.008617059476208359,-0.00796293533486035,-0.0070906873418643546,-0.005970535397940012,-0.004506381016788106,-0.0028989068381707703,-0.0012864128387286187,0.00030400512908658727,0.0017865842892043566,0.0029473875083678015,0.004509440383091198,0.006446079950259475,0.0074148753628391195,0.009849663662963316,0.011109382785101799
2017-01-27,-0.008343413991652211,-0.008003788843521148,-0.007416668728839883,-0.006549414902111086,-0.005309108099255679,-0.003913041367286296,-0.0024995643337533315,-0.001079073864706295,0.00027031407170805867,0.001369194507519747,0.0028601482731972737,0.004554958676455815,0.005480890484999709,0.007780172143447142,0.009017903102340477
2017-01-30,-0.008085350835525107,-0.007844197440656123,-0.007263282562121635,-0.006354768396658303,-0.005029311215180127,-0.0035460292085157438,-0.0020335143859613438,-0.0004908100560986882,0.0009761241113342732,0.002152844524918894,0.0037947588388618095,0.005650491240116674,0.006643980207379636,0.009086270150639396,0.010385017467183118
2017-01-31,-0.007833264924172672,-0.007774300719448913,-0.007356919502578648,-0.0065839904855105,-0.005343172265534758,-0.0039373473229542795,-0.002478766725940301,-0.0009729954892435391,0.00047300019407687404,0.001639982802255845,0.0032676697643941343,0.005256441055299968,0.006327131709970635,0.008856706144784681,0.010137842769843378
2017-02-01,-0.008557185177840359,-0.007933238431129771,-0.006985970793792963,-0.005664143331486991,-0.004015200118792025,-0.0021414866235018055,-0.00022492653068953493,0.0016791822327349955,0.0034208192057782203,0.004731238219310827,0.006538239626579759,0.00866501513251568,0.011101658894306515,0.012733344883380326,0.014098467068635202
2017-02-02,-0.008504853923911527,-0.008180587147474867,-0.007501807072094916,-0.006434697625737417,-0.0050069851426785645,-0.003330221167674104,-0.0015971397637748485,0.00013503266490014535,0.0017021992475191872,0.0029341731924941218,0.004605804003299595,0.007010897598856654,0.009866781481551177,0.011464581928286905,0.01284010761667689
2017-02-03,-0.00719476764112609,-0.007006255512541369,-0.006494033926102956,-0.00564836555892432,-0.004414905822023326,-0.002989232931798114,-0.0015239655960281545,-5.236867585807546e-05,0.0012906787549709373,0.002375498055046924,0.0037840109544999374,0.006225118183607939,0.008907310992217707,0.010386014239704502,0.011722576283651689
2017-02-06,-0.00785531846589083,-0.0072685031614188956,-0.006379848154293665,-0.005188072487197732,-0.0036584395607995126,-0.0019519406460391062,-0.00020878857680748774,0.0015264354912610171,0.0030618361612070365,0.0042325935740336095,0.00574604131021629,0.008189536933351055,0.010871973925811443,0.012456298317674197,0.013816182362576288
2017-02-07,-0.007333082765598104,-0.006985070400744858,-0.006292240117265422,-0.005292384927098282,-0.00396927007341972,-0.0024998036206413652,-0.000983902901676673,0.0005509662486487327,0.001912880999121592,0.0029572512291895854,0.004290079208469735,0.006514415852560419,0.009047707764654508,0.010501456168457966,0.011879286479130061
2017-02-08,-0.007613946034306227,-0.007203471712248942,-0.00645033166005006,-0.005394981156684027,-0.0040163992471083975,-0.00246409254320877,-0.0008412368608184679,0.0008133435409385119,0.00228859720367046,0.003405997868056898,0.004905033612808882,0.00702726296533006,0.009496037827382026,0.011019437941009635,0.01239345326431315
2017-02-09,-0.007516547038528121,-0.00737764918163497,-0.0068820601678279145,-0.006060541554986322,-0.004865322746525303,-0.0034739352548021998,-0.0019961021100811647,-0.0004769298991624308,0.0009065923557361774,0.00200325163749176,0.003488859204310053,0.0056135495434283065,0.008114702054844483,0.009599668818652745,0.011032689667177454
2017-02-10,-0.007509266483414673,-0.0072808480690024786,-0.006675001172317834,-0.005748655310193691,-0.004471899831997779,-0.0029980547211785726,-0.0014098803035196377,0.00025183342216476454,0.0017884657910461417,0.0030042799102573334,0.004747176737208674,0.0070785167502137,0.009589945202309842,0.011230905805198248,0.012641566014418739
2017-02-13,-0.007532082480053031,-0.007173052866693416,-0.006458482046476904,-0.005414033553864771,-0.004002328771431086,-0.002381832902855249,-0.0006533332811890518,0.001130746112171013,0.002761915836635627,0.004032952584767222,0.005876821615681032,0.008377366613411076,0.011117944655279866,0.012867482957074265,0.014263736585666325
2017-02-14,-0.007662088524983182,-0.007623119374389669,-0.007181992552716849,-0.006365118643056008,-0.005124033550731839,-0.0036429917894778307,-0.002035019516929279,-0.00034991193952239993,0.0012097089964702703,0.0024601263309113174,0.004296339011838974,0.006735522348101566,0.009213761139286328,0.01088511195664506,0.01229827995794014
2017-02-15,-0.007702256480598091,-0.007406555433741328,-0.00674157179946424,-0.005740840836422222,-0.004378566857261778,-0.002809938642140546,-0.00114066209237222,0.0005969519649113084,0.002192604369025416,0.0034442831943725166,0.0052351595739622125,0.00769342152961903,0.010305125927220564,0.011921619852662657,0.01336400105003302
2017-02-16,-0.007327308813487456,-0.006916033791329565,-0.006129967705557061,-0.005009686240918692,-0.0035611995198454507,-0.0019342808935809584,-0.00022451719191775342,0.0015405666463231458,0.003168710590785482,0.00444484450040481,0.006264676909431466,0.008879861293332281,0.011450030983299622,0.013058831637151703,0.014521217037064446
2017-02-17,-0.007512049107435284,-0.007169202003451271,-0.006442895663187229,-0.005361372923722211,-0.00393060723877541,-0.002311646876604273,-0.0006010577740666137,0.0011733650575658204,0.002817015656535364,0.004102444626280861,0.005989012455858363,0.008450434838254285,0.010980490032265578,0.012625210602290637,0.014054375164107945
2017-02-20,-0.006666307949388345,-0.006383015906307529,-0.00565161958587076,-0.004533983769482287,-0.003031665324134943,-0.0013293058741233603,0.0004625399719944101,0.002310956277028408,0.004016024493449931,0.005365747927885152,0.007365242117864254,0.01001352258279336,0.012764819562151471,0.014536662889525435,0.015964643770223635
2017-02-21,-0.007183981220055928,-0.007011290590230923,-0.00643937173904953,-0.005498079914768131,-0.004184297155106267,-0.00267534514354562,-0.0010830253329346274,0.0005736989236696526,0.0021179704816858395,0.0033542919775189604,0.005175045091697815,0.007689679802260597,0.010122719760162657,0.011701746379655495,0.01312981284679118
2017-02-22,-0.006877219635552053,-0.006532798914159287,-0.005792787540190681,-0.004692396956965325,-0.003259912694430974,-0.0016630467688036788,4.757427913946663e-06,0.0017308947030109539,0.0033399511761338374,0.004601614692322283,0.006422417428431889,0.009021361126451133,0.011516044258274271,0.013086353043906486,0.01454737346246793
2017-02-23,-0.00652124125950375,-0.005939614122044418,-0.0049646198922194415,-0.0036548293575454243,-0.002066368938786485,-0.00036515063170026974,0.0013456431933288058,0.003078861022537316,0.004661357556219207,0.005898243039521037,0.0076572630446224334,0.01026155304387712,0.012699076980763118,0.014196980015689748,0.01565968116755993
2017-02-24,-0.0070366480063778665,-0.006535460556145071,-0.005629538755461786,-0.004361967517654262,-0.0027928754723156165,-0.001099461919118764,0.0005920589132661666,0.0022966853854284523,0.0038530325917582897,0.005080533348437738,0.006846618682196218,0.009370914014365569,0.011812481121964362,0.013343313674297762,0.014779974983677155
2017-02-27,-0.007357315557385871,-0.006850634429483239,-0.005945730195857368,-0.004689617884213945,-0.003157406040476295,-0.0015203972412174342,0.00011362769087391172,0.0017658841912391934,0.0032943468339762133,0.004492668421111326,0.006202615999743824,0.008593837848560566,0.01092836812565244,0.01234051275254884,0.013789716807624385
2017-02-28,-0.007508096088016874,-0.007019829197349885,-0.006119967822663821,-0.004886617069016114,-0.0033997980686569407,-0.0018415491535573418,-0.00030519680125261394,0.0012435347546875647,0.0026821207202472027,0.0038208475858529625,0.0054259790591274825,0.007714697142131171,0.009985030344588083,0.011323486584677259,0.012774092995189178
2017-03-01,-0.007903308053687236,-0.007298152730330616,-0.006281531864327417,-0.004940505807676547,-0.003357677418984395,-0.001708863123034846,-9.549036678565886e-05,0.0015200626621350748,0.0030075846284774986,0.004169049361047683,0.005784751245020011,0.008028054770835215,0.010265102000293635,0.011581432384037057,0.013031133356562462
2017-03-02,-0.00759524913115041,-0.007299335460978634,-0.0064793435213700715,-0.005266798978212056,-0.0037289427561122152,-0.0020809826102118735,-0.0004214014864202286,0.0012619552494277896,0.0028528053191594757,0.004149491006292681,0.005871993571102856,0.008039565562322841,0.010106083478944724,0.011549188091567802,0.013035147682798384
2017-03-03,-0.008093761888292254,-0.007708024872952868,-0.006875252399274523,-0.005690414047486176,-0.004187013002577183,-0.0025692996477037497,-0.0009369571027931097,0.0007161898335085307,0.0022758501865565097,0.0035312079983034583,0.005152405686369801,0.00715479568277299,0.00925458181723227,0.010622223391071274,0.01209789819944203
2017-03-06,-0.008686942522821437,-0.008122680215475901,-0.0071514429917249505,-0.005848553863315783,-0.004215885938163071,-0.002439227077810657,-0.0006142786662320143,0.001235607743520079,0.00296422401471093,0.0043427598017123726,0.006183327645664433,0.008472680868898512,0.010768887552490832,0.012310173286221067,0.013795813926114201
2017-03-07,-0.008733092719155918,-0.008345041844674965,-0.007584950120967666,-0.006508016965570031,-0.005075368825494319,-0.0034910504767179254,-0.001858552419524891,-0.0002033045873694188,0.0013405583062944227,0.0026154523045291422,0.004311027510170577,0.0066091759443679945,0.008847171296362637,0.010349511395579587,0.011811930152179748
2017-03-08,-0.008650427079690359,-0.008087675833223673,-0.007199962621254183,-0.00602782685662482,-0.004560814195809499,-0.0029794733932186675,-0.0013595741326747016,0.00028198058567356957,0.0018278344382990828,0.0030798373884792407,0.004698350372522905,0.0070346797207814634,0.00937322645166356,0.010893622748051454,0.01233692891256294
2017-03-09,-0.00899215222972556,-0.008484503622388333,-0.007682378598429957,-0.006609541745112582,-0.005234021082461945,-0.003730651550976993,-0.0021722239569761303,-0.000577413040050003,0.0009265342876193142,0.0021431257821444044,0.0037210732393605866,0.005862006223467582,0.008064186784731189,0.009500591580657896,0.010950627628289715
2017-03-10,-0.008944232348145384,-0.00821826579828477,-0.007284071463075957,-0.006127794509586775,-0.004730056607916031,-0.0032237588128094354,-0.001662478272904931,-5.728925312243813e-05,0.0014527018591588457,0.0026395091838029615,0.004101428174590478,0.006290388252778657,0.008524401166896576,0.009923637126430332,0.011355665998162788
2017-03-13,-0.008918348384505741,-0.008181277033494213,-0.007199512439114234,-0.005979270070253971,-0.004510596881360328,-0.0029299672195361864,-0.001290392721354776,0.0003908849492717452,0.0019614284982738413,0.003206022776097465,0.004766627152564822,0.007104942397081321,0.009521509597856847,0.011015117453253585,0.012465201028855056
2017-03-14,-0.008972071218778431,-0.008236755936352907,-0.007281971530016836,-0.006112516271067918,-0.004700576180668764,-0.0031819756814815132,-0.001622585216041653,-2.4206556922973916e-05,0.0014664553511872245,0.002662516472683061,0.004131459997746996,0.00646273051657381,0.008775121976971443,0.010234071408909504,0.0116891051287329
2017-03-15,-0.008740591829938277,-0.007933418679326584,-0.006894288527146563,-0.005630342064885934,-0.004133015605787687,-0.0025388684959286884,-0.0009008302520190804,0.000771949000970543,0.002245683913368027,0.003559497374274114,0.005115897370739406,0.00776312933607644,0.010218526694926901,0.01180203120177153,0.013242622557837239
2017-03-16,-0.008602680179979732,-0.007935019750056565,-0.006981823160350143,-0.005763297073224327,-0.004252799754897039,-0.0026032127604952294,-0.0008935389298461529,0.0008611310756363402,0.002410120763576735,0.0037851563460777667,0.005490611336217106,0.00816075633666676,0.010796630531183142,0.012537209396409527,0.01400068000170181
2017-03-17,-0.008507437999965468,-0.00797827053622427,-0.007167793071903078,-0.006097211469564342,-0.0047514023572095485,-0.0032795235787617914,-0.001740662855593998,-0.00013179447170702085,0.0013057150708943067,0.0026002020833913227,0.004189702912439334,0.006607767365533543,0.009025761228892327,0.010569394709391918,0.012076942621845027
2017-03-20,-0.008859585035519556,-0.008373579293388372,-0.007580787964407416,-0.006515163786655565,-0.005170026889960682,-0.003699172229799266,-0.002166499077785866,-0.0005647530579592265,0.0008622159130619255,0.002145728690124245,0.0037236595784280618,0.006074004902947633,0.00847176350694102,0.009964308255549604,0.011440860715737649
2017-03-21,-0.0093622052900757,-0.008840684195171849,-0.008004281065615045,-0.006891458030736663,-0.005507539038389626,-0.004000201135112316,-0.0024246991317098026,-0.0007800667539773091,0.000681306317850728,0.0019883599325717536,0.0035858801838059735,0.006093325227248021,0.008620455302861126,0.010157619445737509,0.011641722523776774
2017-03-22,-0.008626816755046425,-0.008126852424129284,-0.007242712221075098,-0.0060268032263049555,-0.004515361442632094,-0.0028753798299134873,-0.0011577515108082475,0.0006334577075891943,0.0022331761213450793,0.0036372834805670925,0.0054012833271866074,0.007979731414891996,0.01056510572256968,0.012259811094769294,0.01369495537572479
2017-03-23,-0.009388138588469493,-0.009075067719303866,-0.008397144953846225,-0.00737463527402538,-0.006011806256790055,-0.004485778213097004,-0.0028492586101811976,-0.0011228639376788764,0.0004205282983770805,0.0018087537851884028,0.0035308757335051687,0.0060365590242383695,0.008624777569352938,0.01021852758737554,0.01169012914143207
2017-03-24,-0.009058997990402263,-0.00899147339792299,-0.00852132458753592,-0.007675485530481015,-0.0064587649961332805,-0.005076849020140538,-0.003588821102009994,-0.002007622567282964,-0.0005835269278168247,0.0007279868238430913,0.002336989667326846,0.004603865290506929,0.00711792473463441,0.008546199526360237,0.010024531342133356
2017-03-27,-0.009824894466543197,-0.009556893476022274,-0.008870391730113822,-0.007856146150617083,-0.006537502994674746,-0.005104706162012669,-0.003579731115750628,-0.00196371166689031,-0.0005165691346336611,0.0007768670898547752,0.0022647867175755276,0.004601435644860178,0.006982637926699541,0.008409651169089195,0.009847327933892428
2017-03-28,-0.008791005438858277,-0.008525893078123865,-0.00783622422850333,-0.006814865453096335,-0.005484837512620687,-0.004036921662135389,-0.0024931444881074534,-0.00084944440470549,0.0006267789122160615,0.0019423277519771255,0.003474676873962946,0.005905691357541076,0.008433340620977654,0.009927182651831316,0.011412754178822341
2017-03-29,-0.008503857045499517,-0.008224295510215567,-0.007573296836747247,-0.006619824553708395,-0.005338465102281626,-0.0039431667519722125,-0.0024334062699315315,-0.0008305527957704912,0.0006194484271811193,0.0019329342220434462,0.003502977949749702,0.006005468323907715,0.008547201908137467,0.010056170396998292,0.0115704076658275
2017-03-30,-0.0074572598999887,-0.0070712716368721475,-0.006319696579963849,-0.005293592189238611,-0.003993728306255618,-0.002582031520943509,-0.0010754265186261871,0.000508512717831758,0.0019378765625426024,0.003235495284791532,0.004813478819414558,0.007371300624648927,0.010026789995087123,0.011533059693050704,0.013071791912815144
2017-03-31,-0.008104100747789902,-0.007672917331125828,-0.006887976862081958,-0.0058405921257187665,-0.00453650910844296,-0.0031310070161319147,-0.0016414576327275071,-7.568402717603217e-05,0.0013343664982159084,0.002621239898532803,0.004177365960035137,0.006591439813743303,0.009214677499227893,0.010668220516816044,0.01222985454327825
2017-04-03,-0.007825319037532336,-0.007136923396237845,-0.006109539687554734,-0.004832769390454559,-0.0033492185606614914,-0.0018084248590276991,-0.00022324814685516334,0.001411407145604727,0.002877182777376041,0.00417638838402492,0.0057529176684660765,0.008131889647393604,0.010750319974576426,0.012160951820975815,0.013692440143294434
2017-04-04,-0.008612980631304439,-0.00795900815291637,-0.006993223012874798,-0.005780382336815665,-0.004345873295031432,-0.0028503632075692373,-0.0013142438829800702,0.00026653594198799974,0.0016908275581809483,0.002981753036279628,0.004537519350444815,0.0070241227142351665,0.009714643531330587,0.011135597582446359,0.012688300614628516
2017-04-05,-0.00908992003116267,-0.008562592056166067,-0.00766098251228757,-0.006464896955312044,-0.004982063891278793,-0.003391385634473926,-0.0017221487319823117,-8.009464847874776e-06,0.0015402118838632498,0.002926465503807095,0.004667777799822619,0.00712423601053832,0.009880038098102888,0.011393278124386638,0.012973779494708978
2017-04-06,-0.00902571905777209,-0.008173312087226827,-0.007024699918890937,-0.005628416850916976,-0.003998586112855756,-0.0022912975117509097,-0.0005449570762743317,0.0012098123863357167,0.002766242947629164,0.004124005770414215,0.00577446008736927,0.0082415098088469,0.01094655080141986,0.012453675518258947,0.014039957715177126
2017-04-07,-0.009594124806346868,-0.008444422278788428,-0.007040216056848274,-0.005420881998634986,-0.003623179419661624,-0.0017773214814304444,7.482273004518511e-05,0.0019179955482246703,0.0035341594682946243,0.004925334868525706,0.006544664692910474,0.009138208793764448,0.01211175905773911,0.013706453071610135,0.015313876909845236
2017-04-10,-0.009517492604169852,-0.008097601416560603,-0.006469324168833075,-0.004668079356572118,-0.002789837909327477,-0.0009380490022520888,0.0008401491890851378,0.0025808195520723443,0.004100666328534302,0.005403571214061923,0.006805352123064307,0.009313539345781786,0.012091642106335473,0.013568895945929412,0.015220365374688535
2017-04-11,-0.009379080371040373,-0.008240426696271511,-0.006859772786898904,-0.005273026404012763,-0.00357953542244494,-0.0018947217632923159,-0.00026922023623575527,0.0013421669066074745,0.0027629510752245285,0.004007600381448016,0.005316232037246442,0.007672904595515248,0.010170417334879896,0.01153099124761454,0.013157520981290595
2017-04-12,-0.009209114302168976,-0.008369107731883832,-0.007212463297142176,-0.005800661048822391,-0.0042255307411045665,-0.0025945031512704733,-0.0009594110242236167,0.0007009516272085767,0.002168468481117249,0.0034410446291831213,0.004792902896675733,0.006939037097016577,0.009556922784023624,0.010955439498711864,0.012573682755110442
2017-04-13,-0.009397330670262143,-0.008582118609285774,-0.007456736960165272,-0.006076498998674499,-0.004538510484308866,-0.0029522781529775816,-0.001364335695830765,0.0002530893453754359,0.0016898463371059712,0.0029396188090478866,0.00424087711517338,0.006381285345197469,0.008969893571723972,0.010372371292127746,0.012015839433652835
2017-04-18,-0.00896051697556884,-0.007930794372789115,-0.006643122827111796,-0.005146709092939947,-0.003552590927739375,-0.0019479223930417634,-0.00036802552124919183,0.0012340043799974369,0.002653292434330687,0.0038950399970789228,0.005154351205640459,0.007070455230171448,0.009678514698484684,0.011082068212695514,0.012651750698806898
2017-04-19,-0.00864859717063393,-0.007668225221539488,-0.006451295137176812,-0.005031174410991568,-0.0034791705928612377,-0.0019027977389439008,-0.0003348008382186504,0.0012630094994369437,0.002678786307814847,0.003910125614415694,0.005162414725404447,0.007130301015705057,0.009672255980044522,0.011036189301994286,0.012618196789129819
2017-04-20,-0.008399233048262645,-0.007591598008113815,-0.006463888594063302,-0.005082256021630222,-0.003514655672391043,-0.0018962287679648916,-0.00025302269659476526,0.0014333346804047205,0.002939849164837142,0.004258243620374217,0.005718463817412813,0.007596259992032442,0.010068844116457717,0.011489140040232541,0.013105536442920375
2017-04-21,-0.007964251921635914,-0.007016711223428802,-0.005824221640275455,-0.004437003446584847,-0.0029393979306403437,-0.0014413408016252097,4.517741090030204e-05,0.0015817451005793281,0.0029632696671717633,0.004164058649992119,0.005383442734489642,0.007097183928593325,0.00947024847054746,0.010760430306705746,0.012345357017384246
2017-04-24,-0.008748802386381357,-0.0079503687005007,-0.0068836303192822395,-0.005597822956535596,-0.004174670417371455,-0.0027260105736553004,-0.0012641406426456897,0.0002712893928475315,0.0016578762083172137,0.002874772012221757,0.0041628555503629905,0.005776228964928286,0.00799729004771937,0.009240613512194459,0.010840013850191543
2017-04-25,-0.005983186028129032,-0.004870389926185736,-0.003535092743786213,-0.002078914336409931,-0.0006945870766713683,0.0005134749048385622,0.0016004359938865348,0.002726017926648437,0.003750473800534127,0.00464821509267466,0.005313362057715492,0.006150971728148373,0.007817673634962703,0.008526031466258226,0.010178135030601596
2017-04-26,-0.005867635509828743,-0.004743726868735726,-0.0033971464466066624,-0.001936921050401708,-0.0005662317752815396,0.0006152260396288171,0.0016689920631129474,0.0027572094477138907,0.003744653686968296,0.004598930273609825,0.00524682036356429,0.0058034992923617764,0.007198553307608031,0.0077940988006458154,0.009380689425215562
2017-04-27,-0.004920287042742129,-0.003939930497431192,-0.0027141709513580836,-0.0013567048786561563,-6.403727437579755e-05,0.0010453805458984196,0.0020337564795012953,0.0030707635357519487,0.004035540799769132,0.004881099812420114,0.005598636129515824,0.005974918123853243,0.007239800872138044,0.007806790949500256,0.009395102992356175
2017-04-28,-0.005400534543448044,-0.004365110129508149,-0.003130574906934403,-0.0017853128244050486,-0.0005129461602410865,0.0005688341514624733,0.0015151299163081665,0.0024976416795507495,0.003425763167296297,0.004238403790852887,0.004903006035042727,0.004977929389263674,0.006033752482240589,0.0064503184840282324,0.008028486584197515
2017-05-02,-0.006113672825539961,-0.005226709603918105,-0.004114000907788273,-0.002844143896800228,-0.0015721392138305329,-0.00043286285365623446,0.0006211953817946904,0.001722007001234557,0.002760178263794615,0.00366904253774736,0.004551718243900427,0.004762155633573565,0.00586272608084655,0.006347217987228395,0.007953137441445601
2017-05-03,-0.006295378828605194,-0.005627269022949825,-0.00470238762886104,-0.00357335136775086,-0.0024003735229550256,-0.0013156908300644373,-0.00029676601384180277,0.0007845942429202785,0.0018106121241423653,0.0027341497690938727,0.0036910308904363523,0.004240488212136759,0.005542882879769758,0.006160585043335119,0.007741724289699781
2017-05-04,-0.005926332768934384,-0.0054860623977338804,-0.004675852490774383,-0.003586550266002922,-0.002391475054814328,-0.0012496768324519185,-0.00014475433708504432,0.001033915770985194,0.002153158742568573,0.0031761243516439984,0.0043116460373280804,0.00512501548930705,0.00674922110683039,0.0075652598341937865,0.009191287913431668
2017-05-05,-0.007210086782176958,-0.0069718957258787136,-0.006285322860667189,-0.0052486813744186695,-0.004039219326248841,-0.0028179755970993833,-0.001592499334168826,-0.00028109508955242063,0.0009613366676290208,0.0020890232099479416,0.003454194377488828,0.0044534428957828266,0.0059364848729508484,0.00684010509332557,0.008451271737815675
2017-05-08,-0.0072257677847107175,-0.006969620463037042,-0.006310489793915135,-0.00530699409595683,-0.004097955176504908,-0.0028474895953351214,-0.001579236749410791,-0.0002380156013105988,0.0010250099439480568,0.0021763330241407496,0.0035935369415558507,0.005049917659823877,0.006825505493097879,0.007907769455763974,0.009486543736840495
2017-05-09,-0.006939943213501619,-0.00652880826674969,-0.00575479723752185,-0.0046644073260069755,-0.0034004777844473875,-0.0021271513228069226,-0.0008654203682686132,0.0004387641339643257,0.0016480499434148319,0.002740287555251213,0.003980569571875906,0.005461359888092651,0.007229747246331003,0.008233539277700392,0.009797118028793024
2017-05-10,-0.0069108194811955325,-0.006593526156641692,-0.0059367898099386895,-0.00493460767435295,-0.003819181097154344,-0.002659887342714275,-0.0015025543424781066,-0.000285727128245347,0.0008592523112330388,0.0019128154763369638,0.003088804512279642,0.004376565891387257,0.005998921061958592,0.006902425090695145,0.0084836347388107
2017-05-11,-0.0071054339349007085,-0.0069683890419605125,-0.0064363200451226475,-0.005515256497128076,-0.004432828543909479,-0.0032723056077598994,-0.002087030211378942,-0.0008288645371516369,0.00035437451040545354,0.0014487326489419153,0.0027193305606322857,0.004064380186613309,0.005659855573902176,0.0066381843725554935,0.00821284412847292
2017-05-12,-0.008083710371440896,-0.007960223105865258,-0.0074056882795082825,-0.0064321811379913565,-0.005251334047536084,-0.003956828813537554,-0.0026108694905737015,-0.0011866811614547627,0.0001343989002651595,0.001324610705611123,0.0027512669417291452,0.004058712990945114,0.005798729716280796,0.006896552053678143,0.00847817241662685
2017-05-15,-0.008950191226441704,-0.008566844533025897,-0.007799757976414008,-0.006616494571074147,-0.005236936562755312,-0.003737674190831572,-0.002201151615770286,-0.0006126196930552438,0.0008362182055076249,0.0020980776579739807,0.0035814625060057244,0.0051719073636058085,0.007184056423247669,0.00838321936006072,0.01002045723556401
2017-05-16,-0.008949873503804285,-0.00839629905764604,-0.007465447114587799,-0.006269074351325768,-0.004871727722385413,-0.0033807637410036236,-0.00185522318764305,-0.0002646223412869032,0.001180960885070394,0.002422295185529815,0.0038064240186848268,0.005476845075407848,0.007515738158606535,0.008738646230882694,0.010331078305932094
2017-05-17,-0.00901216446219902,-0.008497083415395523,-0.007589687006926097,-0.0064198808304627665,-0.005062403319138195,-0.003629429704847499,-0.0021653782843105438,-0.0006224963514829917,0.0007910542436819492,0.0019946335462101726,0.0032932156103795923,0.004807376776321706,0.0067518424861583316,0.007862857557832205,0.009474594450989356
2017-05-18,-0.009155791418746105,-0.008694087385109418,-0.007850106124534984,-0.006772177570346076,-0.005493019205866757,-0.0041602305131807115,-0.002803553993426121,-0.001356665354606489,-2.7963432514740375e-05,0.0011259538829520945,0.002339154674754766,0.0037284480738054636,0.0055545122103585025,0.006581943066936613,0.008180597778812347
2017-05-19,-0.008215317361444357,-0.007633550583587749,-0.006700677442973032,-0.005565963769611186,-0.004273754426926026,-0.002955787236775153,-0.0016400223101095588,-0.00022968229923543823,0.0010741318648910293,0.0022117831887467935,0.003394868472911853,0.004936874458295038,0.006938904268893354,0.008039691917925421,0.009627296304174358
2017-05-22,-0.00843506651345199,-0.007772851792381396,-0.006765449239476857,-0.005561428813528589,-0.004219306325671358,-0.002868532502702307,-0.0015288436714641228,-0.00010049604919833426,0.0012148369314645652,0.002359064629554964,0.003491392726860833,0.004973202843490374,0.006952837264549307,0.008041588982495632,0.009635854233249587
2017-05-23,-0.008619714791518282,-0.007958387600166969,-0.006981876105067559,-0.0058197880074937775,-0.004527059275688308,-0.0032282859611572935,-0.0019389641763902074,-0.0005600197556006835,0.0007139551367638924,0.0018304123898937074,0.0029056552827630734,0.004358175985300112,0.006288583650868201,0.007328447366801284,0.008924837289870376
2017-05-24,-0.0067919199858657,-0.005824226773979005,-0.004640540021782956,-0.003339713823141669,-0.0019745898814283614,-0.0006449542426539044,0.0006380594976815742,0.00198980117754947,0.003231855328421693,0.004334583557066289,0.00537498318499095,0.007445220147534813,0.009785403529103046,0.011065529696233792,0.012673303038522998
2017-05-25,-0.007415950706585385,-0.006371339193603367,-0.005137913274108797,-0.0038028447259724277,-0.002437371994198312,-0.0011390935105519452,8.934805264510317e-05,0.0013862820998852316,0.002588583718300084,0.0036460698778183085,0.004626606402787378,0.006084201193223882,0.007982921603763021,0.009046757121070554,0.010651307016292405
2017-05-26,-0.006571365494259012,-0.005557681038871039,-0.004371220123642012,-0.003105689015738586,-0.0018512485467652607,-0.0007211406074361909,0.0002944843944179432,0.0013684007940678164,0.0023783883190763803,0.0032846482823934006,0.004026066165163496,0.004995976038644481,0.006516842236582632,0.0073099179133531336,0.008917148671173304
2017-05-29,-0.007381637528858099,-0.006522497250729817,-0.005456159424830706,-0.004275497412974736,-0.0030511648816589567,-0.0019113376603036873,-0.0008556656534785755,0.00026461667074474974,0.001317568615801574,0.002270951775857034,0.003158092038207386,0.004255973762662802,0.005844646259042399,0.006723965967048888,0.008334752524038326
2017-05-30,-0.006275136703512462,-0.00531809976151029,-0.00416927716150843,-0.0029272349874226145,-0.0016839439049663014,-0.0005700701338216853,0.0004199272015796183,0.001438958964766332,0.0023917109995522544,0.0032489018564852475,0.003964423329818261,0.004819672843305979,0.006235650256223612,0.0067883091983542655,0.008478019734826946
2017-05-31,-0.00615994643482024,-0.005125961515737612,-0.003940694388425876,-0.002682385730757931,-0.0014413757754482563,-0.00033404910581961923,0.0006307526959060294,0.001614300090896597,0.0025346933586146416,0.0033768617377800307,0.004064802662597096,0.005190457176939568,0.006823809812295592,0.00760552398975093,0.009203203345736698
2017-06-01,-0.006868224803962064,-0.005908686026759383,-0.004768290963000001,-0.0035119733911776097,-0.002209242946431841,-0.0009853606834948913,0.00012727422507070494,0.001259462178514107,0.0023152658770791614,0.0032620436230664414,0.004160519622943773,0.005381701689446068,0.007079827671136402,0.00797014162460908,0.009617451062436647
2017-06-02,-0.006831800064239477,-0.005740410208047485,-0.004449689419052145,-0.003035589159943771,-0.0015712589073839504,-0.00018037208649088004,0.0010946609565403369,0.0023714739293187116,0.0035422350619034836,0.004566491832851734,0.005588903326423387,0.006964426712980563,0.008835050096060365,0.00984409331577087,0.011506683602141906
2017-06-05,-0.005936078148303957,-0.004995566555003647,-0.0038097224767466987,-0.0024736437748916333,-0.0010633846244962994,0.00027410357835091635,0.001490965655777659,0.0027116834167570944,0.0038371875905420377,0.004844486057354614,0.005885262151828119,0.007195966377987207,0.009014408895336588,0.010019962407899426,0.01169295025791625
2017-06-06,-0.00651005223279481,-0.005791351081477903,-0.004777747316247049,-0.0035475907698642077,-0.002124201513692205,-0.0006759576641136781,0.0007250957968905716,0.0021528136708809766,0.0034625928928152814,0.004624930776325507,0.0059685833105160265,0.007554718041857848,0.009616138019001203,0.01057285961327123,0.012471169637148847
2017-06-07,-0.006406950010729771,-0.005645277062853549,-0.004580149687478307,-0.0033041299707160434,-0.001835443075409436,-0.0003539968191564644,0.0010721384226150136,0.0025088374727095706,0.00381747703159484,0.00497677628974799,0.006342810733468269,0.008122277034635415,0.010149872984318782,0.011436939640024072,0.013077960605528415
2017-06-08,-0.006191869618576849,-0.005548115280893756,-0.004579601684947285,-0.0033893836925723867,-0.001989538911463395,-0.000584032860170947,0.0007439891311810845,0.0020734164721317033,0.003309041691426314,0.00442245342754174,0.005756194829007284,0.007145605582898346,0.008973636090838254,0.010023951186954864,0.011705286042324754
2017-06-09,-0.006067880602521829,-0.005265799815562796,-0.004162842131688112,-0.0028478064834539154,-0.001339145492995597,0.00016575746395485727,0.0015732032577069257,0.002963015848741885,0.004239694429802981,0.005373258464838401,0.006696462886056548,0.008288976079364876,0.01023471442814695,0.011354225366568178,0.013062190140125855
2017-06-12,-0.006104138931283376,-0.005506108637518059,-0.004574924052138205,-0.0034096594684038415,-0.0020201227317529886,-0.0006133200882735945,0.0007381019765842168,0.002085787192803995,0.003346515568715007,0.0044982202239232695,0.005918135274883379,0.00770020567525216,0.009628664997124718,0.010888957389306907,0.012537562910064358
2017-06-13,-0.006366784622541622,-0.005744282348646114,-0.004759321960876663,-0.0035134042978265346,-0.0020045762363101686,-0.0004365405965273562,0.0011188689867279587,0.0026723891572754096,0.004109921092936154,0.005404541613272624,0.00708764090741338,0.009312126098201732,0.011682862668448287,0.013221363521206512,0.014898945565769463
2017-06-14,-0.00665118733229199,-0.006066397465010722,-0.005136257374423697,-0.00393858576354743,-0.00246137267278671,-0.0009016359592431567,0.0006660775945490304,0.0022477306386499757,0.0037192736443368356,0.005048986749300779,0.006796088058849977,0.008848359491232086,0.011350004637109579,0.01293871048399116,0.014613208167453871
2017-06-15,-0.006696594479732792,-0.006240370209079025,-0.005454409103619912,-0.004390833621170825,-0.0030053022554077796,-0.0015117933971962286,8.854901886411887e-06,0.0015426027342179014,0.002969977357520157,0.004280301611323562,0.006043084925065341,0.008187325878695022,0.01047939150203579,0.012069843468695364,0.013733551343343971
2017-06-16,-0.006897847577719578,-0.006319568027241799,-0.0054788199452741725,-0.004395376897410876,-0.0030174554428840173,-0.0015491512925271359,-7.391520824028951e-05,0.0013945250339406725,0.0027591199662667203,0.00401821489087494,0.005662672908222819,0.007942213249129448,0.010417254507268499,0.011790320189686967,0.013508092707556058
2017-06-19,-0.007150202858281915,-0.0065614375683154084,-0.005700863381470669,-0.00458584397912019,-0.0031861214919868316,-0.0016776653310297998,-0.00014285440461484205,0.0014066234333781557,0.0028446325792352693,0.0041527987935466,0.005917917592261057,0.008151161860257628,0.010601576152609827,0.012075874737918931,0.01376525301370278
2017-06-20,-0.006493195405005867,-0.005842477671622281,-0.004957718285836811,-0.003837811383479044,-0.0024534028144797986,-0.0009793880452845499,0.0005085547120375466,0.002005070383221636,0.0033927335722867755,0.004662263058115606,0.006372974582299462,0.008494010455002194,0.010817793921312758,0.012324550447833909,0.014005810568766302
2017-06-21,-0.0065968424667784365,-0.005835567873202682,-0.0048588411137679135,-0.003662618025577952,-0.0022037531413462083,-0.0006523838576935115,0.0009184825484504175,0.002487479201256247,0.003926053660511344,0.0052217119644661575,0.006945123678614213,0.009083218447644804,0.01159942198520518,0.012953547306202871,0.01464377244088551
2017-06-22,-0.007965234573829685,-0.007298314504830129,-0.006386097871313007,-0.0052125840848806036,-0.0037189463134677915,-0.0020828482911491343,-0.0003919819228229137,0.001299835704411861,0.002840779090039544,0.004213772963817599,0.006034646836362189,0.008221947475629297,0.010826738898966497,0.012231973245663533,0.013952432940042907
2017-06-23,-0.007023872341462664,-0.006376610373652174,-0.0055261453133184715,-0.004441236577085928,-0.003056856553342569,-0.0015573502687546736,-2.6071835005203776e-05,0.001508337916874529,0.0029267336047562186,0.004230773893299292,0.005957172254896377,0.008077855776471368,0.010686970088862498,0.012021205279055237,0.013727475048809237
2017-06-26,-0.006670005947203781,-0.005879654534039049,-0.004907161939205044,-0.003738301990269613,-0.0023326946448256666,-0.0008618427523052674,0.0006193823911571049,0.0021031112770663473,0.0034722099367029777,0.0047093249401430615,0.006291295436549539,0.008154449339838457,0.010624740808634778,0.011724364313075905,0.013385922505855505
2017-06-27,-0.006968714492899558,-0.006234003465808762,-0.005296163437177791,-0.004136920062516956,-0.002711493007038597,-0.0012041756649367632,0.0003239636877994127,0.0018542454229918668,0.0032634201411746765,0.004525358403879423,0.006162498572051698,0.00807181840236053,0.010409030319145744,0.011693375880897737,0.013394276853979982
2017-06-28,-0.006868331601764617,-0.006167520546581784,-0.005254815152970279,-0.004120068124665878,-0.002721311077477691,-0.0012416821523282074,0.0002587866674992618,0.0017691902964415587,0.003166194374083966,0.004428328077081963,0.006093057507577937,0.008083145616701615,0.010483202724933905,0.011743442958116157,0.013453631450691795
2017-06-29,-0.007220030780454958,-0.006506889316077514,-0.0055653278437154535,-0.004393316349605674,-0.0029530621665869094,-0.00143461713308486,0.00010120252527024754,0.0016427314620380924,0.003065394425183792,0.00433755628789873,0.005993512976577455,0.007913671554787269,0.010292694652333779,0.011523494032047128,0.013234867883488204
2017-06-30,-0.007043554666284115,-0.006395285256224184,-0.005531463561119958,-0.004425184268249899,-0.003045444372101796,-0.001569887931827761,-7.288104015574582e-05,0.001437837140062183,0.0028432872106073197,0.004115186054466526,0.005825386250825125,0.007862356209741387,0.009952717312214756,0.0116821253767384,0.013378528830699444
2017-07-03,-0.00746196040010462,-0.0070129777156696365,-0.006335767191365595,-0.005405368485883846,-0.004191204998191615,-0.002872600797506009,-0.0015233964914361255,-0.0001413087860970163,0.0011698850556924626,0.0024003268779114865,0.0040546750102301654,0.006197862263338768,0.008022733861204593,0.010005614370460715,0.011723912305674994
2017-07-04,-0.007078975153892298,-0.006531575992577962,-0.005748139083946621,-0.004716354492168287,-0.0034057662145286645,-0.002001217700212457,-0.0005772736485499183,0.0008670678597085776,0.0022338051421810657,0.0034955319673255865,0.005218018832260509,0.007323544171299949,0.009337168351138084,0.011234345962448433,0.012947380792264674
2017-07-05,-0.007730070471515838,-0.00728703482934248,-0.006580105851014796,-0.005597217242192839,-0.004315280789051237,-0.0029249860602862322,-0.0015064904414758599,-5.4092462603234524e-05,0.0013290075062071332,0.002611116720301218,0.004368066812158097,0.0064810073017089916,0.008399168839896443,0.010455051116716137,0.012186957712507433
2017-07-06,-0.0076271544690871195,-0.007177743681472969,-0.00650526632567564,-0.005591636490301713,-0.004388433312608637,-0.003088471527808067,-0.0017534510726453585,-0.0003945213620518257,0.000887588250022322,0.0020977849059613946,0.0037132095140252966,0.005760732342048076,0.008019886612761552,0.009393646972101535,0.011121971993934754
2017-07-07,-0.007657510262362711,-0.007102634845817751,-0.006289357506334604,-0.005229071118829114,-0.0038826588241975143,-0.002449611408289398,-0.0009979655316326177,0.00045907902311121264,0.0018106328223720166,0.003058320899059527,0.004739572457955577,0.006782279423285621,0.009172618163626047,0.01037223963419687,0.012104925281141148
2017-07-10,-0.0075151514957936365,-0.007041318764096251,-0.006319440091850304,-0.005359821067086718,-0.004107144857621214,-0.002754101841325583,-0.0013613310182575805,5.124500848213394e-05,0.0013647230621550773,0.0026031794123916336,0.004300142731115536,0.00650264351857167,0.009127698468391432,0.010136646058512184,0.011856610582952537
2017-07-11,-0.007309213920801267,-0.006832078344643685,-0.006107626680300979,-0.005152894755362769,-0.003910631391010331,-0.002576009261043559,-0.0012065831567823948,0.0001798505713075699,0.001473485127992278,0.0026900818553956536,0.0043399920398708505,0.006499499026090543,0.009213233765576917,0.010008106316434732,0.011735661363949847
2017-07-12,-0.007208411784617809,-0.006883117636689389,-0.0063130638115724514,-0.005498948683450258,-0.004359598914775598,-0.003103012864756177,-0.0017968592159049823,-0.0004647525485013367,0.0007805942689635132,0.0019857807773084567,0.003627804464973971,0.00589857209364499,0.008544495890311884,0.009392615932044263,0.01114418964135317
2017-07-13,-0.007207147179587389,-0.007029418303957131,-0.006607459312807091,-0.005926982787936949,-0.0048792928745531395,-0.0036776883873446144,-0.002397267182696303,-0.0010710334857647,0.00018296340459254986,0.0014102459726152276,0.003130778983859357,0.005514492108007448,0.008030090705490931,0.009127978407019816,0.01084132306261801
2017-07-14,-0.006190753699111566,-0.005812804055132265,-0.005179938659263351,-0.00430616078347406,-0.0031277692238956666,-0.0018344810839202984,-0.0004839467628842757,0.000919501663289881,0.0022511143888498185,0.0035094486993840312,0.005357133496358889,0.007453718691117354,0.00956705162718923,0.010834214721115329,0.012549361127360905
2017-07-17,-0.00650800819835737,-0.006314585838670408,-0.005859780660577106,-0.0051282942792339825,-0.004031311181066823,-0.002768720308963203,-0.0014180522900145585,1.207633311355212e-06,0.0013564989822612726,0.002664917468643365,0.004643015232776701,0.0069872561263228964,0.0092084058957394,0.010641031937739326,0.012342356898969162
2017-07-18,-0.006549119686290608,-0.006427904287653031,-0.006032908697933186,-0.005363377169065956,-0.004325338572476004,-0.003113310877333104,-0.001781684005144482,-0.00035864634071680634,0.0010051062156950683,0.002317318297572251,0.004345041276650729,0.006304542246199653,0.008366813399434452,0.009591913541827073,0.01139949280392369
2017-07-19,-0.006373768121500998,-0.00624559795558002,-0.005873910152368655,-0.005239787605999736,-0.0042485358736167106,-0.0030989317879808955,-0.0018402469636567532,-0.0004876001960205435,0.0008211746611673167,0.0020886511395177185,0.004064918227172584,0.005833352445993773,0.007816778136769979,0.008937393675288889,0.010678571169038276
2017-07-20,-0.006162581207031351,-0.005989438509511598,-0.005564275790802613,-0.004885332665705283,-0.00386827587774116,-0.0027061249813619837,-0.0014521988127438872,-0.0001094199471237743,0.0011956887125529792,0.002456317362982871,0.0044302272307044826,0.006066279284863852,0.007951440250616483,0.009016069439500672,0.010742374951542285
2017-07-21,-0.0060648115170268335,-0.00588035277905608,-0.005472774685890109,-0.00482198416492418,-0.003844126891051893,-0.0027241801221442796,-0.0015111474507544431,-0.0001941088425344332,0.0010999330345873048,0.002347643147194351,0.004273618495153458,0.005926042605244989,0.007716138702134499,0.008721653107846401,0.010441166715570062
2017-07-24,-0.005871120716598639,-0.00562487934825361,-0.005137080541359098,-0.004404441496318371,-0.003341856397677547,-0.002138269597155239,-0.0008354087922921974,0.0005692634165363533,0.0019356313765778507,0.003230244706132575,0.005333988835032513,0.007031542797120562,0.008834924247921847,0.009906746495989546,0.011611495147043035
2017-07-25,-0.005234583337558121,-0.004868647292302126,-0.004289073560548962,-0.0034932188818846,-0.0023996540339008654,-0.001200241391160885,7.860708318825301e-05,0.0014548784780298047,0.0027997537415170378,0.004058780945601758,0.006146367286530975,0.007357972937451294,0.008895414060044335,0.009683242883765377,0.011396727228945759
2017-07-26,-0.004545691889057446,-0.0037966606676698034,-0.0028598577543753924,-0.001753984578520893,-0.00046718337806964626,0.0008448020226119062,0.0021583642775011343,0.0035367610233519187,0.004869131454935188,0.006083887854292146,0.008002872802684918,0.009140080938075992,0.01057618988708208,0.01123059864967505,0.012956557940502841
2017-07-27,-0.005207163920579676,-0.004478993139085172,-0.003546865804758266,-0.0024104811477069104,-0.001059310042446267,0.00032234529670588483,0.0017003791265071887,0.003103665357934253,0.004435882317928228,0.005639588975569294,0.007575369473538213,0.00852626532683788,0.009884973293277116,0.01031167806198146,0.012079480720755147
2017-07-28,-0.0048611058530246215,-0.003862907904919807,-0.002658461999514991,-0.0012902996847914856,0.00021472081895911187,0.0017073841486798299,0.0031672060701675433,0.0046544741955059496,0.006034645259030365,0.007264740419180451,0.009116281880752558,0.010276480665141014,0.011725760056365194,0.012345857739300883,0.01406122230111734
2017-07-31,-0.005128584843550477,-0.004190755899262714,-0.0030191778834825055,-0.0016717493654622839,-0.0001712457497968974,0.0013300444770095723,0.0028231144196195048,0.004355300614532533,0.005776779730553209,0.007032565352695697,0.008892834232850635,0.01012576137046312,0.011599099560494687,0.012231344781566483,0.013969399474626805
2017-08-01,-0.005410065247015322,-0.004384366601928124,-0.003106213001643758,-0.001669294086086156,-9.904066127800761e-05,0.0015012248513991112,0.0030852192603224027,0.004692137265897344,0.006158663472443801,0.007435684409872963,0.009327453068200296,0.010902088960952756,0.012567791374319194,0.014028434413131204,0.015045736485798433
2017-08-02,-0.006246534445313682,-0.00526039723356024,-0.004015461869042718,-0.0026044405726598375,-0.0010618096215623749,0.0005111741857909042,0.0020677627358932794,0.003645963486531103,0.005085244229965742,0.0063530899138722905,0.008239683289868778,0.009851098191080414,0.01157562876742515,0.013029398976355163,0.014253797886969247
2017-08-03,-0.006108973284685757,-0.005115574520088427,-0.003892108143358647,-0.002523346624246947,-0.0010206405877451112,0.0004927519644816233,0.0019828303653900686,0.0034932069035468524,0.004865788867375627,0.006094813320087152,0.007866879143257269,0.00985464821915147,0.011647252327594967,0.013190858923908238,0.014248301792724936
2017-08-04,-0.006076413129736783,-0.00469511527656145,-0.0030672481491817,-0.0013201063512101338,0.00047949716521475047,0.0022266573863670936,0.0038927534487450195,0.005549057579767823,0.0070193293604981135,0.008262559752805449,0.009916394982159904,0.011699822269995224,0.013429590488089688,0.01484882324156437,0.01592038613362661
2017-08-07,-0.006334071467595657,-0.005079743608318766,-0.0035869666817621784,-0.00196237470617333,-0.000246447313467277,0.001453892966035097,0.003116335446251148,0.004786530964799833,0.00626933915018232,0.007546947165407544,0.009293047180685098,0.011185585357709823,0.013003468032513357,0.01454022761136284,0.015613526662365528
2017-08-08,-0.006511324114510506,-0.005261130638331519,-0.0037967776036292294,-0.002219801386985519,-0.0005698742848092133,0.0010499976780684898,0.0026192563863777253,0.004183366772495647,0.0055678861507239335,0.006763003575172904,0.00838401228174576,0.010109095690623092,0.011783314447050906,0.013173624938276184,0.014250188457999004
2017-08-09,-0.0064631383364045026,-0.005098266000981634,-0.003535600786445247,-0.0018778040093386768,-0.00018735518525957542,0.0014505206043381128,0.003016010994535458,0.0045763659001705585,0.005965725608073441,0.0071573411182283345,0.008735269265465377,0.010568631561965353,0.012380328035506698,0.01384896907651928,0.014903282699175457
2017-08-10,-0.007526798690232879,-0.006350120593433573,-0.004941506828645685,-0.0034161465268668784,-0.0018371822046956369,-0.0002992550751165792,0.0011667516149826687,0.002625631747892991,0.003918313916395728,0.005061268822650711,0.00654458724846292,0.008733376981377876,0.010596938137089777,0.0121539756948001,0.013218943262310538
2017-08-11,-0.007228209863502378,-0.005845382415233644,-0.004223756630208954,-0.0025056409155678524,-0.0007879256452439452,0.0008450981730120512,0.002369019832566271,0.003866252078667114,0.005170101523247187,0.006281042316281995,0.0076343367644302745,0.00996610783424478,0.011818273483576322,0.013403845272696576,0.01446734654956055
2017-08-14,-0.007405617264729898,-0.0060985628896770075,-0.004553549135898393,-0.0029123997405980373,-0.001280608827702101,0.00026084878809621605,0.0016885794118040483,0.0030943914280856456,0.004318014905406374,0.005378475149471913,0.006662616864173965,0.009009586681222308,0.010877610498457594,0.012445412384471229,0.013504267050408046
2017-08-15,-0.007013992776109496,-0.005846386755616656,-0.004408982741945769,-0.0028462490048056515,-0.0012154161637558671,0.0003651306880181316,0.0018747183885994534,0.003383574453769979,0.004725273102687048,0.005878840319970451,0.007528758014077967,0.009231222095992003,0.010822512377792354,0.012161479617123187,0.013232363382255929
2017-08-16,-0.007201020720788533,-0.006236310111866386,-0.004975672328428677,-0.003552367325759531,-0.0019811861311989512,-0.0004025060460486362,0.0011425299011558932,0.0026879742714136378,0.004052172597741604,0.00525860399713949,0.007147680143964661,0.00898547646373878,0.010673609115928495,0.012171022612910712,0.01323219898587933
2017-08-17,-0.00713546432535523,-0.006170265984153334,-0.004918853712744117,-0.003501709459633908,-0.0019325815976135345,-0.00034711709126901066,0.0012151291983275954,0.002779658678480182,0.004166435559612217,0.005383322885883927,0.007340458728495822,0.009081385182357281,0.01072490677626879,0.012178194584123727,0.013253432512315163
2017-08-18,-0.007045599436824018,-0.006111423556893407,-0.004905726858949858,-0.003534209510813662,-0.0019791257842902326,-0.00039578148699842986,0.001166404305186929,0.0027145843825129817,0.004081773500578258,0.005296496289424744,0.007259853150112645,0.009245318830679333,0.01104003240635358,0.012652476130403382,0.013719289295920731
2017-08-21,-0.0073579782299218474,-0.006553363562896689,-0.005476088510456679,-0.004215532073786502,-0.002760676416017695,-0.0012479901348976816,0.00028067513350899225,0.0018231571867200606,0.0031878846209388574,0.004412974864331962,0.0063832674985347514,0.008597995685954627,0.010507379224573645,0.012250336123685757,0.013299035034820859
2017-08-22,-0.007349084873265286,-0.006377644703918173,-0.005135905887762149,-0.003726673610722692,-0.002173554094217221,-0.0006199450722035745,0.0008993872716802885,0.002410797792037838,0.0037365128002608645,0.0048884456724767,0.006616202357120331,0.008623610588735467,0.010360555486561165,0.011889347645553688,0.012978319283580805
2017-08-23,-0.006938464153772602,-0.005765838005059351,-0.004286967714282124,-0.0026315125875061712,-0.0008436119140948068,0.000932614528655766,0.002650351944675183,0.004344492779873751,0.005810801451157983,0.007039093737224511,0.008914018601682956,0.010790953215144176,0.012686997171004601,0.014272171101116213,0.01536019347355504
2017-08-24,-0.007187161396662369,-0.006357859752674285,-0.005201882584760721,-0.003837100467442407,-0.002259869425604826,-0.0006442928505792632,0.0009561711139719638,0.0025534714200544273,0.003956684359589319,0.005191033577353706,0.007199383120034307,0.009063326772112659,0.010799225757713698,0.012355064532177936,0.013447650711848296
2017-08-25,-0.006554886101508115,-0.0057150229094267676,-0.00455972883034179,-0.003198320591848323,-0.0016181944553988708,9.157587104804748e-06,0.0016302760233047682,0.0032516486897880914,0.0046915057509348025,0.005978847972895056,0.008104186062992702,0.01018708063092681,0.011888233514235121,0.013548595579170115,0.01466036814325274
2017-08-29,-0.006915398466705389,-0.006084136613710409,-0.0049223243861436505,-0.0035514047081051164,-0.001958294718557004,-0.00032090682027258443,0.001313998969411922,0.0029405919468455583,0.004354022321311443,0.005596863589234605,0.007593785744177444,0.00964499168998435,0.01145514514452584,0.013147649860838377,0.014229256453927659
2017-08-30,-0.006882291174260263,-0.005930395500163577,-0.0046309969759087515,-0.0031397656153421922,-0.0014939406836630286,0.00013759296262252864,0.0017086347154125466,0.0032522336988278864,0.004578489170410197,0.005722796997591234,0.0073808181549212945,0.009552901087973,0.011334356139691476,0.013049719590267048,0.014111734695203212
2017-08-31,-0.006948266122219173,-0.006304302212423807,-0.005247502669106182,-0.003955998845969283,-0.002444651096606733,-0.0009030749160638314,0.0005970970060495781,0.0020811614016916697,0.003429329276449958,0.0046540154127692026,0.006352371268420399,0.008009743391962134,0.009753948730026102,0.011327663311212231,0.0124956076565655
2017-09-01,-0.006545938890054621,-0.005787227427803321,-0.004596830297515862,-0.0031781066987402263,-0.0015713189518860792,3.4249914459051536e-05,0.0015877480672807085,0.0031247518979732707,0.004500651439048972,0.005706828369800927,0.007366051868193312,0.009413631633891976,0.011144718499566754,0.012878238881750794,0.013979085517118215
2017-09-04,-0.006688046556181226,-0.005923580944609909,-0.004756401583362889,-0.0033816830808783053,-0.0018689214905226051,-0.0003796249031588533,0.001046878524290164,0.0024592268387229645,0.003718017789725511,0.004829356005588014,0.006260623118117084,0.008533802144858093,0.010342866514737958,0.012073937686608947,0.013105126691500877
2017-09-05,-0.006688068100533906,-0.0060348845906927386,-0.0049865807275755415,-0.0037202916653025285,-0.002286991123800555,-0.0008474304773122675,0.0005495180454384693,0.0019514303677598082,0.0032092381389790293,0.0043476413555450935,0.005850207783318129,0.008310758369313786,0.010221843369290272,0.012113702310020619,0.013149638156115494
2017-09-06,-0.006307914957981699,-0.005483255114703515,-0.004292662023206461,-0.002913985523746259,-0.0014082016456448115,7.000305812771782e-05,0.0014820681351457243,0.002882738072657441,0.004132472154543569,0.005234226061677991,0.006609880143670698,0.008985596395264901,0.010805393324079692,0.012601977973541291,0.013638764284713122
2017-09-07,-0.006150459203223198,-0.0052755115418299005,-0.0040428007663107675,-0.002616750018654095,-0.0010424560913464614,0.000534261676283268,0.0020653460639307284,0.0035865300644378987,0.004945340739842864,0.006129518834282359,0.007693642894739818,0.010166575406510281,0.012120646656505717,0.014058688287320278,0.015095181658004685
2017-09-08,-0.006654766905275793,-0.005895643784089372,-0.004790779788613912,-0.0034815375016807922,-0.002007435826276563,-0.000514409709734545,0.0009453025991926741,0.0024009816458167334,0.0037100310033561833,0.004867562993923185,0.006394446382364452,0.00883567425577325,0.010725262727331764,0.012604003778550815,0.013657921423560846
2017-09-11,-0.006520773605436098,-0.005539627349157068,-0.004268477941230441,-0.0028323593611472506,-0.001306976582611699,0.0001924829106825371,0.0016191287536402924,0.003028286385092299,0.004296107044657602,0.005394368965493768,0.006694261642814922,0.009273918355572236,0.011172837687880749,0.013067925543764404,0.014110862988851492
2017-09-12,-0.007324470506267094,-0.006418314908638852,-0.005236873508731461,-0.003889838202223615,-0.002451477085565652,-0.001029757155835937,0.0003258675552646941,0.0016611338027300072,0.0028494994839598506,0.0038944125037400465,0.005041333137967657,0.007749455889171742,0.009746429704519242,0.011659387093141491,0.012720772391590382
2017-09-13,-0.0071560673370518,-0.006154705350615392,-0.004866058862071629,-0.0034098572282627105,-0.0018754696806852545,-0.00037626672466040557,0.0010475938064765972,0.002398780640693197,0.0036339032339620125,0.0047080222291029225,0.00584691462476471,0.008622879684044423,0.010707139836402774,0.012689690275428059,0.013750678198903132
2017-09-14,-0.006864716714263177,-0.005975068153160525,-0.004767535769109988,-0.0033813849200112333,-0.001880717924808859,-0.00039384883325233305,0.0010460334211760387,0.0024310876161258233,0.003710842974196666,0.00483956588632263,0.006184930440266852,0.008700927669812751,0.010771340125974886,0.012758004454318322,0.013825588439359087
2017-09-15,-0.006874634834153766,-0.006006237099929158,-0.004792968547377903,-0.003385980358083307,-0.0018422972531492855,-0.00030200331383575417,0.0012045933186365094,0.002660741301538063,0.0040084019358886495,0.005180347674335433,0.006646219466359593,0.00900004920898252,0.011062975758666535,0.013044931084291318,0.014136744311351116
2017-09-18,-0.006708945712718578,-0.005899386206569485,-0.004759114398384538,-0.0034169647581425676,-0.0019165859080560376,-0.0004002490517135567,0.0010960827845700673,0.0025521950006171974,0.003908757914225917,0.005101816730977862,0.006650977554531191,0.00901051056901635,0.01115529445932533,0.013190693147777103,0.014273604314507443
2017-09-19,-0.006797381743155264,-0.005938673243750388,-0.0047804895120847225,-0.0034407424433921174,-0.0019857502201804317,-0.0005429769817991638,0.0008524305303021654,0.0021950103579999503,0.003437244344422919,0.00451738806947794,0.005808581546095537,0.008128191879419565,0.010115157778459848,0.012034326704853028,0.013047856446498668
2017-09-20,-0.00684569620762585,-0.005902850729806196,-0.00466667477748003,-0.0032621161274333384,-0.0017618668023569083,-0.00029040472197456365,0.0011249639910373191,0.002486441227083282,0.0037422076640817805,0.00483518546379989,0.0060916188158752545,0.008589614452610608,0.010726216008957162,0.012717356772858703,0.013798748802284681
2017-09-21,-0.006408885449418854,-0.005645283251995738,-0.004540264998221273,-0.0032332517837777835,-0.001769974608641894,-0.0002975553129640311,0.0011536257865048384,0.0025685004246071884,0.003889353604921676,0.005055714817766331,0.0065781975148179106,0.008897069948837367,0.01098981608040599,0.012997611564165117,0.01408827158963079
2017-09-22,-0.006355432665400418,-0.005631288419918424,-0.004574366185408007,-0.0033257643408041836,-0.0019308135144518656,-0.0005383676725274236,0.0008280605251552672,0.0021621865848809978,0.003414092964139836,0.004531373950411434,0.005971872098350495,0.008220351768872512,0.010238624118260597,0.012172195932603987,0.013256825972296136
2017-09-25,-0.006240808791168628,-0.005298158127816656,-0.004100523501270898,-0.002664402773738925,-0.0011283130338041276,0.0003963274968205965,0.0018847348556998381,0.003315718217674716,0.004652587343361173,0.005769713607747271,0.007223127370320822,0.0096051077442906,0.011717597644050955,0.013510456922014163,0.014733234479309285
2017-09-26,-0.00621796949207786,-0.005197232307167715,-0.00386186747973139,-0.002366739980823267,-0.0008018469285940551,0.000711261761773785,0.0021507488129492254,0.0035357513388888963,0.004805480125272401,0.005903546658671039,0.00712513879063155,0.009761121063774254,0.011977302924451344,0.014074465705345242,0.015144186588049797
2017-09-27,-0.0065975956629378925,-0.005820363400892921,-0.004741422058015562,-0.0034782138700535977,-0.0020786206351911937,-0.000681688255150306,0.0006893673039258413,0.0020304646880551958,0.003270247295762369,0.0043672960631887595,0.005627790528223105,0.008107852932804319,0.010260106222043722,0.012298109809918627,0.013355704199577496
2017-09-28,-0.006800503858068614,-0.005905636801346941,-0.004675765134501141,-0.0032547835858737027,-0.0017140547842691154,-0.0001914671292409841,0.001285116826401471,0.002720506408286354,0.0040387010457092936,0.005170934710119696,0.0064507404229392174,0.008961053100361932,0.011132101323812786,0.013191737298011503,0.01425658310073767
2017-09-29,-0.006925979013178994,-0.005995984536385189,-0.004722305003448966,-0.003251487876445122,-0.0016641440808692226,-9.999630556836682e-05,0.0014176667551000159,0.0028951416017569892,0.004245700389796917,0.005391226575824777,0.00669443048556267,0.009153334362059421,0.011267807461228343,0.013279447318802987,0.014348325184495109
2017-10-02,-0.007146488157624641,-0.00636679206253788,-0.005185078392206622,-0.00381715831504326,-0.0022966551285127906,-0.0007423477767652354,0.0007936469371048437,0.0023055825737946737,0.0037086632657638507,0.0049171926107329286,0.006441329690084357,0.008751238970907751,0.010845914973678268,0.012823677506244625,0.01391199521833561
2017-10-03,-0.007726205253716899,-0.007033416103887758,-0.005933476543954316,-0.004626755094872526,-0.003141051114008106,-0.0016022149838042575,-6.670415360116966e-05,0.001440504284190308,0.00284477258280892,0.004067563087464657,0.005635543794008806,0.007978299620241585,0.010038332071206635,0.011987605467711476,0.013093323353897093
2017-10-04,-0.0076022218528176005,-0.007004115646389973,-0.006001542165948294,-0.0047837546117171816,-0.003375488065068306,-0.0019122966291847637,-0.00044983955453992445,0.0009927758371589702,0.0023559724805884974,0.0035489964904193514,0.005054917915372341,0.0073033829129228785,0.008886575718205234,0.010815738609086563,0.0119656257652458
2017-10-05,-0.00730460229339046,-0.0066567472068013445,-0.0056283614304280735,-0.0043919356726485415,-0.00298081246402215,-0.0015280536856580006,-0.00010067224173783288,0.0012998141335914624,0.002621328807733625,0.0037888032668979346,0.005299291122073316,0.007241843162281503,0.009044122364822304,0.01072370651518334,0.011855240184629197
2017-10-06,-0.007844337352662333,-0.0072897787968779285,-0.006338797725067415,-0.005170274917252471,-0.003806578132630416,-0.002386625217916002,-0.0009808891969807962,0.000407088656117041,0.0017185693042068059,0.0029000168982478616,0.0044823894181779305,0.006654594670523519,0.008584180837559007,0.010380981259274053,0.011502208481627814
2017-10-09,-0.007190932003503365,-0.006512404311549433,-0.005447505656355181,-0.004180224877712613,-0.0027505540705383153,-0.0012890010609996243,0.0001355531939969696,0.0015417135611311217,0.00287439906960015,0.00406886472575177,0.005669587731940872,0.007866254751708907,0.009775359839010206,0.011618497641459334,0.012723351517080962
2017-10-10,-0.0074446591738274595,-0.00678886826799659,-0.005741770529216072,-0.004493443558617718,-0.0030777982689715036,-0.001632472906094525,-0.0002229156647500321,0.0011694710038785247,0.002484495734798046,0.0036690849332931975,0.005219573233579829,0.007514182658603364,0.0093993759294154,0.011239312234071354,0.012358375117746467
2017-10-11,-0.006901435738452488,-0.006040333287403216,-0.004833306540702673,-0.003426745224265401,-0.0018942621208307068,-0.0003675557091585432,0.0010978384586971782,0.0025299290098967733,0.003874475096558052,0.005067674280954358,0.006607492874228353,0.008956456400021687,0.010926951485633322,0.012823811164583017,0.013950026373535561
2017-10-12,-0.007270684895541543,-0.00646810979496865,-0.005329107836756956,-0.003983562831369907,-0.002498331199272303,-0.0010087983528838241,0.00042457689835125495,0.0018238580399767908,0.0031391963237823194,0.004319056920850751,0.005808322404742305,0.008083477245792305,0.009966463641976682,0.01177640676053425,0.01289181940673023
2017-10-13,-0.007090023312639858,-0.006276579256099795,-0.005099507067709208,-0.003704841762393952,-0.002153411714695497,-0.0005876211689692771,0.0009324704333269148,0.002420436507019296,0.003821158741240515,0.00506951752297138,0.006735734522729967,0.00895651728015482,0.01091898691017059,0.012805264020045419,0.013944634480556288
2017-10-16,-0.006738757597671981,-0.0058121720409035705,-0.004551148780044812,-0.003099862535589449,-0.0015192526101917968,5.0782622817510756e-05,0.001557538093938502,0.00303063733083028,0.004417446719932681,0.005649469584562747,0.0073038472231428155,0.009427843396517145,0.011352465168797912,0.013220490679415374,0.014386369261520529
2017-10-17,-0.0067751754691865425,-0.005828052645360802,-0.004531475379849734,-0.0030323133766102972,-0.0013779677256604492,0.0002847667916831805,0.0018951906650045741,0.003466796434165262,0.004939489290053251,0.006235599719955378,0.007994064968573314,0.010095111290632272,0.012142653516195522,0.014056898052743218,0.015215676294290846
2017-10-18,-0.0066811742627389545,-0.005789593017003682,-0.004561506846521167,-0.003128775205237284,-0.0015148142489216367,0.0001303045302329315,0.0017409005683870224,0.0033191205178014333,0.0048048093594135945,0.006118301229539663,0.007981211756475856,0.009964988735016882,0.011988548721476713,0.013872761148552445,0.01503503081208365
2017-10-19,-0.007040725532465731,-0.006239828792979447,-0.005098864833749115,-0.0037419221001061655,-0.0021795578144420363,-0.0005706150989437655,0.0010231380174846585,0.002593232994188293,0.0040747759320559195,0.005386901921320264,0.007281496261870477,0.009079144785546231,0.01101418996371985,0.012749334984323563,0.013901077722652836
2017-10-20,-0.006892246291226885,-0.005940967853132036,-0.004648268200992729,-0.0031529424479421054,-0.001496089746406222,0.00016876108781363464,0.001783637698489282,0.0033636407221343495,0.00484595734451832,0.006140391096771105,0.007966704945969709,0.00977628183607215,0.011674547556185603,0.01337996809937466,0.01449684105609524
2017-10-23,-0.006407316713088151,-0.005423479764910907,-0.00410858695495162,-0.002601670206822588,-0.0009202083955233309,0.0007785772223075574,0.002440936255654638,0.004080313458852337,0.005627886642178495,0.0069687737097954335,0.009001821557946665,0.010485264514864054,0.012306169190821068,0.0139029808558698,0.015021709592548891
2017-10-24,-0.00701772315121732,-0.006198012700764627,-0.005056373247977088,-0.003710100730835239,-0.0021561339504612095,-0.0005538818707259496,0.0010432830860047137,0.0026331696452901216,0.004144827150697429,0.005484757626548873,0.0075505958611707166,0.009080423822777944,0.010929488821902174,0.012535554457812544,0.013666478475173788
2017-10-25,-0.006666882912826229,-0.00576043897897238,-0.0045388598548537305,-0.0031175368192283594,-0.001487551564283466,0.0001844610936299479,0.0018489451838098409,0.003502334421043694,0.005073336459785234,0.006436865794100331,0.008590130329162348,0.009730194122820116,0.011414898029212557,0.012811278312660199,0.013976156137211052
2017-10-26,-0.006583720286503087,-0.005520304281678192,-0.004123493255890585,-0.0025289619604081264,-0.0007453192041413899,0.0010648181820613492,0.0028502851934097025,0.0046064114534613565,0.006255573801087853,0.007663807130121462,0.009799721764519964,0.011144187913810564,0.012990661426955414,0.014518982105533524,0.015674640892045066
2017-10-27,-0.0070688222359635055,-0.006104471334644768,-0.004806851766703201,-0.003285895783697044,-0.001575757656217174,0.00015602887255201654,0.0018269388493637566,0.0034578006511502874,0.004989774092212851,0.006322259737418732,0.008248124624300548,0.009938842338319064,0.011825953155296129,0.013424074730305274,0.014553335008362913
2017-10-30,-0.007074012385106565,-0.006066540265025309,-0.004758237878788363,-0.0032606336443760024,-0.0016173792242723,3.203887690661234e-05,0.0016309864373896797,0.003186448086934102,0.0046404506051212005,0.005913598194940662,0.00764874049306717,0.009452149734095805,0.01143049137700265,0.013108949283534703,0.0142061687166289
2017-10-31,-0.007433117720710894,-0.006385657368288296,-0.005032587709825319,-0.003490052421567977,-0.0018149726009864136,-0.00014625887644326868,0.001459179195746111,0.0030190555011574208,0.004465049091834591,0.005719447214169203,0.007351195331821623,0.009326739497468022,0.011269917330260556,0.0129341532348234,0.014357865782763244
2017-11-01,-0.007398320721818077,-0.0062723946415654906,-0.0048450731365882755,-0.0032342999815209383,-0.0015247554675765047,0.00015952735366413521,0.0017563369835809227,0.003289976754464947,0.004700895856669058,0.0059216433281760175,0.007377800721512579,0.009726653630764224,0.01183643825364927,0.013661191422828643,0.015064774530621801
2017-11-02,-0.007551464586127484,-0.006502845675588193,-0.005140029628669284,-0.003583714869584457,-0.0019112400333999107,-0.0002488772724928797,0.0013413910126636734,0.002878720259441338,0.004296936147727615,0.005536583466331749,0.007068290374570988,0.009522649051255576,0.011640530104470066,0.013534142544173705,0.014943862214554106
2017-11-03,-0.0074461908179639155,-0.00635218364364435,-0.004954456529984498,-0.0033657638192614403,-0.0016752721510897971,5.9874696601422544e-06,0.0016039892374838233,0.0031534042188885135,0.004582079081369236,0.005827042073171441,0.007414520865677753,0.009842601827976603,0.011947316973150287,0.013800282983451425,0.015215793706897894
2017-11-06,-0.007378875742112978,-0.006265454395774698,-0.004835792622777187,-0.003219206631803827,-0.001496840504216467,0.0002087735400105236,0.0018370687604957272,0.0034295309245644884,0.00489134222304188,0.006151872954053095,0.007755147163114474,0.010024502062434828,0.012032741123113819,0.013846405546454235,0.015239285326969118
2017-11-07,-0.007972469874468273,-0.007014759243910533,-0.005734793589912133,-0.004246130852742794,-0.002630843025936449,-0.0010093170642095895,0.0005476467193354108,0.0020667683755457985,0.0034642990402652444,0.004688791179480864,0.006277535392483314,0.008718698221315076,0.010777013895153733,0.012579971956130894,0.014006797845600352
2017-11-08,-0.00817216726861854,-0.007232549576278257,-0.0059724190565674335,-0.004497137871814703,-0.002903855657005008,-0.0013056739349162252,0.00022253448051922525,0.001708074205789348,0.003071814702764887,0.004281388072277103,0.005789008541695498,0.008480319795489986,0.01068865096924454,0.012607379656908847,0.014024418144240748
2017-11-09,-0.008484103518928442,-0.007588841263621705,-0.006362579014173054,-0.004905499684709715,-0.003319023409501862,-0.0017184020621660249,-0.00019179425745438823,0.0012883174350169521,0.002645127477615793,0.003855931695113302,0.005361599299944019,0.008202436233868295,0.01032374755167271,0.012251686326417729,0.013700890065136709
2017-11-10,-0.008336925460729453,-0.007388503581420862,-0.006117997137619383,-0.004628676637122318,-0.0030217698765540534,-0.001406199532703675,0.00013764059706730886,0.001626309634395749,0.0029821224618812505,0.004190031799222732,0.0056772884214936975,0.008726232371691343,0.010927632071842148,0.01297190033073273,0.014419488070621213
2017-11-13,-0.008553132636048219,-0.007671991231301354,-0.006503877649369787,-0.005123285415562061,-0.0035655676666114314,-0.001970378325717507,-0.0004049654426054381,0.001125310415498303,0.0025355812233488822,0.0038031870671187537,0.005550641540888796,0.008444642221200565,0.010552563221060109,0.012535651474820664,0.013998164215322951
2017-11-14,-0.008974064669309638,-0.00817462154337955,-0.00707657139700098,-0.005748608771836648,-0.004209507564895,-0.0026074790071652404,-0.0010154449997490133,0.000548212847613845,0.0019943291232436167,0.0032981733658923188,0.005123621342101367,0.008033123304121578,0.010167200897956157,0.012194749599114194,0.013668141601880866
2017-11-15,-0.008571548372205263,-0.007745917950378413,-0.006630702348131066,-0.005299064709014466,-0.003778586456909146,-0.002212946919311366,-0.0006713671968117554,0.0008522950283647589,0.0022699660639556784,0.00354988200380062,0.005382636543361502,0.008122570854341479,0.010172620897800173,0.012076286397070824,0.013560214827477605
2017-11-16,-0.008458454725293742,-0.007478513727379009,-0.0062045313175106195,-0.004722130021314479,-0.0030764192309776267,-0.0014035349165061196,0.0002290758435607078,0.0018341813077004112,0.003315681611315375,0.00462644098826144,0.006467226593417084,0.009181530654921763,0.011299993241652791,0.013213855223074973,0.014706941905442722
2017-11-17,-0.008645096587994625,-0.007701458985127102,-0.006455418143188169,-0.005001403119974743,-0.0034040494801964314,-0.001796211297785938,-0.00024514842637665885,0.0012707293125145186,0.0026650644094785548,0.0039202564138531735,0.0055793528663195735,0.008636950980906334,0.010870548550058581,0.012925378090939165,0.014411500161231902
2017-11-20,-0.008162113861736606,-0.00714899329466482,-0.005821439975099045,-0.004278627565034761,-0.00255390077271557,-0.0007952384111321282,0.0009329837009595631,0.0026302104861684328,0.004198388760353526,0.005574679361105516,0.007535625530307751,0.010409491564126318,0.012479532853747394,0.014470766186574061,0.015978606665825405
2017-11-21,-0.007863726048948127,-0.006990603994829375,-0.005812149143369068,-0.004405490574037523,-0.0027490208975697638,-0.0010076080015864824,0.000754525740025324,0.002511256945977285,0.004154021102846486,0.005619371784006672,0.007959300525853058,0.01035676938450814,0.012409875897762823,0.014357382685810549,0.015867795193009338
2017-11-22,-0.007396442740893093,-0.0063202734224262255,-0.004941844749783433,-0.003344329400976577,-0.0015285585951562283,0.00034533584128006753,0.0021904351299433544,0.003992003164405073,0.005661908018163196,0.007121452807102946,0.009417297015461653,0.011880724841779341,0.013968149183685805,0.015949563360601292,0.01744719253882536
2017-11-23,-0.007503531541458548,-0.006517714144294497,-0.005243545444098027,-0.0037558443367267072,-0.0020260328529766725,-0.0002194202597661256,0.0015827699713531328,0.0033576279321959664,0.0050069703751084126,0.006477814314456986,0.008847816261384344,0.011317658664428349,0.013396040564746978,0.015399865343293635,0.016899596809059607
2017-11-24,-0.00804063860528606,-0.00720849344067479,-0.006089221651495463,-0.00474990952736918,-0.003161288428903345,-0.0014787259456922942,0.0002238847914664926,0.0019073259075150575,0.003479514363526524,0.004902474894323646,0.0071487009642702964,0.009650508905873623,0.01174566310090065,0.013749915135514938,0.015239103077232842
2017-11-27,-0.008277146802297639,-0.0075424913631236485,-0.006537925643056465,-0.005305726910770201,-0.00378595076829101,-0.0021453715075117528,-0.00046362043047078286,0.0012062250145105959,0.002778020780943625,0.00422121918947957,0.006604715201901848,0.009181038324238968,0.011233164310132309,0.013233173274100807,0.014743769389526032
2017-11-28,-0.008173749501871335,-0.007339316111164368,-0.006259632441120957,-0.004975439390119172,-0.003453084494402892,-0.0018447631605227198,-0.00022873062491438338,0.0013752215344909505,0.002884918160932749,0.004258179315072318,0.006456700654163641,0.00884957733596592,0.01080302613584107,0.012646915885466051,0.014166559423594132
2017-11-29,-0.007623175756323146,-0.006800074581312291,-0.0057360428993232845,-0.004473423830367087,-0.002971210413835734,-0.0013879429860885176,0.0002055010629831496,0.001792521446393686,0.003294949367050299,0.004659662696020478,0.006888167287161564,0.008990080089616038,0.010836338106389369,0.01255747103192188,0.014075941511274514
2017-11-30,-0.008030280991105209,-0.007191042983867926,-0.006096760767247522,-0.004802272788401365,-0.0033003278003800036,-0.0017414370212865704,-0.00019634704854269388,0.0013204517542285497,0.0027473484903423086,0.00404242447147902,0.006035761337334625,0.008388293810525343,0.010251723735691276,0.012007088528524112,0.013514154009543904
2017-12-01,-0.007772012498237419,-0.006928060014891381,-0.005841097572319754,-0.004558032356553329,-0.0030628691717956994,-0.0015046790162938886,4.5643597212058286e-05,0.0015731300909426378,0.0030132843649946527,0.004323372152433154,0.006374394330182739,0.008659340170210627,0.010535813529402114,0.012285625268688868,0.013796449757603134
2017-12-04,-0.007703934756977321,-0.0068996468597844985,-0.005848497394725539,-0.004597040634016895,-0.0031167981598082518,-0.001567434528009946,-1.9316981015009803e-05,0.001513339083732074,0.0029665177975086894,0.004293048196788723,0.0064331831189233055,0.008587013478471458,0.010431268966165204,0.012138785213605797,0.01365362535350034
2017-12-05,-0.007825350646907514,-0.007077080742393967,-0.006088809990031675,-0.004904538246752496,-0.0035089721044091545,-0.002055240027270555,-0.0006158674105710264,0.0008035408670219301,0.0021551849852687833,0.0034138717776647258,0.005419291810037129,0.007700047036402572,0.009582120279531354,0.011311813506341934,0.01281620408228706
2017-12-06,-0.0076576573247780595,-0.006857157726603906,-0.005822818076590786,-0.0045988726608472575,-0.003165823230975337,-0.001678762105671356,-0.00021944928750352167,0.0012006152155140486,0.002550231710525771,0.0037975182130593854,0.005802107135470729,0.008028452147985863,0.009888433756565472,0.011593814053747965,0.0131141242410721
2017-12-07,-0.007824306735758388,-0.0070628324010954075,-0.006082041762887902,-0.0049204383639612865,-0.0035833768029228654,-0.00221795869748251,-0.0009013006433080523,0.0003756545717871527,0.0015923450530823163,0.002733025026244748,0.004457368110642847,0.006655496834265678,0.008448937132679624,0.010010743710293988,0.011538447658041382
2017-12-08,-0.007761144545075603,-0.006851146321626743,-0.005704950353244904,-0.0043823739099915935,-0.0029139268795751443,-0.0014424625338176006,-3.741833226777211e-05,0.001317752684521853,0.002592334806784442,0.0037656389044927754,0.005455828162825853,0.007827897738513688,0.009701008885598302,0.011373209179993878,0.012878239361082315
2017-12-11,-0.007658291767347757,-0.006698464852119022,-0.0054919071530736985,-0.0041092444280054746,-0.002585806354299118,-0.001069753408329678,0.0003649323524796338,0.0017404312251680554,0.0030318894417147224,0.004212461119591785,0.005935163695948498,0.008249796360806914,0.010091549371559766,0.01174082610293702,0.01325988453262829
2017-12-12,-0.007799675443930557,-0.0068850394249941795,-0.00571201607713749,-0.00434980000857112,-0.0028125530649741972,-0.0012550224976659013,0.00025424622428139057,0.001717122673763195,0.0030997494941700844,0.004354099359710064,0.0062617890318237565,0.008496829395208818,0.010289431905853956,0.011924594989795558,0.013450240332864237
2017-12-13,-0.007755217856285009,-0.006918590401967853,-0.005797305141098422,-0.004478627747114052,-0.0029838900969225523,-0.0014786207501864324,-3.319786788483469e-05,0.0013665513762994245,0.0026925811333876545,0.0039071982683100475,0.005749773893107723,0.007924175035255498,0.009727319936272216,0.011314598622477762,0.012817690116268939
2017-12-14,-0.008009504176197115,-0.007199958939477698,-0.0060894516701464,-0.004767129069182029,-0.0032535692163090896,-0.001724798572920603,-0.0002585951830294769,0.001165162108044812,0.0025071083171524945,0.0037262984337376967,0.005545217292284363,0.007763615799127695,0.009602101691902898,0.011210093732621277,0.012713519329665801
2017-12-15,-0.007701971783180395,-0.00692505520020815,-0.005852483708090226,-0.00457347646048793,-0.0031026508189882663,-0.0016140528837940338,-0.0001780854427385744,0.0012223353646612643,0.0025537395382067216,0.0037791226741715604,0.005651754182940077,0.007851934708938513,0.009670990107020605,0.011299357337089144,0.012796329741628054
2017-12-18,-0.007641044768506972,-0.006740794708230633,-0.005558677633651778,-0.0041904920343587455,-0.0026852685942002543,-0.0012006996087918346,0.0001969323165517987,0.0015519878404325182,0.002844154083542194,0.004023604488244496,0.005717774625199133,0.0078005851390702185,0.009606243267878189,0.011146208055192581,0.012626211158299228
2017-12-19,-0.007544204211664502,-0.006764633001921041,-0.005709029534929883,-0.004459860437546783,-0.003041408258223266,-0.0016152584065737248,-0.0002506926120104761,0.0010906437356696477,0.0023956595484754127,0.003633550202772429,0.005460630228452442,0.007535893490443726,0.009396580053080486,0.01104017331320359,0.01250742070487737
2017-12-20,-0.007040948214705105,-0.006102410631570528,-0.004885062915304977,-0.003481548976834651,-0.001926525447162467,-0.0003724816877130677,0.001106157842938545,0.002553195901963218,0.003951679873218302,0.005242960398503312,0.0071374125050127565,0.00922302236086608,0.011101370326521925,0.012825991271516733,0.014236158523414758
2017-12-21,-0.006730284432665689,-0.00580185485490507,-0.0046258942594961105,-0.003286926743205287,-0.0018196464363931268,-0.00037122507929842436,0.000992754098797696,0.0023311718666730622,0.0036413290399329563,0.004879770618444067,0.006693362886545241,0.008582706902363735,0.010426066051842877,0.012023515557323127,0.013418467127819361
2017-12-22,-0.006451478195787411,-0.005450321152116832,-0.0042018229132136185,-0.002789388711230351,-0.0012533830291338354,0.00026437655936293594,0.0016918173768728706,0.003086747924265907,0.0044434729542996,0.005710802225351903,0.0075858493697890045,0.009586620993354243,0.011499666427912466,0.0131991052582454,0.014591548308900361
2017-12-27,-0.006384392834334874,-0.005267055548382575,-0.0038886452536549356,-0.0023508524835421634,-0.0007066376869018292,0.000902375246068568,0.0023997850496072213,0.003841695358169902,0.005225385939515093,0.006487009243777797,0.008285398114959368,0.010320103321513808,0.01224153416652757,0.013934938734121898,0.015324588008072404
2017-12-28,-0.00675487470378827,-0.005699889223140065,-0.004381921751542224,-0.0028968174043481655,-0.0013020450642766848,0.0002567296080763456,0.0017021155873715398,0.003087950870658861,0.004420719165935755,0.00563880928140769,0.007323873938013902,0.009356865687811328,0.011224659473651408,0.012828423012335909,0.014210924629803284
2017-12-29,-0.007293583011098673,-0.006327854784322164,-0.005083364709503754,-0.0036439413405392885,-0.002059792842015916,-0.00047531025348002175,0.0010188248575027491,0.002461370844907435,0.003849408610461701,0.005123668241241041,0.006907673381839485,0.009047547113559781,0.011074868533993289,0.012818954938826541,0.014192980909746014
2018-01-02,-0.0072216262475212605,-0.006098353960220803,-0.004689268952130862,-0.0030991552080740364,-0.0014061731919462895,0.0002551270551205887,0.0017936907718309927,0.0032744001311791476,0.0046864807534153135,0.005960445947846036,0.007706850153507674,0.009835875113291042,0.01184688074186527,0.013565291778891014,0.014958666923552882
2018-01-03,-0.007535240353433398,-0.006537209463077357,-0.005276877322969859,-0.0038413121556384574,-0.002303209599033099,-0.0008035098660364007,0.0005748350343833219,0.001907766813062005,0.0031974588662788237,0.004387774687560841,0.006015001572412822,0.007846009184522974,0.009685819402583713,0.011158660346555143,0.012576846783180858
2018-01-04,-0.007824955061681408,-0.006919807097540491,-0.0057681058049587845,-0.00442570998816021,-0.0029464048777763994,-0.0014646514832697421,-9.685578782764873e-05,0.001212411833327436,0.002480546800979512,0.003643147266867693,0.00532118065272299,0.007321666111495695,0.009075419403995274,0.010528261095795712,0.011944405496357077
2018-01-05,-0.007609195717192244,-0.006634411468117529,-0.005380957056191697,-0.003927943883008436,-0.002326286852708112,-0.0007072846890725555,0.0008305784803079142,0.002324847473193247,0.0037590698151861333,0.005055153245391755,0.006918709514882094,0.008892231559308333,0.010848600572247957,0.012504386715312305,0.013909721558563334
2018-01-08,-0.007866535306027015,-0.006848238119054783,-0.005566409570114532,-0.00408127693495575,-0.002457579680309403,-0.0008163921870235876,0.0007364384621712932,0.00223392316919139,0.0036638750366238546,0.0049362484421529695,0.0067477988821060784,0.008630787355981029,0.010554122526064323,0.012141898273185686,0.013533114592456905
2018-01-09,-0.008066455126268187,-0.007167074757584458,-0.006007525124061651,-0.004631305325638528,-0.0030685907149859285,-0.0014521660262234106,0.00011964077606693539,0.001646433694020334,0.0031040760802459808,0.0043966773352172705,0.00626972063680886,0.008013196695158566,0.009884125890541306,0.011421570251533205,0.012819033614305815
2018-01-10,-0.008450566608733247,-0.007501687407244236,-0.006280072773219311,-0.004839091404767417,-0.003235752685428221,-0.0016028311853663628,-3.751587796995543e-05,0.0014713217390966934,0.0029035006439726402,0.004171923918247057,0.005922210058960432,0.007915692865946993,0.009876513853724797,0.011499847054464761,0.01289012229556371
2018-01-11,-0.008235478145065759,-0.007311233485756677,-0.006159865962141165,-0.004814368294975241,-0.0033329445338057687,-0.0018448175595084148,-0.00044539862220964097,0.000903939712465136,0.0022017947236499065,0.0033854299793913815,0.005018085410321347,0.006954500183438366,0.00878720514129367,0.010297796091359647,0.01168484867679333
2018-01-12,-0.008030569170011093,-0.007077183427124658,-0.005899277711658879,-0.004540625256376283,-0.003084571222536931,-0.0016542478118202462,-0.00034386829261704355,0.0009139843399302706,0.002127054122789221,0.003245959155578502,0.004733477466577156,0.006743780745115346,0.008573361956972043,0.010098153930205927,0.011480703609080526
2018-01-15,-0.008027581715443167,-0.007010807016443648,-0.005722869734549065,-0.004239119324382232,-0.0026359653254109583,-0.0010472934022789583,0.00042811724972193757,0.0018466422683847778,0.003200244086243375,0.004416055219071519,0.006077686871673109,0.008131454140326823,0.010046331680936924,0.011684505226271383,0.013070007146204163
2018-01-16,-0.008169502295726204,-0.007133889678464365,-0.005812471221392992,-0.004283956968057727,-0.002621450702697094,-0.0009642214706398877,0.0005890396620823989,0.002090994610145877,0.003517795885949284,0.004782352548861713,0.006550606900211908,0.008557067126837683,0.010448644293800727,0.012081116298453452,0.013440336194490685
2018-01-17,-0.008049677257359398,-0.0068554016572854445,-0.005440832131016072,-0.0038706088755791897,-0.0022191660750709376,-0.0006067193950404584,0.0008735525453909005,0.0023048243594031366,0.0036721975798384874,0.0048916997780005566,0.006533576004771046,0.008463052604162366,0.010306721565755038,0.01187016059629662,0.013215512799101685
2018-01-18,-0.00833213380168216,-0.007109760512640693,-0.005737218087806993,-0.004237822391074563,-0.0026674039598098276,-0.0011324643177496499,0.00026925108363509047,0.001616287537953275,0.0029069345320882722,0.004069805461191576,0.005599086524701315,0.007528168323730864,0.009364014704818477,0.010873383634529487,0.012225522766198094
2018-01-19,-0.008292675589497403,-0.007132653130660258,-0.005818715413479088,-0.004372041041499167,-0.0028395955788436374,-0.0013316726156185567,4.682034700067601e-05,0.0013875850505837306,0.0026827638095589237,0.003870253953168773,0.005470239880985237,0.007517883257748333,0.009370733165841028,0.010961376833383212,0.012315421198490738
2018-01-22,-0.008041577446698183,-0.00664980529212258,-0.0050886402936483706,-0.0033978761486913407,-0.0016370676458195336,8.200775631299546e-05,0.001645716329690663,0.0031510736526785253,0.0045866904208308875,0.005863486500941962,0.007570545524217667,0.009675758860656617,0.011619297464929176,0.01332973911675787,0.014696055324935963
2018-01-23,-0.007687948129641241,-0.0062124365769221,-0.004580107766981731,-0.002835385970093589,-0.0010408584015441432,0.0006981692336250965,0.0022587227903545204,0.003768039030620218,0.005205160253546995,0.0064960463503246305,0.008255858194213426,0.01041392157044559,0.012431337824700725,0.014256544049997428,0.015634277827806978
2018-01-24,-0.007838183641821712,-0.00644039784335414,-0.004908201489220439,-0.0032627471989096378,-0.0015414857450011632,0.00014636107914298255,0.001679505541190778,0.0031663189644356845,0.00459998405665514,0.005896664025088759,0.007745277752879172,0.009664867290718429,0.011626865193593195,0.013379014223607292,0.01474691516726921
2018-01-25,-0.007603565860685079,-0.00621922845324367,-0.004736226683996583,-0.0031554071323000423,-0.0015105417433183528,0.00010278972990773988,0.0015655527212514266,0.002998603727024242,0.004393637047779997,0.005674540034899149,0.007521179066256722,0.00944284414012366,0.011365931938783085,0.013119802453046081,0.014486940903452412
2018-01-26,-0.0075211570949335685,-0.006252519016406871,-0.00489474473793193,-0.003446324364674135,-0.0019408978730866269,-0.0004775784283001975,0.0008238440033438879,0.0021048091984819965,0.003371853323100052,0.004578490373165541,0.00633212753667341,0.00834502777836253,0.010233236737427478,0.011984652058101458,0.013335157385358606
2018-01-29,-0.006192813032976943,-0.005024928164748265,-0.0037396412180759372,-0.002341360731209543,-0.000855497182601579,0.0006008707293185396,0.0019158809343880344,0.0032272764015927645,0.004531843560953222,0.005779821882825768,0.007667182430351434,0.009531429286270803,0.011474940754461656,0.013278777539162808,0.014626862266027748
2018-01-30,-0.006513048980076599,-0.0054061302679543986,-0.004061752339863375,-0.002577134583713986,-0.0010378109268988694,0.0004388797566781781,0.0017595220126548456,0.0030611197560668738,0.004334585855022078,0.005525830282804315,0.007242955042967585,0.009409880395218503,0.011396051425216316,0.013222551705933967,0.014577097751304918
2018-01-31,-0.00654968408381594,-0.005521245290514805,-0.0042779977791382266,-0.002890854014403685,-0.001414829435910821,4.329919950623912e-05,0.0013943781558364674,0.0027312094371239634,0.004042144575231548,0.005282423401872388,0.007091743121997441,0.009143885383027541,0.01123805746292992,0.01311361454355669,0.014442528975030337
2018-02-01,-0.006554173457448382,-0.0054133451225078745,-0.004082519707282934,-0.0026070285206807606,-0.00110839042432346,0.00030667392660141954,0.001622360242468585,0.0028567728697565234,0.004063745884620075,0.005143548699575657,0.006546597243074712,0.008789767013471311,0.010834682691910779,0.012635944465196098,0.014007284461829767
2018-02-02,-0.006046862591692882,-0.004893583455914557,-0.0035572667529622584,-0.002078797335730165,-0.0005630706421130269,0.0008726536937570576,0.00221305148139379,0.003472702152507965,0.004707416301931753,0.005800130463374967,0.007271392982531285,0.00943129019415855,0.011357217489493684,0.013117473823287618,0.014482081696941354
2018-02-05,-0.006322334189537929,-0.005248874477806124,-0.0040179275696546005,-0.002650509325631939,-0.0012191728001429568,0.00014774942848728382,0.0014334601979302166,0.002645766949381661,0.003840229968659988,0.004924291508001534,0.006378358322194708,0.008643681760899326,0.01068037911038648,0.012514288778409028,0.013881476447631975
2018-02-06,-0.0062785014695373,-0.005217486887537691,-0.003985778585199358,-0.0026123868839721346,-0.0011657227478949434,0.00022264875107308696,0.0015318388587007177,0.0027672874440543725,0.0039897507468834815,0.00509901706292847,0.006633383700469216,0.008885118529709666,0.010887744047611213,0.012739749076291117,0.014106493284589041
2018-02-07,-0.006209935280518483,-0.005012584495393889,-0.0036186550159192903,-0.0020758287014364836,-0.00047873547322679433,0.0010484526422065855,0.002483640086526824,0.0038284993781836146,0.0051302239891002945,0.00628183561600974,0.00782142204718838,0.010276082194545797,0.012462115771495894,0.014534036184090606,0.015949199529283867
2018-02-08,-0.006139439029024783,-0.00498167913359715,-0.0036248402114260722,-0.0021171646599758825,-0.0005505001776037975,0.000932286781695752,0.002314387386840449,0.003606126656242302,0.004874596945932901,0.006001281122441458,0.007537347385796684,0.009737270213487161,0.011714959244236281,0.013523655881569811,0.014946074977893829
2018-02-09,-0.00543069543531919,-0.004191909875144734,-0.002743038333060856,-0.0011700273635970493,0.00039727207756976956,0.0018160534953497683,0.0030928027800384774,0.004265042658601896,0.00541881898016972,0.006442323049762491,0.007763959750973506,0.009801475220990515,0.011558779999782042,0.013172525068009283,0.01461129342181865
2018-02-12,-0.005896583445029193,-0.004543536709527578,-0.0030122210016818125,-0.001387175537377446,0.00019934430803214553,0.0016071955994260735,0.0028616290909767306,0.004003055994641448,0.005123510396271698,0.00611681669199226,0.007352515822516668,0.009431940251287876,0.011162759610799745,0.012745815323888533,0.014165685964590485
2018-02-13,-0.005981855255738862,-0.004743781177691758,-0.0033127705644637492,-0.0017553133502050309,-0.0001797115475747446,0.0012642705592677502,0.0025830207684451783,0.0037994561005766578,0.004992186521066842,0.006046983486431226,0.007496410707900056,0.009518712713597386,0.011249597436357298,0.012883349969759502,0.014305592180557632
2018-02-14,-0.00599885348579885,-0.004737246288677384,-0.003321104157270033,-0.0018077672381377492,-0.0002869678076139225,0.0010996633576057786,0.002366414668993007,0.0035355712754215384,0.004691109552664199,0.005720849868481443,0.007139805684804291,0.009110985307621604,0.010792378243010112,0.012408334938838484,0.013809336747577013
2018-02-15,-0.0061162341365898045,-0.004897972153147887,-0.00348089784411755,-0.0019491766538053987,-0.0003752878208017618,0.0010853892291352593,0.0024493835796568922,0.003719785372673166,0.004960048904611396,0.006044270457232693,0.0076104254924393745,0.009524988139609763,0.011227864555935368,0.012847593845306104,0.014233300098916277
2018-02-16,-0.006114248665677887,-0.004735809032802006,-0.0031677310818269636,-0.0014948631636351316,0.00019766343265710637,0.0017567921275033521,0.0031972209937820204,0.0045069957043965235,0.0057741194723262505,0.0068614401415275205,0.008409483181362039,0.010431323642525494,0.012201551427461,0.013874408766674364,0.015244812352123199
2018-02-19,-0.006536111202238122,-0.005164850125680261,-0.003594303767964473,-0.0019114907073660816,-0.00022243287411953744,0.001318179860990401,0.00272341652555609,0.003978507879254782,0.005192092689933837,0.006231535042930198,0.007666504112558351,0.009625090267489726,0.011300728315805687,0.012859881940589079,0.014242505255786693
2018-02-20,-0.00654731148637886,-0.005303936751149597,-0.0038650318203394913,-0.0023080872395488776,-0.0007219158272856791,0.0007384083392509727,0.00208420595128052,0.003292651073756887,0.004469391898258944,0.005494503972739787,0.006969961542481971,0.00889232536480539,0.010434958678719679,0.01194964150034569,0.013333236266256791
2018-02-21,-0.006318887627073822,-0.005049144158868583,-0.0035765771282305634,-0.001987814988597028,-0.00036669032849416766,0.0011301102013591194,0.0025133053534793044,0.003757709500033848,0.004967117033502768,0.006014623101435846,0.0075542131861270215,0.00952811947134209,0.011155844997924444,0.012747301848329735,0.01410569323616473
2018-02-22,-0.006203680663684696,-0.004827629163059749,-0.003223370453774226,-0.00149626143783079,0.0002539909074559223,0.0018651466275703499,0.0033557607744870727,0.004696884878069407,0.005977823404495503,0.007059985998475032,0.008627294800350814,0.010707452432084352,0.012409339487225998,0.014082416256931971,0.015433977292288044
2018-02-23,-0.0060341309301556924,-0.004463145191290651,-0.0026759630681368472,-0.000808324268775671,0.000983854752291266,0.0025345048615214435,0.0038980818461446117,0.005091745724414697,0.006237703934801455,0.007189293854376666,0.008445502648957345,0.01024526974285386,0.011735910355268537,0.013129702119914063,0.014481744433631288
2018-02-26,-0.0057209735480684264,-0.004067869731885142,-0.002206819608190301,-0.0002886202708921035,0.0015275924549637311,0.0030627119267591448,0.004382932888650863,0.0055165198215535805,0.006605887209128775,0.0075034378057312525,0.00871793254190355,0.010302902401804025,0.011521817699323355,0.012703616172440597,0.0140245969316362
2018-02-27,-0.006173404517177921,-0.00435939859340558,-0.0023537820735480943,-0.0003035802742325771,0.0016255130748438098,0.0032680512987819854,0.004677064077696892,0.005845197606576521,0.006939017176964742,0.007822831030909189,0.008870894472488356,0.010617392212448123,0.011889795561042612,0.013051037294671206,0.014353647107332454
2018-02-28,-0.005932489255016417,-0.004314702642409703,-0.002540275559002111,-0.0007344804937792239,0.000984221351712326,0.0024640798163503446,0.0037576260076906164,0.004847397253891778,0.0058948112731508195,0.0067886887984427765,0.007992717124153052,0.009774105609772035,0.011026049125752283,0.012304205929924844,0.01357054151086329
2018-03-01,-0.00601598772371697,-0.004292472171021756,-0.002425901046215968,-0.0005579025155131802,0.0011895775168352112,0.0026686774669251443,0.003946996006134351,0.005015653371493213,0.006039690310318598,0.0068914972485487076,0.007978016135520927,0.009699243725874636,0.010675113438155413,0.011800068871491168,0.012976092779559948
2018-03-02,-0.0052732793758062,-0.003330841947160522,-0.0013192630208230902,0.00064302037305409,0.0024169156658371033,0.0038728572323450004,0.005091044434627449,0.006070380112144968,0.007024891049008368,0.007826462373607228,0.008615522930753683,0.010005650741963584,0.010890005218821504,0.01178845926957006,0.012924569504186802
2018-03-05,-0.006485687256637183,-0.004529021699247031,-0.002430439610559973,-0.0003258956561387836,0.0016485004764990453,0.0033617718789005586,0.004870465040222012,0.006119568241174536,0.007289282611484887,0.0082513412801376,0.009244202320239184,0.011190207068275655,0.012432897009471238,0.013792879190022447,0.014879333683982211
2018-03-06,-0.006547721548131986,-0.004765499890484389,-0.0028511722392570125,-0.0009110789444988327,0.0009558284546075861,0.002614793437222426,0.004104034333914571,0.005348346458637263,0.006524398103220714,0.007505927420359161,0.008624276033220139,0.010487381883835804,0.011621735270903403,0.01298347118375061,0.014073457896706595
2018-03-07,-0.0065512203638183625,-0.004909731801497842,-0.003149728619736474,-0.0013556801338613217,0.00037917602187577826,0.0019279425157275897,0.0033188024443183816,0.0044754060172799825,0.005580728281804133,0.006529174305943316,0.007618909847157479,0.00959633494644337,0.01076376676067017,0.012183754461504426,0.013238807226018182
2018-03-08,-0.006409786116414001,-0.004649150854463698,-0.0027443215770087464,-0.0008076208536108721,0.0010410995831289442,0.0026606217997480527,0.004091806749310249,0.005266465013939589,0.0063818344135813995,0.0073037055636018,0.00826330268833243,0.01000673150700685,0.011105119953378064,0.012382184236893988,0.013468087819301852
2018-03-09,-0.00650363396033822,-0.004707149982683357,-0.0027445611062145315,-0.0007409746839602486,0.001173197720214847,0.0028475340106300586,0.004327706202693457,0.005526407493551664,0.0066529925692269745,0.007585123024879787,0.008520205849389517,0.01040392700236204,0.011596919566617903,0.012969454111831301,0.013988576935131987
2018-03-12,-0.006070026697044975,-0.004237411804285697,-0.00229829214257122,-0.0003581297074879998,0.0014333442930564027,0.0029254954360897513,0.004174585418270728,0.00512455474494803,0.006035125944612134,0.0068039178286543305,0.007468138240741673,0.009026398233336454,0.00997262887167811,0.010998442752650082,0.011783080604438279
2018-03-13,-0.006550334537950127,-0.004804047556726756,-0.0028770203043278573,-0.0008880923772459405,0.001030570742436538,0.002706060657459305,0.004176555048637001,0.005343985670120457,0.006446896023503841,0.007360496387558963,0.008307995767795161,0.010072907640327367,0.01118076740194663,0.012404838415578209,0.013069106121870035
2018-03-14,-0.0068453454662650145,-0.005192946825845954,-0.0033283620167084724,-0.0013677910736061998,0.000572194468112521,0.002321117464688694,0.0038961398003404474,0.005160674405143559,0.006347385939915635,0.007337879720734125,0.008470437680190188,0.010536978123492077,0.011897376991069753,0.013339294811220192,0.014152247758946829
2018-03-15,-0.006042348737933833,-0.00425974063194508,-0.0022969949870333254,-0.0002725605411841109,0.0016663065620444633,0.003370947589174152,0.004789494634859456,0.005981092335474678,0.007103349852724214,0.007966169141765109,0.008955390242681854,0.010735363954646618,0.011876616222645249,0.013047078919342703,0.013928688269544347
2018-03-16,-0.006719587160454387,-0.005031565688359457,-0.003129880418976396,-0.0011263161769558912,0.0008488554630851756,0.0026377757872322618,0.004165575090886648,0.005474257627060843,0.006695279514859345,0.007666729506434053,0.008842168738236768,0.011049297978448103,0.012418825838586443,0.013907760184391493,0.014755168700665653
2018-03-19,-0.006785424947615938,-0.0052742653437689285,-0.0035626142321675035,-0.0017363728042436427,9.438561643640496e-05,0.001768621430798119,0.003204274059312294,0.004439552871464272,0.0056059590182274445,0.006551784087272217,0.0077732018957051875,0.009902015130563996,0.011267561378705281,0.012716005356404662,0.013576631536731455
2018-03-20,-0.00670248459334046,-0.004987601429840441,-0.0030668163909719397,-0.0010480521413644378,0.0009311045384771018,0.0027165561002454666,0.004236061507168754,0.0055359629070510785,0.006749428466379748,0.007715877925984429,0.008890189654941202,0.011152210742472336,0.012664839014053995,0.014204200832533848,0.015101878232590155
2018-03-21,-0.005903070965538312,-0.004148763126520441,-0.002227933732695245,-0.0002336594837776037,0.0016786893901862138,0.0033605246198492797,0.004751091747052742,0.005917410008842801,0.007019509725879835,0.007889997844203809,0.008913979651815458,0.010898475536534388,0.012253225234470094,0.013561667241912042,0.014488312805471974
2018-03-22,-0.006590456236229567,-0.004964924905413431,-0.003115157258754481,-0.0011409985299090143,0.0008200307820799319,0.0026058964737821558,0.0041391066538482395,0.005454208560936223,0.0066851116399131915,0.007650040455333984,0.008879658123551041,0.010988094867174359,0.012455231605299252,0.013916262158241214,0.014865169195933147
2018-03-23,-0.006738936740661598,-0.0052041682149946795,-0.003431350128513264,-0.0015186113012113848,0.0004028879422308565,0.0021586130728940616,0.003669661412294665,0.0049637516490952435,0.0061765133069212755,0.007144685111716394,0.008404490957039193,0.010595795268278394,0.012091874328695872,0.013614332223003964,0.014558075494782963
2018-03-26,-0.0069948052691818875,-0.005638492624397634,-0.004044844336163759,-0.002303009450991095,-0.000502587514148038,0.0011835194300169377,0.0026678886320881208,0.003955448118498741,0.005166432881971302,0.00615230214447309,0.007528378917280222,0.009751551858863356,0.011235110497575713,0.01281120818036317,0.013749480008375342
2018-03-27,-0.007029890235886501,-0.005566611574410236,-0.003867375172956489,-0.0020212237813781045,-0.00014561030791471183,0.0015986895876865797,0.0031122308042027215,0.004421692299799497,0.005644066995077142,0.006622368374280019,0.007912356533461864,0.01014326090452938,0.011629188125073839,0.01315515217802735,0.01408414443215707
2018-03-28,-0.006745887492973487,-0.00517878431998571,-0.0034009840476288875,-0.0015049226288762925,0.0003748759774465072,0.0020823485955756924,0.0035343216616722526,0.004775360310474681,0.005936503612575772,0.006848140422731365,0.007954358487690336,0.010054606295094744,0.011483885406337728,0.012891226387894382,0.013809246733378463
2018-03-29,-0.006988706393588646,-0.005374754483170967,-0.0035458961317167575,-0.0015896564087636478,0.0003653131881105581,0.002160187243288176,0.0037077237580041295,0.005032273760200855,0.006261081176044441,0.007205571615475142,0.008439690887607728,0.010526286163761821,0.011896686900084419,0.013258840924515408,0.014163148312556677
2018-04-03,-0.006936989580454496,-0.005414829228406488,-0.0036573603178569176,-0.0017434489684182242,0.00016008523647797872,0.001912537583479589,0.003400664469326609,0.004693398379138396,0.005897469375492263,0.006847831116709031,0.008122439983108234,0.01036974580989809,0.011758866331050617,0.013216138100689077,0.014109913775695915
2018-04-04,-0.006516022943644729,-0.005009689426827576,-0.003280883355622279,-0.0014046961793366328,0.00045956820436043346,0.002172429133333078,0.003626579125981292,0.0048897788366525224,0.0060726178384939555,0.006992666324279538,0.008257617777267296,0.010270452613724536,0.011506675067474385,0.012797603601022776,0.013704770249899155
2018-04-05,-0.0080014089529528,-0.006771963780660161,-0.0052068025986416605,-0.003387940682866943,-0.0014512294167658103,0.0004631833053392483,0.0022062305460570277,0.003778370170572089,0.005229062813744409,0.006406983558106538,0.008096662957830384,0.0109901820278135,0.012901566261489833,0.01498357240774047,0.015855993863521878
2018-04-06,-0.006450291308557897,-0.00467570501233114,-0.002653853814213305,-0.0005055943875632144,0.0015522078587079913,0.003392324852089855,0.0049265202914844115,0.006259866058272371,0.0074925543975682156,0.008421980953694636,0.009585987410368292,0.011652300103016582,0.012948848126385755,0.014230740647574498,0.015212996832528065
2018-04-09,-0.006550898928757425,-0.004781533485670271,-0.0027949825378250407,-0.0007077095121606016,0.001283816746858729,0.0030577372265819325,0.004538104240607614,0.0058249875886472804,0.007017842362379256,0.007926028342316664,0.009087690147835802,0.011123078417242992,0.0123348985038347,0.013557630167732065,0.014496664480140071
2018-04-10,-0.006896417625841705,-0.005252099318806536,-0.0034104589829050532,-0.001477230627938347,0.0003747031923153428,0.0020253536737870445,0.0034035449962987823,0.004604189430825766,0.0057285792927896035,0.006617920915515846,0.007787101072377238,0.009872009605834451,0.011185329403905502,0.012457123398026616,0.013390429956715676
2018-04-11,-0.0066125765469944725,-0.004915079921781608,-0.003009005051870123,-0.0010101989244873076,0.0008990082435053612,0.0025969961610960717,0.004011997719072668,0.005236691309072588,0.006378507935312307,0.0072737536409428144,0.008519334053245921,0.010661325452592161,0.011957426844514117,0.013232687700981344,0.01415294819983963
2018-04-12,-0.006502916058006497,-0.004816256300239751,-0.002926504697334128,-0.000937209675349702,0.0009723541078864126,0.0026815885194003183,0.004117244605421072,0.0053591842428652395,0.006512938105694756,0.007394949573119643,0.008600267397980924,0.01067538217661478,0.01188408162155144,0.013078573798352025,0.014001102890391621
2018-04-13,-0.007439302785773761,-0.005894518581786276,-0.004088329438403447,-0.002137348359916282,-0.0002082849640031633,0.001590395272365144,0.0031565716468047486,0.004532368868067515,0.005799205749965885,0.006811135958178546,0.008205306921425945,0.010906316966675603,0.012589912414621858,0.014292247635064995,0.015188951004952031
2018-04-16,-0.007293786375625401,-0.005773358952282005,-0.004012111353454153,-0.0021216016170940008,-0.00026876470787428014,0.0014397413441972827,0.0029118333369989448,0.004199764810284292,0.00539268859167817,0.00634182212059235,0.007631091019914143,0.010155439223079401,0.011690222200897776,0.013240479242786379,0.014140145760869343
2018-04-17,-0.00673609459315651,-0.005191832811958773,-0.0034472412279343357,-0.0016018274891458565,0.00016116700708661193,0.0017391154986742701,0.00305570066601583,0.004191093330505152,0.005256120107750232,0.006095868412510877,0.007206996391035721,0.009357997289683543,0.01064565349601147,0.011852619573544164,0.01276579759521769
2018-04-18,-0.007524435192676093,-0.0059506381776536325,-0.004190810454336929,-0.002320218990479287,-0.0004939858483012695,0.0011939960022849297,0.0026514370175813604,0.003925573344271964,0.005109034637778276,0.006052182352636223,0.007308134202498425,0.0098542429172058,0.011421767293338225,0.012951278273920414,0.013875740525377968
2018-04-19,-0.006627120074365464,-0.004965465753112202,-0.0031490661598712138,-0.0012503950156174247,0.0005593301075001401,0.002178902761812692,0.0035373653972646784,0.004710615407927891,0.005809273245336176,0.006656823018727844,0.007802522309374434,0.009935057065854413,0.011151492313790635,0.012320556998508963,0.013251585234952002
2018-04-20,-0.006466292878900357,-0.004926599751213578,-0.0032156836949307466,-0.0014047749501259084,0.00034400321960666993,0.0019132789370234816,0.0032336418464709816,0.004377393665604091,0.005457977823974594,0.006290961439150039,0.007449008432216183,0.009478542055930067,0.010572506218177328,0.011673529229835354,0.01262137958289776
2018-04-23,-0.006630616597006403,-0.005053660773423311,-0.0032762298351276115,-0.0013824256411791628,0.0004392814290935783,0.0020764418636724288,0.0034584441401660625,0.0046558589956334235,0.005778376869394364,0.0066347919136912304,0.007742892965178249,0.009854628133637126,0.011044801114065955,0.012229312325266731,0.013175198088260388
2018-04-24,-0.007489337906645221,-0.006210991216119222,-0.004717577243889495,-0.0030709149993214365,-0.0014155537876112227,0.00013869626316064237,0.0015033612662457428,0.002716609568000442,0.003863070911854863,0.00480045447108644,0.006064341947680789,0.008572099014488872,0.010086884922187532,0.011613726034673196,0.012558694033413845
2018-04-25,-0.006588333818530825,-0.005201169645925365,-0.0036155678330652107,-0.001893387238569948,-0.00023568229378946506,0.001251857166018828,0.0024954406960117723,0.0035829795591622855,0.0046199344206240426,0.005443233999392053,0.006477929280434564,0.008660443331402524,0.009924122399308007,0.011155828603027928,0.012140437959241876
2018-04-26,-0.006414774008869449,-0.004913456906845084,-0.0032147037458336767,-0.0013961991419703045,0.0003279458148911559,0.0018592613925784535,0.003128604430759875,0.004236116612685716,0.0052871162814071525,0.006114447600556622,0.007102340253891382,0.009352668451051888,0.010726052179286816,0.012027959723748982,0.013026512941243334
2018-04-27,-0.0065447917737141235,-0.005160167189586643,-0.0035871483636501452,-0.0018909426362847892,-0.0002612456274660329,0.0011987428588178196,0.002419764853511648,0.003481111555869369,0.004492385464083165,0.005295637853684003,0.006288292936231926,0.008511230135405418,0.009844504311839978,0.011122347350907046,0.012116783846904278
2018-04-30,-0.006424365787618372,-0.0051356873999162216,-0.003656285478767121,-0.002036344629008459,-0.0004604761588215857,0.0009660580183820803,0.0021729038558737025,0.003235050646142085,0.004252595308378548,0.00506425596038359,0.006084549435616751,0.008271461110072355,0.009586342462933599,0.010851797173273586,0.011838861934980599
2018-05-02,-0.006238029579063011,-0.004853719935440541,-0.0032950181858935005,-0.0016116572665963998,-1.3528012795585836e-05,0.0014046330644396224,0.0025749317514451083,0.0035918336757720685,0.004565323425421848,0.005346722893612855,0.006237178080767245,0.00854259357659701,0.010025626649130105,0.01137774325180941,0.01235046709314511
2018-05-03,-0.006165907156470524,-0.004810318530390739,-0.0032600882670318155,-0.0015626274047799411,6.513078287604768e-05,0.0015076014217614037,0.002691066377266328,0.0037199225544571283,0.004704810744840731,0.005495721761492957,0.006394240122195385,0.00866814952559265,0.010127762654055694,0.01146789037857404,0.012445632482664733
2018-05-04,-0.006378910041887229,-0.00511277690138943,-0.0036446422188920386,-0.00202144341247773,-0.0004598226186379704,0.0009273808630862941,0.002068950279595926,0.0030627696919251226,0.0040208391922205875,0.004807847999850336,0.005671835654162646,0.007984349160003264,0.009515762803792344,0.01089724372874584,0.011850160578122968
2018-05-07,-0.006969737392630963,-0.005723873334763563,-0.004225256122467867,-0.0025240150203447646,-0.000847684545327342,0.0007090820204108983,0.0020492863804920155,0.0032416465604099788,0.004370460247505269,0.00531582368549064,0.006391238165371459,0.009309554092132952,0.011315739455952167,0.013241017266790679,0.014169178638819791
2018-05-08,-0.006324745009808886,-0.005144253239442824,-0.0037519934292301197,-0.0022612393762643443,-0.0007803801596925834,0.0005545036481348648,0.0016733398119506185,0.002663888821204915,0.0036311854342173065,0.004444006812730424,0.0054224204791742045,0.007747388825238187,0.009318266500780947,0.010763224134390452,0.011706253958202172
2018-05-09,-0.0060683890638411845,-0.004712365540804166,-0.003143255432480059,-0.001483483175441491,0.00013847287830960446,0.0015903084126680919,0.002802688193710447,0.003868637497992658,0.004893154962156214,0.005722604422065472,0.006694466129002306,0.00900472786807696,0.010616252247488007,0.01207009674195736,0.013018760605324996
2018-05-10,-0.005741602464860795,-0.004343839495326422,-0.0027542624908681013,-0.0010937204504671513,0.0005182283966325286,0.0019386779563517723,0.0031016393252012338,0.004121963463981823,0.005105715265622429,0.0059011891195913345,0.006848985410966543,0.009026106766318655,0.010482492187431757,0.01181477242492928,0.012792689624226014
2018-05-11,-0.006209253458521316,-0.0048689205833759895,-0.0033480508009675037,-0.0017585288035558565,-0.00023110838366962629,0.0011062299935006425,0.002189862836735643,0.003139768323492751,0.004065907523944482,0.0048407990270849625,0.005681352788788873,0.007931576741715735,0.009496957734494499,0.010864938950902235,0.011852316862633907
2018-05-14,-0.00625800987930169,-0.00480048901504204,-0.003156221434516661,-0.0014449396038609052,0.00018337027398667555,0.0016379512928867451,0.002831122308624761,0.0038765405220492267,0.00487889158792517,0.005691149913564777,0.006558133528850754,0.008985943139154821,0.010640911607336958,0.01214300128175499,0.013110540329169092
2018-05-15,-0.00699440653680469,-0.005607072871548309,-0.0040080683037857605,-0.002324471683835828,-0.0006837627270990143,0.0008260480081647976,0.002102156251975481,0.003232843279047043,0.004307531697097184,0.0051962626178499935,0.00617276733347317,0.008937129107541696,0.010823365676399023,0.01259547462913961,0.013574788844852768
2018-05-16,-0.006909168092097373,-0.005453092077879667,-0.0037765681386535033,-0.002011826096066513,-0.0002830258805800154,0.0013138769964960713,0.0026801732488087758,0.003895587434463733,0.005045474695147924,0.005966980498996213,0.007023680160856037,0.009688001980524021,0.011543585572341489,0.013264585973384013,0.014256931849402495
2018-05-17,-0.006487407781050737,-0.005040952202850791,-0.0034254192973811864,-0.00174929031810418,-0.0001330659241921034,0.0013319367321874328,0.0025534350290388214,0.003625433361215797,0.004656138058926474,0.0054777514416742955,0.006409120510843467,0.008735702271668077,0.010323152509355945,0.011747524095094481,0.012766082238473623
2018-05-18,-0.0066627950645476415,-0.005227505796742368,-0.0036111439445017197,-0.0019249099283005643,-0.00029040062751992243,0.0012058567314518198,0.0024631136982538027,0.0035738190821819633,0.004635665904379105,0.00549727240621359,0.006472329320681029,0.009040900077597195,0.010777697132400494,0.012393366319666366,0.013411780641547463
2018-05-21,-0.006552658591595807,-0.004916323469267205,-0.003086784929086409,-0.0011948616934626417,0.0006127056305339802,0.002235791009058385,0.0035838985258978343,0.0047566453988319695,0.005866023532236721,0.006709625228002006,0.007635020184077894,0.009968528120922129,0.01146889012026481,0.012862151486063175,0.013903470367565826
2018-05-22,-0.006723286744425514,-0.005222302421428193,-0.003533177139922209,-0.0017719906918035801,-6.401371622664852e-05,0.001488903536228899,0.0027916823241730996,0.003928260684525973,0.00501421500205167,0.005863625614477696,0.006831056442145672,0.00923074637521261,0.010816940616793787,0.01227320581492195,0.013339723787569993
2018-05-23,-0.006504324377393508,-0.0049483288962089275,-0.003217208813872932,-0.0014243063191442663,0.0003034949609959537,0.001859785505158206,0.00315139329175854,0.004276116771052149,0.005351930123155684,0.006182887112608619,0.007125882599567227,0.009446446639976545,0.010977401361830005,0.01238216223470189,0.013458201431252504
2018-05-24,-0.006291334333823367,-0.004636225524192556,-0.0028133444988657492,-0.0009334041185727087,0.0008691293483346868,0.0024906966495177566,0.003826893932635337,0.004981736190894673,0.006077111020646395,0.00690414219751466,0.007827537268242282,0.010086022110982126,0.01159887233894881,0.012968634868651997,0.01407328120568963
2018-05-25,-0.0068086397931916625,-0.005282369490905061,-0.0035501823187254417,-0.0017287978026398702,5.430753271269684e-05,0.0016798429780015692,0.003041747394986711,0.004232419346771694,0.005362166156122654,0.006217080581245222,0.007202651633071658,0.009486554774151583,0.010990232483436264,0.012344696928871133,0.013464950321848945
2018-05-28,-0.006657813370138543,-0.005207304456307755,-0.003571728443526754,-0.001856228589123026,-0.00017892742471414157,0.0013426072704644325,0.002607503536688198,0.0037137390509865624,0.004775358501777001,0.005589638520730877,0.006575261009374573,0.008762328801023126,0.010183263465241241,0.011454937489185928,0.012580525452583011
2018-05-29,-0.006800897281881525,-0.005413276418037454,-0.00380174205762314,-0.002083273706172293,-0.0003718091475138686,0.0012004126475474045,0.002519258842502508,0.0036891841125064754,0.004806202921680642,0.005663344603491947,0.006734513336288767,0.008945321583983644,0.010431699437363119,0.011767045590788247,0.01288278587231149
2018-05-30,-0.006853784297557649,-0.005503871948966481,-0.0038956778048629386,-0.0021595493070573615,-0.0004038143579049697,0.0012280072278451305,0.0026218877266282834,0.0038677298174411272,0.0050509885560488365,0.005955569226517876,0.007133860147749447,0.009416921744209864,0.010970983098464376,0.012389895122693218,0.0135071849303496
2018-05-31,-0.006612338755734845,-0.005259747102832026,-0.003645514106234744,-0.0018944213999823722,-0.0001066415045126505,0.0015654229988057234,0.0030002846850407886,0.004284102178116152,0.005501690785607287,0.00641102600146062,0.007651063278671837,0.009813832223657244,0.01122911676904592,0.012574717715732101,0.013699582532499253
2018-06-01,-0.0066607757783141396,-0.005504745627848893,-0.004094127059376845,-0.0025326665323118364,-0.000901355178456882,0.0006542604779533662,0.0019988105044205927,0.0032086008634136503,0.004366994106618475,0.005273329140725877,0.006547832768015723,0.008895905634755043,0.01042242681967595,0.01189421202355373,0.013024776665897363
2018-06-04,-0.006622553043012269,-0.005310683358291797,-0.003741886795978089,-0.0020296261021910894,-0.00027186629985471566,0.0013862309710395485,0.002810325158689749,0.0040895391789769996,0.00530095092096056,0.006228196757118045,0.007510944509219914,0.009879621106177565,0.011423050748934453,0.012906122659312656,0.014044351186891957
2018-06-05,-0.0064808952555813265,-0.005240147547165324,-0.0038079129923691973,-0.0022738447275707425,-0.0007512907124857379,0.000638180438602608,0.0017681541051790609,0.002762357161063072,0.003727105181126854,0.00450790408148274,0.005488651774675782,0.007846569827598258,0.009256835734395875,0.010587274927920486,0.01171714022000477
2018-06-06,-0.006418415183598466,-0.005058502842718059,-0.0034470366582582557,-0.00169108178467376,0.00011926199741061228,0.0018320926038921466,0.0033036660016451933,0.004619375448824791,0.005864068407813464,0.006800232373255982,0.008146919144437183,0.010430417914954485,0.011854644675743481,0.013268382842037352,0.014419519594560379
2018-06-07,-0.006489349290256379,-0.005243237910720756,-0.0037432174410891176,-0.0020900003728394853,-0.00036144700725443163,0.001285632379278767,0.002711421822350215,0.003988466201564906,0.005203890007874981,0.006131200841016993,0.0075000775092685205,0.00978796117112982,0.011211137429676698,0.01263854362097419,0.013804625521399277
2018-06-08,-0.006831819862127654,-0.00562068392641611,-0.004139767961874871,-0.0024978881187884476,-0.0007719573155277273,0.0008811926417650889,0.002325560583084156,0.0036258840924726743,0.004858987837388594,0.005804805740928846,0.007185652746164507,0.009530233345548898,0.011005630997584826,0.012488057890470982,0.013656586445078157
2018-06-11,-0.006700237197873159,-0.005410885183356894,-0.0038370530928024753,-0.0020958998001750924,-0.00027038441493668097,0.001476659940519142,0.003001916022830154,0.0043714569610082375,0.005663228720955195,0.006637790639042637,0.008100740590036619,0.010474030183234737,0.011906051748741594,0.013411553905809457,0.014606000934195184
2018-06-12,-0.0062986251055070835,-0.004904260179430762,-0.0032603866245171646,-0.00147582977987032,0.00036451463690104116,0.0020607525999766308,0.003555026327772712,0.0048610262769377835,0.006094183350471766,0.007014282064434515,0.008395894291784839,0.010630788416369219,0.011873565262112014,0.013228815451333616,0.014425771154947222
2018-06-13,-0.005989787463474481,-0.004434885927022299,-0.00269988123625822,-0.0008745234572405767,0.0009378706256566889,0.00256081742280419,0.003949219473870804,0.005140931589415618,0.006277312879157936,0.007119993714099228,0.008313204610278412,0.01043960489581584,0.011611393139341127,0.012811634235871568,0.01401351310544276
2018-06-14,-0.006201738364592211,-0.004815366362172864,-0.0032544052886770616,-0.0015876810654470346,0.00010606018202200933,0.0016432758909530288,0.002968909231105689,0.004109374030504398,0.005203045061059281,0.0060354147099105125,0.007294076366901268,0.009434817081608657,0.01059152401437881,0.01182008822645737,0.013040795168011847
2018-06-15,-0.006295308446192074,-0.004847127342195758,-0.0031666055317689655,-0.0013502799089248143,0.0005278108451550359,0.0022718462937262136,0.0038174322999880287,0.0051549752423072255,0.006412108401998408,0.007334516878361433,0.008768041354837221,0.011034574323737245,0.012288363550251353,0.013639233818028586,0.014861256447350741
2018-06-18,-0.006774865209880203,-0.0055494018201929715,-0.004088236122752494,-0.002485321057356424,-0.0008079326417659778,0.0007564231850174826,0.002137446257954316,0.003328235161028276,0.0044637514884692635,0.005341973063388631,0.006703238350153364,0.009047231353037666,0.010406249298807697,0.011839072645902832,0.013066890596040704
2018-06-19,-0.0072197866331717726,-0.0062358931231084845,-0.004953645003332288,-0.003468579353782219,-0.0018156603142383356,-0.0002006827136004863,0.0012871539135608989,0.0026029698676813726,0.0038510116619106874,0.004832745439254701,0.006462742191302196,0.00902002661787163,0.010438182061798348,0.012037905574823302,0.013258514107363211
2018-06-20,-0.0071666679954625525,-0.005963505804987782,-0.004452244809766904,-0.0027465534541076743,-0.0009012520737943495,0.0008860411104660386,0.0025282068275854774,0.003968805121454941,0.005309655456714792,0.0063157429693029045,0.007917591583946913,0.010516868412722334,0.011947857827643614,0.013537472994096512,0.014742910083841777
2018-06-21,-0.00733567198540843,-0.006482573177597512,-0.0052698496262609555,-0.003817170945949288,-0.0021712228162877826,-0.0005438243491049516,0.00096623538334383,0.0023027146783039997,0.0035719396063779094,0.004575720942124517,0.006204608686586908,0.008846742795581947,0.010400550168203836,0.012071542796354027,0.013254565398984779
2018-06-22,-0.0074398618269238236,-0.006596237415768325,-0.005368047669477429,-0.0039009393186660805,-0.0022674419364017034,-0.0006694314739353418,0.0007991962883933068,0.00209025388259838,0.0033100317332466107,0.004275343325387346,0.005785963279327529,0.00848008808686482,0.010025704461788293,0.011657385743477867,0.012892252158314663
2018-06-25,-0.006686830057798399,-0.005913989216013678,-0.004779008577812237,-0.003405328558753927,-0.0018793722707544573,-0.000390285136321973,0.0009604096194198413,0.0021431957789640973,0.003278475866342144,0.004181619440690064,0.005596925335303248,0.008135459148134763,0.00960106235477348,0.011168969106912395,0.012394610261366117
2018-06-26,-0.007330053057766512,-0.006704973549395763,-0.00564407833227513,-0.004303280843901082,-0.002767886071206276,-0.001237570329381237,0.00017706955192684035,0.0014205612671124418,0.002604083043483856,0.003523600187157831,0.004944234842799357,0.007456730227810092,0.008842632464641339,0.010299250275350537,0.0115120192165792
2018-06-27,-0.008830199435978557,-0.008663122594442938,-0.007898297083346235,-0.006705283861301451,-0.005136765068243214,-0.0034336121837121405,-0.0017547764704587392,-0.000231981181774737,0.001198330891671429,0.00232086490045849,0.004119810553477526,0.007008280869580034,0.00873064005331251,0.01057228027850278,0.011809991025155533
2018-06-28,-0.008879032645624958,-0.008179072324733144,-0.007121654091997004,-0.0057746460287579696,-0.004153567705850558,-0.002416271139629782,-0.0006920570527688169,0.0008695818872998945,0.002335097667585898,0.0034417851130332153,0.005144977953665577,0.007975753453446692,0.00971366748776879,0.01153818624572613,0.012779731585606842
2018-06-29,-0.008041296010465304,-0.007788560224517623,-0.0070212035143220625,-0.005891579153278262,-0.0044503414714397276,-0.0029221321042222394,-0.001440856554411441,-0.00010102973958752391,0.0011711694439630882,0.0021587166427156144,0.003678992363768798,0.006180758804440495,0.007675075554052175,0.009228660979934081,0.010507761222548893
2018-07-02,-0.00702913490364004,-0.006399305861327998,-0.005329056433600186,-0.003972086219384119,-0.0024389095627747985,-0.0009153684194344004,0.0004891348394592708,0.0017331630410202788,0.002914652317007672,0.003807175227350469,0.005098254010364301,0.007408749033538456,0.00884583480576602,0.010357738787171979,0.011605802853890984
2018-07-03,-0.0067403608255414684,-0.0062845095253179035,-0.005372539576969424,-0.004148601074250651,-0.0026932452423446707,-0.0012121989766082954,0.0001842718945464512,0.0014266963023476845,0.0026179580976654236,0.0035164695984734456,0.004937283930544699,0.0071402207482394635,0.008236514259282735,0.009544867611800623,0.010806391828618565
2018-07-04,-0.007537003978861707,-0.0067923555496898795,-0.0057167431106717815,-0.004443496251150328,-0.003127227195629809,-0.0018830951323647908,-0.0007897524499827949,0.00014975530869204646,0.0010747028714462744,0.0018405298839904204,0.0028398764162711845,0.005313035727619967,0.006755421788751432,0.008247188027321408,0.009437994337200897
2018-07-05,-0.006907656558728695,-0.00592340352907214,-0.004665021175631008,-0.0032319720430704266,-0.0017442022129075451,-0.00034924183102933196,0.0008800948499688172,0.0019459402280391335,0.0029799062543058434,0.0037765002391928794,0.00487840300245051,0.0071089359351699626,0.008362490738530176,0.009634057486878247,0.010825131381413564
2018-07-06,-0.007084535413367394,-0.006125160271749978,-0.0048346489474934366,-0.0033401957272737215,-0.0017788214323666881,-0.0003195411824779026,0.0009691215315698711,0.0020903177768009716,0.003174440769554574,0.003994903802445555,0.005074880013214143,0.0072090109752826785,0.008616032318125293,0.009885803085614455,0.011082618843153895
2018-07-09,-0.00742294487562973,-0.006730165497067343,-0.005668939188445204,-0.004359069238524124,-0.002900926046044215,-0.001476484738382025,-0.00017351202906486636,0.0009811544483058856,0.0021035610129840486,0.0029829768183505813,0.004281035958756195,0.006575970271081483,0.007922783221273953,0.009264589043484936,0.010460469445524881
2018-07-10,-0.007152055166545329,-0.00627234499922704,-0.0050710548294216895,-0.0036588497334671477,-0.0021436389718552788,-0.0006880720203355402,0.000631330208846603,0.0017957355708385025,0.0029247967082144002,0.0038027804909856943,0.0050656752620635145,0.007376930809677816,0.008798129430588131,0.010147862591980819,0.011361147747519668
2018-07-11,-0.007209864193667951,-0.006396383223207399,-0.005279805442658563,-0.003962269661521542,-0.00254414234316752,-0.0011821107433915789,5.301752756570118e-05,0.0011402948203598547,0.002201757309287751,0.0030448563959305534,0.004287783516232685,0.00657716796428508,0.007960173487237416,0.009285782075930676,0.010492359996157774
2018-07-12,-0.006983086403946325,-0.005938962053697936,-0.004699668767724226,-0.0033481196343302395,-0.0020387835659593347,-0.0008813526622208526,6.961038149345532e-05,0.0008738662513098994,0.001691408842250401,0.0023938546918595037,0.0032440886201038255,0.0054359301629224865,0.007086675583439564,0.00843515691983952,0.0096157736626364
2018-07-13,-0.007221868542178935,-0.006267378902312279,-0.005081629549161146,-0.0037552842138475788,-0.0024228812804610524,-0.0011917229698700407,-0.00012580561727419345,0.0007890951609325812,0.0016981876429660657,0.002466798722641267,0.0035017320015500756,0.005982352871381854,0.00772800422568298,0.00926626575188373,0.010478273395695478
2018-07-16,-0.007222255333056388,-0.006416667269058839,-0.005386705968273151,-0.004191191116018077,-0.0029058391436565865,-0.0016599661199030622,-0.000530882652139267,0.0004622124835298177,0.001449300331754223,0.002299913166161671,0.003733705082802542,0.006203330242534171,0.008092740838431456,0.00976597231253731,0.011013309948170218
2018-07-17,-0.007033534015500653,-0.006052733519464925,-0.004874956064784572,-0.0035769707545164993,-0.0022300445772382715,-0.0009280596034289168,0.00025597411788790187,0.0012845349879107425,0.002289906147903027,0.0031376757051179804,0.0045885443942009305,0.007058584304884742,0.009062097719752707,0.01070421168984497,0.011989713283992351
2018-07-18,-0.007168105111256445,-0.006438362422014789,-0.005441761139238563,-0.004252163010576718,-0.002920801645139063,-0.001558817846225792,-0.00026168099764556775,0.0008993361617801734,0.002023419936817298,0.0029382517084163757,0.004407431945565896,0.006893147671197183,0.008719685851592357,0.010247888234314462,0.011540870856600997
2018-07-19,-0.007722994199817434,-0.007064219211974576,-0.006102250463053819,-0.004924651016141319,-0.003577378762168775,-0.0021731720093503,-0.0008130966166046514,0.0004145633817741448,0.001594150745708997,0.002562868136880516,0.004156486748072762,0.006803274338044377,0.008838635999997579,0.010563041074068913,0.011858240879386608
2018-07-20,-0.007697194169029144,-0.007029508623662421,-0.006033180699240056,-0.004813851051396686,-0.003431150222886382,-0.0020067702665186042,-0.0006382482305728257,0.000593853445477629,0.0017793270485512794,0.0027310623567673707,0.004232501330814745,0.0067750216721206985,0.008814185101727413,0.0104733535731307,0.011781906702080097
2018-07-23,-0.007887712008626521,-0.007213324401153558,-0.00620629307417006,-0.004985679674832572,-0.003615840663282594,-0.002208498864376872,-0.0008610419345798769,0.00035500887902445183,0.0015265782263869708,0.0024899100970561406,0.004053383740240879,0.006680286489735717,0.008837507437236842,0.010635640081272782,0.011916566074637903
2018-07-24,-0.007375260669905205,-0.006680993096951551,-0.005662650549579141,-0.0044389110507537625,-0.003093020067415233,-0.0017430804671799607,-0.0004748503535907977,0.00065802371349149,0.001759133103253674,0.002649756717896278,0.004038218505722249,0.0064288297548232565,0.008395844907755282,0.009956528081588062,0.011259122782790034
2018-07-25,-0.00728391438384786,-0.006533404695627351,-0.0054733624449328135,-0.004214627455243921,-0.0028504614814733194,-0.0014907185531905362,-0.00022238227998883095,0.0009090777362833994,0.002008367291543426,0.0028923530358380234,0.0042770961531012315,0.006667511639347903,0.008712909820209783,0.01034370875295059,0.011646769168006112
2018-07-26,-0.008056116972309523,-0.00748916006721604,-0.006519367974104946,-0.005279945367437806,-0.003840536522634103,-0.0023396397223493285,-0.0008753501648476267,0.00045055648074594345,0.0017149082244757685,0.0026912097344231854,0.004166188148356687,0.006675583181427136,0.008610941887724446,0.010266164317815227,0.01155491422130281
2018-07-27,-0.008615049344940296,-0.00839913640120169,-0.007707423793825071,-0.006677581113223731,-0.005350197199603097,-0.0038826036660185494,-0.0023924792941856085,-0.0010160611003624032,0.0003010275682177523,0.0013329667701364612,0.0028750714938675817,0.0054273947295252825,0.007433223047964685,0.009195354170824566,0.010459526266535221
2018-07-30,-0.008592954406699582,-0.008100182321992236,-0.0071421832538595496,-0.005885228611911134,-0.004407052926367056,-0.002856736234304734,-0.0013371818056185695,3.746800011948214e-05,0.0013325374225436133,0.0023154609745990947,0.00376312101766149,0.0062192973990274295,0.008178655567951642,0.009974412245559398,0.01122543355418666
2018-07-31,-0.008935158068568127,-0.008608185513395577,-0.007768662411927007,-0.006589000665705041,-0.00514058806557474,-0.0035858861843101266,-0.0020399314809108177,-0.0006328532641659063,0.0006978384505637584,0.0016945823109427258,0.0030946742457983716,0.005479299859396271,0.0074396518314286415,0.009200299409890252,0.010447848272743317
2018-08-01,-0.007821063260988092,-0.007241859785191232,-0.0062727762542123255,-0.005096724995914683,-0.0038009261504027784,-0.0024970125524183405,-0.0012759934388697175,-0.00019042575470191165,0.0008553904300891506,0.0016275515116943688,0.002871957427164798,0.004958111344700196,0.006880727257727011,0.008487306997466505,0.009713888126186133
2018-08-02,-0.0073832381783720605,-0.006822602478956158,-0.005861743179049684,-0.004677136033479691,-0.0033507778943273215,-0.0020031508161105476,-0.0007282041868338896,0.0004116261842933776,0.00150594106127133,0.002291722645771017,0.003506808377274439,0.005555039444995066,0.007247908264927636,0.008666643662323378,0.009927804718682244
2018-08-03,-0.008038264162731826,-0.007493224137741292,-0.006634627880780964,-0.0055552367936872234,-0.00425888904858592,-0.0029072422414459067,-0.001592858050916176,-0.0003995562109002409,0.0007464580825349678,0.0016078606605588485,0.0030144942924429795,0.005338931263008159,0.006951780320996945,0.00845021849824246,0.009683047680525851
2018-08-06,-0.007868905626166663,-0.007207524243621654,-0.006246916939382163,-0.005085456020334937,-0.003742108978791704,-0.0023687117430937175,-0.001050422854641157,0.00013803450791101488,0.0012770307673362134,0.0021280540992174965,0.003523485026588751,0.005820709394750222,0.007496289927891744,0.009003985786984421,0.010249834521137665
2018-08-07,-0.0074592807421027555,-0.006603429032059225,-0.005476102834421376,-0.004179895745981214,-0.0027454113604282017,-0.0013145285548394558,3.3731606766459945e-05,0.001239693168891485,0.00238926006532439,0.0032359821452971824,0.0046274842058716585,0.006949238782932382,0.008681785215001974,0.010276860706028144,0.011543403402120274
2018-08-08,-0.008012834628568914,-0.0073018166216186125,-0.006273563413956292,-0.005031285069787375,-0.0035967563596257476,-0.002130355004833932,-0.0007197911518620626,0.0005532787560892552,0.0017628884133856976,0.0026458498635149874,0.004056355228436625,0.00640642073141587,0.008057570400256283,0.009602420970220966,0.010873247740494366
2018-08-09,-0.007579248614701819,-0.006806543420680586,-0.005745827904132409,-0.004497495965383036,-0.003085456260320945,-0.001658706794083374,-0.0002969542562662455,0.000926818399388637,0.002088748511342258,0.0029467378023249587,0.004346067338047925,0.006669662366301322,0.008308001255897304,0.009846883138554679,0.011110787722379164
2018-08-10,-0.007592496887109726,-0.006881577555463644,-0.005880733513826711,-0.004686553986326611,-0.0033229704028658385,-0.0019356927142921616,-0.0006096161305688521,0.0005873923459525348,0.001732777416563565,0.0025757145114490925,0.003929137480075805,0.006165648493251177,0.007809974296975022,0.009331318002717675,0.010583121269858352
2018-08-13,-0.007414549177264865,-0.006599252323220354,-0.0055440563350793665,-0.004329220272373821,-0.002980201944289596,-0.0016298871813410793,-0.0003560540257312962,0.0007905528453903911,0.0018903366537102572,0.0027031873527234964,0.004011533881681635,0.006206905088419117,0.00785099211960504,0.009332396492722826,0.010594038009149402
2018-08-14,-0.007424229264133131,-0.006527714404585867,-0.005365345565362361,-0.004026804948708792,-0.0025398497545246,-0.0010519648843239885,0.0003622522757660641,0.001636519290940081,0.00284135308938932,0.003699805943104562,0.005024080929294546,0.0072343669026945145,0.008749114389522037,0.010199527644027106,0.011470441640074257
2018-08-15,-0.007542724715937519,-0.006791198702905183,-0.005799941128665503,-0.00463584777593749,-0.0033166925927595806,-0.0019821914658332616,-0.0007111562531714758,0.00043743318213249153,0.0015434480321443152,0.002356113087167728,0.003635342549418703,0.005760788753448693,0.007289049785224362,0.008708651256043932,0.010021325890312386
2018-08-16,-0.007594124123503023,-0.006867569697765366,-0.005870563398565711,-0.004683577600800335,-0.003310083446915138,-0.001890921262657714,-0.0005114314500313679,0.0007419349506698047,0.0019383281981549157,0.0028216358127768244,0.004257774882873942,0.006622888004713883,0.00825252664212216,0.009874142710371733,0.011174126540064768
2018-08-17,-0.007466591577349879,-0.006869547408152495,-0.005981704738476899,-0.004880509908663857,-0.003563219349417119,-0.002181414012430887,-0.0008265562526582204,0.00040800466625497595,0.0015924703154778699,0.002468632543656992,0.0038897137102558645,0.006239258226021711,0.007667024609081054,0.009173104605207231,0.010483166165276479
2018-08-20,-0.0071498236622548755,-0.0063567246650379685,-0.005280662354506193,-0.004012659562209474,-0.002569998063391012,-0.0011040667133293853,0.0003081129944440911,0.0015855965707751813,0.00280132865387857,0.0036741539631839596,0.005052499220540211,0.007343600941374336,0.008786820958460687,0.010262288235490725,0.011562744826156988
2018-08-21,-0.007439618883087068,-0.0066518926926861874,-0.005589537418794179,-0.004337176969560765,-0.0029059498494464274,-0.0014452534727427292,-2.7630137386479422e-05,0.0012554967522025145,0.002480110139813186,0.0033516712158735574,0.004707448468694467,0.006970715980183961,0.008324036756666259,0.00976265016326337,0.011064018470915893
2018-08-22,-0.007251323471946974,-0.006450767478982742,-0.005422785344696356,-0.004237343688988892,-0.0029064867849481354,-0.0015668288118113694,-0.00028660650907497804,0.0008711048120869981,0.0019902013745104383,0.0028129646842232677,0.004137723888640551,0.006356057331866432,0.007845335330469055,0.009309912534545283,0.01059325308703505
2018-08-23,-0.006979437680589819,-0.006236817010726172,-0.005269038772055382,-0.004140926207748891,-0.0028622499299616145,-0.0015684370314162153,-0.0003286715477878458,0.0007998433419697747,0.0018966169168438199,0.00271182214767702,0.004029771241606157,0.006242460141384735,0.007637010680144841,0.009047218503962846,0.01032415409369066
2018-08-24,-0.00702939679810183,-0.006246593988916406,-0.005184634354042451,-0.003930389273311886,-0.0024887101063727126,-0.0010075512576607504,0.0004379345706737286,0.001757333766664103,0.0030139284185062916,0.0039160266217422605,0.005354245587690762,0.007724747904664331,0.009158941568250237,0.010685073755014157,0.011991567265171144
2018-08-27,-0.006927268345766626,-0.006150306381272487,-0.005083667834321511,-0.0038137744011671844,-0.0023461809633179903,-0.0008396753424557013,0.0006297265262946224,0.0019766164024527778,0.003259131691424615,0.004169691875483196,0.005600130961016645,0.007970415259480399,0.009358477859990008,0.010861072173610969,0.012155689174961097
2018-08-28,-0.006594389243953872,-0.005746644142506904,-0.0046023853434245705,-0.0032673445884237127,-0.0017537296553200793,-0.00022468043813755867,0.0012574115713621927,0.0026186064465017933,0.003914193748827646,0.004835849555149362,0.006289786461608654,0.008686260901141328,0.010096980390315084,0.011639513228073942,0.012934400489213368
2018-08-29,-0.006207690892099185,-0.0053976808057933905,-0.0043397285394530475,-0.003117915882144228,-0.0017479720733458212,-0.00038103593273632,0.0009276481609401083,0.002124402650999729,0.0032827593768449508,0.004122506658066473,0.005465196676607733,0.007706802369682947,0.008988012873737355,0.01040854600470709,0.011681262151986616
2018-08-30,-0.006327766975787762,-0.005293569450947088,-0.004025465666764628,-0.002623044445330857,-0.0011288233215377204,0.00030883768376736213,0.0016450209105892473,0.0028728495060221975,0.004094334919099116,0.005027402841324783,0.0062775314575131,0.008001544177504502,0.009979522347134085,0.01148399967759344,0.012755904625073429
2018-08-31,-0.006889149390191356,-0.00584388402450603,-0.0046303585802425825,-0.003335665608101101,-0.002020325614843903,-0.0008065432720595208,0.00027702181906765237,0.0012425785972074183,0.002241878539485286,0.003037073399825673,0.004102209093093097,0.005562307020871201,0.0075587364709766205,0.008914208347691494,0.01017715067726366
2018-09-03,-0.006627594246180105,-0.005906249346472604,-0.0049501221339224525,-0.003842613603005172,-0.002599435611485997,-0.0013547869547660498,-0.00016571471707626422,0.0009228822133372958,0.002035195336225125,0.0029200817733238274,0.004180831825036146,0.005912836482609759,0.00785474379036708,0.00939274358377861,0.010665696628957977
2018-09-04,-0.0063934580083989025,-0.005611280663418207,-0.00461900278639666,-0.003484441216961571,-0.002227645781248323,-0.0009780750510478323,0.00020540953354636414,0.0012851005959754937,0.0023929490172065813,0.0032787770546343045,0.0045001309815622635,0.006093654930508788,0.008023721891991974,0.009510271853875386,0.010770003163806805
2018-09-05,-0.006623365631633111,-0.005720411323801007,-0.004603514029926616,-0.003350800074154051,-0.0019913069913037214,-0.0006475381461370445,0.0006232969005225803,0.0017732142335701948,0.0029283246992827397,0.0038136151690556083,0.005036287147673109,0.006728886845690696,0.008667704732153983,0.010141294960550462,0.011409315185436511
2018-09-06,-0.006494695583745941,-0.005753415270682771,-0.004777379484096097,-0.0036414016651355316,-0.002357075649358351,-0.0010455129732294803,0.00022612183728649808,0.0013931844653705511,0.0025693113212702763,0.003481950011675631,0.00478206705385097,0.006589293355377296,0.008539501412641693,0.010122225201953433,0.011379469111091313
2018-09-07,-0.006917964828239092,-0.006178655081472992,-0.0051964579668609436,-0.004049588230822418,-0.0027588772374800147,-0.0014410591855017684,-0.00016194723842678587,0.0010117955168155632,0.0021930692524249765,0.003112252028834146,0.004415332595571312,0.006225293397799874,0.00822850973873462,0.00986136561869018,0.011105325339676174
2018-09-10,-0.007269821215804059,-0.006591626294305699,-0.005717875904400217,-0.004719655790047142,-0.0036239488526240028,-0.0025211226591918367,-0.0014705074642110297,-0.0005123360355787618,0.0004849501829818285,0.001302630529332798,0.0024793542568058973,0.0040943719222316126,0.006150078199450041,0.0076459548139959504,0.008873674656464586
2018-09-11,-0.007228542386127598,-0.006540543749561447,-0.005636707907456392,-0.004596394255664474,-0.0034559807861185227,-0.0023079327736194666,-0.0012159634623953022,-0.00021589915365983093,0.000817142008809792,0.0016524317151891943,0.0028421171559253047,0.004485426904771327,0.006577091572526828,0.008118349537896183,0.009357742972221063
2018-09-12,-0.006977091526207974,-0.0064360424191051945,-0.005655664325903549,-0.004708091937137814,-0.003608094063513762,-0.002455739253111428,-0.0013465478328504392,-0.00025733272778608333,0.0008188294481378434,0.0016811920545538148,0.0029684714022961173,0.0047133591863965825,0.006732855021955159,0.008319002208831519,0.009569987900491858
2018-09-13,-0.0072188234239821385,-0.006703671623419737,-0.0059529580736683045,-0.005042058650322795,-0.003993552578472993,-0.0029005122147199433,-0.0018606214649547056,-0.0008394045012489643,0.00017912817659756033,0.001005812172320989,0.0022244748328185382,0.0038547076271053826,0.005935611734372161,0.007491394347106977,0.008727550172803402
2018-09-14,-0.006768080644612858,-0.006255460913543678,-0.00549504628748874,-0.004546216374160363,-0.0034251006509564003,-0.002233817841502686,-0.0010817587047188865,4.523779737457842e-05,0.0011524596900687922,0.0020117093475415892,0.0032598212292740646,0.004968262017775598,0.006869623619025541,0.008399851303298579,0.009648428906058465
2018-09-17,-0.007048033448509883,-0.006568831956997702,-0.005838184894571326,-0.004912560397279731,-0.0038076360866800734,-0.002618228491229674,-0.0014606862046311405,-0.0003249324484699031,0.0007879180046052,0.0016505898856385736,0.0028987362951011014,0.004606362819945474,0.006544517770281181,0.00807767284036198,0.00932296328293973
2018-09-18,-0.007003387225634499,-0.006585932681505724,-0.005924697109784129,-0.0050720285282799225,-0.0040376261375002715,-0.0029139657360794666,-0.001814037488309357,-0.0007298285272048578,0.0003438039746655072,0.0011952200193175552,0.0024555090445916123,0.004175146739820855,0.006097504231174301,0.007655518523155859,0.0088847567990093
2018-09-19,-0.006804290295834121,-0.0062317011532392495,-0.005430574557087537,-0.004460059869778401,-0.003345936682596246,-0.0021766646989309483,-0.0010548209640956997,4.3866064926942664e-05,0.0011269604757405509,0.0019725368445440397,0.0032050691985185714,0.004878418299231343,0.006861144796056085,0.008419009101210097,0.009647822242824677
2018-09-20,-0.006582566640089835,-0.005920661373858241,-0.005035925931201325,-0.004006736778295739,-0.0028731685901899513,-0.0017272422429474325,-0.0006507576133732386,0.0004010925805198148,0.0014419680485383724,0.0022671243341417006,0.003475473945131387,0.00509498458933815,0.007188068297807018,0.008781674910626109,0.00999447638243607
2018-09-21,-0.00668871900913788,-0.0060289308657820034,-0.005139008929846776,-0.0041037880902418285,-0.002961096097815837,-0.0018034079326609063,-0.0007116432235432352,0.00035740554298049866,0.001412185446382221,0.0022544075613736025,0.0035094484528454747,0.005207052694931901,0.007337334776152292,0.00897065912021482,0.01017556096909497
2018-09-24,-0.00627207639954446,-0.005782896875696466,-0.0050453043236621834,-0.004059711268104653,-0.002882096193149073,-0.00163161792258492,-0.00039408628858216335,0.0008204529959903895,0.0019643493988609527,0.00290742753727368,0.004177781849495384,0.006030218311527942,0.007685861481019169,0.00919431003727874,0.0103575573116011
2018-09-25,-0.0060880735532550774,-0.005539930690409922,-0.004668586424562762,-0.0035713185483274706,-0.0022758105386498587,-0.0009187436831418676,0.0004067122177747377,0.0017039385534085283,0.0029510330957115433,0.003875010458289592,0.005193784474419191,0.007076012866508199,0.008665280769279981,0.010168293263543082,0.0114169363200138
2018-09-26,-0.0060507900614448105,-0.005543889127706399,-0.0047418775512218705,-0.003720856092918034,-0.0025038729316106496,-0.0012234714418607978,3.11798112002343e-05,0.0012607974014363706,0.0024556533197571625,0.003350264864324581,0.00464731564835476,0.006508013815362772,0.00804417676399165,0.009514465135220206,0.0107585030565758
2018-09-27,-0.006186376894137062,-0.005499187691555982,-0.004523669451410061,-0.003353774923737106,-0.0020261906032642218,-0.0006742661143088682,0.0006233312512063339,0.001882862858761907,0.0030918403693253513,0.003994999244912514,0.005315981524099548,0.007207009007333461,0.008848736346480143,0.01039742349471319,0.011646636483316866
2018-09-28,-0.006730683646198172,-0.006337471238870226,-0.005634208346876132,-0.004710689731245829,-0.00358336915686975,-0.002391759703490711,-0.00122427770982691,-7.190578911592152e-05,0.0010565133210149844,0.0019308154770917509,0.003236245381189386,0.005096369850864223,0.00676322502657251,0.008300353853763223,0.009528862214500566
2018-10-01,-0.00674641518066665,-0.005993132288220457,-0.005024624874422228,-0.003949349994382932,-0.0028434210600019947,-0.0017950808909443091,-0.0008575873347637719,5.609767676810948e-05,0.000981471444977077,0.0017397502097840395,0.0028764783464657693,0.0043946437993145696,0.006612712686004125,0.008222103597926158,0.009410538576258736
2018-10-02,-0.006200958461006193,-0.005530269073796604,-0.004563726477119556,-0.0034387624659659643,-0.0021968253073628846,-0.0009503852576592326,0.00022825370568327168,0.0013721688291957446,0.002488070313686667,0.0033272017154096717,0.004544916623769207,0.00628089211103084,0.008028430154933928,0.009558572044389197,0.010790216438008217
2018-10-03,-0.006090040389877084,-0.005491235444602871,-0.004595074860043618,-0.0035407673914709874,-0.002359974432562053,-0.0011687537030060627,-3.8531660941309333e-05,0.001065841092408893,0.002152333269338105,0.0029932583169150697,0.00426016398113677,0.00604789124716006,0.00779399505674286,0.009382047413336857,0.010602350917764574
2018-10-04,-0.005850610539971904,-0.005252911504905507,-0.004377268204565569,-0.0033451480288627165,-0.0021828828775537277,-0.0010166351297184596,8.805537059928501e-05,0.001168012874533363,0.0022331716821505708,0.003057839491393518,0.004306464883961672,0.006094582615778769,0.00770832020533591,0.009230600057794948,0.010446128923558236
2018-10-05,-0.006097138772436729,-0.005577359092046749,-0.004779783650410378,-0.0038126431127881,-0.0026937868821444093,-0.0015449822151211838,-0.00044787928333840307,0.0006253479419137276,0.0016826483220379117,0.0025026219953488485,0.0037475079385188106,0.0055142381894134245,0.007118972345325859,0.008626940012986641,0.009844072098972974
2018-10-08,-0.005812242078054514,-0.005169478636812179,-0.004260000103514156,-0.0031960029716586198,-0.0020027989395519584,-0.000799886686734316,0.0003378615541036691,0.001439068152717392,0.0025129986814264355,0.0033333943736307712,0.00456369333965401,0.006294322449554745,0.008031788676109071,0.009567103838949754,0.010809904489655051
2018-10-09,-0.006077589027360474,-0.00524310224814344,-0.004185291633673071,-0.0030263227403096726,-0.001819267571519978,-0.0006582171619396618,0.000395718992642558,0.0014082905775526396,0.002409682430845511,0.003190475526946096,0.004365362217105505,0.005989472322213873,0.00789906885556733,0.009476095484195124,0.010696776704647321
2018-10-10,-0.006218307106471935,-0.005412686878485957,-0.004372464513033733,-0.003221032513544996,-0.0020036643273834685,-0.0008262958217884419,0.0002566566781623217,0.0013021614892964137,0.002334263105382582,0.0031327539627378793,0.004314719544642144,0.005954160137899512,0.007768493754219143,0.009252318550201689,0.01048551681303425
2018-10-11,-0.0062464715345183774,-0.0055833656211811905,-0.004648169717941396,-0.0035605648939298446,-0.0023522553718061112,-0.001146293921121277,-1.0852518056586992e-05,0.0010937206727775499,0.002177396769558064,0.003000429096743862,0.004210239440469874,0.005936161316406349,0.007610602790388015,0.009090921846851,0.010328146825071709
2018-10-12,-0.006379267256318963,-0.0054453972830485545,-0.0042749137785647135,-0.003006357939114658,-0.0017037487343925107,-0.00047124408459239277,0.0006417630536397587,0.0017062824815980116,0.0027493872612079752,0.0035384291700274865,0.00467859053025305,0.006229746364466826,0.008210537532953695,0.0097066823883944,0.01093960402631343
2018-10-15,-0.006402440486354888,-0.005484904691440301,-0.004329256900932815,-0.003052736339673477,-0.0017023586929670836,-0.00039063528616777076,0.0008227949205255425,0.001987324788488222,0.0031162044251583946,0.003951744113012143,0.005162378366917413,0.006851118025289182,0.008657184830307703,0.010181475484053112,0.011416651453110325
2018-10-16,-0.00611403452464204,-0.005131112409512931,-0.003926422757489008,-0.0026075221179032854,-0.0012193626986642702,0.00011704547373281781,0.001347065244204159,0.002524847482597726,0.0036604252046135892,0.0044924742633491175,0.005691891776873806,0.007385316087109147,0.00908151845142024,0.010548053148284121,0.01177183396390757
2018-10-17,-0.006200527243205505,-0.005163790592342886,-0.003921782126922026,-0.002575829650021729,-0.001171490996957304,0.000177457516811847,0.0014102924147057928,0.0025877470988856584,0.0037192478451654265,0.004546639034806685,0.0057460701576446584,0.0074530169168502206,0.00919462733274351,0.010693241549410619,0.011910798999892365
2018-10-18,-0.006415981107470475,-0.005342938452592795,-0.004069786662919494,-0.0027061703685255997,-0.0013075110356732674,7.2950203549356635e-06,0.0011902871861406788,0.002319209325539208,0.003411556666317397,0.004219430300848622,0.005384423762779566,0.006998656601373097,0.008871342518105134,0.010348058695068222,0.011571054523573921
2018-10-19,-0.0063019158697696556,-0.005277543243528526,-0.004036050529238514,-0.002689138371145782,-0.001286120830983722,4.216181468226824e-05,0.001246262886378436,0.0023976831723167328,0.0035089751405538885,0.004317838223008777,0.0054768959083919995,0.007144895978711492,0.008838908881924618,0.010276417629788422,0.011494239367895006
2018-10-22,-0.006204031158356257,-0.005196268158963716,-0.0039703489497133326,-0.0026403097182679976,-0.001250262446047434,7.242454248070703e-05,0.0012764096105219297,0.002429693412659831,0.003539984427422908,0.00434690364948634,0.005497063612734007,0.0071385571036986905,0.008854772429697863,0.010290127778486438,0.011497730818252155
2018-10-23,-0.0055596117606979195,-0.004340309322745035,-0.002914375426365748,-0.0014081666769179524,0.00010718381000220415,0.0014898884392449661,0.002713938795850809,0.003878313111809161,0.004994847040938338,0.005799902836358218,0.006944750507806617,0.00857892532624408,0.010250190922954174,0.011687320758204433,0.012868982841747268
2018-10-24,-0.005366332159277836,-0.004162071738791527,-0.0027616207512101195,-0.0012705368962896548,0.00025176157131195443,0.0016513475595591521,0.0029037214761267853,0.004099491599405777,0.005244085669381869,0.0060567976520423655,0.0072294799444311405,0.00899291143102705,0.010370069873923322,0.011779064918104327,0.012887939122129214
2018-10-25,-0.005561670478577559,-0.004364088319945349,-0.0029922054848085682,-0.0015493353426789896,-9.556140673301844e-05,0.0012207029549104755,0.0023809692730626542,0.0034901423495026685,0.004563982596655736,0.005345166549854556,0.006471739874071901,0.008086654123825577,0.009722832091230243,0.011104269544986906,0.012157385510580938
2018-10-26,-0.0055613122321044855,-0.004296932470800396,-0.002863870761866864,-0.001364293463256509,0.000130037870132821,0.0014513672725507652,0.0025758792101838682,0.0036398854165686266,0.004661578358919359,0.005400890252874818,0.006443933421759718,0.0079322089859622,0.009502222250397915,0.010779147567264422,0.011822947881917598
2018-10-29,-0.005666786005718287,-0.0044547957259371595,-0.0030840099047548444,-0.0016481172305683077,-0.00020379751714326,0.001097650757344679,0.002204363937804993,0.0032519458213153218,0.004251836938160268,0.004986125560502173,0.0060361908909125845,0.0075151017935184234,0.009181321929091345,0.010496518171182816,0.011526200122193589
2018-10-30,-0.007022728706799131,-0.005818746782638347,-0.00441647990045102,-0.0029361675853078265,-0.0014476578438374424,-9.909656405026257e-05,0.0010497584467218735,0.0021272138173028875,0.0031465295712378477,0.003894345016373693,0.0049634407629435585,0.00649172937144229,0.0082173711128817,0.009529562434029812,0.010577489689519945
2018-10-31,-0.006364933808471526,-0.005379353471069527,-0.004188299737802787,-0.002902269114711425,-0.0015710691215596393,-0.00033774945921152496,0.0007261224449811763,0.0017414522972712923,0.002717583767478944,0.00345972232796201,0.004574567208242028,0.0061580137248751585,0.007938584600531665,0.009363402643585147,0.01040615352114062
2018-11-01,-0.006311604860579256,-0.00510103948861746,-0.0036985844911433755,-0.002226070201643308,-0.0007592302026361161,0.0005556404157117071,0.0016725450495983151,0.002725796642971983,0.003728724660368544,0.004456706047753859,0.0054864300803012835,0.0069566057490207615,0.008717524042515723,0.010034346918531284,0.01107597710067564
2018-11-02,-0.006156924225205604,-0.004805179215738839,-0.003278254672829878,-0.0016973953072197839,-0.00013727264372375835,0.001238426800543435,0.002395276552777232,0.0034801007675947988,0.0045056958218377486,0.005224827111793022,0.006195323899197136,0.007574830984588927,0.009244820691080142,0.010473418009674705,0.011505817134203475
2018-11-05,-0.005989626509993299,-0.004559584240489997,-0.0029395910676088574,-0.0012565786547702649,0.0004034369516161076,0.0018668016191333283,0.0031092345984381118,0.0042718970550886986,0.005362932015707712,0.006124395454403134,0.007175775708395327,0.008677102184382186,0.010366888790096417,0.011700900591675898,0.012736566332286018
2018-11-06,-0.006536764584038643,-0.005313210673340396,-0.00388692900284081,-0.002381460317623723,-0.0008676184209150482,0.000491002575733999,0.0016461954038770638,0.0027395133734258214,0.003778828392193271,0.004538335190849535,0.005632640890359419,0.007174453865435195,0.009047379180243606,0.010481746922456032,0.011505668713695707
2018-11-07,-0.006952462132630061,-0.005656609912125335,-0.004179605601734568,-0.0026523928538012983,-0.0011608164450304529,0.0001488195832866873,0.0012437322782261986,0.0022737603637990956,0.003262583850511997,0.0039845381565474375,0.004971953526470474,0.00626923568768193,0.00834670637127112,0.009707446142130618,0.010734195466830306
2018-11-08,-0.006668832654301424,-0.0053041298507028505,-0.0037806759622895656,-0.002214582090630952,-0.0006894798902435633,0.0006460528824037864,0.0017621647044666032,0.0028080560102415023,0.0038036343328800544,0.004524412266708322,0.005539908417795381,0.006946490633809199,0.0088934915091205,0.010236386285042575,0.011277281294326608
2018-11-09,-0.006383834158965468,-0.005107252679251446,-0.0036252550183065164,-0.0020666481724155267,-0.0005240213196165998,0.0008748388598735301,0.002054922044084754,0.003167341979962451,0.004218093359381011,0.004979655607583075,0.006080697041221481,0.007614938800058471,0.009427814771742687,0.01084323330146689,0.011871757670543841
2018-11-12,-0.007201027630612343,-0.005834402520922407,-0.004319686381465656,-0.0027530422031055942,-0.001196235112918673,0.0002279352864399441,0.0014451573147598235,0.0025877190128139596,0.0036612838019686005,0.004429092768970363,0.005519685873428739,0.007054776304641104,0.008849264779857405,0.01019638771924799,0.011237061073968357
2018-11-13,-0.006776919284534897,-0.005435154128173544,-0.0039254761000992395,-0.0023469602021929416,-0.0007617406273279666,0.0006977364037173838,0.0019531805142826955,0.0031337611665280983,0.004240869829865208,0.005035941554981575,0.0061999932568317494,0.00784132396776248,0.009612685221096382,0.01106525148165833,0.012091393217599555
2018-11-14,-0.006549095732343092,-0.005230890701809873,-0.0037661548273919447,-0.0022383122027901385,-0.0006972323366761204,0.0007338782911567912,0.0019742462229219077,0.0031478135801832584,0.004252628251406793,0.005054076528550941,0.006247466659052389,0.007934904051382637,0.009680765523882874,0.011155615239622435,0.012178416996730083
2018-11-15,-0.006862287502565516,-0.005613715194349419,-0.004217329400574673,-0.0027512585552880294,-0.0012571404216593428,0.0001450221804424076,0.0013714463206668007,0.0025341835220459344,0.0036315383144428174,0.004428897445544621,0.005605449955040967,0.0072826994041010895,0.008914359914534037,0.010318609598691356,0.011338429510123024
2018-11-16,-0.007478933958961419,-0.0061994274831276685,-0.004779418910089142,-0.003289194100641964,-0.0017724984693329982,-0.00034051979303101646,0.0009201125417414696,0.0021166714482535147,0.003241495126442665,0.004054758003924009,0.00524098129891108,0.0069198033030579194,0.008659873218278161,0.010110408176792714,0.01113781166653214
2018-11-19,-0.007137471508278056,-0.005739824871178713,-0.004216356227829084,-0.002648001968574276,-0.0010979592495196204,0.0003230915753657462,0.001547695475492864,0.0027019893001986465,0.003790011289232843,0.004572517408005602,0.0057112997712651225,0.007332164368644724,0.008940939506985969,0.010293294053289288,0.011334896260489693
2018-11-20,-0.006858022158415301,-0.005389473756147548,-0.0038305741196129096,-0.0022563124389525843,-0.0007380103391775663,0.0006294541589117255,0.001784551939253361,0.0028761856156286573,0.003916779015387404,0.0046750484411647725,0.005779967783400535,0.00730787710427333,0.009168274187925228,0.010574745189954859,0.011563152290600762
2018-11-21,-0.007298078961095498,-0.006099756647737636,-0.004766945752880062,-0.003367406035763976,-0.0019401333926291257,-0.0005894448789162947,0.0006102028142690988,0.0017644217366514948,0.002866229193931389,0.0036908811937969325,0.004943193792690689,0.006644266790542474,0.00864540253448349,0.010247849907418543,0.01122366541168883
2018-11-22,-0.00742831441412331,-0.006277609101231755,-0.004980507478867591,-0.0036083097394476104,-0.00219399034506687,-0.0008331816552591554,0.00038640468158212583,0.0015628431929222272,0.0026863455990216193,0.0035529415233843294,0.004916902931849097,0.006745926604204125,0.008920497647550131,0.01064347523250718,0.011611684930241497
2018-11-23,-0.007118766463374474,-0.005825511805591248,-0.004392428827363685,-0.002895418687167353,-0.001376362705885842,6.982020849697701e-05,0.001364746259117824,0.0026065046182915854,0.003782513624286496,0.004672910386169019,0.0060712185542579535,0.007978810564873859,0.01013230121252648,0.01183713342496006,0.01282752210163784
2018-11-26,-0.007698233296102251,-0.006593501087341922,-0.005331840555907623,-0.003991783482142406,-0.0026058193772030046,-0.0012636616030042742,-5.489427229580829e-05,0.001117600606636102,0.002241867706795553,0.0031274997168370382,0.004553165758329269,0.006438685457663866,0.008819863729597359,0.010622998759674523,0.011597002453736677
2018-11-27,-0.007209396124535662,-0.005812832267855585,-0.004298424117339474,-0.002741496587173664,-0.0011927610189389148,0.0002705938798603332,0.0015702131765199714,0.002810843194951174,0.003983201897279425,0.0048718400573899145,0.006264335001118565,0.0081499150595255,0.010451834108690529,0.012222141779244407,0.013222932410016135
2018-11-28,-0.008105687248128034,-0.006808661380966721,-0.005430615376988239,-0.004021214162805111,-0.002628752711542668,-0.0013263175369689448,-0.0001901008782785001,0.0008951583328397402,0.0019376073976635668,0.0027352715696185087,0.00396106693982229,0.005613028793066877,0.007893614635827925,0.009450967561865758,0.010455646489720062
2018-11-29,-0.007543863093975742,-0.006049273045673746,-0.004465650409299027,-0.002855212594570317,-0.0012726711865166927,0.00020829753331727714,0.0015145851578341192,0.002753648524018777,0.003918764931099557,0.00477491381398907,0.006072840277631627,0.007815446397292234,0.010171755427874338,0.01186176518217663,0.012857996866085296
2018-11-30,-0.007608290475813852,-0.006353658852409945,-0.0049604568931192125,-0.0034880888038398344,-0.001976139807585445,-0.0005140696655557044,0.0008067635418845546,0.0020807183622150232,0.0032883706161251033,0.0041959226180159365,0.005610151904430811,0.007547097694178033,0.009755829252379479,0.011540088381108867,0.012527350856430577
2018-12-03,-0.007477908072047903,-0.006248085415440678,-0.004858558051436352,-0.0033755306706637453,-0.0018390853406328503,-0.00034516068036946135,0.0010173618806147064,0.0023299056488843835,0.0035722056429895316,0.004501389485966038,0.0059439565007232955,0.007898196572662868,0.010035559785664566,0.011823017940825496,0.012795170606930285
2018-12-04,-0.007192885200777188,-0.00590504240893487,-0.004488051188668845,-0.0029988726660941187,-0.0014842512591957866,-2.709342971068951e-05,0.0012884766617717149,0.0025568395373824805,0.003763489385942789,0.004661106371578413,0.006040568370125619,0.007897040853226914,0.010127149477082466,0.011920327089310461,0.012898519113665016
2018-12-05,-0.007018845294391395,-0.005647500776835625,-0.004138710289298898,-0.002553096350415742,-0.0009460209914248464,0.0005942319978585956,0.001983973939082096,0.003316126283954764,0.004571440595356977,0.005486554835858024,0.006869209320096903,0.008761210982230455,0.010917228908810906,0.012681484135708814,0.013665648155786468
2018-12-06,-0.0070490145085982244,-0.005719579204002947,-0.004259987290417531,-0.002730959972397141,-0.0011885744498095138,0.00027851702931507927,0.0015868649199361113,0.0028350416851835782,0.004018149557516735,0.0048809785297576295,0.006170632966665363,0.00791115629313212,0.010040406299903383,0.011677576964672953,0.012656682516545677
2018-12-07,-0.0069716135756851365,-0.005658389507811978,-0.004200017563833898,-0.002662476237586666,-0.0010980190715512803,0.00039127901513453514,0.0017105063044291259,0.0029677176367237787,0.004151837176600651,0.005009103712634379,0.006287492159653155,0.008034096756763082,0.01009557572648646,0.011717883290122993,0.012690179819136846
2018-12-10,-0.006649430753025745,-0.005411725837644733,-0.004021434081564298,-0.002546445255022037,-0.0010310967081659595,0.0004215097586645865,0.0017088268102306596,0.0029401466618928984,0.004102535141227222,0.004958995594938054,0.0062701194281952755,0.008066338808339324,0.01014320709788431,0.01183435631145938,0.012793394521156376
2018-12-11,-0.006695821620835792,-0.005583573232712144,-0.004316161706712071,-0.002961348301774114,-0.0015567537769052811,-0.000198814629303992,0.0010067826471205346,0.0021657889061438007,0.003272615483701254,0.004098079629497194,0.005372989689192683,0.007111703397082095,0.0092396748054763,0.01089940666408039,0.01186571807591986
2018-12-12,-0.006496697957409654,-0.0052926834520103175,-0.003927091902915738,-0.002470905518575371,-0.0009651136685267349,0.0004911050891725063,0.001789209473865033,0.0030324353645662843,0.004208121967549491,0.005074389367595868,0.006412523420391811,0.008266720241697494,0.010327656129161998,0.012040117010729106,0.01298842048103525
2018-12-13,-0.006568522847019997,-0.005416595896653874,-0.004074375150966219,-0.0026174222715724376,-0.0010890491889242013,0.0004023763682128247,0.001751790011613737,0.003051596317411598,0.004285723642880997,0.005191746426670973,0.006556616455788896,0.008433536063130694,0.010416443314239816,0.012105435619804062,0.01305479940024147
2018-12-14,-0.006753414997268333,-0.0056679362025592855,-0.004402388748475111,-0.003033964177074409,-0.0015974651535768161,-0.00018525477911225294,0.0010839456818710802,0.0023062311248296056,0.003469621171102533,0.0043474953480970744,0.005729844759408337,0.007632450458010041,0.009860383970489783,0.011659266728409123,0.01262327597755553
2018-12-17,-0.006541078455822652,-0.005448373977584311,-0.0041811983553894224,-0.002813793372475619,-0.001391341755903549,-1.1171595306328462e-05,0.0012181424712639445,0.0024004596342930415,0.0035313315901851034,0.004366558155655393,0.0056373038375522825,0.0074076562996348,0.009520587279980857,0.011161481529046878,0.012121396632362781
2018-12-18,-0.006859730397492454,-0.005711557914452782,-0.004395311326553802,-0.003011185233458495,-0.001614038639149649,-0.0002715135536740349,0.0009119824436374927,0.0020515765475302055,0.003151033654571438,0.0039936948856989975,0.005313684883754796,0.006991290759978525,0.009673027396361623,0.01148090187879261,0.01239815748856394
2018-12-19,-0.007233084552533536,-0.0061657731372249565,-0.004913825055271738,-0.0035652644852488874,-0.0021721649245071304,-0.0008142919164820287,0.0003969953701306809,0.0015600780223925586,0.0026696247348407896,0.003500177333979967,0.004775951920422445,0.006474417434336548,0.00885070691457255,0.01051443715092279,0.01144565438866761
2018-12-20,-0.00639048145552223,-0.005328236649791894,-0.004053319641002013,-0.0026484662620869246,-0.0011521853308423537,0.00033552938592311724,0.0016913604757300043,0.0029913322174891545,0.004217409113088044,0.0051174109402705985,0.006505868891939293,0.008467964914690814,0.010475622027820286,0.012220475619072193,0.013200732212843314
2018-12-21,-0.00641068598706233,-0.005284712039436453,-0.003979631321174401,-0.0025614702250924826,-0.0010717792388637546,0.00039314166993197227,0.0017144369183009107,0.0029792369101088144,0.004176036100948579,0.005042525473999812,0.006355333602149738,0.008222780829706278,0.01019638721641344,0.011843459410195442,0.012825931769834861
2018-12-24,-0.006715652765074789,-0.0057359395181205645,-0.0045792320646299714,-0.0033023134192319325,-0.0019346622825100034,-0.0005729092331836593,0.0006644329241296315,0.00185690062474156,0.002994791869744499,0.0038208720248865584,0.005061184672537021,0.0068288871677433735,0.008689854106443294,0.010193624059191586,0.011154914045038683
2018-12-27,-0.0064850307752894985,-0.005312420581040922,-0.003966494820955481,-0.0025153683665159023,-0.0010063590962068577,0.00047237003115757614,0.0018083966768355432,0.003083081013355679,0.004285860423572105,0.005147190205513666,0.006426718164812844,0.008234205133600105,0.01020367933572996,0.011737862632318267,0.012705886003683844
2018-12-28,-0.00695263111858033,-0.00593526887279887,-0.004764535646683402,-0.0035008188416393374,-0.002181115039890557,-0.0008688883202631525,0.0003212928677705833,0.0014687221421720614,0.002570475000573751,0.003391178574141764,0.004644620524111301,0.0063461846664104125,0.008514890410995832,0.010045462976686893,0.010998414840807429
2018-12-31,-0.0069548328276780895,-0.005824318751486987,-0.0045457910968742755,-0.003194170630902843,-0.0018257291054366918,-0.0004958647438956883,0.0007036217028422458,0.001857387396101469,0.0029676473079189554,0.0037905401653993693,0.005033000738292603,0.006688331834436052,0.00900481498012527,0.010546638726128535,0.01147661455834859
2019-01-02,-0.006868044185214235,-0.005936066148192276,-0.004823717979469503,-0.0035984566817916946,-0.002303163278720123,-0.0010127671442822807,0.00017899890814104488,0.001339078498099051,0.0024660088527735696,0.0032971080506838564,0.004569869138699885,0.00634600076294181,0.008445883317511687,0.009963383349431504,0.01090469433654546
2019-01-03,-0.006702934377424046,-0.005755605439592268,-0.004630952522930092,-0.0034070456154058045,-0.0021312933048963454,-0.0008684659599379138,0.00029161035917313945,0.0014183839595827237,0.0025154778381959913,0.0033278014516214746,0.004559705913165913,0.0062563626388237505,0.008374075499981154,0.00985624744918638,0.010783276933902134
2019-01-04,-0.006703261076952029,-0.005713005283491144,-0.0045533383168834185,-0.003306801154047193,-0.0020282008384471945,-0.0007657579569867975,0.00038915733036643365,0.0015129703260761047,0.0026066372392906678,0.0034222613909271737,0.004671161355199817,0.006348758812314164,0.008634922951600484,0.010188030664875503,0.011096977725722473
2019-01-07,-0.006797089596723679,-0.005956505702077561,-0.004912667167653421,-0.0037462992190797476,-0.0025070001664981236,-0.0012626395999477927,-0.00011240227437352623,0.001009179714845191,0.0021009786700068303,0.002909919875639492,0.0041315563432213894,0.005821648957087044,0.007847855432370486,0.009312764722683603,0.010221278798783484
2019-01-08,-0.006623152668950682,-0.005681547080639696,-0.004544862995492573,-0.0033018784498622233,-0.002016189443573822,-0.0007534155980666287,0.0003935444129307569,0.0015038932830732242,0.002581755881176091,0.003373606244545236,0.004541434793905211,0.006107958891913788,0.00821527205999635,0.009658565229847212,0.010558049890330122
2019-01-09,-0.007318014679620563,-0.006617550267902845,-0.005696543437690662,-0.004645199287279985,-0.0035142846164535934,-0.0023690931882688676,-0.0013075652090007738,-0.0002666681855128506,0.0007579850600016075,0.001522192352778166,0.0026615488709182556,0.004162910881623402,0.006358386146483961,0.007781268387441617,0.00863071599886164
2019-01-10,-0.006663007683054029,-0.005823261678145154,-0.0048089946160497,-0.0036947449616516127,-0.002530792065175847,-0.0013732411714093957,-0.0003204532135324856,0.0007100043113180601,0.0017247195908720477,0.002482032160795174,0.0036104221969425494,0.005093248259359733,0.007249816308355346,0.008638931149231924,0.009478586271278708
2019-01-11,-0.006334584207835991,-0.005334018091920726,-0.004215805448808037,-0.0030318063208691908,-0.0018386411361170341,-0.0007021700794868089,0.00027950537589343204,0.0012325068342548665,0.002165921229378665,0.002855978661966187,0.003833399426023382,0.005107461778464905,0.0070730729247486974,0.00820212276922656,0.009072581311597784
2019-01-14,-0.006955187112449396,-0.00607248812592095,-0.005012084730993698,-0.00384458744031152,-0.002624400348171343,-0.0014301611517315734,-0.00035271005014341807,0.000694931641307339,0.0017141958467436972,0.0024574185355194125,0.003505052086119325,0.0048711983571371395,0.006832362922208333,0.008027785168995667,0.00888381663569269
2019-01-15,-0.006450621244506471,-0.0055013291603073404,-0.00438720590037543,-0.0031684820467726914,-0.001900928595575212,-0.0006786558595952025,0.00041352131363236707,0.001473304994362737,0.0024997904318571776,0.0032327444541806073,0.004265462988082067,0.005700166863618744,0.007326888700573541,0.008473274995026795,0.009323547424428015
2019-01-16,-0.006621668916110183,-0.00575416916435523,-0.00469482675157435,-0.003507213297477432,-0.0022364174674619442,-0.0009668560059729241,0.0001964317445108596,0.0013355438222437,0.0024400587680880655,0.0032527495890673176,0.004447393337467208,0.006042448958526595,0.00811893656599385,0.009568545191364533,0.010425463849274666
2019-01-17,-0.006821115113734941,-0.005886839983653789,-0.004798724106280262,-0.0035868254098515217,-0.0022960745621395796,-0.001006207902130258,0.00018062809684767913,0.0013403230097451004,0.002463833163569658,0.0032786317941812344,0.004456477245052957,0.006039337295268609,0.008081316629800814,0.009505957347445849,0.010376058219169646
2019-01-18,-0.007055224531217827,-0.006204739880787322,-0.005177206194711492,-0.0040104147593173715,-0.002742018186955632,-0.0014552911432519663,-0.00025787576427055,0.0009203684103076351,0.002061966039454726,0.002911457767521802,0.004171551028672851,0.005834800101194943,0.007935523481565364,0.009462363568353487,0.01032836963711031
2019-01-21,-0.007328277699505495,-0.006487118071283055,-0.00548457267296535,-0.004357096361053282,-0.0031415114776662213,-0.0019283333257727581,-0.000817136324418632,0.0002745987508442488,0.0013402972563191131,0.0021301407879644324,0.0032784222012868514,0.004796334457183483,0.006783293807629452,0.008131215992541822,0.008980697985864648
2019-01-22,-0.0070406208773725635,-0.006205482007442298,-0.005205265171808599,-0.00407411426259505,-0.002858875749301062,-0.0016461379208389736,-0.0005383140176928019,0.0005556564868261586,0.0016295237882677028,0.002442723178272653,0.0036605386697580755,0.005248155512936506,0.007384233157446676,0.008842037638964685,0.00970528145781415
2019-01-23,-0.006788585035236159,-0.006015732237276975,-0.0050704803420536385,-0.003977630791734384,-0.0027647585546394376,-0.0015509897032466653,-0.0004462737559316279,0.000648694141871796,0.0017212997709108442,0.0025254546060374155,0.003735381001506423,0.0054453208415622505,0.007040809637511651,0.008452052520164231,0.009333182067967648
2019-01-24,-0.006817388693823023,-0.006049540774585656,-0.005067602595134723,-0.0039059928869633965,-0.002602036161351848,-0.0012832934423043466,-6.33252789440826e-05,0.0011475344163647287,0.002325075461490682,0.0032027546095402207,0.004544562437487143,0.006459450508182727,0.008086422636014409,0.009686556191972732,0.010584181470035408
2019-01-25,-0.00689770041544887,-0.0060852610849781354,-0.005092399521091895,-0.0039352936246270015,-0.0026366314925159095,-0.001336399613547728,-0.00015514408577062483,0.001014269027191698,0.002149939638785409,0.0030037249965942595,0.004318255733328634,0.0061561464284945865,0.008068686778859722,0.009703985844244346,0.010598521063756416
2019-01-28,-0.007246152006048333,-0.006641292356188778,-0.005801335209122849,-0.004775779668153515,-0.0035939152950402982,-0.002381412099755706,-0.0012584322413518052,-0.00013588697175404452,0.0009693798754848834,0.0018026074434924616,0.0030766294994441505,0.004861391953225785,0.0066423567563031,0.008170638841768803,0.009049354424004882
2019-01-29,-0.006972093293782107,-0.006237927845144337,-0.005299627651191874,-0.0041928596434497945,-0.0029656961352343336,-0.001729598200258421,-0.0006079745612000611,0.0005024521103729059,0.0015929751595347695,0.002409722522806727,0.003634449125080375,0.0052451089332818555,0.007393092698903873,0.008908267317865377,0.009765129174483187
2019-01-30,-0.007232214834722047,-0.006531433394104339,-0.0056259522481673565,-0.004547358844496137,-0.003334197419869519,-0.002104307620144459,-0.000983701835725612,0.00012768373058122124,0.0012182497838397696,0.00203369168257783,0.0032559475315594344,0.004876154267349591,0.0069843828694122305,0.008486874011415811,0.009344636132650998
2019-01-31,-0.0067379209173513465,-0.006362732238391141,-0.005751708663325625,-0.004948429210215254,-0.00396181375801614,-0.002905055982097835,-0.0019109349584265016,-0.0009100307094628216,9.499527468326328e-05,0.0008754727157998821,0.002070633629769266,0.003640418355489916,0.005694317727474861,0.007155859255451313,0.008007813727655825
2019-02-01,-0.006801578488097827,-0.006430451187388461,-0.005789501411695078,-0.004930966325449381,-0.0039042160348992105,-0.0028049422106021273,-0.0017720248213326866,-0.0007373782131557696,0.00026523319598952986,0.0010790027569011435,0.002200060604491465,0.0037534375322379456,0.006050258077046408,0.007519357779267932,0.008380370785707546
2019-02-04,-0.006351053930113586,-0.005879219975496899,-0.005122860411535387,-0.004140074321962453,-0.0029889534860912765,-0.0017815194023340615,-0.0006566386486354296,0.00046244382491939613,0.0015371986449447558,0.0023841571277610643,0.0035315136179972914,0.005187283974431468,0.0072214964915055906,0.00870652807169589,0.009577571735026021
2019-02-05,-0.006078038877844155,-0.005682903944563271,-0.004973136121840768,-0.004018267889209068,-0.0028979046352900694,-0.0017202858096577883,-0.0006164462000867392,0.0004866209089371488,0.0015465986408732704,0.0023924100340631184,0.003573795184603508,0.0052714912235762796,0.007358935213964024,0.00888492635267717,0.009771224430104078
2019-02-06,-0.006208545881293677,-0.005834072387946922,-0.005160587667284295,-0.0042445832627553,-0.0031643085728559088,-0.0020289593712911084,-0.0009723674431313502,9.010009190110835e-05,0.0011185400529222682,0.0019423400620946862,0.003085812574063996,0.0047331865402800745,0.006795130785614355,0.00827369179030758,0.009140679810879132
2019-02-07,-0.006364646441329627,-0.005941747183418612,-0.0052394310373335,-0.0043036405597571626,-0.003219330904631316,-0.002080575440015774,-0.0010319604458172518,2.0238398917609833e-05,0.0010370063692552133,0.001857166983316406,0.002982350073774795,0.004542652911783473,0.006776952129893412,0.008216214851763307,0.009057735779800215
2019-02-08,-0.006802288385928674,-0.006496545244899097,-0.005942890661396432,-0.005152926481182919,-0.0041840960290317536,-0.0031153146013122184,-0.00211243013077342,-0.0011016128492601937,-0.00011748723761079291,0.0006929595456557578,0.0018512943379637619,0.003432982194536969,0.005801565361788011,0.007272964738599775,0.008122271476105447
2019-02-11,-0.006471051616392504,-0.006222090453654835,-0.005720011140983945,-0.004974074593379894,-0.004024807252364035,-0.0029552632094463015,-0.0019331924792940428,-0.0009002516456562407,0.00010390395217004596,0.0009350273935255992,0.0021758835919097165,0.003928808005935725,0.006185648872893321,0.007778105781824421,0.00864058181962461
2019-02-12,-0.0062508740355072985,-0.006024124046402632,-0.005544981567444416,-0.0048251894667289946,-0.003907508616727026,-0.0028808359259336943,-0.0018986772052477572,-0.0009083481884711367,6.166152286271858e-05,0.0008634645305435654,0.0020522530646132804,0.0037404707835140983,0.005926630671058783,0.007442817954364703,0.00831133401103842
2019-02-13,-0.0064821847153488255,-0.0064260769515874835,-0.00608496702451476,-0.005473941907121717,-0.004613467738011435,-0.0035981667515085753,-0.002582781193417539,-0.0015515879178277915,-0.0005404402373045764,0.0002983205158893986,0.001565095486564719,0.003375908496000209,0.005559014619515129,0.007190429267348637,0.008045447023015415
2019-02-14,-0.005914676182445428,-0.0055928820610917284,-0.00502742878084431,-0.004243824211803223,-0.0032862799090118363,-0.002242742173190428,-0.001233001681432721,-0.00022579835033920668,0.0007592762635249394,0.001548914964716192,0.0026948795559697375,0.00438024532517581,0.006371829948606145,0.007826220677941644,0.008716283713987038
2019-02-15,-0.005835393690614632,-0.005474593606998509,-0.004871776077560189,-0.004061112658048311,-0.0030909952831990536,-0.002051452848247601,-0.0010611059352622174,-7.433684856791541e-05,0.0008906996675943512,0.0016707260732402387,0.002796124693913223,0.00443206195032844,0.006439505912240206,0.007879464792826658,0.008747536735533409
2019-02-18,-0.0058199401856932126,-0.005456082323714842,-0.0048333162335884305,-0.0039899843359947115,-0.0029815328898673103,-0.0019062675968177772,-0.0008789534324736239,0.00014726643750793733,0.0011504571155225558,0.0019585433267320027,0.003130504797393745,0.004858660773373316,0.006780881368389653,0.00828248506043367,0.009153588622591299
2019-02-19,-0.0059685339797273616,-0.005635436277589011,-0.005049942402925961,-0.004247304122870642,-0.0032779855896052324,-0.0022413673762359675,-0.0012492043242068702,-0.00025525404929729997,0.0007199563574007632,0.0015065554067701845,0.002635478156182659,0.004303825057240038,0.006195873720673157,0.007616152772343359,0.008498912321083709
2019-02-20,-0.005918804353915688,-0.005667132288394208,-0.005143636986723842,-0.004388379152683434,-0.003450328768527386,-0.002446739579581095,-0.0014771307028567532,-0.0005024393348253063,0.00045906949012537317,0.0012323706702228204,0.002350760278290803,0.00408618573493143,0.005599003859460947,0.006935068992922449,0.00783288491724636
2019-02-21,-0.005239187042832062,-0.004912648978653174,-0.004335869931420739,-0.0035437615092812954,-0.0025849122601178764,-0.001564693149272484,-0.0005819214134879628,0.00040776435422299503,0.0013847074345705447,0.0021814787112916026,0.00337410624211611,0.005199542160443758,0.006886406617680774,0.008421640588338681,0.009316662178505589
2019-02-22,-0.0050294656447537585,-0.0048635108487061745,-0.004474693384157621,-0.0038749745363288717,-0.003084244448010466,-0.0022214390988166514,-0.0013798909117658084,-0.0005180100432900028,0.000357448630082822,0.0010882868741179305,0.0021864580628189446,0.003906499635807073,0.005394493216314031,0.006820323766189057,0.007715886868865104
2019-02-25,-0.005290026540942117,-0.004862315923789943,-0.004246862844183482,-0.003456181312691565,-0.0025427697606730006,-0.0016033002643922338,-0.0007329176467145303,0.00014216070968759353,0.0010162412886069012,0.001726192285944669,0.002758382248807415,0.00436531409523671,0.005840461657925664,0.007135945684105433,0.00804657618692833
2019-02-26,-0.005249654433791512,-0.004826659728254157,-0.0042076739315405265,-0.0034095857592562964,-0.0024834566542656935,-0.0015172471789250256,-0.0006097967582790482,0.00030437155720749857,0.0012087401042346288,0.0019397927213582332,0.0030140769785177183,0.004657278164830882,0.006415279049176167,0.007795879915606822,0.008748605456526606
2019-02-27,-0.005688778811387837,-0.005405019831670469,-0.004927060424023273,-0.0042594996700450445,-0.0034308457162971714,-0.002540204798371509,-0.00168195030590399,-0.0008157490246925175,5.209372577951523e-05,0.0007634733567665789,0.001788685567868442,0.003366351700338423,0.0049621071326303645,0.006261636596624426,0.007169286746644015
2019-02-28,-0.0053893450301729885,-0.005074327738689496,-0.004593645059773386,-0.003944632847079809,-0.0031625336679887645,-0.0023302130287949346,-0.0015412088571837292,-0.0007417394525570905,6.95240105963515e-05,0.0007455206178979179,0.0017293459720511702,0.003204990764514759,0.004900143292925015,0.006174139145651272,0.0070700928770888825
2019-03-01,-0.005506107660997467,-0.0051173179764852274,-0.00456584495385737,-0.0038550857630273378,-0.0030235917883417044,-0.0021500863834764843,-0.0013291360729063022,-0.0005052389201315108,0.0003178624124334164,0.0010017491558033075,0.0019863001680976277,0.003440464897371101,0.0052718214144317314,0.0065538226157034795,0.007456018780712397
2019-03-04,-0.005939605787016968,-0.005580673771307343,-0.00504058819302134,-0.004320222878254249,-0.0034962199972699125,-0.0026126002829035913,-0.0017836238723499165,-0.0009453413629174928,-6.294904651640138e-05,0.0007131664771190687,0.00154935689442952,0.002502220862309021,0.0051059808019089225,0.006366702348159852,0.00726516660807614
2019-03-05,-0.00592323265598038,-0.005754711303874815,-0.005376561978039115,-0.004795669733736587,-0.004071772938730491,-0.003266251063779432,-0.0025016527716936825,-0.0017063440609633358,-0.0008498612357817814,-7.580441328554355e-05,0.0007547912096866632,0.0016745946572010884,0.004278267986311472,0.0055540543937632764,0.006440327735486128
2019-03-06,-0.005659978956401545,-0.005494568648082881,-0.005107665410736534,-0.004509051722378353,-0.0037701497996325364,-0.0029564278395486916,-0.002183666996392453,-0.0013857444337782871,-0.00052653360076905,0.00024273584504975025,0.0011042676826834498,0.002134886916021369,0.004580627436072419,0.005898819422226694,0.006794165117351807
2019-03-07,-0.005480933639110662,-0.005374715605851993,-0.005054498408520136,-0.0045257700485095585,-0.0038581833280529757,-0.0031155441227115107,-0.002406855111718193,-0.0016583205439088537,-0.0008369229441414895,-8.48752982353663e-05,0.0007515116704839057,0.0016943356360122827,0.0043319581449828915,0.005640203373635445,0.006517744462207537
2019-03-08,-0.005775789919474454,-0.005884239896647144,-0.0057326657208912205,-0.0053282693953921835,-0.004724405166017777,-0.003996880746649693,-0.003257475115877941,-0.0024767106888444234,-0.0016241947031428556,-0.0008423087605385997,5.812105753760975e-05,0.0011120692599620623,0.003770837551809288,0.0051682005600333265,0.006053104081760099
2019-03-11,-0.0057579580105592675,-0.005874925285320659,-0.005730449417202689,-0.005332031638517406,-0.004736257281905267,-0.004014773757127549,-0.0032748101832272844,-0.0024955527569411845,-0.0016443442559923496,-0.0008694017478749025,3.500222543942452e-06,0.0009961434387265712,0.0037623791200652383,0.005155656309417258,0.006021718928517786
2019-03-12,-0.0057200684479786264,-0.0057294949798353464,-0.005468794149087133,-0.004952348805123812,-0.0042390844977075294,-0.0033975521196188997,-0.0025340115559221387,-0.0016460928395178715,-0.0007097530316139066,0.00011363151113733265,0.0010269662701508082,0.002089238211080466,0.00495768673132502,0.0064182377928621425,0.007310872578075138
2019-03-13,-0.0053495887397397215,-0.005296039672694314,-0.004986939010635959,-0.004435675881661728,-0.0037142567083055886,-0.002894274102977713,-0.0020699305145698977,-0.001216255319855075,-0.0003094348778707127,0.000488669713318141,0.0013473203006531976,0.0023370103710713646,0.005169421199999879,0.006597064193073627,0.007465428921014397
2019-03-14,-0.005151348522406408,-0.005094761687430497,-0.0048083649720904315,-0.004295108962970768,-0.003618464821249994,-0.0028482426323227106,-0.002068770309097497,-0.0012565284520691775,-0.0003830681000717253,0.0003894513211309344,0.0012218066895914473,0.0022140978286773194,0.00492702394721516,0.0063368553623315916,0.007195158131546142
2019-03-15,-0.005411371045255095,-0.0054367816059286405,-0.005249688908980158,-0.0048247068575458,-0.00423237656805342,-0.0035201224699195717,-0.002792306654558755,-0.0020225030207714615,-0.0012000431944811309,-0.0005241869172436138,0.00037804888100604256,0.0014494347647507075,0.003880387237190798,0.005272150625909653,0.006116282978731526
2019-03-18,-0.0055906232889006095,-0.0055493104577389795,-0.005294706250680899,-0.004806284568388099,-0.004148382925472529,-0.0033626501382071784,-0.0025468665813515603,-0.0016936310938154334,-0.0007980737940855461,-6.988739530674288e-05,0.0009117301481638312,0.002086276300399552,0.004629443080922377,0.006116140075737094,0.0069775256114414175
2019-03-19,-0.005480996786029436,-0.005385341901698382,-0.005081751963245966,-0.004550635646505544,-0.003864761053854726,-0.0030588340779699637,-0.00222861747265532,-0.001360801204561236,-0.0004507193169780992,0.000290134032515611,0.0012966989999259482,0.0025088161190642043,0.005089560759523151,0.006621778709124627,0.007487019490764587
2019-03-20,-0.005584989143140559,-0.005424790751991619,-0.005072078260864679,-0.004507250213612813,-0.003809456990622624,-0.003002054457799703,-0.0021785821917050022,-0.001318444273089484,-0.0004177943968308401,0.0003120369138336934,0.001264688386207775,0.002333798556255386,0.005168453689510307,0.006649990300208027,0.007515550974903997
2019-03-21,-0.005609600691006925,-0.005444546380008086,-0.0050905856254653825,-0.004525786082756136,-0.003831401454099942,-0.003028587228747677,-0.0022067709413863363,-0.0013500463100771698,-0.00044855888146977797,0.0002873711691563387,0.0012564206772884433,0.002310202273068841,0.005244202468430926,0.006721018378052922,0.007571235702610215
2019-03-22,-0.005344953634277065,-0.005078746515603924,-0.004639230204847631,-0.003999365066834963,-0.0032429089888866332,-0.0024090665563429436,-0.001571392089853468,-0.0007025037808605028,0.00020332259171883227,0.0009256246684369474,0.0018932642607977425,0.003090790952667403,0.005633857564505708,0.007102379783100247,0.007958355660234371
2019-03-25,-0.005517280905418428,-0.005329350065596441,-0.004975612391845069,-0.0044105562029364675,-0.0037047138361500998,-0.0028905551125237754,-0.0020542256822213933,-0.0011853371852996349,-0.0002791918305202454,0.00044857048799662317,0.0014544528404857799,0.0027411472582845172,0.005240853614493374,0.006743939919993414,0.007596587194338113
2019-03-26,-0.005436965148295207,-0.00528601736127224,-0.00496019562618752,-0.004413239178288371,-0.0037117560215243813,-0.002895900828283325,-0.002051065797612251,-0.0011687320180889809,-0.00025031905782596704,0.0004956058310960362,0.001567544688470413,0.002987181717168417,0.005423116563372039,0.0070284847044941616,0.007882879221322586
2019-03-27,-0.00535960791756408,-0.00516369439352517,-0.004810983171548786,-0.004250157789521783,-0.0035476803082624916,-0.002749637342059546,-0.0019303216646030606,-0.0010775842684559236,-0.0001829408586675928,0.0005343936365077341,0.0015733781460483603,0.0030057975152713405,0.005249188358561781,0.006766399549385736,0.007610534836705753
2019-03-28,-0.005425868084022317,-0.005041703223455903,-0.004507825430650286,-0.0037812181190958597,-0.002952124316985624,-0.0020661730042238185,-0.001181737774334197,-0.0002745389224500302,0.0006562965020394905,0.0013818366274984868,0.0023630193760811446,0.003620976026504164,0.00613504589234617,0.007589124097417305,0.008434384157071269
2019-03-29,-0.005345106394408666,-0.005017161813759637,-0.004517410997231849,-0.003817083554313387,-0.003003130979676837,-0.0021203648355327914,-0.0012262932962941967,-0.00030430617074749336,0.0006427348282221901,0.0013862398765579148,0.0023964996671574797,0.0036413995289835905,0.006306805898238827,0.007821949018773778,0.0086617165126748
2019-04-01,-0.0051892703497024295,-0.004848541397056595,-0.004339061345296139,-0.003632011116062632,-0.002822423927780284,-0.0019411639592973326,-0.0010495910697092556,-0.00012974879906103658,0.0008142846168902396,0.0015614515275440516,0.0025972094625586004,0.0038921954569752634,0.006544800060577392,0.008088886786485115,0.008933015794296709
2019-04-02,-0.005027911139185576,-0.004895448571660578,-0.004584578203829465,-0.004066967557240503,-0.0034095953975693052,-0.00266836881948103,-0.0018921828948411418,-0.001069872061261734,-0.00019913759327426896,0.0005070005400151734,0.0015900511257589825,0.0031429958833657816,0.00528200140783226,0.006894916739699963,0.00773261618807006
2019-04-03,-0.005332482572575546,-0.005036044475343735,-0.004560844566531035,-0.0038990502377802285,-0.0031325434529766135,-0.002304179192322998,-0.0014555021497998563,-0.0005761482385437063,0.0003340895629987847,0.0010596752922749071,0.0021103323043911346,0.0035311192781099588,0.005928991307132647,0.007478442688659269,0.008332227653793739
2019-04-04,-0.005464124355743745,-0.005237577323127596,-0.004832017274828547,-0.00423312135786511,-0.0035160157328751208,-0.0027161392241148515,-0.0018840271488656435,-0.0010163698541629338,-0.00010825669101255324,0.0006300970539337712,0.001727734498826225,0.0032325397001545736,0.005591590850024443,0.0071963127161715,0.00804620990060973
2019-04-05,-0.0057910744171112485,-0.005739819088307337,-0.005480516796585434,-0.004999476448524792,-0.004363089375853226,-0.003607215322851848,-0.00279438021393444,-0.0019411933116826718,-0.001046171393492667,-0.0003180056195101246,0.0007829161299963052,0.0023349850923342808,0.004707467416286422,0.006320804457710874,0.007180652761641633
2019-04-08,-0.005178823043641136,-0.004858934144982856,-0.004366060311652531,-0.0036995446027596373,-0.0029661324091884095,-0.002206115751367055,-0.0014508225426148463,-0.0006709586493617703,0.00015897489548953548,0.0008209722428709069,0.0017195292041597757,0.0029014924363901322,0.005361377113570402,0.0067603620042587355,0.0076327285885041864
2019-04-09,-0.005539994591748065,-0.005324383944267068,-0.004930591731769129,-0.004327420696944211,-0.003610372445613645,-0.002822347671252104,-0.0020096552359125937,-0.0011684383602735622,-0.00028966418947997416,0.0004140601823109897,0.0014473755734700894,0.0029360873163129615,0.005232771744351694,0.006798639348536597,0.0076769042646828945
2019-04-10,-0.005611107150862103,-0.005470957077677385,-0.0051541270037810056,-0.004631110990548285,-0.0039882934381507505,-0.003273948414075614,-0.0025272584678832227,-0.0017437117812950942,-0.0009094992217275796,-0.00023428254578128317,0.0007672560221817982,0.0022090816964020657,0.004482271824897939,0.005999379459054254,0.0068790957851264534
2019-04-11,-0.005650428450645684,-0.005498392084760937,-0.005162635098428554,-0.004609722791790906,-0.003938822529820443,-0.003200203367593978,-0.0024323753520313573,-0.0016289360889673071,-0.0007763681224595347,-8.043559088841598e-05,0.0009575312184761687,0.0024255818068944163,0.004820805478731746,0.006391608377282933,0.0072979283920447426
2019-04-12,-0.005526809453431558,-0.005227921115093196,-0.004763648420809635,-0.004105998824198585,-0.0033428972843245392,-0.002543013592169456,-0.0017312125744382949,-0.000893026539477985,-1.9224847251420935e-05,0.0006706573917954846,0.0016600492731568875,0.0030760352419595947,0.005398491876418533,0.006925948527870989,0.00781538688311578
2019-04-15,-0.005214471743367822,-0.005030320524901764,-0.004676528970173863,-0.004120065964753051,-0.003443004334728956,-0.002706455269752617,-0.0019453518996348663,-0.00114444490936677,-0.00029698702640230896,0.00039194491334614126,0.001414371227857471,0.002829302046749357,0.005347913889390654,0.006955350828272045,0.007848522293566673
2019-04-16,-0.005097155007786517,-0.004961622830071739,-0.004675115407795729,-0.004190583080582973,-0.0035969221712896476,-0.0029462282292128804,-0.002272276973811656,-0.001552246988181013,-0.0007692447269244274,-0.00013019441853511567,0.0007945610844065495,0.002024383607457751,0.004605162886612644,0.006095600218805182,0.00697946932387285
2019-04-17,-0.004960280556016736,-0.004725938701515012,-0.004355257724136391,-0.0038030659615439985,-0.0031620553293755455,-0.0024845643545302635,-0.0017997137556557533,-0.0010739461899822822,-0.0002888751209852913,0.00033266497197414194,0.0011862740745943409,0.0023009770398276725,0.004912817404039595,0.00634884917318271,0.007249563341606151
2019-04-18,-0.005076447025321534,-0.0049142610991499735,-0.004622084123691476,-0.004153367448945122,-0.003588412085462811,-0.0029728905788686862,-0.002336055511371112,-0.0016490063431326696,-0.000896934816099058,-0.0002877178130573056,0.0005746545791094924,0.0016945563184886502,0.004379013293523372,0.005855015048948107,0.006747704607788284
2019-04-23,-0.0053136532809790905,-0.005207021355829463,-0.004970165530034856,-0.004551200017324086,-0.004032660576175045,-0.0034645173867967703,-0.002878842089193476,-0.0022416793124824205,-0.0015330100507870994,-0.0009618245287165174,-0.00017412871831135133,0.0008177121131559284,0.00350881375583184,0.004884139100971344,0.0057707069018617385
2019-04-24,-0.005599260722579554,-0.005630321544352461,-0.005538451349929432,-0.005262623832738766,-0.00487817491879503,-0.004438520645163215,-0.0039713197104386515,-0.003444527106468332,-0.0028282730163296335,-0.002323192507219228,-0.0016268560741933128,-0.0007338400015102287,0.0017195384855521023,0.0029235309631943807,0.0037985311216746057
2019-04-25,-0.005232319379901942,-0.005057618643433254,-0.0047732951513586985,-0.004322999976132453,-0.003810144305766066,-0.003276880013271084,-0.0027530110665636787,-0.002183076936426668,-0.0015402958893293794,-0.0010297509310263327,-0.0003711143014873028,0.00043157499932119925,0.0030116662251734334,0.004193393454407574,0.00507803355911124
2019-04-26,-0.005199188029500244,-0.005111810667908582,-0.004911980712783868,-0.004539156354274937,-0.004092388995912657,-0.003628434002365606,-0.0031675223298285155,-0.0026561550662697847,-0.0020592976551743014,-0.0015778826380995609,-0.000940944595423694,-0.00014522230595078952,0.0022448070844623275,0.0033861511367427512,0.004250159543084748
2019-04-29,-0.005968746421986162,-0.006164418740679035,-0.006198080716064223,-0.006006215960533734,-0.00566042502302537,-0.005201315465442301,-0.0047026220886132244,-0.0041390866516308545,-0.0034989329342672362,-0.0029610955693835654,-0.002207195586580512,-0.0013168066092235716,0.0013969832137692058,0.0026791913327440815,0.003533587938157256
2019-04-30,-0.005382623630364527,-0.005501632429933103,-0.005465258337311247,-0.00521059325912061,-0.004834961981998501,-0.0043853557596070965,-0.003915030622092434,-0.0033830081844748593,-0.002767552683266034,-0.002247136406213245,-0.0015213144273322776,-0.0007053723739981581,0.0021348116909396266,0.003468949614247657,0.004334109669253841
2019-05-02,-0.005773089680411869,-0.005913658557234551,-0.00585656296865151,-0.00555260259258256,-0.005109397929403859,-0.004581954415344149,-0.004028236021486406,-0.0034186268486515077,-0.002742543469298707,-0.0021854633280110414,-0.0014185768531822095,-0.0005283312461875772,0.002394885814219987,0.0038008402909949918,0.004688769694590065
2019-05-03,-0.005570868925501594,-0.0055955608608354085,-0.005396243000156869,-0.004937616055199011,-0.004357095461618513,-0.0037265753699904595,-0.0030976292706374237,-0.0024267169026321598,-0.0017071298228723197,-0.0011375832709636143,-0.0003784517345532467,0.000532310898189538,0.00334872327547444,0.0047693235059274395,0.005662614583833827
2019-05-06,-0.0055890688268159985,-0.00577370391740288,-0.005703692869518756,-0.005343964947295932,-0.004823920681027205,-0.004217091574488276,-0.003592640776013591,-0.0029185573000613954,-0.002196248133763969,-0.0016178095689327319,-0.0008134752942718581,0.00019152073804864882,0.0029698395882763228,0.0044540802572562415,0.005348166746620869
2019-05-07,-0.005083229027917829,-0.005200127235859822,-0.00505700621770688,-0.004622708948018442,-0.0040267516938978995,-0.0033444694202550266,-0.002650034752912594,-0.001908082342172225,-0.0011301517404156728,-0.0005097287442719241,0.0003680845976563921,0.0014699747701841057,0.004406327292534716,0.006043611267892357,0.006935120266402039
2019-05-08,-0.005123225559632081,-0.005190282835584822,-0.005028385845514425,-0.004599564574128773,-0.004037498318838882,-0.0034099834304295654,-0.0027807271995050993,-0.0021055026622833445,-0.0013825393290504923,-0.000816859198749282,-8.626950195135107e-05,0.0007420947048304158,0.0036140496609293827,0.005032040047385865,0.005951487566099255
2019-05-09,-0.004996039722279861,-0.005031792724576712,-0.004776001686203756,-0.004359989995771372,-0.0037472923874311923,-0.0030626584541748737,-0.0023710524510787492,-0.0016352055582939656,-0.0008666518605623849,-0.0002634793727050537,0.0005550080637274022,0.0015701689185203323,0.004305119272196952,0.005827960388687508,0.006702817786450227
2019-05-10,-0.005347915783643057,-0.005560117147020398,-0.005463394772124403,-0.005171783693255843,-0.004636988413807279,-0.0039848977426184175,-0.0032925604429498647,-0.002542987907825689,-0.001756817088086481,-0.0011262103865816823,-0.00022995867329118794,0.0008612597876893499,0.0037777294232591704,0.005400475064325566,0.006260963844975914
2019-05-13,-0.004916315275743296,-0.005075415248461001,-0.004971469319955188,-0.004701890538291536,-0.0042230196815024185,-0.0036472729378922214,-0.0030519629744738363,-0.002394907047914961,-0.0016840582758718455,-0.0011122988245676696,-0.00034691903730967694,0.0004958615119715392,0.0035338692242916224,0.005012698156058805,0.005884702831276156
2019-05-14,-0.005200072097875551,-0.005471787295540941,-0.005471933918200621,-0.005291533079021263,-0.004864051993466152,-0.004298912631345835,-0.0036898771984657645,-0.003013337080100285,-0.0022828645772914424,-0.0016865298291428386,-0.0008411090986388961,0.0001486132828295217,0.0031203250947250518,0.004670487318076621,0.005550733548298846
2019-05-15,-0.005074768592551541,-0.00526281879462292,-0.005192883601179433,-0.0049444811406398285,-0.004493108026261206,-0.0039029289181100706,-0.003276906066203748,-0.002585285778784427,-0.00184362593432131,-0.0012426390144972624,-0.00044485057065237995,0.0003497248835401058,0.0037330493241645537,0.005271278624221214,0.006151221074315851
2019-05-16,-0.004821945059447113,-0.004858675255847953,-0.004642209354297339,-0.004258310699163502,-0.003700530361705305,-0.0030390832651128728,-0.002368527234269208,-0.0016362008665289978,-0.0008611021558813419,-0.00024159619911882577,0.000545988161083892,0.0012805793133100507,0.004857928947142579,0.006449169331787781,0.007322878630201728
2019-05-17,-0.005093274576233965,-0.005158939563902186,-0.004969747061084566,-0.004606867563048144,-0.004060410076121179,-0.0034039072764343557,-0.002728397091171235,-0.0019955485643320006,-0.0012243109532344616,-0.0006104202766220423,0.00019852156869223014,0.0010174888155853122,0.004503426859011261,0.00605695728404725,0.006928982016658935
2019-05-20,-0.005115566196906345,-0.005164592173591911,-0.004954719997500929,-0.004574001644261588,-0.004005448213353185,-0.003327342190399656,-0.002626158351988239,-0.001868745531659316,-0.0010739193845777954,-0.0004469387905554948,0.0004006052825213328,0.0013444565527387581,0.004599231389488071,0.006157907660038528,0.007035944922229968
2019-05-21,-0.005193091173042633,-0.005214308209783621,-0.004969862366756256,-0.004554080967376192,-0.003964037791546009,-0.003279994637821066,-0.002582115355548831,-0.0018251588280217231,-0.001032592463776172,-0.0004139474447219363,0.0003868607250929635,0.0012128975097438351,0.004582809413382565,0.006078394448155786,0.006947414739105099
2019-05-22,-0.00530589246906386,-0.00543411667756247,-0.005328292725749312,-0.0050648489705878465,-0.004600886045725164,-0.004029643612136811,-0.003422611899550093,-0.002746043071894152,-0.0020106160304582225,-0.0014106222729066795,-0.0005894597032417923,0.0002740161582794171,0.003602238564343719,0.005097602888851029,0.005952788275935598
2019-05-23,-0.005243067126620636,-0.005178756276184919,-0.004883988056311728,-0.00444373140663702,-0.0038325767618986014,-0.0031359157990273148,-0.0024281076068587448,-0.0016622337431127095,-0.0008635603889856321,-0.00022795672179809988,0.000599011723545411,0.001437711818562667,0.004893596602110419,0.006392235849043777,0.007246704839986962
2019-05-24,-0.005455410774286672,-0.005554568179198993,-0.005413597460138656,-0.005108849800969403,-0.004596222273686398,-0.003955356100051823,-0.0032720566558937063,-0.0025242903759243127,-0.0017358470491469391,-0.0010969193205418695,-0.00023013389410554382,0.0006778796969990045,0.004099493498312243,0.0056177674555234125,0.0064768981907579095
2019-05-27,-0.005790826182534066,-0.005845302832487477,-0.005653846153635475,-0.00529681490591912,-0.004740272849417425,-0.004054601982396233,-0.003331216675817972,-0.002548429712625069,-0.0017344261014047935,-0.0010842388859327017,-0.00025664695963592413,0.0005116945330484385,0.004200253890677702,0.0056682572184646556,0.006529667125084866
2019-05-28,-0.005788209641480495,-0.005887347729040217,-0.005747636320597438,-0.005441049589471462,-0.004927981070817153,-0.004278487166340949,-0.0035835027552428445,-0.002826917841278288,-0.0020303765003660953,-0.0013837863405561223,-0.000538961950899804,0.000265743569922557,0.0038279009147985546,0.005269750184229637,0.006134089897952022
2019-05-29,-0.005184637723874224,-0.0051028435024754355,-0.004804960903632634,-0.00436963732043231,-0.0037671299586593786,-0.003069301953322608,-0.002358998289377692,-0.0015981905381104362,-0.0008031707191770738,-0.00017343893713270438,0.0006273765151273192,0.0014215421692191869,0.004798565099479956,0.006190482488097682,0.007041198435277923
2019-05-30,-0.005843986324679917,-0.00588076543816118,-0.005667065425325729,-0.005284817069658312,-0.0046973545855819995,-0.003996111712709846,-0.0032576963502272092,-0.0024689515613224564,-0.0016516650210915492,-0.0010077195913524826,-0.0001415181320416647,0.0008349057973189786,0.0039049079465491143,0.005287551407826647,0.00613940674582536
2019-05-31,-0.005668288184338695,-0.005687616632712763,-0.0054558784015860656,-0.005061932794764508,-0.004468894010102984,-0.003772934730090804,-0.0030552587476724864,-0.002282819405642367,-0.0014817603750747264,-0.000849782922926971,-1.80042417795422e-05,0.0008715086531617387,0.004065340678548806,0.005433691221156468,0.006284977869073203
2019-06-03,-0.0059275175149901965,-0.006024051401283556,-0.005849592116074011,-0.005501552546155266,-0.004938145535586943,-0.004262458250093832,-0.0035560345859705174,-0.0027899971468824548,-0.0019906779462085427,-0.0013575983960359968,-0.0005405672740964921,0.0002805713506635562,0.0035990904195340847,0.004949671100257324,0.005803400042512705
2019-06-04,-0.0056538305163106725,-0.005687445739563181,-0.005455555938508975,-0.005058025517662603,-0.004459857256526489,-0.0037610664191173137,-0.003039488933437311,-0.002263106002915285,-0.0014565841390375737,-0.0008169719977959914,9.666540778685692e-06,0.0008495841815500682,0.004226869660231927,0.0056332744738665196,0.0064897866683066244
2019-06-05,-0.0060127701557282495,-0.006263206863406517,-0.0062573110371376885,-0.006076843367266347,-0.005652535333437977,-0.005096735523568347,-0.00449347079594042,-0.003820563206580022,-0.0030932515365313697,-0.0025045327991288046,-0.0016911762130329853,-0.000748123432390685,0.0022259931245311427,0.00356389694464679,0.004407113566709806
2019-06-06,-0.006038599124717324,-0.00616270066957944,-0.006020746742658387,-0.005706185351474527,-0.005169853321391023,-0.004513256244014297,-0.0038221941757226236,-0.0030721090087498003,-0.002286997438276662,-0.00165568520007612,-0.0008229545361965933,3.582799419664102e-05,0.0033707461202982193,0.004744190911623607,0.005596016555546939
2019-06-07,-0.006200650854421704,-0.006340521301479755,-0.00620969108938048,-0.005902542161661669,-0.005370584469033233,-0.004720502818292402,-0.0040391816926295615,-0.0032998068626207524,-0.002527268845194177,-0.0019096516004797276,-0.0010824801099231258,-0.00020747871892421365,0.003048224646696288,0.004409978316282182,0.005233930596458258
2019-06-10,-0.00599384646717112,-0.006194526649233922,-0.006116040513319876,-0.0058483868116857764,-0.005337191246978735,-0.004688904491495079,-0.003997947972658475,-0.003244073937842857,-0.002453520085229645,-0.0018188168640334795,-0.0009662400777414158,-4.640246936659688e-05,0.003223882480433718,0.004654698391868548,0.005490153935040409
2019-06-11,-0.0062357735090748856,-0.006443182922247036,-0.006361495380169276,-0.006087091686636091,-0.005568506620121908,-0.004924493751743276,-0.004242430622987753,-0.0035028176411308737,-0.0027275094447241624,-0.002109223977281072,-0.001284111153396313,-0.0003531140343228592,0.00270887754374643,0.004041222613361433,0.004899981252771224
2019-06-12,-0.006225563786829185,-0.006363394559638435,-0.006219153022169622,-0.005885648064889412,-0.005329699681286999,-0.004653534308401268,-0.00395234917895218,-0.003199724653524871,-0.002415799828642199,-0.0017971780250777823,-0.0009980741261524343,-0.00014444382631757834,0.0029696343959857274,0.004283291460130274,0.005115982070915343
2019-06-13,-0.006622678915533007,-0.006942254666047692,-0.006930980990568163,-0.006694007479807215,-0.006187983162855942,-0.005540441008013594,-0.004850199494358913,-0.004103779179004973,-0.003326791906036287,-0.0027124125104278753,-0.0018702155157147235,-0.0008473462280501947,0.0019442069198084616,0.0032762338120659014,0.004101697246443302
2019-06-14,-0.006482375201132436,-0.006894173680908996,-0.0069673755408899436,-0.0068055332691744005,-0.006357326034582425,-0.0057483369111207385,-0.005086110962544953,-0.004359777086467884,-0.00359683408989793,-0.002982548679903728,-0.0021160654169439163,-0.0010632530350227045,0.0018031713242398163,0.0031766081438409383,0.004002378458722169
2019-06-17,-0.006217845446530753,-0.0065656413016752894,-0.006560983130425983,-0.006325196105135818,-0.005815024121521622,-0.0051554649161323005,-0.004446998847415095,-0.003684983436578065,-0.0028937799188684145,-0.0022662237944515167,-0.0013902278292837978,-0.00030497287455926483,0.002567414763201202,0.0039840712687423604,0.004809324410842078
2019-06-18,-0.006255939932884739,-0.00654696014179172,-0.006495036491294185,-0.006212430631641963,-0.0056554144614704436,-0.00494648189707142,-0.004195330232368011,-0.003395113610720802,-0.0025778635455205026,-0.0019314148355539097,-0.0010329153253712748,6.478291808070157e-05,0.002996944888240083,0.004434893389835357,0.00526736724721691
2019-06-19,-0.006044439964622444,-0.00636233216995281,-0.006339341903887698,-0.0060840767757232295,-0.005543282052736731,-0.004830374024152523,-0.004059432583610553,-0.0032334103947855197,-0.0023910819840490772,-0.0017213844322043102,-0.0007737213955503145,0.0003711973650038374,0.0034503313188284316,0.004993233564519987,0.005823993275048612
2019-06-20,-0.006180791694750337,-0.006435563609193143,-0.006343372436593132,-0.006018394797366,-0.005413512956711296,-0.004641583036750443,-0.0038215096323567835,-0.002957264423613698,-0.0020867572874323282,-0.0014044470369164587,-0.00044788736524022587,0.0007471823391738976,0.003741464856093087,0.005268925582177697,0.0060972372131766536
2019-06-21,-0.006365328665123415,-0.00678267528046661,-0.006863135638653316,-0.006706746261684958,-0.006253497350607392,-0.00561283862301692,-0.004900666548592429,-0.004128460644121717,-0.0033244303474936144,-0.002673527255067483,-0.0017436409571052877,-0.0005958582705161736,0.0024116125864619502,0.003925063312231589,0.00474800937193484
2019-06-24,-0.006172846275562684,-0.006407927922405888,-0.006327300287266206,-0.006028324266910064,-0.005466812181407301,-0.004740985104101198,-0.003965283968622281,-0.00314281397002688,-0.0023033236960257894,-0.0016360443765235568,-0.0007111784738200034,0.0004056575482044862,0.0035126389532752337,0.005036087671628403,0.005858163635736929
2019-06-25,-0.006459845488951805,-0.006895871601592423,-0.006987059670648638,-0.00683590532201076,-0.00638687422206891,-0.00576222447594192,-0.005070587497051733,-0.004319537282355516,-0.0035289547999066036,-0.00288561479820292,-0.0019628547360126835,-0.0007867173518408343,0.002060144447782522,0.00354954941485539,0.00436427380797279
2019-06-26,-0.006444117848979646,-0.006839452522287934,-0.006893455460596348,-0.006705616523986034,-0.006222238396358515,-0.00554629395564964,-0.0047992360824191055,-0.003997025021481268,-0.0031707473869430907,-0.002501677623315367,-0.0015531372192028304,-0.0003740594783038787,0.002617735571778027,0.004148176224582705,0.004959287234793574
2019-06-27,-0.006658124190443943,-0.00707020228737256,-0.007165082901512182,-0.007026419810715095,-0.006595347614276504,-0.005959894666985562,-0.005249760058969994,-0.0044826786608960075,-0.003684349071693073,-0.003030379852636818,-0.0021172344956758133,-0.0010384779720409136,0.002025213831234736,0.003477200735596642,0.004289305795427952
2019-06-28,-0.0066142322084863986,-0.0070320507793255,-0.007141338655278532,-0.0070090859049468275,-0.00657873238805216,-0.005927806285394417,-0.005194181662993834,-0.004402200121007264,-0.0035801363456333334,-0.002901021254854633,-0.0019245045174940305,-0.0007764074948469794,0.0023901524522774087,0.003934092548453445,0.004734627621373992
2019-07-01,-0.006913658875851935,-0.007289877636854689,-0.0073748730352942585,-0.007222044117091582,-0.006778428165778628,-0.006124632702355383,-0.005398548100853236,-0.004616108311680882,-0.0038089013676809074,-0.0031526421157756935,-0.0022137397533250392,-0.001049177032852266,0.0018607379052227343,0.0033236698672498076,0.00414017210079999
2019-07-02,-0.006339841444974013,-0.006728467310125111,-0.006849185815929455,-0.006748448213794434,-0.006371659431393984,-0.005786649432584163,-0.005123350317420095,-0.004398615686558721,-0.003636460186920297,-0.0030089740393598506,-0.0020946045401004053,-0.0009571394921361847,0.0018511830376262573,0.0033019225320592483,0.004097518381850502
2019-07-03,-0.006445299810993885,-0.0068137244878953875,-0.006901634819362154,-0.006778332812389289,-0.006397727822318733,-0.005818716057308914,-0.005143799043021673,-0.00441719741472443,-0.0036591765706005574,-0.0030448015257443896,-0.0021436638632217693,-0.0010213309101271815,0.001717610280572439,0.0031194885900182033,0.003917298930698895
2019-07-04,-0.006721602895002171,-0.007137297369643119,-0.0072599104240088815,-0.007151174802929926,-0.006763062135802655,-0.006144052298328755,-0.005419847538810578,-0.004651762802022901,-0.003862493282444146,-0.0032335470336385796,-0.0023384652860774496,-0.0012945071258676879,0.0017148101261814626,0.0031453903917800677,0.0039334300622495995
2019-07-05,-0.0065695602822223404,-0.006986891000308059,-0.007154559412101184,-0.007114305438977365,-0.0068234452864718055,-0.006331702139299109,-0.0057511834213485,-0.005120953814095751,-0.004450369375834505,-0.0039114828509249225,-0.003143663521867765,-0.0022574855182661314,0.0005218346164664448,0.0017442219340311526,0.002549616205506842
2019-07-08,-0.0068794768233735966,-0.007309714729871803,-0.0074876259259982585,-0.007448586226360427,-0.00715667716210087,-0.006663942064093251,-0.006087008961710209,-0.005463960200740506,-0.004800461012300438,-0.0042743505956347756,-0.003564418779469866,-0.002776636260332667,-5.64683713939044e-05,0.0010634145042131156,0.0018170467230749336
2019-07-09,-0.006756691444296423,-0.007115072736261094,-0.007184523061722198,-0.00701911757900555,-0.0065911521096593964,-0.005957232480892115,-0.005239272258631405,-0.004483567307072653,-0.0037068705374386224,-0.00309944782324133,-0.0022722435213779362,-0.0013045085400347402,0.0015655463071352744,0.0029365639843984487,0.0037160254454898277
2019-07-10,-0.006557694098504591,-0.006961717863757099,-0.007088445642165509,-0.00699159644621187,-0.006643641950969909,-0.006101533956476669,-0.005471602141177519,-0.004801684610904393,-0.00409488519677806,-0.0035319748984378725,-0.002745317600685566,-0.0018526833806239,0.0009997406446550818,0.002300916028133626,0.003090527052920556
2019-07-11,-0.006782738628760979,-0.007141378549037476,-0.007214514582366337,-0.007069865610324476,-0.006692107746580859,-0.006138298118961912,-0.0055069272004128296,-0.004839966944122444,-0.004138285873029212,-0.003588840137162414,-0.00286077296945233,-0.0020890982381512324,0.0008840999359730278,0.0021176186181930783,0.0028980159758678174
2019-07-12,-0.00670869707575148,-0.0070077086016556685,-0.007039125216161786,-0.006876366877605484,-0.006491376789340141,-0.005949902583698745,-0.00533825799225448,-0.0046883115273438514,-0.004005332315873099,-0.0034727328919125066,-0.002775214375879986,-0.002019836556693659,0.0008352981744122862,0.0020298113856829646,0.0027974443044542024
2019-07-15,-0.007337373847229383,-0.007602212658997046,-0.007606304221361137,-0.007420459875884018,-0.007029726694990733,-0.006501773532993813,-0.0059134062030845955,-0.0052921478549338595,-0.004643994586464986,-0.004152071064223985,-0.003552090245472593,-0.002951609035926603,-0.0001546053127088711,0.0008518008705778006,0.001616877631304427
2019-07-16,-0.0071177562694531345,-0.007426359611288902,-0.007449810014293095,-0.007268042345477575,-0.006858646319591181,-0.006288068454232653,-0.005647363966236503,-0.0049693258267620504,-0.004268497829958911,-0.0037264499950227003,-0.00304689434969717,-0.002410110481506271,0.0007247998743843864,0.0018889471854078737,0.0026696624930338023
2019-07-17,-0.008136989431210261,-0.00865147147046369,-0.008878185834403368,-0.00887978304057799,-0.00860590962002309,-0.008115134061493301,-0.007506625379975827,-0.006854463187738824,-0.006166837489671336,-0.005639615756308052,-0.004981385225566067,-0.004365834158389296,-0.00129935313713179,-0.00018894042224427022,0.000567752474331407
2019-07-18,-0.007548585265807313,-0.007836928193865294,-0.007827689071431195,-0.007616995012079569,-0.007194693937003065,-0.00663105681014122,-0.006005243604349786,-0.005344559649544254,-0.004665182228455786,-0.004150627269777069,-0.003516338292662661,-0.002887457869709503,5.414842955249466e-05,0.0011638829082482457,0.0019183718814480366
2019-07-19,-0.007867281384181395,-0.008210988584892758,-0.008253517087049366,-0.008081711486916627,-0.007689303503177841,-0.007151387489835582,-0.006546609352864275,-0.005905993484773691,-0.005245159748451532,-0.004752135810524333,-0.004149652469534951,-0.0035562338963258857,-0.0007293478667184322,0.0003989530962957158,0.0011549117352726347
2019-07-22,-0.0074069910789374875,-0.007629572540981609,-0.0075492707863532744,-0.007264734617462085,-0.006777448613093656,-0.006162403634813305,-0.005492630220700755,-0.004790209135059,-0.00408061202845304,-0.0035470941555020763,-0.0028753069698180906,-0.0021776083700831023,0.0007055915100907233,0.0019505674944807925,0.0027149204201536046
2019-07-23,-0.007777273335109977,-0.00811568417807106,-0.008171855665019804,-0.008021088427692589,-0.007645650074290711,-0.007123115697094194,-0.006526064832804977,-0.005887143941108952,-0.005222787842185488,-0.004719091487559501,-0.004065115606263397,-0.0033419229514836594,-0.0006936886102401304,0.0005079610689082694,0.0012572009335895028
2019-07-24,-0.007573053720849297,-0.007927070897553781,-0.008009977807082005,-0.007890563653353798,-0.007549626729676587,-0.0070599515313624454,-0.006495114186167381,-0.0058856066875918635,-0.0052459593755821805,-0.004755476370022903,-0.004129852011041522,-0.0034944431163745735,-0.0006303703372422128,0.0005783211642683644,0.001323682450599995
2019-07-25,-0.0074035939231380824,-0.007704382808151818,-0.007715088668060409,-0.007520675784957816,-0.007113685813233326,-0.0065798284872934125,-0.005984231334344215,-0.005348848210717357,-0.004691818529894982,-0.004194735449642403,-0.003559833018514236,-0.0028763150615044057,-7.804426916414582e-05,0.0011757011182012699,0.001920048510652402
2019-07-26,-0.007557467066602837,-0.007916630556592407,-0.007972754250605901,-0.00781167814549564,-0.007422797721275916,-0.006893968819839471,-0.006293148359463848,-0.005648665614224921,-0.0049823799448299325,-0.004477101615035436,-0.003816108461245741,-0.0030570137068866546,-0.000322373157355692,0.000998531235944528,0.0017293428054807039
2019-07-29,-0.0074758363903935175,-0.007853022245479941,-0.007921621308162768,-0.007772627756468302,-0.007395288261431902,-0.006887307926031068,-0.006309883209913327,-0.005690828484616198,-0.005041973010390673,-0.004555037776936938,-0.003934093134890652,-0.003218413904188938,-0.0005083517314160826,0.0007961990791079535,0.001525079080140537
2019-07-30,-0.007407898504112392,-0.007906002710682957,-0.008100804522284117,-0.008073679761573516,-0.007789574207417338,-0.007351950740911377,-0.006826854216595661,-0.006250720548146745,-0.005639935839742179,-0.005177150267829808,-0.0045419263100421655,-0.0037704521857830193,-0.001094930725557682,0.00023745289037977856,0.0009647024620474872
2019-07-31,-0.007888859219060384,-0.008341569365771228,-0.008477230810386038,-0.00837920675111644,-0.008025148695568689,-0.007512091821909459,-0.006919233790900183,-0.006284443092405216,-0.0056248381379830304,-0.005110287316561794,-0.004419100792479742,-0.003650625499539796,-0.0006882506340589666,0.0006889348844695923,0.001420654516774633
2019-08-01,-0.007854105936925985,-0.00829124400717661,-0.008443797835454667,-0.008358446581140353,-0.008032858128584367,-0.007585127846234326,-0.007069457881414588,-0.006514432566738765,-0.005937694804091229,-0.00546226267327122,-0.00479976107574156,-0.003258958158915749,-0.0016411881951127576,-0.0002874563297081324,0.0004239181636291146
2019-08-02,-0.007558409945067425,-0.007895571586838786,-0.007972153213661834,-0.007833075267997532,-0.007481796356199536,-0.007018631673520321,-0.0065003331751056215,-0.005942575255876676,-0.00536031262313019,-0.004881218913183698,-0.004276326997849737,-0.002841049298013805,-0.0008903433066596337,0.00045872175737319176,0.0011770974631145562
2019-08-05,-0.00794290931626339,-0.008236372134206213,-0.008232756216136845,-0.00798777397293706,-0.007485766860778362,-0.006846008568778129,-0.006137409703429579,-0.005395882964931354,-0.004665438578660689,-0.0040626772385348375,-0.0032627195894736442,-0.0016648256656060908,0.0005528519836104698,0.002119627535560133,0.002845363913622353
2019-08-06,-0.007605186404903832,-0.007951701858730351,-0.008032230711556768,-0.00788358480964363,-0.007482409516425186,-0.006948709406374909,-0.006346840134843717,-0.005708331428461976,-0.005064425406427923,-0.0045229246411198605,-0.003764477970884944,-0.002194160016776657,-0.0001492150544547074,0.0013522906260303893,0.0020781128547876556
2019-08-07,-0.007706237327401435,-0.007974940875491894,-0.007993916377526658,-0.007805092498054388,-0.007380355404811964,-0.0068430670366125676,-0.006247578113165175,-0.005618637177294788,-0.004984633986555463,-0.00445352307796716,-0.0037126760610254003,-0.002149212500164866,-0.000275578977779352,0.001186004516955696,0.001897027604042491
2019-08-08,-0.007685537598858813,-0.007888794305790234,-0.00780121813076922,-0.007476941639876136,-0.0069026690111590175,-0.006197118356174161,-0.005428281035054489,-0.004633163095758969,-0.0038609065513260897,-0.003232532054453052,-0.002395357660137244,-0.0007088286152987452,0.0014128140408333745,0.0030168951835808453,0.0037513208106159882
2019-08-09,-0.00761083485637642,-0.00779027319891088,-0.007664213133264525,-0.007293584516819288,-0.006671921711578309,-0.00592370013478548,-0.005104912320544289,-0.00425322795821121,-0.0034194916601887797,-0.0027345035828218764,-0.0018097203965434917,-7.11371316441495e-05,0.0023191613945182095,0.004107384502680044,0.0048276846031324264
2019-08-12,-0.0075978397773770615,-0.0077294309810502,-0.007571207007510258,-0.007177914596586244,-0.006540816203445096,-0.005785846342099668,-0.004981049271555799,-0.0041494797362963505,-0.003351906268706823,-0.002705976932254773,-0.0018535847605096233,-0.00014056135730037764,0.00207807124821245,0.0037318705436606317,0.004498652302362802
2019-08-13,-0.007530391645593584,-0.007759151044490305,-0.00770540133464238,-0.007419793351109028,-0.006875286445374716,-0.006194800478458325,-0.005446543264117023,-0.00466501851981027,-0.003910804773243566,-0.0032924710967430645,-0.0024445710157366273,-0.0007113406327585211,0.001448360963816948,0.0031292622209710768,0.003878725826677338
2019-08-14,-0.007883482808070651,-0.008025886141002133,-0.007900699653488013,-0.007553768182558203,-0.006967128242188028,-0.0062608510297762895,-0.005503838874370432,-0.004729046573706733,-0.0039878269539181995,-0.003392945210746671,-0.002621827287786423,-0.0010577810009110632,0.001095400167078566,0.002632399658856939,0.003391132728283549
2019-08-15,-0.007489591934821486,-0.007645586230124872,-0.007544988522314044,-0.0072323019811181815,-0.006676587613094352,-0.005994578750189676,-0.005251191813834742,-0.004494100140944651,-0.00376899201183842,-0.003181901614296125,-0.0023595648442060603,-0.0006980040638401503,0.001318371649931566,0.0028969316656429584,0.0036646925417325414
2019-08-16,-0.008207077067490494,-0.008525965386102539,-0.00857808424454385,-0.008399296306016102,-0.007937036291362854,-0.007304823882283111,-0.006581577389622405,-0.00583326019331807,-0.005111870526937372,-0.004518832651787421,-0.0036856337946523923,-0.001987300906171491,7.903887069577494e-05,0.0016793761570037854,0.0024335814981441407
2019-08-19,-0.007972374293323052,-0.008204290503171775,-0.0081584735689923,-0.007882203527074267,-0.007341161834943316,-0.006650890323807934,-0.0058718675491899915,-0.005078436129822919,-0.004312348198797175,-0.0036895169675413434,-0.002818520683538902,-0.0010683211376765862,0.0010780234606685226,0.0027567029936516685,0.0035185796399519543
2019-08-20,-0.00834243225345708,-0.008672098375503978,-0.008724163356027622,-0.008538255059230455,-0.008078083459331283,-0.007467844041845768,-0.006768106618341253,-0.006048429825515258,-0.005341361843148146,-0.0047611107904032375,-0.003933299933317095,-0.0022292631691865276,-0.00033487215246566287,0.001215140152298819,0.00196492104786806
2019-08-21,-0.008019751923807676,-0.0083081556526755,-0.008298046453826492,-0.00805053144105148,-0.00753936336711787,-0.006893615302328286,-0.006160321376401071,-0.005414664645005222,-0.004688335165814423,-0.004087568571054577,-0.0032092497023780606,-0.0015379195369297372,0.0005639358720971115,0.0021886744626215325,0.0029493122166159326
2019-08-22,-0.008079174755597468,-0.008359348011263727,-0.008342081879805832,-0.008089250473931728,-0.007582097986962373,-0.006962092529276875,-0.0062722956832396174,-0.005571868898605408,-0.004883607866752378,-0.004312200365182598,-0.0034694550780484134,-0.0017135774535590158,2.5077025631612478e-05,0.0015796934353218212,0.0023462344526155826
2019-08-23,-0.00797862576520716,-0.008303163773123623,-0.008334172007473944,-0.008131576311349566,-0.007679761640233066,-0.007100016120678015,-0.006414030519230458,-0.005725055841729043,-0.005044749935181932,-0.004484264072779368,-0.0036237586773241416,-0.001855303611919248,3.327352660782007e-05,0.0016423870551151864,0.0023928601553393943
2019-08-26,-0.007537307207228218,-0.007842131753109565,-0.007880511618241992,-0.007702418957628875,-0.007291253908824639,-0.006772821451575336,-0.006177602247972957,-0.0055647459120918875,-0.004943629831327999,-0.004417388939200567,-0.003613742573256272,-0.002014023644368872,-0.00022129582555394263,0.0013062641877107767,0.002063816233096341
2019-08-27,-0.007867989911916472,-0.00815209559337298,-0.00816768376161271,-0.007962943096720696,-0.007528429928652309,-0.006999224716540107,-0.006397469849037651,-0.005779486735486362,-0.005152998364009803,-0.0046307120057028275,-0.0038527080259632683,-0.002209357005661919,-0.0005684955905252336,0.0009292523159487063,0.0016710887505491847
2019-08-29,-0.0077298557057012334,-0.0079862537017669,-0.00796502127541461,-0.007720103191624988,-0.007248749422847168,-0.006692563547891722,-0.006070493521050926,-0.005436965945488748,-0.004800867912097277,-0.004275067243883567,-0.0035026566414248766,-0.0018634413739181577,-0.0002329806356254579,0.0012870219665107687,0.002035368512138744
2019-08-30,-0.008134192647890415,-0.008453745642462858,-0.00850695884095203,-0.008335214617876733,-0.007925284090177979,-0.007421311053269846,-0.006840032476210219,-0.006246048671113274,-0.005643156489197724,-0.00514738009946036,-0.004409415171898614,-0.0027482479038568285,-0.0014500600256947551,1.9673979135150237e-05,0.0007576319930750592
2019-09-02,-0.008008019495253984,-0.008323887036224999,-0.008379233228534207,-0.008200476311547156,-0.007822075365377483,-0.007349717942364685,-0.006821468730864988,-0.00627254012429657,-0.005659159594939402,-0.00513321839318121,-0.004615298351588567,-0.003443639386639575,-0.0015292228117703786,-0.00020499808706451973,0.0005294196493738051
2019-09-03,-0.008295563311535532,-0.008628534907872467,-0.008709159616280682,-0.008553517708226975,-0.008199092834675781,-0.00777419191456831,-0.007297916403977201,-0.0067997148724405964,-0.006231222859413754,-0.005742458472042599,-0.0052187760355000955,-0.003886218935121642,-0.002515131221200596,-0.00137614697479411,-0.0006797599149142275
2019-09-04,-0.008641753390689497,-0.009056864370072571,-0.009194467771150667,-0.009080466734702098,-0.008754247337652224,-0.008363820023458096,-0.007923437898048611,-0.007453873673845651,-0.0069112597622350705,-0.006440827885166903,-0.005923094443200804,-0.0043938115057127435,-0.0034154730645815415,-0.0022149440067989125,-0.0015497242050247755
2019-09-05,-0.008571090715077626,-0.008956471340260374,-0.00906479292717159,-0.008924275398615341,-0.008569274944965746,-0.008132201796207212,-0.0076341316590777765,-0.007111647390560558,-0.0065274796794036645,-0.006029086051682458,-0.005491520234302578,-0.003974078574211585,-0.002767497485034514,-0.0014302349807416397,-0.0007582218732820477
2019-09-06,-0.009157829050801678,-0.009663954496705363,-0.009891999882927164,-0.009862690699101699,-0.00960526859482757,-0.009258111273671321,-0.008844322854081224,-0.00839740945469607,-0.007878665024870586,-0.00743890234058506,-0.007030738852254907,-0.005708700440851715,-0.004619899625180551,-0.0034270713125218975,-0.0027808759212553822
2019-09-09,-0.008747257297358212,-0.009245560670032656,-0.009456643068169826,-0.009406014210110569,-0.009112794119274167,-0.008708370739174666,-0.00821697238187174,-0.0076947333665014885,-0.007112220541915791,-0.006617461952668103,-0.006085300479731536,-0.0046299056080248025,-0.003311942607062519,-0.0018813251832952003,-0.001235555468086152
2019-09-10,-0.008969556136085336,-0.009465077256587151,-0.00968196854913497,-0.009645283529754698,-0.00937844561119583,-0.009024047261600172,-0.008592859547708883,-0.008133086353067856,-0.007611048801006729,-0.0071748086914255275,-0.006752593939124096,-0.005346153673847845,-0.004252462064378644,-0.0028965473894587866,-0.0024128031678777914
2019-09-11,-0.009084517677948031,-0.009579052734428158,-0.009783504002734998,-0.009725544555770573,-0.009432311905688816,-0.009051866528936066,-0.008598179354850155,-0.008116746648775474,-0.007573148249678882,-0.0071173997922113225,-0.00664633118873292,-0.00516731575349911,-0.004237241637976098,-0.0028738466445835005,-0.002242440111717091
2019-09-12,-0.00882055476050426,-0.009218663104598512,-0.00935766323723293,-0.009258293354762536,-0.008950231208720447,-0.008574425480720597,-0.008135509762325325,-0.007670902280555168,-0.007146693857431933,-0.006711028632780247,-0.006281006381936649,-0.004894441346916553,-0.004064192208331527,-0.002811753698573176,-0.0022000594718050463
2019-09-13,-0.009061380428107767,-0.009569049662598486,-0.009824601822563067,-0.009832136745764719,-0.00965188381402618,-0.009360833086763555,-0.009031936268361499,-0.008666667576948025,-0.00822762453741674,-0.00786648188286078,-0.007482067578955613,-0.006160766883417028,-0.005373889362956462,-0.004250612346255223,-0.0036120529467609484
2019-09-16,-0.00971504169647792,-0.01012934456125683,-0.010295614482004388,-0.010219269632847968,-0.009979796942753269,-0.009649303301074427,-0.009296743285450685,-0.008917464758598491,-0.008475166381985033,-0.008121671842656457,-0.007794774104897659,-0.006699623606291894,-0.005772624096719423,-0.004814948270631985,-0.004179166905962049
2019-09-17,-0.009471539502761509,-0.00985372991286022,-0.009976526101354098,-0.009850090843564573,-0.009551410687885484,-0.00915500833552782,-0.008729695568069759,-0.00827882019717942,-0.007775526117787802,-0.0073652914029309745,-0.006921048167245201,-0.005588330270896282,-0.004736433257597124,-0.0036352503894836194,-0.0028932119568241214
2019-09-18,-0.009298095095544594,-0.009754870360072204,-0.009955159215870773,-0.0098936576861269,-0.009637400592744294,-0.009233231926630737,-0.008780563128458319,-0.008290598516384732,-0.007743103723932476,-0.007298002127945634,-0.006821681922357848,-0.005714156266051046,-0.0040984114878601895,-0.0027756862997001443,-0.0021195640798917074
2019-09-19,-0.009450617051482691,-0.009982222631546757,-0.010280844027475068,-0.010327955470073197,-0.01017200662807809,-0.00985576605432709,-0.009483028862390313,-0.00906631631880771,-0.008578824623121819,-0.00816277453936373,-0.007649554847250111,-0.006458448632812411,-0.005030847764726117,-0.0037398136321193723,-0.003092279324430169
2019-09-20,-0.009262243266944525,-0.009686622865471096,-0.009892549185202151,-0.009864702879921269,-0.009664011437503353,-0.009329293095533637,-0.008953652507747536,-0.008543404746886578,-0.008064220246255561,-0.007660772388561679,-0.007180379508338245,-0.0060786675907414005,-0.004665727531675065,-0.0034736126339923153,-0.0028077108695956634
2019-09-23,-0.008698228733262313,-0.009119631802349907,-0.009323558023283558,-0.009295037101259236,-0.00908493259436798,-0.008725110725161574,-0.008312403092853136,-0.007856620137573638,-0.007339823172068495,-0.006906520399546822,-0.0063729019157533415,-0.005161992120132153,-0.0036662518952027177,-0.002344903665333458,-0.0016711727680656864
2019-09-24,-0.00943906114277722,-0.009936619141141925,-0.010224024977760721,-0.010278189001833856,-0.010132779655206215,-0.00981402902720985,-0.009426542053389775,-0.008994860379666455,-0.008503203835600541,-0.008090981809164493,-0.007589706013461381,-0.006353904907022909,-0.004875248286960196,-0.003612345341176807,-0.002953520097292799
2019-09-25,-0.009320327925971024,-0.009759340713476802,-0.009984616135290595,-0.009981576109980851,-0.009802151203327213,-0.00947075460415243,-0.009077088987210744,-0.008640764512846177,-0.008143431787232269,-0.007728511934155111,-0.007207158114126598,-0.005910550302551274,-0.004527110660629531,-0.003264449084942787,-0.002599095408035815
2019-09-26,-0.009080566928001436,-0.009571082941731196,-0.009886510627511296,-0.010003777215758255,-0.009959514467964748,-0.009756553096171008,-0.00948972002782307,-0.0091667104450607,-0.008753020824851144,-0.00839949865235252,-0.007989999631465952,-0.006964011320655534,-0.0056479972855464165,-0.004503156340602585,-0.0038413324897281953
2019-09-27,-0.009455917810659296,-0.009877981503193555,-0.01011398231350603,-0.010148017372264884,-0.010016445089510209,-0.009712167576719862,-0.009338853404451463,-0.00891231357861711,-0.008423256208831581,-0.008020169976122184,-0.007579825857222791,-0.006593777642278977,-0.005140727398706264,-0.0038420130971453387,-0.003125119474894457
2019-09-30,-0.009403557593257963,-0.009834843931510004,-0.010071548983323866,-0.010103377243134608,-0.009966854897805081,-0.009655582256123167,-0.009275706163665545,-0.008841376404057359,-0.008352695614863152,-0.007944871714256136,-0.007468128711520619,-0.006515765482056988,-0.004823875432964605,-0.003566936643598378,-0.0029213771997502473
2019-10-01,-0.009559914345785436,-0.010016253307268925,-0.01025345957889738,-0.010272873708066772,-0.010101610346724355,-0.009706188493549314,-0.009220128314796133,-0.008675046435875078,-0.008096455179448717,-0.007627240886560246,-0.007056523556675635,-0.0058626055923027215,-0.004035409007415889,-0.0025938648070607606,-0.0017693144951851465
2019-10-02,-0.009094725603325119,-0.009529198802699139,-0.009785770950114944,-0.009922606404883495,-0.009878843464878011,-0.009657863881542121,-0.009370309879173574,-0.009019575838472278,-0.00860550988745307,-0.008269122252455257,-0.00789359124006402,-0.006953692686368232,-0.005570522897762734,-0.004451352762923057,-0.0036314239611625605
2019-10-03,-0.008709541436410312,-0.009007230246462316,-0.009130869177199553,-0.009144110116903375,-0.008991253305682121,-0.008676177568182782,-0.008304408744640307,-0.007876048014540598,-0.007397393874626022,-0.007019600112116494,-0.006610990277608043,-0.005683663744425258,-0.004139139009350277,-0.002976183198033999,-0.0021401090012576566
2019-10-04,-0.008731269491002225,-0.00899476287966036,-0.009050756513925241,-0.008975028362709442,-0.008694708108621309,-0.00821914365460736,-0.007678821735659053,-0.007091384317888583,-0.006490840307543535,-0.006011827952343047,-0.005402862669011035,-0.004179668175923817,-0.0025308087585937038,-0.0010383258270332148,-0.00022046432477831256
2019-10-07,-0.008362926743704115,-0.008839739528682937,-0.009113277307694217,-0.00925634977953244,-0.009184148559832867,-0.00891399919830039,-0.008571469202425809,-0.00815990084216017,-0.0076878309568059805,-0.007297261294578997,-0.00679179074865045,-0.0056548892618883476,-0.004311282982531772,-0.003024938942944014,-0.0021823481439780966
2019-10-08,-0.008696874033569096,-0.00905158759651807,-0.009174813750282508,-0.009155055202896058,-0.00891716100788892,-0.00848780800280857,-0.007994899917984312,-0.007450841287361193,-0.006877353097338988,-0.00642019236179853,-0.005868450061222529,-0.004744604751728534,-0.003166353337253055,-0.001765148487112398,-0.0009229462104713647
2019-10-09,-0.00832892796593907,-0.008768332196200115,-0.008952244594572195,-0.008981665202237409,-0.008770133603127278,-0.008357169134383448,-0.007868380861261088,-0.007318435265652835,-0.00673420288999391,-0.006267871063194465,-0.005690756903165579,-0.004391499475588853,-0.0028756848644737433,-0.0013638763000335973,-0.0005116905147838264
2019-10-10,-0.008359222226480372,-0.008856898567941912,-0.009097811831071244,-0.009180572552791257,-0.009016417266127515,-0.008663456040899083,-0.008242014973656403,-0.007757433087698079,-0.007228948233754746,-0.006788762273506941,-0.0062281474228993204,-0.0049586178908492245,-0.0035228913233270815,-0.001957246402512409,-0.001254262031258195
2019-10-11,-0.006864502521584013,-0.007324169388967184,-0.007621096893008014,-0.007809807738791359,-0.007777700735840184,-0.007590656298212901,-0.007346901277907374,-0.007025631843311098,-0.006607265670697722,-0.006238170745865799,-0.005753876121150104,-0.004782034899681022,-0.003216687050311272,-0.0019142402893986446,-0.0010229425649889408
2019-10-14,-0.006722245789316433,-0.006939921027668675,-0.00694545345865171,-0.006842174556697165,-0.006545031736897015,-0.006128418490395806,-0.005648548759240521,-0.005101345214728567,-0.004482126462391554,-0.003966747596114669,-0.0032785886769248155,-0.0018445887483689643,-0.0003948698240194596,0.001122895955717255,0.0020092068152715546
2019-10-15,-0.006875715470055386,-0.007184535204451451,-0.007306494773820018,-0.0073214746280164805,-0.007129411756988992,-0.006825529503592487,-0.006472489877482168,-0.006060423409350838,-0.005580115048696226,-0.005176527446456845,-0.004624916607775559,-0.0033722037822362925,-0.002047304998568535,-0.0007184772376015122,0.00014970260673220596
2019-10-16,-0.006918585692563858,-0.007172091912077605,-0.007264715504424059,-0.007267753561089142,-0.0070879566628299605,-0.006828421837645782,-0.0065379935860209685,-0.0061933236750658545,-0.005774206248524712,-0.005415246685010323,-0.0049384499448943036,-0.0037508830109774967,-0.002645489046566597,-0.0014816349203305179,-0.0006157495081565286
2019-10-17,-0.007562952533846031,-0.007758887965214505,-0.007824080661312096,-0.007818601355672602,-0.007657052975724524,-0.007442674792269581,-0.007206010574593802,-0.006922287871398263,-0.006564060107657976,-0.006258967085813793,-0.005852221787609841,-0.004555991051714248,-0.004023863855428635,-0.003020652354606198,-0.002165450423811949
2019-10-18,-0.007059728564559444,-0.007127012889378107,-0.007090969535509263,-0.006997518178160416,-0.006777047649793689,-0.006517618231984872,-0.006241342363932664,-0.005920204298466891,-0.0055304273636015465,-0.005200939076141307,-0.004769512007898024,-0.003412709606971307,-0.0027981480853299092,-0.0016973386335765318,-0.0008291286488966881
2019-10-21,-0.007325680248779798,-0.007499604688588781,-0.007578118796791062,-0.0075939599769572885,-0.007469592726637344,-0.007278167386849898,-0.007049244160808632,-0.006767561339088119,-0.006410510559238051,-0.006106918133399616,-0.005719664492804968,-0.00445001325931534,-0.003734808642423068,-0.002655025933537663,-0.0017955663884004192
2019-10-22,-0.0077759966017093285,-0.008060912665089744,-0.00828845454909631,-0.008463331799607997,-0.008498766292667707,-0.008439534800460679,-0.00832701871368924,-0.008156248371097505,-0.007888567763251269,-0.007658055476686515,-0.007356631205700922,-0.006346693442966482,-0.005573825101331061,-0.0046225099797930725,-0.0038774228042395904
2019-10-23,-0.0072204209935469305,-0.0073612340132834,-0.007468155819481617,-0.007545642383148542,-0.007513062670566815,-0.007423547889009003,-0.007302341748733069,-0.007128619886987947,-0.006862720338665646,-0.0066269873728900626,-0.0063029748046029965,-0.0052971916917578426,-0.0046844168652296165,-0.003730235698003029,-0.002905397513673147
2019-10-24,-0.0074741239929972,-0.00764669203441288,-0.007751537196321592,-0.007809116099939412,-0.007735450357852326,-0.0075785618592123715,-0.0073773574200901,-0.0071262620986239245,-0.006805860985400504,-0.006539640844727952,-0.006194603430064816,-0.005135516064557265,-0.004408673713842075,-0.0034027965449748678,-0.002570238700668452
2019-10-25,-0.007862189889650964,-0.00796468366557213,-0.007968705716973902,-0.007911239152738274,-0.00772614134682565,-0.007468785903793117,-0.0071724095514266,-0.0068353378375459895,-0.006448795562665245,-0.006139276895885018,-0.005773571020419835,-0.004862947818282594,-0.0038823979420725503,-0.0028377328012412686,-0.002005499298550335
2019-10-28,-0.007957298033892177,-0.008095601161079753,-0.008138333963229941,-0.008120446467117747,-0.007962245231285877,-0.0077170861137138445,-0.007427414604851063,-0.007094598819698232,-0.006719075333632767,-0.006425778489053881,-0.006075988884725948,-0.005088861938628446,-0.004146552515096857,-0.003051605684927938,-0.0022244739503325017
2019-10-29,-0.007869588777191162,-0.008039362563422189,-0.008109623706201847,-0.00811626351822803,-0.007973550893915262,-0.007728376466399381,-0.0074338711088201715,-0.007091511739944149,-0.0067065696219095645,-0.006407232494567278,-0.006051844950979487,-0.005067056332049455,-0.004065328827539486,-0.0029063481128067756,-0.002086057134018193
2019-10-30,-0.007960204725793042,-0.008095217587134116,-0.008137812623077473,-0.008129156077818526,-0.007983674874194473,-0.007747094442797019,-0.0074694637438914285,-0.007140740898323967,-0.006764393047933117,-0.006481771494154647,-0.006192065689476483,-0.005301647023319097,-0.004302701339403818,-0.0032250342456103848,-0.0024043763225948416
2019-10-31,-0.008108314548762062,-0.00822830451509292,-0.008202251241182294,-0.008089807046028923,-0.0078139285444782,-0.007430636753972769,-0.006992508541880585,-0.00651007135562822,-0.006010605656515831,-0.005627899504820551,-0.00519795188156722,-0.0041197073970011145,-0.002787262951586583,-0.0015031592153280289,-0.00067190438439289
2019-11-01,-0.008057551510076436,-0.00844167715123062,-0.008693449916734552,-0.00885969258720469,-0.008834041944163208,-0.008675149449858612,-0.008444885242098157,-0.008147091200424325,-0.007788250437611483,-0.007489700178784648,-0.007099980392639817,-0.006202432438596039,-0.005043473959247825,-0.0038812891800996895,-0.003097753272936498
2019-11-04,-0.007997825050612212,-0.008338188893067101,-0.00855615654138437,-0.008695923305484542,-0.00866778365478,-0.00852163030551176,-0.00831607545364477,-0.008041186185653327,-0.00769590538119302,-0.007410680380830191,-0.007099545006537056,-0.006363194368579694,-0.00504972469324801,-0.003961266630147297,-0.0031717577678774516
2019-11-05,-0.007753458572491558,-0.008040190141406457,-0.008150099550474004,-0.008152186500650008,-0.007965214389896986,-0.007652048506265362,-0.007272573717528509,-0.0068335573598322435,-0.006344596781741661,-0.005937075137558606,-0.005423181416673228,-0.004445984175459463,-0.00296218654099657,-0.0016466206967366884,-0.0008213540204757575
2019-11-06,-0.007847742174907784,-0.008326452657189813,-0.00863677841252538,-0.008836744847496521,-0.008823804641509957,-0.008679185207080616,-0.008463429503917031,-0.008167133222540392,-0.007783160176123165,-0.007438064356702686,-0.006971526414918615,-0.006058646138101466,-0.004816269287442557,-0.0036328770954435503,-0.0028195550087235185
2019-11-07,-0.007388919505247764,-0.0077377204279396265,-0.007903771428886777,-0.007956108384918007,-0.007817380026097146,-0.007566760054379821,-0.007259641381949062,-0.006884575727906154,-0.006437431362492448,-0.006051125780184209,-0.005554952337989491,-0.0047643308749940405,-0.0031488128044038963,-0.0018586235802696847,-0.0010294132610995919
2019-11-08,-0.006933569345297456,-0.007151596723638376,-0.007175721330480417,-0.0070812944368661345,-0.006836241809195155,-0.0064945596844601244,-0.006108638124705871,-0.005661436398034983,-0.005166768768958715,-0.0047638995708271506,-0.004301532519970083,-0.003488947334887233,-0.0016957149839140883,-0.0003513479109309997,0.0004984941359541863
2019-11-11,-0.007890145155470485,-0.008154016968631043,-0.008177378884189361,-0.008037052376738293,-0.007690879634330567,-0.007187006717307109,-0.006605436732150635,-0.005978992200174326,-0.0053500351487830245,-0.004849821918510414,-0.004228032586503155,-0.00309748076202722,-0.0013365785241119686,0.0002085158699386871,0.0010259902931729513
2019-11-12,-0.006843899064472411,-0.007343724475122793,-0.00765514049662316,-0.00783479242568638,-0.007819324256168762,-0.007662307014126797,-0.007434697415039922,-0.007122429257676595,-0.00672933235895099,-0.0063897922928685775,-0.005991008113520184,-0.005233987608439004,-0.0035359114171184054,-0.0022610160326229966,-0.0014697219551146944
2019-11-13,-0.006187339027208354,-0.006503551045504597,-0.006603679138721185,-0.006563474731586148,-0.006333634873359258,-0.005976975693046243,-0.005554003626299621,-0.0050671754723385365,-0.004538268143999303,-0.004092783158939046,-0.003477289610182128,-0.0023346650113498417,-0.0006351686065208116,0.000903848428200302,0.0017605663713173097
2019-11-14,-0.006290031195948768,-0.006598803853717812,-0.006712172469740826,-0.006688804623148819,-0.0064730849438556564,-0.006124371212898086,-0.005704038157493605,-0.005216946723383324,-0.004683330228783158,-0.004236452552774909,-0.0036413938332804283,-0.002494039613875449,-0.0008271537219266234,0.000642380673633433,0.001517861513679271
2019-11-15,-0.005950587281913676,-0.0061677482472053645,-0.006248630973970316,-0.006233569491449006,-0.0060437460300691295,-0.00576751044413199,-0.005436450241158612,-0.005036199817743885,-0.004571112781604943,-0.004173659131255242,-0.0036585232137890202,-0.0026525473548942966,-0.0009652699178569138,0.0004272074649817935,0.001288406659709915
2019-11-18,-0.0065391090237014405,-0.006729084075006928,-0.006769311823046794,-0.006707257502064787,-0.006467905479929221,-0.006130850236026281,-0.005729458896740082,-0.005262847615567677,-0.004743517805370872,-0.004304895923989912,-0.003743623483025621,-0.0027885641150568003,-0.0009054910434113981,0.0005132367022958855,0.0013745251570359504
2019-11-19,-0.006271029833226505,-0.006365781834231577,-0.00632176413852842,-0.006181365343998337,-0.005870287822178341,-0.005470003319703449,-0.00500992754735456,-0.004492290243397001,-0.003934387950090434,-0.0034671417774996046,-0.0028506264946992887,-0.0018483980659134806,6.75211035429924e-05,0.0015480792891668777,0.002450017073710703
2019-11-20,-0.00623759480218936,-0.006331739406189542,-0.006307196987009628,-0.006200684635702286,-0.005941878137552406,-0.005614416515484787,-0.005238830473818315,-0.004801267687034224,-0.0043080298677108655,-0.003879354916570695,-0.0033088489058164376,-0.0023492491401319216,-0.0005821415950355605,0.0007666764498644304,0.0016454168802840972
2019-11-21,-0.006318012098430108,-0.006490473217535863,-0.006547459266537902,-0.0065229505940795195,-0.006347171836347077,-0.00610328669066217,-0.00581036652070724,-0.005447618287129707,-0.0050148561075802015,-0.004640653337121244,-0.004192133844605227,-0.003363953744786946,-0.0016768273153603074,-0.00044034302830026463,0.00042676452477165804
2019-11-22,-0.006606134323942872,-0.006798023671672209,-0.006864618963276505,-0.006841170830735186,-0.006658115062756244,-0.006395539898039487,-0.006077114478661737,-0.005683837647687679,-0.005218873496843762,-0.004822496690012045,-0.004390957070041805,-0.0036076414905651557,-0.0017406911262785121,-0.0004663990105466488,0.00039008830625680314
2019-11-25,-0.006222194570395062,-0.006353195265999569,-0.006363746484482875,-0.006290287106351608,-0.006059603301398125,-0.005755259337423022,-0.0053951665060020994,-0.004967767227165496,-0.004479611679089191,-0.00405412134417341,-0.003478111483256191,-0.002481527072321811,-0.0008426985074584726,0.0005229778384689189,0.0013821226760674429
2019-11-26,-0.00609848030018535,-0.006119502660374722,-0.006018592288025096,-0.00584300198240568,-0.005532853353524254,-0.005174811535776867,-0.004772991905576312,-0.004311943351752825,-0.0037995925382815366,-0.0033707906198254894,-0.0028375282926110744,-0.001887609970115778,-0.0001703797043478934,0.0011832859215443478,0.002051974976671126
2019-11-27,-0.006109957073948763,-0.006192217081583263,-0.0061755976321631574,-0.006090987835999316,-0.005877815169709694,-0.005622242467118533,-0.005322623233619241,-0.004957647867028481,-0.004519016349777069,-0.004134953919299496,-0.0036365310610348626,-0.0027261176825922584,-0.0011818034033207682,0.00010774253332274846,0.0009655641115325071
2019-11-28,-0.006256993437816539,-0.006301428645214792,-0.006262992618702305,-0.006156363019986105,-0.00591974294562475,-0.005649389947436464,-0.005337301137344302,-0.0049663516854351305,-0.0045290968767523546,-0.004146382477587964,-0.003646021466282036,-0.002621539091785528,-0.0011797139188976472,0.00013197229310218245,0.0009915437563920034
2019-11-29,-0.006542204452281659,-0.006738704674068428,-0.006836554426961397,-0.006852888653752537,-0.006705281611136121,-0.006499697416598478,-0.006240299075512244,-0.005917420378876985,-0.005524287891254387,-0.00516847886402603,-0.004672147390824485,-0.0036409210793843286,-0.0023876770148862263,-0.00112108816206184,-0.00027201660204864003
2019-12-02,-0.006081528723854535,-0.006184314392291489,-0.006155817310243932,-0.006033793445303386,-0.005740686517081476,-0.005385031611737596,-0.0049822092219177746,-0.004534889217828552,-0.0040392594878844255,-0.0035994580204189094,-0.0029055126098820726,-0.0017383528777251411,-0.0003602288625342998,0.0011033804030492434,0.0019494838894157738
2019-12-03,-0.0061387048119332845,-0.006222705227540793,-0.006174588983872737,-0.006031651287403322,-0.0057153716225969335,-0.005355206993791743,-0.004944367975713011,-0.004489637279963069,-0.003998095413337338,-0.0035608157880687246,-0.0028426442386725714,-0.0015712241830792995,-0.0003672960066062724,0.0010813313801358243,0.0019382207771457805
2019-12-04,-0.005986317029951716,-0.0060148589625031845,-0.005919230261689329,-0.005737222916812973,-0.00539306475546285,-0.005004110117787928,-0.004577747455334202,-0.0041105057281093215,-0.003614165349208094,-0.0032010493737540187,-0.0026076348298379893,-0.001363747423294083,-0.00024911464715042866,0.0011719058187813717,0.002014260089559659
2019-12-05,-0.005757710503475332,-0.005801937301802474,-0.00572082989879392,-0.0055651410955166935,-0.005259041050119894,-0.004940581949817303,-0.00459149140155596,-0.004200027402731473,-0.0037645295601950995,-0.003390613715226364,-0.0028201509808140246,-0.0015079182598941184,-0.0006834936584347987,0.0006223377586249573,0.0015612487699135712
2019-12-06,-0.005789467240934038,-0.005706119388123896,-0.0054874244667919665,-0.005191540356367955,-0.004765718361387744,-0.00434304454013417,-0.0038995000434736446,-0.003424161595477861,-0.0029312732641624947,-0.0025281205445150563,-0.0019438224893002453,-0.0005787218361945562,0.00027829928819613197,0.0016251034337445578,0.002480679828407043
2019-12-09,-0.006072791794244894,-0.0061005105416706545,-0.005992834702435119,-0.005803712904033741,-0.005468939918850068,-0.005127217043243669,-0.004754150531320597,-0.004338824167903764,-0.0038937024407516125,-0.003519916641464145,-0.002959450640923572,-0.0015649018890368206,-0.0009530442379852054,0.00030684652513995794,0.001163536379496519
2019-12-10,-0.0056500404286646344,-0.005607865590728496,-0.0054544188937746055,-0.005237617820054436,-0.004895691265870594,-0.00457069078233068,-0.004227403099583549,-0.0038401172962502445,-0.0034146968678064617,-0.0030593973097056398,-0.0025413581293529503,-0.0012046590136986887,-0.0005608427157621355,0.0006977445461963756,0.0015375273689589063
2019-12-11,-0.006030935653482725,-0.005946111509480599,-0.005725618158518497,-0.005422894666979116,-0.004976718884835617,-0.004535571933519457,-0.004071837234026758,-0.003571399110613569,-0.0030523801680109705,-0.002626343799293774,-0.002008618064224121,-0.0004948919769412325,1.4229289602861808e-05,0.0013858167981816872,0.002276110521907946
2019-12-12,-0.006106923620778175,-0.006217223459954038,-0.006230054334703463,-0.0061763218022426875,-0.005967595135038642,-0.005766346786145476,-0.005540787634076911,-0.005262648184997146,-0.0049199396608293,-0.004604381625358048,-0.004064883618301062,-0.0027012829443654085,-0.002530273809534898,-0.001387486069829596,-0.0005569025918736293
2019-12-13,-0.006025548283324071,-0.006158270557589791,-0.006184894194676023,-0.006141148915953146,-0.005934265171264015,-0.005724021848872438,-0.0054819305062892955,-0.00518582677471286,-0.004819506065552785,-0.004483261320371174,-0.003893837434193267,-0.0024834262356993424,-0.002335490736621557,-0.0011583751212447494,-0.00029943583043519524
2019-12-16,-0.005874115833055336,-0.0059341140823158675,-0.005874759927124581,-0.005736101925039582,-0.0054291128824501805,-0.005116652049956477,-0.004776471629500701,-0.004392051590649664,-0.0039668138518068885,-0.0035872542115468094,-0.002929538442265821,-0.0013532102742019442,-0.0011126833765778535,0.0001936887030402222,0.0010120899277441323
2019-12-17,-0.0057143145690845155,-0.005790838746989856,-0.005744329029601434,-0.00562379294209253,-0.005345624232696533,-0.005082653420349362,-0.0047986985416006225,-0.004459984120344153,-0.004060600500808171,-0.0036921744475357063,-0.00306611837768602,-0.0016087547119692006,-0.00133096800103825,-6.700964583518615e-05,0.0007556952159107054
2019-12-18,-0.005926967242134706,-0.005983329572563932,-0.005920466318946506,-0.00578832856995045,-0.005509372014642948,-0.005249713116939442,-0.004974458190676661,-0.004648579008522118,-0.004260950009621498,-0.003901658013817184,-0.003289789657664641,-0.0018499724208147516,-0.00161353186004198,-0.0003672411440926878,0.00046609805717278373
2019-12-19,-0.006038341891427778,-0.006050173050783852,-0.005927184318304004,-0.005722081569678904,-0.005363679183851707,-0.005016990071650041,-0.004649994583690584,-0.004236692015085436,-0.003778045446004766,-0.003367246652712665,-0.0026748168580308196,-0.0011327916970778457,-0.0007552677722156137,0.0006021989822684292,0.0014414556743063732
2019-12-20,-0.005793271972766991,-0.005789183164725173,-0.005656359104207438,-0.005440948780728881,-0.00508071973678612,-0.004725777762731195,-0.00434285717254984,-0.00391127896354069,-0.0034309540320804923,-0.00299764627334368,-0.002284315676255619,-0.0008157539380624542,-0.00015917922956589327,0.0012745986299209486,0.002101834379186468
2019-12-23,-0.005853542807294676,-0.005907045083059586,-0.005866235010281056,-0.005754828673353949,-0.0054949044461625775,-0.005235912001633675,-0.004949570858589882,-0.004605597631929523,-0.004190312558786115,-0.0038030669851699737,-0.0031480416304867998,-0.0017254436705084666,-0.0013030846395517288,2.442724748433515e-05,0.0008626761628849596
2019-12-27,-0.005773179479313921,-0.005768298699087156,-0.005690811347942789,-0.005555421245899471,-0.005280880323354129,-0.005003773115356941,-0.004703116924817866,-0.004344046645941416,-0.003916763475952509,-0.00352382208530937,-0.002876913979526435,-0.0015520458488821527,-0.0009446967023050029,0.0003829686732416569,0.00122560162265117
2019-12-30,-0.005852994129105728,-0.005960964581030351,-0.0059987225795379824,-0.005971661203227537,-0.00578516592079883,-0.005578099782553666,-0.005326405171051317,-0.005006490678351685,-0.004601357482538909,-0.004212505670455927,-0.0035213242343492515,-0.0021562885499604003,-0.001623946493056776,-0.00026154115145190143,0.000592299305291794
2019-12-31,-0.005777732163906848,-0.005746521393527629,-0.005640926801241982,-0.005474438679319948,-0.00517447796719387,-0.004871255661133424,-0.0045403933679353725,-0.004152990664578538,-0.003698334689622642,-0.0032818952067020218,-0.002585357709997962,-0.0012312702127102134,-0.0005747441107950618,0.000791625210801856,0.0016491320799062756
2020-01-02,-0.005648303109602548,-0.005641223844523901,-0.005563667831893248,-0.005428702975084713,-0.005156101628020113,-0.004877082544178566,-0.004571199639338414,-0.004200606546551468,-0.003757013982013955,-0.003348525723120144,-0.002683452464743837,-0.0013968240283084256,-0.00066159229527896,0.0007087680064138475,0.0015568995383572043
2020-01-03,-0.005359374871946674,-0.005279707396749541,-0.0051293804658153795,-0.004928629023827694,-0.00461509195622465,-0.004316007165597019,-0.004002987226663386,-0.0036297976459662715,-0.003185896476104352,-0.002777416496038161,-0.002114970893657622,-0.0009204059692349146,-0.00018436109380773027,0.0010963161221502079,0.0020004970652070307
2020-01-06,-0.0057654893526021675,-0.005537165819502423,-0.0052332137514960984,-0.004872301263539025,-0.004417864720827017,-0.003999005143350744,-0.003580315652617679,-0.0031239541878338222,-0.002626278510597851,-0.0021931825670766644,-0.0015350912411136858,-0.0003580153849939605,0.0004959448331035171,0.0018091261651004198,0.002619839459290124
2020-01-07,-0.006129662192743321,-0.006278735236497812,-0.006364698845014509,-0.006376335168093932,-0.006220818149416042,-0.0060107464634599995,-0.00575019423039999,-0.005417854334686046,-0.005004409604697556,-0.004615959844424564,-0.003983124807538476,-0.002889448403288067,-0.00203434083711085,-0.0007665057534880315,9.352704174295386e-05
2020-01-08,-0.006172876449850916,-0.006185730152706194,-0.006132298754882338,-0.006000320365148586,-0.005711946945906471,-0.005365776511787137,-0.004979176784222154,-0.00453514880032388,-0.004038458440857551,-0.0035898785950418,-0.002887888702970967,-0.0018180380610688406,-0.0005608701931123485,0.0007526494914838832,0.0015966203229989982
2020-01-09,-0.005982764479465228,-0.0058643376304827405,-0.005691088904967135,-0.005450966102729223,-0.005081449232347101,-0.004675619430477936,-0.004239691528103889,-0.003757083298381272,-0.003235856896812398,-0.0027744157697181335,-0.002051408583866566,-0.0009923004386390255,0.00014614151893500724,0.0014320081720984568,0.002302090003632449
2020-01-10,-0.006333391254555283,-0.006313641649377129,-0.00623569993411806,-0.006084214139492824,-0.005790132054890103,-0.005449634838749409,-0.005067135693925257,-0.00463137161351476,-0.004144594988920338,-0.0036938860211990577,-0.002954568944782505,-0.0019233032806603492,-0.0006974757116299149,0.0005883223254487587,0.00142726040577338
2020-01-13,-0.0062066712196740025,-0.006139904603487831,-0.006026372463360156,-0.0058398020976881205,-0.005510591879584577,-0.0051175254713504,-0.004682470996565444,-0.0041938501288269125,-0.003662232627925362,-0.00318062113805849,-0.0024062027843924838,-0.0012921056006652617,4.267963624053888e-05,0.0013957387430539746,0.0022620445958597734
2020-01-14,-0.006381678158742173,-0.006235371571490845,-0.006061930623296644,-0.005826230659746174,-0.005464167109643991,-0.005047009983728391,-0.004592343803520009,-0.004089911524050399,-0.0035514904378545786,-0.003071042847717688,-0.002314468436736609,-0.001242533607128359,5.8909325348645866e-05,0.0013645428339699528,0.0022205096921453895
2020-01-15,-0.006613204864390503,-0.006599494593414694,-0.006555856460027145,-0.0064387479559428395,-0.006171405605758047,-0.005804413843605933,-0.005377767706146991,-0.004891430463161302,-0.004359173257234995,-0.0038710473248505274,-0.003113240430825877,-0.0022471871243186434,-0.00046080631929120016,0.0008942193991755554,0.0017727854785497326
2020-01-16,-0.0065806321180773095,-0.006237124643873145,-0.0058897184147575325,-0.005486658199127631,-0.004990111239141246,-0.004420700870416069,-0.0038154382809517935,-0.0031751630921376373,-0.002527021041022104,-0.001966325872788217,-0.0011699296201563502,-0.0003712190074681883,0.0018783063686158524,0.0033491074600747964,0.004227826826022331
2020-01-17,-0.006546441156151302,-0.006339780572156008,-0.0061534148582366,-0.005924590895183286,-0.0056028226070739704,-0.00522090371235867,-0.004797090494296383,-0.004318992754964912,-0.0037963651888585784,-0.0033273744954670876,-0.0026710496353935693,-0.002061008960549885,4.812520899512404e-05,0.0013681123437653182,0.0022603224072413864
2020-01-20,-0.006745055161898166,-0.006596251211742878,-0.006483223551964159,-0.0063234101623433625,-0.0060436157565688375,-0.005672358550261626,-0.005239523759978166,-0.004752820130465741,-0.004222370935847714,-0.0037342052965890554,-0.0029824334767553943,-0.0024190025339866574,-0.0002922689222881964,0.001017683027283378,0.0019082154421596255
2020-01-21,-0.00670117709813626,-0.0065432520131917405,-0.006410140074039475,-0.006231266744417705,-0.005937316041040811,-0.005568599591695527,-0.005152065445039912,-0.004684596819894735,-0.004182006183756649,-0.003734095675838255,-0.003071003243481136,-0.0023482735762796717,-0.0005620160630096516,0.0007421800482380948,0.0015998168687824553
2020-01-22,-0.006565831839747534,-0.006285201963682372,-0.006036551197420286,-0.005744179450073915,-0.005340461751900234,-0.004870300110804906,-0.004361074640050769,-0.003809235791701558,-0.003242566002256197,-0.0027520611365798977,-0.0020300137346859364,-0.001191412880024077,0.0006272596541235379,0.002017422919824375,0.00287787082532351
2020-01-23,-0.006393184158837817,-0.006119889244453159,-0.005872816589920001,-0.005584893943418008,-0.005193021906810165,-0.004750183300433976,-0.004269447599189016,-0.003742903648250034,-0.0031988744578916933,-0.0027303499832428907,-0.0020539587658107267,-0.0012593242968305003,0.000548749067590712,0.0019400394426461367,0.0027868672051020366
2020-01-24,-0.006595512079020629,-0.006450857910729702,-0.006309422250262336,-0.006101890851068861,-0.005752200279525682,-0.005345128231514149,-0.0048986812799845045,-0.004410149667402085,-0.0038997905606990802,-0.003443302024953612,-0.0027237403068546,-0.001832299798107786,-0.00018568842982480513,0.0011736998198012933,0.0019801747621334014
2020-01-27,-0.006313817246400221,-0.006061552066136037,-0.0057997036646193715,-0.005481779366315955,-0.005043363275942662,-0.004572245414945713,-0.004066435907484406,-0.0035287687425245556,-0.0029815161154590126,-0.0025065048882130475,-0.0017501481606401884,-0.0008065303053086941,0.000808422988160519,0.0021965606474481166,0.0030144969244121963
2020-01-28,-0.006416776507783801,-0.006223050355886443,-0.006072710910563569,-0.005885975646529054,-0.005574927066129525,-0.005173365814642082,-0.004717748665119925,-0.0042176562942515955,-0.003701629819095772,-0.0032412152862554672,-0.0024831555620686884,-0.0014765188567294235,0.00011649303125059484,0.0014850062415859044,0.002331916739971562
2020-01-29,-0.006060530779294175,-0.005523718912412313,-0.0050702227287036826,-0.004611290036440374,-0.004093595821295952,-0.0035493858680470053,-0.0029894126090883448,-0.002407936630523081,-0.0018416713022609897,-0.0013645292152472184,-0.0006325949035940277,0.0003514358486257554,0.001943407449935362,0.003359675879289962,0.0041704734019816486
2020-01-30,-0.006295914401268149,-0.0059002927879409865,-0.005587784602550095,-0.005260211417059812,-0.004846828470637342,-0.0043807201171667896,-0.0038787647099861114,-0.0033446263548158398,-0.0028124497786756477,-0.0023545444855022062,-0.0016279956489181381,-0.0006291024789152173,0.0009380204997382789,0.002333873885923563,0.0031472838796239525
2020-01-31,-0.005766658513583263,-0.005791518515690997,-0.005814413184645889,-0.005757938199994357,-0.005550454151021855,-0.005210893692308895,-0.004799150613940295,-0.004332737558968845,-0.003831679758226974,-0.003388693626208415,-0.0025738453418785736,-0.001569341632565387,-3.3717515497090275e-05,0.001354164091125523,0.0021888630845794603
2020-02-03,-0.0061946424962359475,-0.006247531750736543,-0.006288833460867969,-0.006240661570959733,-0.006035975095522119,-0.005686262983494795,-0.0052716869664196685,-0.004801717208019401,-0.0043010797554841815,-0.0038553734745266762,-0.0030707754462499567,-0.0021860156138602755,-0.0005736006546187245,0.0008093976533026814,0.0016167179636625414
2020-02-04,-0.00571272765216505,-0.005996342146007845,-0.006159654818940917,-0.006195802771451756,-0.006042473561523711,-0.005743911485780053,-0.005377595270400305,-0.004954620854437911,-0.004492967332998081,-0.004076704198964755,-0.003302495742715774,-0.00236200617458377,-0.0008054346417810693,0.0005548028464837471,0.0013767170402770772
2020-02-05,-0.00546038509070198,-0.0054901360261288635,-0.005393698748792883,-0.005174960781679396,-0.00479424677099293,-0.00431473141631036,-0.003801346617223811,-0.0032537403505861675,-0.002696039944297797,-0.002213109504316461,-0.0013580574914907613,-0.0002766503754088166,0.0012564105034642984,0.0026654439914873206,0.0035034232532989078
2020-02-06,-0.005516688221376432,-0.005625159223147993,-0.005606339457900442,-0.005460917192391402,-0.005148807474160637,-0.004739944731800028,-0.004298970575928867,-0.003819780161943034,-0.0033196820518002802,-0.0028673735067810584,-0.0020206232413796463,-0.0009427517174601338,0.0005161129376635054,0.0018135957550103094,0.0026695036600886193
2020-02-07,-0.005194692712171186,-0.0052820205044542675,-0.005216895881690948,-0.005011782815496852,-0.0046402578210444035,-0.004181412849975311,-0.003695810402980465,-0.003174118196043829,-0.002642428406669153,-0.002166953136092051,-0.001301974180637072,-0.00023818290948229344,0.0013826810296426325,0.002732218812858293,0.00360031998039293
2020-02-10,-0.00509914766161131,-0.005229725865162841,-0.005201685287661405,-0.005033494961048449,-0.004699482850410734,-0.0042847461742391195,-0.0038423060101325313,-0.0033624724917363704,-0.002864278723570805,-0.0024202286964809866,-0.0015865231204472956,-0.00046094155347648684,0.000992569619128482,0.002244261236470702,0.003114938615455655
2020-02-11,-0.0048357894389599735,-0.004845084085489441,-0.004687067725575236,-0.004389427853291154,-0.00393838648358459,-0.003415968336372325,-0.0028824667090253868,-0.0023275430571077236,-0.0017802392856288562,-0.0013066300631463783,-0.00042749418408751026,0.0008214075324281425,0.0023197671461321705,0.0035547519462612175,0.004438139319592091
2020-02-12,-0.004931674346989235,-0.00508808207102687,-0.0050797643308392185,-0.004925465327274521,-0.00459791943637878,-0.004170200906829151,-0.003712869717332208,-0.003222560435065489,-0.002723831012383172,-0.0022767471313226272,-0.00142220336033521,-0.00032775021609926275,0.0012291919855164626,0.0024667062327893316,0.0033644484431027168
2020-02-13,-0.005038174112176528,-0.005140930818442582,-0.005084006455417102,-0.004893202876671301,-0.004543183310835079,-0.004103656883597185,-0.003641373847127232,-0.003151319018288903,-0.0026531592837187594,-0.0022084686952626056,-0.001382600747221456,-0.00038157289816277316,0.0012197510119342438,0.002487882413627311,0.0033611567181121753
2020-02-14,-0.005174196317040717,-0.005432759177021918,-0.005517934944435062,-0.005449788976715955,-0.00519196815365259,-0.004817416826590913,-0.004402373599390614,-0.003950687001148803,-0.0034828862128619873,-0.003051470490481345,-0.0022055934747186564,-0.0011618421289082037,0.00035045891881914316,0.0015779687218286879,0.0024542525534813086
2020-02-17,-0.005247289905384467,-0.005377011595125001,-0.005319931929720888,-0.0051074820162064615,-0.004712330299759958,-0.00421535148334073,-0.0036845302795741187,-0.0031273249087986296,-0.002574368152435283,-0.002080887831499688,-0.0011669597333153782,-4.4497979681724746e-05,0.0016560082017418394,0.003041433888383631,0.003915682869581898
2020-02-18,-0.0052179574566742805,-0.005361249045876226,-0.00532339251816763,-0.005137724211283842,-0.004779046985388756,-0.0043280324409324285,-0.0038509808109128364,-0.0033446395491489047,-0.0028318589869903875,-0.002365883729213971,-0.0015157481811797406,-0.0005320489129858976,0.0012592646448036306,0.00262259552219271,0.0034898360657722913
2020-02-19,-0.005079450286111902,-0.00537161314810755,-0.005492223071516692,-0.005455622901907597,-0.005218747341407656,-0.004856317499103828,-0.004450783597103436,-0.004005469708181166,-0.0035362364285549614,-0.0030980114908595586,-0.002273149843347622,-0.0013288423482002145,0.00046506713807682097,0.0018090167942450006,0.002684088746940204
2020-02-20,-0.005187807256761649,-0.005506948149143774,-0.005657564222675692,-0.005657734946158233,-0.005459369818646532,-0.0051291293185889986,-0.0047507937537248635,-0.0043248766821514135,-0.003869021406095928,-0.0034407914749932577,-0.0026531268097746245,-0.001820585381079642,7.557594896088606e-05,0.0014291586243970994,0.002300657550883426
2020-02-21,-0.005511619263472915,-0.005884466870291708,-0.006097026684338681,-0.006155455302099088,-0.006004868937305481,-0.005698999123945651,-0.005338735193844261,-0.004930566659533345,-0.00448705465106245,-0.004055528352546883,-0.003245995150467576,-0.0024078490389884835,-0.00045480821205582766,0.0009393311624190672,0.0018122886898734572
2020-02-24,-0.005469538320875905,-0.005743160708473882,-0.005865394496956412,-0.005842116713266613,-0.005625598452309075,-0.005272028288711749,-0.004878473015823989,-0.004444498688555916,-0.003985105835104666,-0.003543862087255302,-0.0027201935747274315,-0.0018516960027414224,3.0111911081576702e-05,0.0014249421178323604,0.0023160830903289067
2020-02-25,-0.005722524770914738,-0.006179603882540214,-0.006493387619250962,-0.00665953259740236,-0.006607133078357585,-0.006379225992075697,-0.006091591858375401,-0.005746533770528041,-0.005352104243007244,-0.004950462862195101,-0.0041925880569382975,-0.0034522808508416387,-0.0014979639809060475,-0.00012799444204087394,0.0007565801785334445
2020-02-26,-0.005714983789951995,-0.00594368991837449,-0.006027667851155209,-0.00597590966857738,-0.005740012563989597,-0.005371463112820386,-0.004969512089283509,-0.004525832268873086,-0.004057455362098254,-0.003618572888234242,-0.0028468205310697176,-0.002051662088850821,-0.0001755044367341451,0.0011951187677273253,0.0020759571384163034
2020-02-27,-0.0059995175826839196,-0.006513602542978129,-0.006859771776913097,-0.00705053371226062,-0.007021109591225229,-0.0068222051896980615,-0.006556128660472889,-0.006224154892150939,-0.005832778050713531,-0.005425371975156674,-0.004660543442109795,-0.0040237075273362455,-0.0020123952495350065,-0.0006337618748737278,0.00024159903475099733
2020-02-28,-0.00614197359228756,-0.006597765971766417,-0.006876662355249491,-0.006999967881531814,-0.006907670582892836,-0.006650756063428821,-0.006332621537708932,-0.00595772185809968,-0.005537232792036564,-0.0051139111961451215,-0.004328657588334318,-0.0036912676298283325,-0.0016835207757410651,-0.00024137163949130474,0.0006228668522538275
2020-03-02,-0.006400366876324684,-0.0067864757576708585,-0.006980648328183321,-0.007012848389080262,-0.006839535685422183,-0.006517027745597174,-0.00615154051835313,-0.005737305821705944,-0.0052861333302082324,-0.004852244313062263,-0.004115018168176592,-0.003550291746321948,-0.0015297553552775698,-8.476067967848767e-05,0.0007553649302276012
2020-03-03,-0.006030917611471121,-0.006423343848152996,-0.006617933131344495,-0.006637000492658989,-0.006469289151917654,-0.006153076253043558,-0.005783921099665105,-0.005361604784772982,-0.004875025747789289,-0.0043990181142775425,-0.003584131900163101,-0.00308854504110352,-0.0009576667053105554,0.0005551155486871579,0.001402970206910388
2020-03-04,-0.005838397875469489,-0.006272529198585797,-0.006514371706116631,-0.006576044006479001,-0.006449758203845021,-0.006168703442659869,-0.005832658256697765,-0.005440446922272889,-0.004977009405457245,-0.004516518121233596,-0.0037018343259560505,-0.003192786595861478,-0.0011511283996275422,0.00032763241006671215,0.0011884765177775979
2020-03-05,-0.005806335892695039,-0.006166706525595266,-0.006338476560101051,-0.006342450788565202,-0.006172544974913104,-0.005864005671728531,-0.005501880856353108,-0.005084448370563076,-0.004595494330373375,-0.0041183489190250635,-0.003316738661240872,-0.002865849467890073,-0.0006541715329033049,0.0008811155786680998,0.0017030737330044961
2020-03-06,-0.005700789058635024,-0.006111222722676144,-0.00633641215401208,-0.006395597499971111,-0.006281506898232249,-0.006021664464541371,-0.005702101273865293,-0.0053185779342912855,-0.0048529521016090595,-0.004380294404637429,-0.003575314896590265,-0.0031766749712578116,-0.0008582519216585781,0.0006888293327823401,0.0015470505987944957
2020-03-09,-0.005994583897095821,-0.006492241469732478,-0.006805037919986936,-0.006948285259657739,-0.006908791111945636,-0.006707887050324598,-0.006437973674678997,-0.006100161316040636,-0.005670202429336738,-0.005224646135424142,-0.004468328806037886,-0.004193665803444491,-0.0018682377029031788,-0.00036295312295156587,0.0004951694216471121
2020-03-10,-0.005796600411162593,-0.0062425829337564315,-0.006519695710045072,-0.006635975679797,-0.006580237266633483,-0.0063686123440422964,-0.006097697627791628,-0.005761538927181616,-0.005337037335614937,-0.004894774086941283,-0.004121826030329898,-0.00373786489079664,-0.0015425579454249542,-5.2160471777724406e-05,0.0008078621840526942
2020-03-11,-0.005940533930771277,-0.006369811249354994,-0.006640182431131384,-0.006766318496150815,-0.00672888673730395,-0.006520226868098712,-0.006241181718534413,-0.005896815296069932,-0.005464623882293353,-0.005016043393311831,-0.004256670874604402,-0.003983031676765945,-0.0016272627122646413,-0.00010534236348876125,0.0007610279620275555
2020-03-12,-0.005901100703039793,-0.00625077713492996,-0.006448254438136169,-0.006504577715513643,-0.006401093049397939,-0.006135063141115736,-0.005796816318510084,-0.0053963027960225495,-0.00491600794058172,-0.0044380969543818,-0.003639233109440386,-0.003281207273277508,-0.0009467989996380054,0.0006124948080784914,0.001472830172721325
2020-03-13,-0.005993690581723364,-0.006369229240437961,-0.006596626773508031,-0.006665400030785358,-0.006581463739053916,-0.006349309477959348,-0.006071783522333705,-0.005708183861206265,-0.0052747515906112884,-0.004823802461899816,-0.00404134381370429,-0.003612440899816732,-0.0015456266138519936,-0.00011224004216128596,0.0007618121657568457
2020-03-16,-0.006083275790334852,-0.0064726947894391965,-0.00671462035877302,-0.006798000669025845,-0.006736028659477126,-0.006533948113648919,-0.006290402603896965,-0.005959931353270741,-0.005549975721782069,-0.005118067129753632,-0.004378999886103112,-0.004059094560853879,-0.001965561622162912,-0.0005723434163990278,0.00029466354656459254
2020-03-17,-0.005826221044761053,-0.006281337848670086,-0.006585900872292383,-0.006728242741528318,-0.0067115257455311285,-0.006538327252709128,-0.006316892021052723,-0.006002099554596486,-0.005606154142441071,-0.005185142183496211,-0.004440797144722648,-0.004060258487311544,-0.002015158846142806,-0.0006330639876380721,0.00024820375758808407
2020-03-18,-0.005763940113349281,-0.0061886671961156854,-0.006475005565172644,-0.00660578363920481,-0.006585208012521723,-0.006418463658400405,-0.006208375968610697,-0.005909019369879982,-0.0055278166789267495,-0.005119239330468357,-0.004375424759014716,-0.003955166958064326,-0.0020010500759778563,-0.0006730696309064116,0.0002127970237881579
2020-03-19,-0.005845970188109078,-0.006227445153781508,-0.0064768656145128235,-0.006574049692736361,-0.0065196816611394195,-0.006312385193887658,-0.006060917373404239,-0.005724555697564493,-0.005317570158142652,-0.004893091320740398,-0.004134444053392427,-0.003673645542594906,-0.0016951819173015757,-0.00033511201252135053,0.0005524838290576083
2020-03-20,-0.005946863212973576,-0.0063465044862081755,-0.006634909302006332,-0.006786226132007022,-0.006799164315656065,-0.0066761187754132536,-0.006514818807574971,-0.006265900744777248,-0.005936279018763084,-0.0055734908428174065,-0.0049039051456893435,-0.004502006552821988,-0.002806523371530319,-0.0016605271046532212,-0.0007658332848842421
2020-03-23,-0.005897171041692471,-0.00615788612170437,-0.0063149329874978505,-0.006347375039209846,-0.006278476109018624,-0.006118572464111769,-0.005942355581813472,-0.005693538553247824,-0.005372855217416735,-0.005032190825269441,-0.004430886028288405,-0.004087279847717665,-0.0024453353617339708,-0.0013134786133938603,-0.0004688707836052789
2020-03-24,-0.006524429919064663,-0.006900834778556756,-0.007176569507897688,-0.0073259826020977475,-0.0073424327712626036,-0.0072081862706766375,-0.007028046357674892,-0.006766542077649562,-0.006435387885302388,-0.006082044322785393,-0.00544239801819663,-0.005080152308560733,-0.003306087717074545,-0.002098562704655288,-0.0012653860193153536
2020-03-25,-0.006652140145795266,-0.006983256234976195,-0.007225527136473089,-0.0073459959506414355,-0.007339390463059056,-0.007186283673593535,-0.006992985135771963,-0.0067197904394137534,-0.006374672176239524,-0.006010949895049667,-0.00537628224431517,-0.0050860433166112625,-0.00322272591217693,-0.0019865983512643995,-0.001179992048960639
2020-03-26,-0.006765271589397091,-0.007208811346355546,-0.007539866558489797,-0.007732126314163443,-0.007769946346656086,-0.007623044672936856,-0.007417050729066082,-0.007118265621775958,-0.006743372147876193,-0.006348734721367328,-0.005679296936462658,-0.005403670768518839,-0.003288496292309487,-0.0019253671103169247,-0.0011153439433644965
2020-03-27,-0.007527013801339777,-0.007917697457928783,-0.008186099623714933,-0.008322942298806,-0.008319192447415205,-0.00814941889204405,-0.007930242323774667,-0.00761870701872792,-0.007241269666728954,-0.00684709273395284,-0.006193877751430027,-0.005933184539138139,-0.003943967851506671,-0.002643614718771887,-0.001835766414621443
2020-03-30,-0.007834816801066348,-0.0082446820542164,-0.008508608629710788,-0.008634258183962712,-0.00864384711777289,-0.008533983352918967,-0.00839363351005851,-0.008168528781319125,-0.00786644605673984,-0.0075414523004380405,-0.0070307410967509745,-0.006948778620927226,-0.005082470608964426,-0.003968001206271022,-0.0031696444882516033
2020-03-31,-0.008384300186246595,-0.008809057488323863,-0.009034012173140048,-0.009086798679260282,-0.009026037319175695,-0.00884954889220334,-0.008648452411306552,-0.008370784820293969,-0.008026119153163725,-0.0076776841141131015,-0.007182741534087301,-0.007245118400195591,-0.005271889278014963,-0.004124995307902628,-0.0033494349717450985
2020-04-01,-0.007722930053081548,-0.008310850232320272,-0.008684805186404396,-0.00887357003283842,-0.008913306891740205,-0.008806965121970099,-0.00865975625370016,-0.008425566644940563,-0.008120527281732286,-0.007794551785541025,-0.00728202391028788,-0.007294531611677378,-0.005293697951651211,-0.004127106141262684,-0.0033389726140817984
2020-04-02,-0.008440068295506692,-0.009051811472583863,-0.00941164626500507,-0.009557217377638838,-0.009536904265419435,-0.009363837594362752,-0.0091462135605671,-0.008841588020751754,-0.008478752404859123,-0.008111437619037758,-0.007588877647965473,-0.007597631506804572,-0.00553341488757787,-0.004301257698959159,-0.003514138682533297
2020-04-03,-0.008442326268033243,-0.00927062877997746,-0.009809413936324429,-0.010105424558025987,-0.01020658139235987,-0.010145648740110444,-0.01003246413622579,-0.009821120484815754,-0.00953143132733411,-0.009210058643778794,-0.008685569645462611,-0.008586062517449727,-0.00670066859428618,-0.005553586204481867,-0.004762266655514216
2020-04-06,-0.008545075664144192,-0.009275289863219897,-0.009720716350420173,-0.009935997606816762,-0.010005796018817284,-0.009983255158566729,-0.009942305548318828,-0.009818895554701466,-0.009616265950984448,-0.009382780918604781,-0.008977473322870334,-0.008867843569923123,-0.00769432131076848,-0.006916652610071678,-0.006138531859994767
2020-04-07,-0.011088718794942956,-0.011716389899869324,-0.01202560242388119,-0.012096290127242872,-0.01204811893043592,-0.011913830748576618,-0.01176844013731391,-0.011556734035190318,-0.011297068512583905,-0.011058236674710481,-0.01077629819270724,-0.010840571691402387,-0.00974981492886858,-0.008987989632765368,-0.00834213909155512
2020-04-08,-0.00936409632158969,-0.009986459877804502,-0.010319110434014477,-0.010408749193690524,-0.01039707242926625,-0.010315403842138374,-0.010229637160784073,-0.01005872740469695,-0.009817701819403838,-0.009595581496255366,-0.009341302230054603,-0.00964378695373586,-0.008681344255858618,-0.007962188818220854,-0.007314256554231179
2020-04-09,-0.01008128969347772,-0.010568093793421388,-0.010762875695083446,-0.010707002527242607,-0.010571144363242073,-0.010391638584418772,-0.0102190017142607,-0.009977456244511894,-0.009694470890580226,-0.009466046953022392,-0.00927900285254898,-0.009587977467666702,-0.008922124903736384,-0.008333604273024283,-0.007685163274699926
2020-04-14,-0.009743100518799269,-0.01026863976686334,-0.0104651123144513,-0.01038983433610276,-0.010254026504623844,-0.010112189788012703,-0.009983601656556679,-0.00979630533974794,-0.009556085457551728,-0.00934786609166841,-0.009120263391144074,-0.009435652235949126,-0.00856609352711898,-0.00786799112338242,-0.007229324038756409
2020-04-15,-0.0093629318131841,-0.009567504002228621,-0.009343601378469017,-0.008810002780243038,-0.008262353944967417,-0.0077780472442689555,-0.007337765596166607,-0.0068821578121016184,-0.00645307684214669,-0.006140451736710164,-0.005826613165024761,-0.005824307123490894,-0.00506221344516816,-0.004217457714412143,-0.0035941812713777893
2020-04-16,-0.009584643693219158,-0.00940995240705157,-0.008902363785306946,-0.008142065688540073,-0.007428239590810529,-0.006812415875461499,-0.006243896268959535,-0.005685417846779903,-0.005176607660062775,-0.004826520700849348,-0.0045538554519503685,-0.00448926083581507,-0.004045394702187218,-0.0033586570014165424,-0.0027002123917294926
2020-04-17,-0.009244038164652277,-0.009110447667785165,-0.00871398458522545,-0.008126509583428051,-0.007601316620213942,-0.0071506170485484185,-0.006732395561642766,-0.006300698598746293,-0.0058841301004036745,-0.0055875605043962055,-0.005357739496895703,-0.005547579899261502,-0.005242602913760183,-0.004609150498056391,-0.003959125251456146
2020-04-20,-0.008185313786638402,-0.007625702015196836,-0.006750627312558539,-0.0056433772001502625,-0.00468120200009222,-0.003918937300764914,-0.0032220938340220724,-0.0025626809462499164,-0.0019591230966858534,-0.0015343942993290703,-0.0011874863303922446,-0.0009519562794508842,-0.0003581480250899591,0.0005092773646644009,0.001199975843099883
2020-04-21,-0.005824874497823912,-0.005679742087227722,-0.00520286056891684,-0.004478418436798736,-0.003867183486087984,-0.003415588755373147,-0.0030154952129744536,-0.0026156309866248602,-0.00220472327058735,-0.0018825967620491957,-0.0014802202736394292,-0.0012731368758401513,-0.000693536841146877,0.00016030359075416421,0.0008929075012895737
2020-04-22,-0.007318886669033256,-0.007449486537505644,-0.007343079957141557,-0.007053071666355286,-0.006807667695969277,-0.006599699912137821,-0.006392871558601456,-0.00612498780059945,-0.005799278955351301,-0.00551063815753132,-0.005098420527126895,-0.005086281736513428,-0.00446942915084164,-0.0036122856531321974,-0.0029157975277454146
2020-04-23,-0.007138556243812973,-0.007354465419135279,-0.007274737814090058,-0.006969823473227048,-0.00664217854055609,-0.006353356551341304,-0.006047877101129648,-0.005706441739435214,-0.005338373355118401,-0.005034520762423115,-0.004614672647320347,-0.0041810631655500325,-0.0037243710706714272,-0.0027895991871514847,-0.00209795156499282
2020-04-24,-0.005458841835735246,-0.005541773871992747,-0.005402620302829063,-0.005088702298090234,-0.004735914298099415,-0.004437578887270033,-0.004149690132282698,-0.0038356360490132803,-0.003495464678022563,-0.0031716610546331367,-0.0026340036158460003,-0.0023979303416670197,-0.0014713903464458125,-0.0004995724196021791,0.0001916113331700541
2020-04-27,-0.004739028777667827,-0.004988895271144006,-0.004932768550784649,-0.00461716368906618,-0.004256163205827389,-0.003965082986381711,-0.0036725042205355413,-0.0033376765809343305,-0.002944335633971916,-0.0025583620084744883,-0.0019111846489477846,-0.0012068638399460414,-0.0002517903087005508,0.0009920571008345557,0.0016662132191183469
2020-04-28,-0.006447407036061615,-0.006782007354300347,-0.006926506907323639,-0.0068613489712564465,-0.006661974335648776,-0.006397931473224924,-0.006109733599786954,-0.0057850435950530885,-0.00544106604384104,-0.005122567113916586,-0.004559500129985121,-0.003609020102195336,-0.0025900144937497285,-0.0014956927211664042,-0.0007903669038071084
2020-04-29,-0.0064270970470510745,-0.006959401239012637,-0.00725835640722937,-0.007307810784406892,-0.007197262182447147,-0.007028090619364313,-0.0068314430766219835,-0.006571601219310547,-0.006260842378716264,-0.005948984077670519,-0.00540778727487907,-0.0047648377071494346,-0.0036979214320041636,-0.0026979437684271587,-0.0019983360798533417
2020-04-30,-0.006282532628706964,-0.006961337492624421,-0.0073416312668015205,-0.007452743202711298,-0.007404101271204743,-0.007284737682316875,-0.007119453344487406,-0.006863309676369865,-0.006529165194137291,-0.006166768260882003,-0.005446773958602753,-0.004637938992275985,-0.0033973437905141283,-0.0022942916615449646,-0.0015831934764021175
2020-05-04,-0.00607672926690149,-0.006412798696420869,-0.006515896673632535,-0.006435455496622863,-0.006251801331510431,-0.0060092881264415384,-0.005733769041470753,-0.005366593084776729,-0.004952973340540484,-0.004563824490201652,-0.003953026775884409,-0.0031929342087889875,-0.0016550446027645052,-0.00043780397285737545,0.00026599774460167374
2020-05-05,-0.0065621795552121,-0.006904738672290423,-0.007081541024805588,-0.007075083598736267,-0.006955193469894703,-0.006766506497991477,-0.0065601842926741,-0.006293653975043188,-0.005979128908924512,-0.005666108254717531,-0.0050938242781883095,-0.004555337294447194,-0.0033111648061473356,-0.002383053340545769,-0.0016601813636595334
2020-05-06,-0.006231731983284167,-0.006391976191980428,-0.006397483313917306,-0.006250703806564374,-0.006057580293160552,-0.005832090873122652,-0.00560522342820739,-0.00532677730200041,-0.005012666631882469,-0.004725853640452106,-0.004261829805395646,-0.00397521621746348,-0.002949191417683258,-0.0021807889987833858,-0.0014285659961981658
2020-05-07,-0.006688427640384424,-0.0068593859469814845,-0.006867922851696137,-0.006714100567745132,-0.006502403159075815,-0.0062468677041300075,-0.005985284460835969,-0.005674023760523091,-0.005328499804588625,-0.005005119993218189,-0.004455246205811444,-0.004347154892894865,-0.0033433694219553458,-0.0025276725629204,-0.0018272036607913805
2020-05-08,-0.00639692433527835,-0.006696142976499305,-0.006805692411356651,-0.006722291414179536,-0.006539800161696949,-0.006244529134490055,-0.0059046322480575345,-0.005482886468949196,-0.005018445850019062,-0.004588501321342064,-0.00388610600025077,-0.003547309034671297,-0.002099738883838214,-0.0009157036535768705,-0.00020883117691636094
2020-05-11,-0.004679989292587487,-0.004747287331140989,-0.004654636209231289,-0.004395849042502318,-0.004064624867747914,-0.003673126672567807,-0.0032748591105557587,-0.002826876694257065,-0.002357062370834023,-0.001912544924332643,-0.0010934007356328207,-0.0005912470275373787,0.000535553695763232,0.0014547646325616444,0.0022254223190614902
2020-05-12,-0.00684036756554286,-0.006926379624775807,-0.006878241292360546,-0.0066813652448158125,-0.006389547190488526,-0.005979893131834576,-0.005542372134880388,-0.0050509674261447896,-0.004546542800149664,-0.004080368723716201,-0.003299127719885029,-0.003090183568382292,-0.001684139133920519,-0.0006937944858623549,0.00011246549074954947
2020-05-13,-0.0061760262331499215,-0.006449271412828294,-0.0065927307414908945,-0.006635285867680999,-0.006535115930277321,-0.00626821972768172,-0.005946365328848654,-0.005554721502483897,-0.0051251180623190645,-0.004691512053481632,-0.003796556743700349,-0.003410452227485057,-0.0021053016203193076,-0.0011579318268163255,-0.0004107181873206399
2020-05-14,-0.007020890646844242,-0.007179085265076473,-0.007219926562727921,-0.007176195588358379,-0.007008277300445452,-0.006693399197085575,-0.006336118462442038,-0.005914117434988046,-0.005468347190815319,-0.005041180654302654,-0.004222603789173324,-0.003854123973529597,-0.0025516575008329304,-0.0016333681808708683,-0.0009225511582763909
2020-05-15,-0.007134335981831213,-0.007585045737374558,-0.007939886118572652,-0.008217697971215063,-0.008341955108944902,-0.008285508323690854,-0.008173077321033131,-0.007957312364026754,-0.007661211858564738,-0.007317202192162702,-0.006577997641901794,-0.006531105561137118,-0.005221321012664162,-0.004459810992455353,-0.0037081983754100986
2020-05-18,-0.006728525105667216,-0.007058599017754005,-0.0073063937306797975,-0.007487355746625317,-0.00753181401103367,-0.0074047958253910095,-0.007227901550521092,-0.006962979379451405,-0.0066396472054139006,-0.0062950963516835295,-0.005571484759149087,-0.005393403363728087,-0.0038842960224924877,-0.0029468694806380072,-0.0022435951964233434
2020-05-19,-0.007093862506593098,-0.007325515822289221,-0.007426684282770898,-0.007441975445819891,-0.00731828549439143,-0.007020165284559786,-0.006668564306509719,-0.006252410450811796,-0.0058206493061516845,-0.005413028049601614,-0.004558092627260485,-0.004021544475027396,-0.0026970895468458917,-0.0017476067633523493,-0.0010091089811139818
2020-05-20,-0.007083776010843903,-0.007410704276623068,-0.007616946488227446,-0.00774775766326814,-0.007754263611764775,-0.007602925488033766,-0.007404465163248872,-0.007135393566300096,-0.006819409370333466,-0.006491922081840034,-0.005733059674054696,-0.005467039803581702,-0.004184608466276819,-0.0034141437377744723,-0.002690639885899025
2020-05-21,-0.007878642284214001,-0.007976052725032927,-0.007979050752896394,-0.00792751649444933,-0.007781365711906265,-0.007473923455552372,-0.0071202769271902265,-0.006707795986005587,-0.0062848548780408435,-0.005907803426562837,-0.0051472799050606526,-0.004820447931947384,-0.0036637132935855438,-0.00293394891679783,-0.0022198933244150843
2020-05-22,-0.005945785319791883,-0.005713484424058814,-0.005372635308418514,-0.004979577196333594,-0.004555965813673648,-0.004060512422156196,-0.0035533438953580577,-0.003001472679999085,-0.00244638350173228,-0.0019579711700696556,-0.0010226420437836848,-0.0005815803584362793,0.0006136158735040498,0.0014625239720048287,0.002202495837881461
2020-05-25,-0.006626394298418789,-0.006568270267181679,-0.006392028293899288,-0.006168544890882038,-0.005893558851441678,-0.005533584044406684,-0.005156269955934066,-0.0047226032480824,-0.004272841455202989,-0.0038717745870355223,-0.003151840676720483,-0.003068240374624865,-0.0016940442093773544,-0.0009119799029148306,-0.00018275856256655087
2020-05-26,-0.007542207121710194,-0.007745758028198145,-0.007795600418861734,-0.007769426713809823,-0.007634313135720394,-0.007349900544819922,-0.007016209851562359,-0.006616373068023387,-0.006193226050370225,-0.005809183784038923,-0.0050347489968620715,-0.004960872994874987,-0.0038296065121479353,-0.0031427387461683658,-0.002415235969751537
2020-05-27,-0.006649600742863356,-0.006785464278675374,-0.006772115509770921,-0.006682791842136592,-0.006514373558087471,-0.006252823189899013,-0.00597104950240813,-0.005625264228783096,-0.005235790973720556,-0.004864257779411473,-0.004125924822979901,-0.004158542008753057,-0.002966034588064999,-0.002339690094251243,-0.0016182689588978528
2020-05-28,-0.005968811096368106,-0.0061272483499716646,-0.006116894556766926,-0.006021614369561456,-0.005835423750564029,-0.005546181681499177,-0.005240932475166734,-0.004875923242781023,-0.004481917586439664,-0.0041164465774895355,-0.003361794128195085,-0.003174253585758979,-0.001928744043256071,-0.0012371841572803453,-0.0005080287959240881
2020-05-29,-0.006077934605111214,-0.006416840663251123,-0.006502629027171188,-0.00644392872282226,-0.0062474259557676794,-0.0059361602172207754,-0.005592770121450072,-0.005181968031624432,-0.004743414494535133,-0.004334051113438908,-0.003528143186617251,-0.003264488647580794,-0.001990276853092332,-0.0010802479177138555,-0.0003717251035613488
2020-06-01,-0.006913313939049587,-0.0075927830925620115,-0.007943850475642836,-0.008106390296697737,-0.008057724587220153,-0.007826799094230966,-0.007554260233119362,-0.007211941173675016,-0.0068396436126884905,-0.006482198379521741,-0.005696738118054296,-0.005786634467584589,-0.004548153694477615,-0.0036191529982483144,-0.002935963575070257
2020-06-02,-0.006854174947640902,-0.007628831942546602,-0.008047123904537667,-0.008239661239328667,-0.008164371650001475,-0.007905137555471736,-0.007595702262241572,-0.007220505516383929,-0.006819126236335838,-0.006421019649823457,-0.005533080519977154,-0.005287872466659826,-0.004034830850859869,-0.0030173975702369573,-0.0023427417713520566
2020-06-03,-0.007387350086955099,-0.00809133839704502,-0.008403508618812698,-0.008477036794594944,-0.008278975357253818,-0.007894826138436725,-0.007457970697966027,-0.006968924695558206,-0.006481766615421244,-0.006029550729250976,-0.0050621738493292195,-0.004491094401314902,-0.003287259365969409,-0.00224388630868404,-0.0015622580315007078
2020-06-04,-0.006477721151258201,-0.007121010386874172,-0.0073918385476612804,-0.007420285837997099,-0.007191118217411332,-0.006801019318287777,-0.006361312522056108,-0.005865512322290961,-0.0053468123693680945,-0.004848102970140958,-0.00383156353690054,-0.003524123976327686,-0.0018282063108198,-0.0007187221826703018,4.760257471251813e-05
2020-06-05,-0.00665938543336475,-0.0073123064992865,-0.00760142110912063,-0.007662188579767762,-0.007463239182042496,-0.007086147028907717,-0.0066611640767442965,-0.00618208015199825,-0.005690225014089897,-0.005217834636344159,-0.004208155263027096,-0.003774759070113206,-0.002226118517484283,-0.0010748388478788945,-0.0003320108053935793
2020-06-08,-0.007172114789554586,-0.007719821185117876,-0.007908212797002892,-0.007857684086461748,-0.007553802100679352,-0.007080850716409726,-0.006573439163466462,-0.00603399160498318,-0.005506812703632071,-0.0050275766961538175,-0.004045126588195874,-0.0036623269830907087,-0.0021414128875172165,-0.001065078118691068,-0.00035690773156222687
2020-06-09,-0.006939505237005092,-0.007681369365976461,-0.008047153207739908,-0.008172556461207988,-0.008021933070207956,-0.007665343537187828,-0.007245870425483662,-0.00675668875957704,-0.006250168681917837,-0.005768970797771642,-0.004789014829869136,-0.004455030331878111,-0.002645959946386708,-0.0014837574106128406,-0.0007490154731109031
2020-06-10,-0.006147567577258985,-0.0067097618252723885,-0.006928563219986241,-0.006909815883994342,-0.006625025924055891,-0.006159617800189101,-0.005650083816005114,-0.005101723978667291,-0.004563384716877938,-0.004067693838480168,-0.0030157415964220226,-0.002438203684019966,-0.0010206710731443668,2.1332015978890295e-05,0.0007830306273861913
2020-06-11,-0.006298012693069424,-0.0069011105657506636,-0.007143806174435871,-0.007145597402277892,-0.006879202356458502,-0.006424966682048371,-0.005929152884992665,-0.005387182814153883,-0.004849455573549898,-0.004353392322427466,-0.003294665876794646,-0.0028170754048653392,-0.0014051729446832731,-0.0003988592212148287,0.00039894337500112013
2020-06-12,-0.006095086638501825,-0.006634509867109267,-0.006828653864859629,-0.006771929719539255,-0.006484596771320938,-0.00601802969011957,-0.005513942379409439,-0.00496692537339778,-0.004423629414007497,-0.003925640273241562,-0.0028612853373031016,-0.0023959004543205355,-0.0010115697357186474,5.993835975765319e-06,0.0007958304716090795
2020-06-15,-0.006316149990205139,-0.006785576487911232,-0.0069128048095335555,-0.006809906328621901,-0.0065006438083451586,-0.006014812206402997,-0.005487919668538947,-0.00490706260621739,-0.00433096990655605,-0.0038060945564478217,-0.002723664166424337,-0.0023175736382058327,-0.0007934718764377804,0.0003106848997355381,0.001092670075455404
2020-06-16,-0.005913505062575352,-0.006417729507920495,-0.006584119551969333,-0.006527621712120602,-0.0062656842913322115,-0.005812564536489379,-0.005315691347288228,-0.00476738539772626,-0.004222175859464919,-0.003717954407780165,-0.0025896087025191455,-0.0021568761125230138,-0.00074577116781494,0.00028119847954974635,0.001085238289706383
2020-06-17,-0.00542706721124349,-0.00571507227221307,-0.005762665852794175,-0.005648160421672762,-0.005392175973259836,-0.004991961432819283,-0.004573409007540186,-0.004104266088008605,-0.0036225112471175956,-0.003178588237129602,-0.002203393809253356,-0.0020264081423375536,-0.0006798511579246087,0.00022156633776318816,0.001018322945081474
2020-06-18,-0.005949311893253905,-0.0063347915128095095,-0.00646979878708049,-0.006427431348529798,-0.0062106232173794905,-0.005828806966800301,-0.005413417289450983,-0.004947911748286967,-0.004475392956883909,-0.004038137027362839,-0.003079733959764893,-0.0027859709394334395,-0.0014825916376105131,-0.0006233598148349573,0.0001708632109391141
2020-06-19,-0.006025858275496833,-0.006408074692390561,-0.0065226196797755496,-0.006459633592130618,-0.006228679060177928,-0.005831882550768348,-0.005400830234440039,-0.0049077427447836355,-0.004396769469851404,-0.003920327822027626,-0.002915606477471657,-0.002715604935747894,-0.00113309087148503,-0.00018064260817591844,0.0006292940322508136
2020-06-22,-0.006209195570829988,-0.006640977203693752,-0.006851848801833612,-0.006900892996379292,-0.006774551993894775,-0.0064634681296599425,-0.006110679944353076,-0.0056975926202676936,-0.0052576434938922416,-0.004833394985519884,-0.0038575944832069083,-0.003661453918341241,-0.002298716849752326,-0.001474000443732971,-0.0006594971776505522
2020-06-23,-0.005772170413472383,-0.006268136920714078,-0.006496840259287705,-0.006536215267553834,-0.006381084457648258,-0.006032151852618784,-0.005618813826162198,-0.005144979144907501,-0.004654184982537619,-0.004187348696245723,-0.0030740494223089007,-0.002622558658752871,-0.0013588025938550824,-0.0004878899190565453,0.0003457920823475083
2020-06-24,-0.005345463256350814,-0.005516974800415087,-0.005454785626980816,-0.005238950663063552,-0.004894185785807073,-0.004417379816926371,-0.003919631802318823,-0.003392095761701448,-0.0028743660335395376,-0.0023990513322794003,-0.001301998595212968,-0.0008290753968491671,0.00035619363113560817,0.0011729063675098483,0.002012878785981259
2020-06-25,-0.005965178386658179,-0.006158897518470111,-0.006152445464042689,-0.005999740264947338,-0.005723009443621682,-0.005326240242339926,-0.004870795014677121,-0.004380832842658565,-0.0039044965924815425,-0.0034862669732957964,-0.0026551752312187604,-0.002003803629508256,-0.0008359982761395261,0.00021171302199776725,0.0009468082690146103
2020-06-26,-0.005509427183143582,-0.0058505090377435065,-0.005967206791561552,-0.005918659491224599,-0.0056876446875098975,-0.005267064275381394,-0.004801452734829791,-0.004302393579797179,-0.0038097643066702185,-0.003340140084545548,-0.002159171255965529,-0.0015321219759750699,-0.0008191023034063963,-0.00021482276938044416,0.000645048188434955
2020-06-29,-0.005732881017754852,-0.006126849213345968,-0.006282189112145191,-0.0062805034416036735,-0.00609693965790141,-0.005727173092163849,-0.005317787089001891,-0.004855567095163179,-0.0043838936433770416,-0.003916414155488805,-0.0027947243671562275,-0.0023708277539889753,-0.0011989850415454755,-0.0004321924673457194,0.00039452736604687346
2020-06-30,-0.0051272571519345505,-0.005495194314761164,-0.005502611500815943,-0.005263154052200726,-0.004807894251508661,-0.004147665173697022,-0.003455860897442365,-0.002745558642116338,-0.002082381406889905,-0.0014784027082858024,-7.759154561292128e-05,0.00162097839958758,0.00165017709463701,0.0023875190224750143,0.0032963916082831284
2020-07-01,-0.005527284092787225,-0.005819779056151809,-0.005893785522816159,-0.005820587540443581,-0.005610565791238727,-0.005232790056035188,-0.004841658832182723,-0.004398472146475157,-0.003950894963358724,-0.003507239081914494,-0.0023643045008514747,-0.0008363250536691331,-0.0009112670916519075,-0.00011063859640762503,0.0007548907078309202
2020-07-02,-0.004790864760326833,-0.004857504712578377,-0.004707255901740422,-0.004420205839072513,-0.00404053147205669,-0.003542273243140593,-0.003044794396858602,-0.002512849577297897,-0.0019900177775006036,-0.0014934067476623774,-0.0002803037865492569,0.0012022040221147175,0.0012685365758595638,0.0021468547190951716,0.003060077393673549
2020-07-03,-0.005361611389972835,-0.0056708021942015185,-0.005751224120925489,-0.005640271732632473,-0.005329207495013526,-0.004806072853902261,-0.004248398809228069,-0.0036562303681610224,-0.003083751708877137,-0.0025246339614949155,-0.0010977715966320237,0.0008976107388682063,0.0007006879937784837,0.0016819589842571347,0.0025956713817615815
2020-07-06,-0.0047371226380601185,-0.004696739197221126,-0.004468996533303978,-0.004082782505529,-0.0035663154515042585,-0.0029233745295742844,-0.0022853027111935944,-0.0016205419024844223,-0.0009756408363844157,-0.0003659410765135744,0.001032281317340212,0.0027042240182903322,0.0028529061394424017,0.003958854254541773,0.004900851315622405
2020-07-07,-0.004866306774782179,-0.005038113877053079,-0.005044008154701678,-0.004914569750103755,-0.004632836674988639,-0.004191174087687507,-0.0037327964425813587,-0.003214783838802104,-0.0026764728106614226,-0.0021278386236273862,-0.0007682936365324656,0.0008486226494473863,0.0008158825399035242,0.0018549242643970234,0.0027558319026731327
2020-07-08,-0.004961710422175608,-0.005023050079936594,-0.0049134415507989535,-0.004677423020517571,-0.00432233093867596,-0.003848895453094813,-0.003387360900192566,-0.00288251421496931,-0.002371177437922048,-0.0018572971887446449,-0.0005599618229508961,0.0009055702276956454,0.0005836029355236892,0.00135736932949227,0.002242736541999558
2020-07-09,-0.004558860625895928,-0.004644563027366212,-0.00455461808858761,-0.004335762237267835,-0.003997750204029923,-0.003550448026981969,-0.0031237423185714874,-0.0026597744629111237,-0.0021966820931548217,-0.001716954400299658,-0.00038805994120747476,0.0015800385246191673,0.0005888027910485208,0.001221810189123886,0.0021097496761905187
2020-07-10,-0.004732618317461034,-0.005064184335411662,-0.005199605239546947,-0.005191186247091669,-0.0050377898371692775,-0.004742707501868229,-0.004457346148195056,-0.004112877779732017,-0.0037407831161567527,-0.0033238524541319477,-0.002066051328744462,-0.0003073437840418285,-0.0012054687916951024,-0.0006372280979154235,0.00021685935327572228
2020-07-13,-0.004866308704829375,-0.005191906681899403,-0.0052859475014585666,-0.005227039810059818,-0.0050254747651904364,-0.0046962956220862615,-0.004379869001753485,-0.0040029090970324505,-0.0035986138642993574,-0.0031546187802737437,-0.001881213977112023,-4.637915336718303e-05,-0.0008817639115700866,-0.000249323688779177,0.0006124235435373997
2020-07-14,-0.004533101942521472,-0.004888145994108922,-0.0049975572352639365,-0.00495851094760668,-0.004787890584961159,-0.004512128628566724,-0.004258168612005454,-0.003937143119943541,-0.003576593707199997,-0.003159632987396235,-0.0019051887051667964,-0.0002237784112358781,-0.0009644392412801861,-0.00033349567617038125,0.0005383515020876064
2020-07-15,-0.004845920982258069,-0.0052072318568820875,-0.005347106822973294,-0.005330432209660552,-0.005168282205910974,-0.0048703075195667515,-0.004587042925230622,-0.004245274924697206,-0.0038684744776300664,-0.0034495471322542994,-0.0021854565099323556,-0.0002894279371978042,-0.0012931358590788857,-0.000644112835818714,0.00021304918256430708
2020-07-16,-0.004871029196550377,-0.005281583140213195,-0.005474498098464879,-0.005499656339636851,-0.005355053723492005,-0.005054773416958908,-0.004744147504949438,-0.004362660618279134,-0.003940903823141853,-0.0034786469753019327,-0.00218484298514573,-0.0003575090106445713,-0.0008926669674548433,-5.3233635891116533e-05,0.0008012263645360701
2020-07-17,-0.004714245652350903,-0.005053757616122499,-0.005202383067647417,-0.005197873117675208,-0.005054368133261293,-0.004791005641032966,-0.004532201261359358,-0.004212688256975772,-0.0038472274450432973,-0.0034343721407359157,-0.0021911884457616235,-0.00043758390186367046,-0.0012437937388223876,-0.0005495323167504794,0.0003187764671160094
2020-07-20,-0.0051036435596127794,-0.005422256079561746,-0.005535080555817973,-0.005500570787017312,-0.005338837253826045,-0.005042959733219676,-0.004743593553546059,-0.004373471792131779,-0.003960480796478445,-0.0035111215567361306,-0.0022610762271907865,-0.0005350232226414895,-0.0011516005377763142,-0.00037145224650869267,0.0005223862715456009
2020-07-21,-0.005961081658839388,-0.006449742856961773,-0.006724713611582353,-0.006848642993600732,-0.006798421094772868,-0.006547420218456817,-0.006258318850480137,-0.005871431868056507,-0.005432312888309603,-0.004956357336047297,-0.003743685192308985,-0.0021574853385432644,-0.002262452597020247,-0.0012764864706415456,-0.00041507783713935667
2020-07-22,-0.00533037817238771,-0.005717193367585256,-0.005907248407018421,-0.005948932966156885,-0.0058305259552598665,-0.005538424256581741,-0.005222520524650382,-0.0048117755697672515,-0.004345901925648827,-0.003843713288452211,-0.0025746056461105615,-0.0008683773650695477,-0.0008908474158353771,0.00013315418506755462,0.0010059578796463198
2020-07-23,-0.005705917811595343,-0.006282347238266343,-0.006660311469634755,-0.006861633638307545,-0.00685389938791162,-0.006636486763130741,-0.006391993340480516,-0.006062011949127023,-0.005674580464686729,-0.0052318601449050746,-0.0039788261028089935,-0.0024108254065059497,-0.002681135519890105,-0.0017730694717508245,-0.0009510483078843932
2020-07-24,-0.00622897010725648,-0.006777824850802461,-0.007131663359641571,-0.007319979827817565,-0.007304902311081757,-0.007084211198937475,-0.006827964450015761,-0.006472626951173435,-0.006058828108163597,-0.005602082436572418,-0.00442153221298005,-0.00301052960671398,-0.0030847991334433493,-0.002162003808933311,-0.001362942514435017
2020-07-27,-0.006418432526438072,-0.006833349282131458,-0.007082392049267686,-0.007194993617128168,-0.007137259006261673,-0.006896340731568901,-0.006631622004284446,-0.006263939425207589,-0.0058336249603194714,-0.00536802333925501,-0.004333066172358863,-0.0034262130841542027,-0.00276819315221677,-0.001708174520715418,-0.0009175797057029722
2020-07-28,-0.006246297711109622,-0.006599253604734279,-0.0067854941572976085,-0.0068356900884864145,-0.006718813759078603,-0.006420025609501602,-0.006098276658917801,-0.005692438018290036,-0.005241739383107749,-0.004766420297259867,-0.0035997266610785254,-0.0021816926464722497,-0.0021010845808776156,-0.0011073346332947222,-0.0002902985645344612
2020-07-29,-0.005965858125533095,-0.0064425010608235855,-0.006736592584328762,-0.006900977378234847,-0.006904105492408122,-0.006730876080873799,-0.006532211285514717,-0.006221584148650993,-0.005823465124739463,-0.005370200381235422,-0.004307544393672755,-0.0035886444739059277,-0.0028217035186957227,-0.0017755223185811205,-0.0009646304867602619
2020-07-30,-0.005883515676930111,-0.006048414767640341,-0.006053742631531439,-0.005935885881070219,-0.005681151921668745,-0.005270151207359236,-0.004834324914737396,-0.004320686138648967,-0.003755133698897891,-0.0031864851480519736,-0.0019024586475945163,-0.0006599657008950542,-6.69027528532656e-05,0.0011140840384173576,0.0019379809533457359
2020-07-31,-0.006592657166533206,-0.007133861661544377,-0.0075010472249516695,-0.007712819833544305,-0.007711656006507154,-0.007484378815217136,-0.007205500521769658,-0.006785212700212233,-0.006301217791855392,-0.005775950033104,-0.004541008703585301,-0.003287268116626586,-0.0027087581065425893,-0.0015395269624412047,-0.0007521481855101478
2020-08-03,-0.006509429914304979,-0.0069198336337509495,-0.007114928018302446,-0.0071556813622281855,-0.007023248505175337,-0.006710778526142424,-0.006375646951817023,-0.005911547781989367,-0.005399555311845491,-0.004864353064416148,-0.0036522967929144786,-0.0024677421540668615,-0.001965531552469664,-0.0008705509335900936,-8.500027404952201e-05
2020-08-04,-0.006645290223591382,-0.0070463790459627355,-0.007265508140498293,-0.0073338686294965715,-0.007216470654154488,-0.006921860657493398,-0.006592410688466472,-0.006138370662185578,-0.005636489191111654,-0.00510260067504121,-0.003807687497250258,-0.0022253622178456762,-0.002132853551884976,-0.001079433145729509,-0.00029883112418782197
2020-08-05,-0.006179107727277918,-0.0064454197725262626,-0.00652411642255663,-0.006455352619014382,-0.006235439405568304,-0.005887450558594565,-0.005521165045606812,-0.005043396846889193,-0.0045212776170928505,-0.003975607116509249,-0.0026729060199226404,-0.0010129120183672057,-0.001061966727026381,-1.4449376160487453e-05,0.0007768608447918546
2020-08-06,-0.0063991597378434155,-0.006836230933819848,-0.007073672912256908,-0.007140407475590792,-0.007009485270046447,-0.006716392374405692,-0.006372876956601504,-0.005904784396208329,-0.0053813577480583755,-0.0048354090958079915,-0.0035948736569899674,-0.0018265805626486507,-0.0016376829876756488,-0.0004433916125042817,0.0003421971324813534
2020-08-07,-0.00678302836773373,-0.007260527636715733,-0.007550995580545641,-0.007686141975569283,-0.007616197649582053,-0.007359239310640078,-0.007046491461439475,-0.006594253778326407,-0.006079450161899213,-0.005536460484465565,-0.004342153778196175,-0.002790887608254983,-0.002409086563143908,-0.0011349568671316802,-0.00036424528560824324
2020-08-10,-0.006764846184956767,-0.007119812377603891,-0.007276907253294178,-0.007266459600230956,-0.0070616025380473135,-0.006699386636057624,-0.006298729867213217,-0.005773267539531747,-0.0052034039395984265,-0.004630282869456574,-0.003453939712397798,-0.0020240872364924024,-0.001570889771544814,-0.0002262461657945498,0.0005736042972119253
2020-08-11,-0.006233354967582482,-0.006553784658760596,-0.006702022815098833,-0.006704887370898301,-0.006531409350862897,-0.006203746641611404,-0.005832068393905803,-0.005334852854420631,-0.004785720196847339,-0.004223027820334985,-0.003035954762320174,-0.001498736270250385,-0.0011033857430648429,0.0002587532189114604,0.0010439537496325139
2020-08-12,-0.0069512048152695705,-0.0073661947341509505,-0.007613423133205348,-0.00771475851409922,-0.007615330517049673,-0.007333695315297091,-0.006998449806006051,-0.006532331615394673,-0.006010046748773285,-0.005465046067386409,-0.004292281795693194,-0.002884038881574543,-0.002572849783874902,-0.0012436305939335602,-0.000477476814321362
2020-08-13,-0.007037447132366231,-0.007459693556813748,-0.007712809223460518,-0.007814786873868282,-0.007709982939210822,-0.007419160612414194,-0.007068317984456644,-0.006583061889734119,-0.006041601111686306,-0.005486139812217257,-0.0043443398921753145,-0.0031251054189928196,-0.002517730729684951,-0.0010596756869612378,-0.000285601732735922
2020-08-14,-0.007351288470537137,-0.00785537931486165,-0.008194100617694666,-0.008383869794669815,-0.008349875079666313,-0.008099798769896872,-0.007790962120120297,-0.007341612489818292,-0.006838026470755219,-0.006312436477316018,-0.005185050040531579,-0.0037580225520313067,-0.003413489395273878,-0.0020414032056186703,-0.0012478151580582611
2020-08-17,-0.007059946634203397,-0.007486704717503559,-0.007745502169149335,-0.007855959005656313,-0.007751434727020158,-0.007434750685283995,-0.007057021950511425,-0.006551096340978394,-0.0060051852435333945,-0.00545902912908366,-0.004365123891861573,-0.0029518052806102794,-0.0022335870264567474,-0.0007601045240499931,0.00010810151097746432
2020-08-18,-0.007218471222857998,-0.007613408216097293,-0.007878720298509093,-0.008022881569443325,-0.007979643169843205,-0.007742603394751696,-0.007456419981983551,-0.007036032821127226,-0.006561471321311732,-0.006073551695708781,-0.0050914280862495555,-0.00396042327848293,-0.0034004749658418463,-0.0020810591862937774,-0.0012309409071091467
2020-08-19,-0.007158531825431922,-0.007382154280408909,-0.007498865785949767,-0.007513605022602552,-0.007365633670874621,-0.007057847876146899,-0.006711585182143385,-0.006242509990138158,-0.0057301924771798705,-0.00521914048002112,-0.0042280257824069585,-0.0030385926534833743,-0.002527605401590877,-0.0011787295493463472,-0.00032658634814653663
2020-08-20,-0.007817472358276569,-0.008241678727115799,-0.008511228263471707,-0.008632513639104122,-0.008542262246240355,-0.008261229237633647,-0.007934563156050109,-0.007489508340699306,-0.007006559700246296,-0.006523371526278476,-0.005551906777203904,-0.004249371327320595,-0.003950548782645209,-0.002686667738425059,-0.0018287375513348293
2020-08-21,-0.007064689768950671,-0.007368225410728655,-0.007540367305695261,-0.007590681741185408,-0.0074617485101501095,-0.007163807358153755,-0.00682121074111569,-0.006360565529920354,-0.0058573253035395555,-0.005356194075010693,-0.0043632495861815205,-0.0030284505225586706,-0.002584106367175868,-0.001233339049614877,-0.0003389521801487401
2020-08-24,-0.006607271465594861,-0.006791113621580563,-0.006846719192970072,-0.006787628250681348,-0.006579591626781744,-0.006233793063097249,-0.005859976663438321,-0.005380300492109188,-0.004870117843128339,-0.004369256319913458,-0.003367531627695403,-0.0019855662469856336,-0.001671887993037134,-0.000337312236191211,0.000550258419365524
2020-08-25,-0.007178470604593786,-0.007559052205355096,-0.0078069483562841,-0.007926215875155785,-0.007845156351673007,-0.007582631419687669,-0.0072768452616675024,-0.006850584287681082,-0.006383946353211947,-0.005905657525018031,-0.00490916072831123,-0.0034089265109112305,-0.0032601356521874975,-0.001980853211114338,-0.0011343633780036661
2020-08-26,-0.007316472358845504,-0.007645592737839199,-0.007850131308419404,-0.007930062078118697,-0.007822667980533542,-0.007553898113086592,-0.007252517580837305,-0.006831042729816521,-0.00637089833961657,-0.005905442022424507,-0.004941065145367241,-0.0033271452657464657,-0.003488727792220314,-0.002352335919362392,-0.0015220508033607556
2020-08-27,-0.007204500165641391,-0.007464218821174909,-0.007594488233023526,-0.00760641217261501,-0.007449941511808982,-0.007148369949166578,-0.006816245185981261,-0.006367272285264643,-0.005884021953369432,-0.005405947141367653,-0.004458289763971356,-0.0029176372270961464,-0.0028994237447552413,-0.0017471303308608643,-0.0009039038276165891
2020-08-28,-0.007651856007499751,-0.008094392182543925,-0.008410613284209301,-0.008605968383900514,-0.008626422743209464,-0.00849265045993374,-0.008323564737978809,-0.008021811197200683,-0.007654817607862944,-0.0072573335787310955,-0.006431942035674189,-0.005312496037697761,-0.005170137060238222,-0.004144811128998665,-0.0033116557575827103
2020-08-31,-0.007040109260304876,-0.007267646896350957,-0.0073535134283712385,-0.0073122854558817195,-0.00711633561580627,-0.006801197224230395,-0.0064794832183333005,-0.006053044567878577,-0.0055951793581710575,-0.005142234283186485,-0.004267541647541461,-0.0029850870753962084,-0.0027803567493833886,-0.0017330363404941453,-0.0009107709640114637
2020-09-01,-0.006737173159628997,-0.006973933983886687,-0.007077626198481213,-0.007053520042986231,-0.006920556537274213,-0.006689368521217671,-0.006433744723813816,-0.0060765448524119576,-0.005653583230872417,-0.0052157372741547595,-0.004339348312122966,-0.0031713409312736857,-0.0029203665638654424,-0.0018689067347215974,-0.0010166455223298307
2020-09-02,-0.007026566602103027,-0.007459109833075169,-0.0077424629883102395,-0.007874194917443652,-0.007862818385929492,-0.007720575916596828,-0.007542122887446468,-0.007250659064494108,-0.006881745885481743,-0.006483267342957984,-0.005645560983439338,-0.004560732818936916,-0.004283865920895033,-0.0032641429872531927,-0.002427918773281728
2020-09-03,-0.006799387569894127,-0.007103791656672281,-0.007243827079228924,-0.007221422334225262,-0.007069022994691542,-0.006817788688996334,-0.006537885399333194,-0.006159795102205285,-0.0057181135762076575,-0.005260908814476133,-0.004350542147326626,-0.0031509530479308084,-0.002718343810353847,-0.001578077668538536,-0.0007158813067516443
2020-09-04,-0.006867284024726677,-0.007268688297758098,-0.007504856426168446,-0.00757474082714989,-0.0075006493899468,-0.007314364364253052,-0.007085988042034243,-0.006742825481790749,-0.006320385356314969,-0.005875280270505929,-0.004958848107669735,-0.0036728686930730878,-0.0034324581315769804,-0.0023353852354675883,-0.0014960953278773319
2020-09-07,-0.006461731174152964,-0.006804958506893267,-0.0069936684300688735,-0.007026971197389406,-0.006929214245593365,-0.006731479015590406,-0.006499068884308498,-0.0061546734839481336,-0.005734829428542348,-0.005301935778017579,-0.004472381969208799,-0.003196490487177384,-0.0026895761534979383,-0.0016485440029726205,-0.0006946701045906147
2020-09-08,-0.006825055099894874,-0.007264024993181636,-0.007547351249304051,-0.0076650786586536564,-0.007626270965325762,-0.0074440449990898555,-0.007218541754193825,-0.006875970540337752,-0.006464696496365819,-0.006032717490386531,-0.00516084806690479,-0.0036655601976784717,-0.0034370904978517757,-0.002336151082735806,-0.0014607612472067578
2020-09-09,-0.006841730847282692,-0.007173417734811334,-0.0073519351820356335,-0.007362531928246051,-0.007226357199366156,-0.006965991586956125,-0.006664585753319052,-0.006259608011809291,-0.005796556563344647,-0.005333533262525701,-0.004459030822043377,-0.0030306704556974516,-0.002611919652415738,-0.001465105452431716,-0.0005508810604837529
2020-09-10,-0.006228766766069386,-0.0064517665246227925,-0.006524646673612726,-0.0064424674611337305,-0.0062344611412808145,-0.005922581230384898,-0.005576949951135424,-0.0051343591156701365,-0.004643930518327201,-0.004158834411126289,-0.003240234346575192,-0.0016682222254074935,-0.0013302987169067468,-8.671028711244389e-05,0.0008184762098524626
2020-09-11,-0.005950141627198225,-0.006148005554751257,-0.006214316248786611,-0.006111743825600964,-0.0058911822716847554,-0.005598707917108621,-0.0052724167508517075,-0.0048551367344591536,-0.0043905324740760405,-0.00391450959181639,-0.002949468852640954,-0.0012516861373476442,-0.0011945659303173816,-3.4761888004222605e-05,0.0008758423629538267
2020-09-14,-0.006241255433512692,-0.006448547085243033,-0.0065180395884127836,-0.006412417617331014,-0.006187314570102148,-0.005892530117491768,-0.0055721810150350945,-0.00516186040542602,-0.004707253858552523,-0.00424176552194729,-0.0032912317977851608,-0.0015502611871799164,-0.0016254038728562889,-0.0004731256306782656,0.00038169587430716295
2020-09-15,-0.006750422076625004,-0.0071209550665442415,-0.007350243806216076,-0.007389912799803066,-0.0072634454393716305,-0.007024579005074353,-0.006730589391556739,-0.006342530050380771,-0.005906908184509969,-0.005451291649065486,-0.004491448545782473,-0.0026773418996849144,-0.0027733532747292676,-0.0015321233897248343,-0.0007055041708107935
2020-09-16,-0.006678896565696989,-0.006980379533314387,-0.007150707815671238,-0.007132537681748309,-0.006952356485946367,-0.006661740461897906,-0.006318976717523846,-0.005882467880120166,-0.005407628491232833,-0.004924408931449257,-0.003913155900761064,-0.0018034324169497067,-0.002261867511542247,-0.0009831277003234731,-0.00018826964746731194
2020-09-17,-0.006674445109368539,-0.00697250575720758,-0.007138052464629638,-0.007107296773686849,-0.0069257519455485925,-0.006648281241216943,-0.006324934849512179,-0.005908208415675414,-0.005445262027671177,-0.004978502129287889,-0.004019916967323973,-0.002206785061683975,-0.002509826501246882,-0.0012741681467678307,-0.0004441307169812946
2020-09-18,-0.006517458438148952,-0.0068395994830274375,-0.0070405864988943995,-0.007055945472947048,-0.006912471517425075,-0.006671876229180905,-0.0063811908486253194,-0.005997755771361224,-0.005566620975448624,-0.005121532962594709,-0.004192073813307765,-0.0024445563824684173,-0.0027479580044140984,-0.00148495317475402,-0.0006819239997105462
2020-09-21,-0.006958623307585806,-0.007342238742357095,-0.007609940470756593,-0.007690673051992984,-0.007590985893481131,-0.007357444516422683,-0.007050885077810962,-0.00664407733489438,-0.00619142247053365,-0.005732093010921868,-0.0047910558202183045,-0.002961393347000637,-0.003167421857949337,-0.0018685044559248161,-0.0010582044247522944
2020-09-22,-0.006939641455109367,-0.007270885500625646,-0.007513306796340262,-0.007597681413906283,-0.0075126663266539394,-0.00730059094902681,-0.0070252153985735704,-0.006649252006560848,-0.006226038832372629,-0.005784917695208432,-0.004857203609001558,-0.003135876519921752,-0.0032523591402669255,-0.002039531714142795,-0.0012477943876373998
2020-09-23,-0.006316749306395682,-0.0063091341346553,-0.006252102131394336,-0.006069737617402578,-0.005768533353930982,-0.005390802645344747,-0.004974317259740656,-0.004483451998558617,-0.003969325790891159,-0.0034684900696413698,-0.0025108799528180733,-0.0007224195015429118,-0.000712441776978948,0.0005218206667614121,0.0013316764715289148
2020-09-24,-0.0062461259202903924,-0.006375132833697082,-0.006439552976685409,-0.006362677043140994,-0.006145894227978488,-0.005834519700951815,-0.005477124146430512,-0.005035109597918504,-0.004560769910728789,-0.004085560782959629,-0.003162454217510397,-0.0013551505419966189,-0.0013195260426508003,-9.270827224100041e-05,0.000736383129153527
2020-09-25,-0.006464334040108331,-0.006676767272344012,-0.006821821006734919,-0.006835989723867168,-0.0066868409948110455,-0.0064141916361937145,-0.006067179490169094,-0.005613256771364562,-0.005126782965779359,-0.004640753828083122,-0.003739844902679721,-0.001991890602375125,-0.0016507780401223287,-0.0003502535805969503,0.0004614506315354723
2020-09-28,-0.006429875904915861,-0.006641113704842536,-0.006761949662424047,-0.0067153524865518266,-0.00649392703918281,-0.0061437973241817,-0.005721303485778028,-0.005199605834299435,-0.004644385406662305,-0.004090508066111124,-0.0030251315058005546,-0.0008925892775116999,-0.0006707179385574782,0.0006544644566535572,0.001477768594640624
2020-09-29,-0.006488835081423335,-0.006660477867091563,-0.006754848341998375,-0.006701455296250236,-0.006505273897706507,-0.006206734549205629,-0.005856397890950548,-0.005409658071948004,-0.004920631768690965,-0.00442221172452463,-0.0034361535719104404,-0.0015528034124736116,-0.001558126313104897,-0.0003656826594018454,0.0003921507011737796
2020-09-30,-0.007026437338144542,-0.007276826125308897,-0.007418530072852024,-0.007377973504926568,-0.007177397454657976,-0.006848544675027454,-0.006455567221428524,-0.005957808304460346,-0.005420457926247557,-0.004882655979983044,-0.003831501918395144,-0.0017193886314972903,-0.0018696556023113607,-0.0006240787190820015,0.00013804681899989586
2020-10-01,-0.007257062365298784,-0.007515812573016566,-0.007672528153019604,-0.0076637681929801645,-0.007485065479823917,-0.007180492080686323,-0.006805284186651716,-0.006318507183393578,-0.005794678274177379,-0.00526349417850161,-0.004242407901172516,-0.0022737264418135755,-0.0023506931322299883,-0.001129756213188989,-0.00038165167008922455
2020-10-02,-0.0075269436711878435,-0.007886221553762255,-0.008124532853572942,-0.008176494868318646,-0.008065188639114925,-0.007829380997662503,-0.0075215650398413785,-0.0070957560777774945,-0.006621327696543779,-0.006142076147504793,-0.005212189921049202,-0.003447399920497496,-0.0036362829193655618,-0.002517918157143462,-0.001772279871304827
2020-10-05,-0.007168216458858825,-0.007337407460327546,-0.00739280137765624,-0.007259470152998828,-0.006994766506391417,-0.006644693017135333,-0.006252122153042253,-0.005759927477978167,-0.005237820116608518,-0.00473082181360757,-0.003794943311633353,-0.0019547207592160525,-0.002082496829302739,-0.0008845279731594667,-0.00012870173917720865
2020-10-06,-0.007284834658895275,-0.007593455372076791,-0.0077545339087511725,-0.00770600669091096,-0.007493985681620518,-0.00716775059064406,-0.006785694115867138,-0.006295904241058295,-0.005765354400993508,-0.005227449016137281,-0.004134828818974253,-0.002306547377071399,-0.002563210178079091,-0.0013530241653122548,-0.0006039954795879035
2020-10-07,-0.007001067406538921,-0.007288329680148002,-0.007450914302113347,-0.0074215937093886465,-0.007246377288122317,-0.006971619868367828,-0.006651168329953465,-0.00621630204743603,-0.005726207810673383,-0.005213675960522376,-0.004164891895089047,-0.002581867407128698,-0.0027013475438752745,-0.0015116398768592982,-0.0007475509321434396
2020-10-08,-0.006889787845821069,-0.007182678642472813,-0.007335508568983891,-0.007288964118069294,-0.007103298917755643,-0.00681737921043607,-0.006484724079154965,-0.006041872090007459,-0.005555571126922746,-0.005064491810070424,-0.004066649758050103,-0.002143019327550299,-0.002453075226477072,-0.0013010486004547874,-0.0005419354365935236
2020-10-09,-0.00649267698054335,-0.006699718660100139,-0.006779100054367132,-0.006678711809870659,-0.006453993810548707,-0.006148132371185231,-0.005805272471846434,-0.005364583871781471,-0.00488816959921358,-0.004403824757592715,-0.0034280753242781747,-0.0016762456147466956,-0.001870961427311343,-0.0006937140779079286,6.980976511747458e-05
2020-10-12,-0.007049579260613194,-0.007448103186906567,-0.007711145926203448,-0.007786665834477734,-0.00768859150879487,-0.00746023982496149,-0.0071656263156602085,-0.006757331409429801,-0.006298901284564272,-0.005820211021937763,-0.0048092697153601935,-0.0029550993033058857,-0.0031562077291553375,-0.001941714688467228,-0.0011784916764236396
2020-10-13,-0.006604836935944763,-0.006879762541876287,-0.007015870298861747,-0.006965702928241998,-0.006766807356599446,-0.0064723045457069596,-0.00612157001100178,-0.005660032238457281,-0.00515251048574682,-0.004634641989818767,-0.0035902252553319056,-0.001593457080106472,-0.0018448747793920793,-0.0005738676542312901,0.0001991403775924974
2020-10-14,-0.00636274723530365,-0.006639245995722108,-0.006782411398613843,-0.006737365262240255,-0.0065495276686460945,-0.006278021282549255,-0.005956387433504934,-0.00552900494925948,-0.005047718696635868,-0.004551834309887852,-0.0035787988666089398,-0.0019010989977664731,-0.0017713977185157628,-0.0004638272860381737,0.00036793018555924607
2020-10-15,-0.006234838598938239,-0.006521562101452108,-0.006674891889571498,-0.0066512705219883735,-0.006489320194815101,-0.0062422393531172465,-0.005939403006737009,-0.005519800700004379,-0.005038719189506921,-0.004538351302094356,-0.003531565769542726,-0.0018205304417312999,-0.0016717382259668163,-0.0003858768967055406,0.00045930966813776807
2020-10-16,-0.006570742029981926,-0.0069546063947720504,-0.007179482047035987,-0.0072003577526471955,-0.007050285810891236,-0.0067823594057697415,-0.006453824489557066,-0.006014444309906944,-0.0055301950134214,-0.00502422916884702,-0.0039279543224513885,-0.0017931004362105787,-0.0021760573478905886,-0.0009096596190376554,-7.914068181377732e-05
2020-10-19,-0.006504011058675158,-0.006813751544871829,-0.006953560104804367,-0.006883540852740731,-0.0066566196732470405,-0.006327277534478294,-0.005939315071080027,-0.005451409423834571,-0.004928141305232184,-0.004405503225639661,-0.0033201619950624806,-0.0011250106575372842,-0.0014709550302477903,-0.00017895444713952565,0.0006518219178733749
2020-10-20,-0.0069773613095646435,-0.00733819638563013,-0.007540450170851969,-0.007532549629630213,-0.007360436559953395,-0.007082231504267543,-0.00674702354153018,-0.006307392537657234,-0.005828626533920283,-0.005341053037758551,-0.004321122669475235,-0.002247524683727608,-0.0027844370649285715,-0.0015910040401643252,-0.0007719097782369179
2020-10-21,-0.00687626869611042,-0.007214855734497713,-0.007381771500814762,-0.007334067324061755,-0.007111081631669848,-0.006771317418192442,-0.006368119300330292,-0.005863577068881455,-0.005334017273442348,-0.0048051732961839,-0.0037217943161831314,-0.00146988540024721,-0.0019302588897149213,-0.0006274603284809271,0.0002258762238903641
2020-10-22,-0.006944348732741878,-0.007372367609213899,-0.007628948707582073,-0.007659233193518893,-0.007508610186419969,-0.007232753028008179,-0.006892878034932076,-0.006439159729502888,-0.005945774582295944,-0.005441903224155313,-0.004392649916274907,-0.0023351965624569017,-0.0026893009442574903,-0.0014736748845045667,-0.0005994480974265679
2020-10-23,-0.006805440238190649,-0.0072104137875745565,-0.007448922560056338,-0.0074551074167300835,-0.007284125079190951,-0.006987128199150546,-0.006633443864146685,-0.006182428153161067,-0.005699838963888229,-0.005208747842713591,-0.004131687526540731,-0.001784202291040391,-0.002490728857401251,-0.0013208659080424683,-0.0004660249328455339
2020-10-26,-0.00681416414735132,-0.00718596614363848,-0.007410924871771683,-0.007422885732532532,-0.007266746155185272,-0.006998354792339821,-0.00667841095230443,-0.006258887442584296,-0.005806789650071005,-0.005343095166733609,-0.004312134471701763,-0.002118603558709475,-0.0029531196954560076,-0.001873780201700083,-0.0009912828966158573
2020-10-27,-0.006877450208183523,-0.007189653795932245,-0.007369685430680963,-0.00735847345814438,-0.007196732682056294,-0.006939469767376297,-0.006626994398114398,-0.006198325287354058,-0.00572146325367033,-0.005235495839354646,-0.004266535991398207,-0.0025013402544427927,-0.0027695001103532524,-0.0015946038795451706,-0.0007243597178692685
2020-10-28,-0.007070605908762199,-0.007519311118307284,-0.007821507427642057,-0.007919090282116532,-0.00784389437897347,-0.007628864013745563,-0.007336061467881155,-0.006921247333930118,-0.006458193808444806,-0.005994175272940228,-0.00502981346753476,-0.0030664407763390054,-0.0033612788824312597,-0.002146359585477802,-0.0013055340307276753
2020-10-29,-0.0067363041209444145,-0.007092474204246378,-0.007304999690034034,-0.0073142055711842985,-0.0071688160753015226,-0.006916355331285493,-0.006600094572652112,-0.006168246403642669,-0.005693710269171072,-0.005217336751645801,-0.004260826158795016,-0.0022206724624232875,-0.002655480783215835,-0.0014601393094586157,-0.0006450591667095831
2020-10-30,-0.006748179007926017,-0.007107236857014036,-0.00732987594301087,-0.00732597673886336,-0.007139173195741087,-0.006839231078857336,-0.006485041358700776,-0.0060284929064467075,-0.005543556103539785,-0.005054826117100272,-0.004041702899167229,-0.001980303931741147,-0.00254131698906261,-0.0013326015206109867,-0.0005252436632752734
2020-11-02,-0.006783634146001935,-0.007248507704643262,-0.007531049884904559,-0.007584347688122837,-0.007462057614758903,-0.007225260344699479,-0.006915838959262449,-0.006476207057428591,-0.005990052962804901,-0.005493450784608649,-0.0044746642335240895,-0.0024821715594654445,-0.0029266630782078702,-0.0017025730583404156,-0.0008754238655384663
2020-11-03,-0.00674694238933336,-0.00722268868012104,-0.007506169357549151,-0.0075421428198024585,-0.007403672702144459,-0.007165121610359984,-0.006869285242202142,-0.006450925560062704,-0.005988623298031899,-0.005509000877245228,-0.004491700668318465,-0.002527445132897623,-0.003205673451569151,-0.0020537200172098115,-0.0012442217526773842
2020-11-04,-0.007080082047945186,-0.007490485614684406,-0.007747997375137367,-0.007769127173213042,-0.007617279343467135,-0.007363134398451688,-0.007052602307770602,-0.00662176685984675,-0.00614741934371286,-0.005658652687392713,-0.004636801784129566,-0.002708088755862367,-0.003392109451731945,-0.002246627583421091,-0.001468948958223078
2020-11-05,-0.006754872723539883,-0.007138620223022345,-0.007350442873284298,-0.007310856678265396,-0.007096663634193371,-0.006781685613636042,-0.006415134450090694,-0.005944907478928205,-0.005443109666841922,-0.004935750865915722,-0.0038526933094369907,-0.0016849754820623375,-0.002452716380405259,-0.0012680253691241357,-0.0004837197680965693
2020-11-06,-0.007045311986138626,-0.00755225921102981,-0.007891479138462542,-0.007986810335767263,-0.007889874210669346,-0.007679523191390103,-0.007408662552266812,-0.007023407377992511,-0.006596418302557569,-0.006147795563279431,-0.005181789333934126,-0.0032185717896023474,-0.003912608860815415,-0.002786355991445094,-0.002005117108910014
2020-11-09,-0.007468464211267165,-0.007953126341146291,-0.008292792323422421,-0.008409731909346638,-0.008315373012685076,-0.008083960347905116,-0.007776131899839642,-0.007359933354891715,-0.0069108012668585884,-0.006450079025144713,-0.005448339927639263,-0.0033544066241876537,-0.0041684944799446075,-0.003031658136733251,-0.00223698746188765
2020-11-10,-0.00713374217514181,-0.0074677934589060585,-0.007650995173560331,-0.007687840212602044,-0.0075131239323165105,-0.00724085877045156,-0.006920316734149052,-0.0064956900268658075,-0.006037763077935666,-0.005569371798993273,-0.0045839209246629166,-0.0027869815711450163,-0.0034210432253805817,-0.0023243309480754544,-0.0015282145863054978
2020-11-11,-0.007666877585320161,-0.007969425663863177,-0.008167700406443514,-0.00824201462382028,-0.008126639086771886,-0.007916991991958158,-0.007653448856209995,-0.007269142334805091,-0.006833681536545986,-0.006381287900033962,-0.005457648693274561,-0.0038234698966389826,-0.00438903754017913,-0.003395627026349525,-0.002605015854759863
2020-11-12,-0.007888826851444153,-0.008189018492418994,-0.008377539003428058,-0.008438212922061768,-0.00830591115359007,-0.00807300413797761,-0.0077852466330415315,-0.0073846007829478175,-0.006943988702812813,-0.006491822821549886,-0.005520549506433098,-0.0036649285917360968,-0.004547283440528684,-0.003608264493052039,-0.002851044959862489
2020-11-13,-0.008284546976407873,-0.008658726253878798,-0.008901690566158749,-0.009008210846041063,-0.008920827341897185,-0.00873428863335192,-0.008493111471163396,-0.00815460132325132,-0.007791395268679505,-0.007429532305106762,-0.006755905355682074,-0.004859762546131402,-0.005473075041939291,-0.004467143773869805,-0.0037534732796383917
2020-11-16,-0.007797080901684092,-0.00807644055116202,-0.008246269551473786,-0.008293788181699778,-0.008176485376832562,-0.007990815479327278,-0.0077585298551186635,-0.0073996311720896865,-0.006981008475599929,-0.006541568421136651,-0.005679820080647054,-0.004251058730067028,-0.004631611693358613,-0.003620474135021442,-0.0028810121387543384
2020-11-17,-0.007900673529561008,-0.008248521663509093,-0.008480588939457754,-0.00858066369720187,-0.008497527710171714,-0.008326931850231974,-0.008104158909714314,-0.0077704651049942,-0.007396460062192958,-0.007007226233849486,-0.00626388689741769,-0.004469544128724395,-0.004975710413291136,-0.0040021782371497845,-0.0032448736002239982
2020-11-18,-0.0075374768866103845,-0.00778972377894321,-0.007916953668438177,-0.00790991311877776,-0.007726457166721292,-0.007470502741465159,-0.007166842389894309,-0.006782014022025564,-0.006387410391073135,-0.00601096220553673,-0.005358530530782527,-0.0032425932670418394,-0.003758710728981969,-0.0027729759967216336,-0.001989169843203203
2020-11-19,-0.007877735981197693,-0.008116816040263267,-0.008262211590233349,-0.008294851347460167,-0.008162539232693854,-0.007953214763066978,-0.007692069966606083,-0.007335897736448554,-0.006953441708199238,-0.006574445215399549,-0.0058808990009077584,-0.004012231747037113,-0.0045513200587670045,-0.003575398892169856,-0.0028217616292306657
2020-11-20,-0.007549869019139016,-0.007760759348376633,-0.007848981677326795,-0.007811222230592532,-0.0076017124247664035,-0.007324538654746972,-0.006998384750724312,-0.006571572203593131,-0.006114581222062907,-0.005653671071394738,-0.004749500919052062,-0.002900877335071573,-0.003467702127440863,-0.0024487089649611023,-0.0016781973277795086
2020-11-23,-0.007467189963838111,-0.007674637909397849,-0.0078017913300508146,-0.007826331193970339,-0.007683058618733014,-0.007463931788622904,-0.007195234089169816,-0.006824508243896805,-0.006419278063610883,-0.006000960588170052,-0.005204449897315745,-0.003379380042107022,-0.003785787077088302,-0.0027415896997225763,-0.0019517382401262788
2020-11-24,-0.007256410547478724,-0.0075055503935216004,-0.007635659771844129,-0.007647423773060347,-0.007489516295285628,-0.007251153600234229,-0.006960195557055463,-0.006552320242270381,-0.0060988270492116515,-0.005624904644027321,-0.004592955288116966,-0.002785599551264941,-0.0035435419152088084,-0.0025721427307098936,-0.0017996722150513235
2020-11-25,-0.007632510977798177,-0.00808249679377934,-0.008401712130079347,-0.00859017286869726,-0.008573287856024523,-0.00843956861019434,-0.008231510369680044,-0.007886970942549277,-0.007482056753782917,-0.007038927699285597,-0.006069879903891708,-0.004415716401325467,-0.00496780848188551,-0.0039864807649640215,-0.003207977361598514
2020-11-26,-0.007800492820887189,-0.0081652531731443,-0.008410378092460268,-0.008524981844182473,-0.008445923975233461,-0.008259047530792306,-0.00800314205080613,-0.007624538683679122,-0.007197163312030684,-0.006752019825239439,-0.005811378292519862,-0.004087877849657794,-0.004676989370934328,-0.0037054114400478285,-0.00289782259788933
2020-11-27,-0.008050223734676048,-0.008458994195196148,-0.008724419517284891,-0.008854943761359858,-0.008783547483645258,-0.00860316970619102,-0.00835861054271079,-0.007981162471977369,-0.0075550864451771746,-0.007098057251649803,-0.006120880093994239,-0.004487414364138231,-0.005087212741548008,-0.004146039717409787,-0.003354323670392643
2020-11-30,-0.007722995679857602,-0.008073242636757638,-0.008299761151123535,-0.008396174287725247,-0.00830137714374103,-0.0081137860692102,-0.007865579163925806,-0.007495381604172618,-0.007077484508526617,-0.0066329934462830645,-0.005699904187954348,-0.00400946118072882,-0.004629136066730235,-0.003668596416645043,-0.002874854680728921
2020-12-01,-0.007867778377893379,-0.008203299020524732,-0.008401333593915886,-0.008460903478189482,-0.00833509878567296,-0.008130000533770231,-0.007872990072877097,-0.007500396431403894,-0.0070835183167496886,-0.006638280984023877,-0.005706359957395622,-0.004039159779441686,-0.004639440111853179,-0.003675813953383006,-0.002894958350211578
2020-12-02,-0.007965738982794136,-0.008310445954629734,-0.00851153514190564,-0.00857050439426007,-0.008441063155467476,-0.00822153289220068,-0.007939939279247264,-0.007536414469390848,-0.007086953043857043,-0.006616558795143548,-0.005650843492866833,-0.0039014885428493313,-0.004510963424383335,-0.0034979210558121103,-0.002718740806317278
2020-12-03,-0.00762852104397496,-0.008070607507764874,-0.008364048565079274,-0.008514175225994495,-0.008471853286809657,-0.008331181672011754,-0.008128182536494527,-0.007793720093056239,-0.007393142316826817,-0.006948612416922451,-0.005986493769639926,-0.004363701092578225,-0.004763217176671059,-0.0036989054572060236,-0.002924710581115545
2020-12-04,-0.0076972558535802595,-0.008096125173310435,-0.008351303100260134,-0.008467266291626795,-0.0083949415862922,-0.008230951808629575,-0.00800714856360108,-0.007654935128253163,-0.007244219492928301,-0.006796945469402416,-0.005856926268922142,-0.004229263979687805,-0.004572064784309236,-0.003489081797655158,-0.0027045010741552516
2020-12-07,-0.007422147801887088,-0.0078115423711970985,-0.008042654582612168,-0.008125483305683205,-0.00801264084775921,-0.007803208740015636,-0.0075277361113742286,-0.007141711550419501,-0.006719492473183141,-0.006281355632203501,-0.005415979462264722,-0.003428188657987889,-0.0036753196748598293,-0.0025306523932539246,-0.0017039840364548049
2020-12-08,-0.006510223357867171,-0.006795352140666051,-0.00690230373629847,-0.006861062401740887,-0.0066427577991925845,-0.00634617246143805,-0.005985445674210213,-0.0055213769567827135,-0.005033351976376461,-0.004549023199620893,-0.0036375168130547784,-0.0015100304747531663,-0.0017252516730167635,-0.0004578493441644606,0.0003783088552665083
2020-12-09,-0.006785634090729491,-0.007111002645197197,-0.007263125766779505,-0.007267511055697753,-0.007091560379928032,-0.006826066333725476,-0.00649880977494748,-0.006057783493183632,-0.005577486449434497,-0.005080685426419671,-0.004096890804267809,-0.0022535478144262745,-0.0024873137489415274,-0.0012643048676057081,-0.0004089196244050672
2020-12-10,-0.0066579024595575,-0.007176466080190334,-0.007502815997005715,-0.007663251145703032,-0.0076187361022837415,-0.0074554990155391646,-0.007213838795218955,-0.006845142367641221,-0.006419509728426122,-0.005955477141869959,-0.004960679455146672,-0.002957723588780152,-0.003321336319906214,-0.002125188899520132,-0.0012694960433530592
2020-12-11,-0.006878694559201524,-0.0073667492593750905,-0.007673178533377961,-0.007821841634194578,-0.007772360386688253,-0.0076136301616007,-0.007391937448241797,-0.007027030142783324,-0.006616049787895191,-0.006169387939980356,-0.005212905146024541,-0.0032923664830984386,-0.0036694232354535995,-0.0025097539650434687,-0.0016716230396795267
2020-12-14,-0.006856737412891047,-0.007352186810292073,-0.0076642932976716,-0.007817154953959994,-0.007774052229117414,-0.007623328674793542,-0.007405519279093569,-0.007037375152775709,-0.006624130380558181,-0.006177169310276822,-0.005240916294017555,-0.003323234219187312,-0.0037195398722207037,-0.002524901397967734,-0.0017058431597795727
2020-12-15,-0.007321574359573035,-0.007754983400086431,-0.0080265609669074,-0.008153267001360858,-0.008096137440110961,-0.007937780845746659,-0.007719879767959679,-0.0073588184550551486,-0.006950796167728495,-0.00650451296864572,-0.005569854689936753,-0.0038566361246203003,-0.004229957380596905,-0.0031349853495926698,-0.002258740893916253
2020-12-16,-0.007403085640291557,-0.007888999878449186,-0.008206208323990707,-0.008374670723676196,-0.008349333376611945,-0.008216133338864512,-0.008022253079689894,-0.00767921596347618,-0.00728804931338027,-0.006856564759130713,-0.005943909187620448,-0.004196272573639294,-0.004690885761596738,-0.003610833992787648,-0.002774767198451631
2020-12-17,-0.00740810535936674,-0.007899362082830638,-0.008210956227768254,-0.008370234151389471,-0.008340561606827293,-0.008202316718333436,-0.008000967615940848,-0.007648848464987832,-0.007251365336051966,-0.0068175602838266465,-0.005882063745465446,-0.004084883941589271,-0.004662547491801054,-0.003616153392263536,-0.0027773657063796843
2020-12-18,-0.007560351084781234,-0.008053328523223397,-0.008369298362708086,-0.008531994009407597,-0.008505998913013896,-0.008367868270251799,-0.008165057580207169,-0.00781176052926411,-0.00741724303175108,-0.006992094040551644,-0.006089309216207646,-0.0042837642839287735,-0.004869500812562891,-0.003813165790320039,-0.002991701595547228
2020-12-21,-0.008034611978725742,-0.008533934759018962,-0.008846574395679825,-0.00900881157534859,-0.008982250015587138,-0.008837408781481981,-0.00862098741729139,-0.00825014292884172,-0.00783758991244023,-0.007395008264428142,-0.006485748461710151,-0.0047012526909710785,-0.005126232153779393,-0.004038148305842283,-0.0032084945572603087
2020-12-22,-0.007686875670911448,-0.0080887698671861,-0.008305351382947817,-0.008369512199169255,-0.008259719109635112,-0.008056769794945247,-0.00778655306713652,-0.00736690388704974,-0.006917900181347669,-0.006461753625481696,-0.005557732709806876,-0.0034670701654679337,-0.004068129946513482,-0.002987180482647909,-0.0021622870614522675
2020-12-23,-0.0075681938522750855,-0.007996161992234572,-0.008227573858331071,-0.008301215428905074,-0.008202173223807601,-0.008004430557802698,-0.007741530822274541,-0.007331188457391006,-0.006888276841875007,-0.00643059963683155,-0.005495443118197152,-0.0034552702446589497,-0.004055033224134608,-0.003035203755849822,-0.0021956033866303896
2020-12-28,-0.0076753324116240005,-0.00799155783052462,-0.008122016692347203,-0.008103065119855195,-0.007927269960658564,-0.007673293538594229,-0.0073650477819626565,-0.006925467536773547,-0.006462253670629319,-0.0059952752827657566,-0.005056814658442225,-0.0030056178414490597,-0.003650419673707904,-0.002656956198209736,-0.0018158342397987946
2020-12-29,-0.00769398155572915,-0.008092457814142903,-0.008295853728604296,-0.008339357351103189,-0.008212183026327917,-0.007999379748810875,-0.007731721840475609,-0.007330782817821863,-0.006902244103655227,-0.00645817017007982,-0.005543709551873794,-0.0034396357430970612,-0.004203936463791521,-0.0032553815585209074,-0.0024171787661163573
2020-12-30,-0.007787060747606899,-0.008122987544066125,-0.008299510847281914,-0.008337327301811113,-0.008209945467688051,-0.007993830332349437,-0.007715891289613352,-0.0072962896159424265,-0.006851066960478016,-0.0063968419517803805,-0.005502287278912994,-0.0034566616511766445,-0.004147797641811484,-0.0031870778525303,-0.002344567852712912
2020-12-31,-0.007882744056987884,-0.00818310583571241,-0.008331329484811708,-0.008343115688084437,-0.008194233874563604,-0.00795680295219139,-0.007657942303883159,-0.007223072231562043,-0.006762689422239315,-0.006295922009993175,-0.005379180102110785,-0.0034031446266814067,-0.004021536421338821,-0.0030322402390111328,-0.0022202058397403587
2021-01-04,-0.007253830123774803,-0.007518002602685465,-0.007618423951653453,-0.007583595273160279,-0.007401347701332554,-0.007122011252589988,-0.0067743184189020585,-0.006298286428729958,-0.0058030556996746755,-0.00531435024770309,-0.004364568503161878,-0.0022233667682430847,-0.002827745475524799,-0.0018106273809078773,-0.0009589820267168014
2021-01-05,-0.007565521724948204,-0.007880435146454303,-0.008035291108201077,-0.008055670334490018,-0.007920162290805709,-0.007673495899057536,-0.007354547572954151,-0.006900424353798067,-0.0064192989100583745,-0.005934893473039343,-0.004986798716882283,-0.0030091236681458787,-0.0034881860247107186,-0.002468637541410278,-0.0016136720789295788
2021-01-06,-0.00791424853559217,-0.008210114993046042,-0.008365769655164387,-0.008393445301102689,-0.00825820258773869,-0.007996939894915785,-0.007656628905781695,-0.00718215717721968,-0.0066895540266801775,-0.006206445720049752,-0.005250648515216732,-0.003140824142853705,-0.003784750386861068,-0.002767477994663839,-0.0019301097407488836
2021-01-07,-0.00796875815670727,-0.00820537546048484,-0.008317353071950345,-0.008312643866762589,-0.008143816613311039,-0.007856753728398076,-0.007488008379608111,-0.0069969712365739,-0.006498643367111091,-0.006023752057449563,-0.005145558341693902,-0.003053319968256303,-0.0035447887928006083,-0.002475672977909964,-0.0016333489334265936
2021-01-08,-0.008292736741108543,-0.00861670446690867,-0.00880737670983071,-0.008883909861961612,-0.008795294666507553,-0.00858044646275809,-0.008279166852434433,-0.007851148228597775,-0.007407900509558743,-0.006973698751851434,-0.006122566130768847,-0.003956390556983418,-0.004678419212556927,-0.003724589653379769,-0.0028805555543401718
2021-01-11,-0.008931612283806675,-0.009292679372090343,-0.009528527486764221,-0.009661730861369233,-0.009625820772569443,-0.009453605585432833,-0.009192444272755947,-0.00880006607705101,-0.008393183252389946,-0.00799439819920607,-0.0072435470200277186,-0.00519048284855163,-0.005835714533659052,-0.004889264917637675,-0.004076915829029489
2021-01-12,-0.008440654792481623,-0.008703949250623942,-0.008818402520552129,-0.008820731462940781,-0.008665795512660623,-0.008397643761727627,-0.008046133772385063,-0.007568260188668444,-0.007090172698774614,-0.006634603498558872,-0.005802848714793678,-0.0035662323823000557,-0.004244007664502015,-0.0031709003556207125,-0.002344218303888087
2021-01-13,-0.008220915884399292,-0.008414175774160568,-0.008432391345225738,-0.008317474538355385,-0.008058017044632554,-0.007721223702081741,-0.0073186982874999616,-0.006796207982219182,-0.006279788071571002,-0.005796063450107995,-0.004927547577636705,-0.002624159265197024,-0.0034476934052599722,-0.0024079582938793913,-0.0015927645315894385
2021-01-14,-0.008407980255937322,-0.008704343977593646,-0.0088049600531665,-0.0087720137159314,-0.008595260251043003,-0.00834235277998289,-0.008015907326569628,-0.007550608837509215,-0.007078259580745208,-0.006625812718230649,-0.005834349724946673,-0.0038194352908767484,-0.0045018811997256545,-0.003488828663835487,-0.00267343022816317
2021-01-15,-0.008116742656671904,-0.008352761143184716,-0.008414746635250086,-0.008342275023466517,-0.008116003349068184,-0.007809161722574643,-0.007434137713618717,-0.006939642743443865,-0.006450812269008987,-0.0059889187653833975,-0.005150554562978381,-0.002863304949859895,-0.003777526938928604,-0.002746884421796815,-0.0019018296735276805
2021-01-18,-0.007808603290163129,-0.008141141456425093,-0.008282402943497063,-0.008280751387896348,-0.008122867172478601,-0.007891093004763301,-0.007592048437949033,-0.007165850749267453,-0.006722275899132645,-0.006278646653624322,-0.005416562223317607,-0.003345838140125487,-0.00420183335117101,-0.0032213824880345954,-0.002363056694726271
2021-01-19,-0.0071410890202163076,-0.0073610276880337515,-0.007419736002131147,-0.007350947159757813,-0.007151998025001912,-0.006895384890533012,-0.00658081362548064,-0.006145481496099896,-0.005704261044139065,-0.005270983418458932,-0.00446193497442904,-0.0022247354296295757,-0.003201428153772047,-0.002190787928965125,-0.001331842337074329
2021-01-20,-0.007371622863765525,-0.007674951863493271,-0.007824557170085109,-0.007845676179958865,-0.007732182516980997,-0.007545393701168992,-0.0072889727195832674,-0.0068943951122209125,-0.006485080333982881,-0.006090736951480895,-0.005386771049378554,-0.0032189923421847982,-0.0038922204673795444,-0.0028328146244455017,-0.001941046314579549
2021-01-21,-0.0068892466368040564,-0.007226141237585779,-0.007383366069216306,-0.007402176303476331,-0.007265179242411999,-0.007066135023539507,-0.006811454266477416,-0.006440398201794283,-0.0060510442096771856,-0.005651463618929158,-0.004862243820601907,-0.0026358162113506154,-0.0035563717445292473,-0.002526991370112069,-0.0016446247366306364
2021-01-22,-0.007014008964669744,-0.00739306329034366,-0.007556668127934316,-0.007577360306351126,-0.007464528701559048,-0.007314725058332829,-0.007108146720942041,-0.006772892960126955,-0.006406982542343878,-0.006030631314059807,-0.005297246675632765,-0.0032007420495314054,-0.004214988418206071,-0.003300298958462243,-0.0024310560250592997
2021-01-25,-0.0071621727636095155,-0.0074797268117068345,-0.007638683232495814,-0.007687649264866907,-0.007614410728934205,-0.007485992515802767,-0.007298815227828232,-0.006983386866633815,-0.006640236923388584,-0.006288910394168872,-0.0055986182990852605,-0.0036270282654117954,-0.004548451166144232,-0.0036126341407674645,-0.002762421398240603
2021-01-26,-0.006732039172737401,-0.006928974729252943,-0.006988108171718133,-0.006938208729641248,-0.006786818085223738,-0.006606037357100046,-0.00637065995240897,-0.006006792036525821,-0.00561657387215336,-0.0052268051646381505,-0.004501767726927458,-0.002508431207382874,-0.0034266926735264723,-0.0024554716440360687,-0.0015552305425363248
2021-01-27,-0.006708122516284323,-0.007120785820958524,-0.007331781967444015,-0.007398833889455638,-0.007318339357995245,-0.007157269120017224,-0.006930153839249461,-0.006578887397796911,-0.006218393099762348,-0.005866490056268211,-0.005198345277450035,-0.0028216696431375044,-0.00376668857666501,-0.0028472541683892964,-0.0018685855656590444
2021-01-28,-0.007034219648450448,-0.007318670686914368,-0.007464334027719882,-0.007489072650689127,-0.007374679625483883,-0.00720945819945598,-0.006987550056273682,-0.00663487534199062,-0.006262044529028254,-0.005881563614996749,-0.005211889976686396,-0.0030643731001527945,-0.003841903132822544,-0.002829413166818101,-0.0019255777639907129
2021-01-29,-0.006916186948586659,-0.007153898556470043,-0.00728930236803063,-0.007316114955917228,-0.00721447948847358,-0.007077469746925651,-0.006877483539039689,-0.006544263858167334,-0.0061843190542875395,-0.005824184259352733,-0.005188544632228379,-0.00305267915341575,-0.0037801218879774346,-0.002789669736170806,-0.0019362285149456097
2021-02-01,-0.0070800318877727204,-0.007341622358393276,-0.007498997802469162,-0.007541692489950733,-0.0074531170356191365,-0.007323254882087904,-0.007118724756474298,-0.006796618906150061,-0.0064422035143039125,-0.006111587723240534,-0.005441434719799086,-0.0032333814652455253,-0.004083410981616586,-0.003114612961534328,-0.0022663282629559792
2021-02-02,-0.0068321062116157676,-0.007341062298689975,-0.007708665914983568,-0.007937711343983467,-0.00799388738512743,-0.00797918744746978,-0.007865544879087907,-0.0076201332218760656,-0.007317804144651732,-0.007010973171352298,-0.0063421308366614125,-0.004187334387629486,-0.005042699247919991,-0.004176005059824184,-0.0032210812113506017
2021-02-03,-0.0063461120564440275,-0.006824865670893611,-0.007129044034411372,-0.007273890130561668,-0.007261771893927935,-0.007186425219416012,-0.007017193882527221,-0.006712119012722851,-0.006355825999316507,-0.006003629340094446,-0.005253391726005091,-0.003045050802113686,-0.0038791858895984733,-0.0029578741893743115,-0.0019881678182206305
2021-02-04,-0.005968208979153208,-0.006344006038557543,-0.006535762811888,-0.006570397534600386,-0.0064623334911853795,-0.006317814686232697,-0.006100120684173523,-0.005766865139420008,-0.0053980096911439256,-0.005050920102210807,-0.004320391702946895,-0.002044531220796228,-0.0028982740999054513,-0.0019953911778711163,-0.0010067495535578375
2021-02-05,-0.006303271569189917,-0.006712887908221583,-0.0069451965819250375,-0.007023350163237057,-0.006957322854965972,-0.006825311964769703,-0.006611775849049916,-0.0062811017471719474,-0.005914354314875227,-0.005554724168197281,-0.00478520474004857,-0.002537654569249094,-0.0033237105166140776,-0.0024031739581849214,-0.0014436221453615055
2021-02-08,-0.006185339104441378,-0.00655998535712546,-0.0067543640766034255,-0.006793289171009507,-0.00670379578949864,-0.006567593236841247,-0.006346153394507196,-0.0060048431028469264,-0.0056180836227085135,-0.005245465602439303,-0.004466869438026483,-0.0023127560583067735,-0.003052056210962392,-0.0021585544033303886,-0.001184648836305689
2021-02-09,-0.005958177002032531,-0.006385705189198001,-0.006593353256661035,-0.00661111328680301,-0.006483375843907696,-0.006298176085155268,-0.006028599762695651,-0.005646195791447737,-0.005228913682863562,-0.004831906771578309,-0.00398716037775803,-0.0016219732520165024,-0.0024191983719269714,-0.0014519806684632828,-0.0004823767480769147
2021-02-10,-0.006100266790980828,-0.0064266057282528445,-0.006549972528230072,-0.006504353770895166,-0.006343053314974813,-0.006149766484350791,-0.005886645773646399,-0.0055127124793015745,-0.00510283678650075,-0.004712138553017904,-0.0038962052596678383,-0.0017352653721036324,-0.0024593510941700427,-0.0015092711902781795,-0.0005048418313962312
2021-02-11,-0.006323280480759845,-0.006814164904389963,-0.007105097383691183,-0.007228299546961662,-0.007207496919880732,-0.007128785912367171,-0.006966608740751221,-0.0066839917992025655,-0.006347564681378825,-0.006000694430649919,-0.005246392630287872,-0.003172745602229588,-0.003927811082988542,-0.0030544715253884172,-0.002073216047673794
2021-02-12,-0.006389941970431636,-0.006934388640258871,-0.007243819951157417,-0.0073504647697223814,-0.0072772574209351865,-0.007131210168991503,-0.0068929392328807544,-0.00654159361076633,-0.006148893970218843,-0.00576027120590233,-0.0049218999488034685,-0.0025999031354993814,-0.003448613637905052,-0.002497074176456637,-0.0014840014832421965
2021-02-15,-0.006486865726719497,-0.006990905717434847,-0.007264257586017497,-0.007341466098783469,-0.007247335264144009,-0.007085822305078498,-0.006836310832953112,-0.00647422801650815,-0.006071607351043204,-0.005676795265528708,-0.004863929584630294,-0.0026635143833953884,-0.003254907067312545,-0.0022484790176166254,-0.0012887628985411713
2021-02-16,-0.006598536480751975,-0.007056865924105808,-0.007280664670559583,-0.007307328607135449,-0.0071669388507940085,-0.006956432359505579,-0.006652231799484136,-0.006234699587074336,-0.0057808451051838475,-0.005346147083409639,-0.004472727623614986,-0.0022298451420741552,-0.0027329301680659958,-0.0016339909038825644,-0.0006827942810217711
2021-02-17,-0.006697588870357048,-0.007189405340126022,-0.007452991602179916,-0.007522302197861517,-0.0074236251336414864,-0.0072431868716009325,-0.006970219285359493,-0.006584179795625064,-0.00616385488909822,-0.0057613353508481555,-0.004951720106248213,-0.0027370068279625823,-0.0031957149664490437,-0.002080506867390579,-0.0011424348633156708
2021-02-18,-0.006430430573702607,-0.006913443614032118,-0.007159353251386595,-0.007203730665877788,-0.007069283235342582,-0.0068553846927801865,-0.00655059277909167,-0.00613944153212179,-0.00570133331210991,-0.005278824088301261,-0.004402032192140006,-0.002060494032204342,-0.002717049147311331,-0.001662865155837593,-0.0007318554570335268
2021-02-19,-0.006391172690789401,-0.00679789193522882,-0.006961035025797321,-0.006921862808446501,-0.006712399035184738,-0.006433860718907962,-0.00605695044509709,-0.005575038465694493,-0.005074447076236124,-0.004622259204611422,-0.003762259124744148,-0.001540130010322598,-0.0017743854199388186,-0.000543597960453983,0.00038739388386720147
2021-02-22,-0.006727176182265627,-0.007226784286711322,-0.007478520672992611,-0.007518817499628166,-0.007356303683861538,-0.007099118962264933,-0.00673717479842925,-0.006269293790849734,-0.005783441921992617,-0.005336080509707738,-0.004458489000729694,-0.002114413579119149,-0.0024906868903706247,-0.0012635827690624436,-0.0003506497222300765
2021-02-23,-0.006994647124169489,-0.007519680359536021,-0.007810009718085935,-0.007894623105514262,-0.007778053213054119,-0.007561659448320769,-0.0072438127612559225,-0.006818690110796198,-0.006370918399129789,-0.005947512451499798,-0.005085494635679562,-0.0026771875177272397,-0.00325773230189602,-0.002121069259805624,-0.0012179483266831672
2021-02-24,-0.006946481316352005,-0.007456639678345207,-0.007724773973518556,-0.007785061778245454,-0.007645938382576012,-0.007410926013566017,-0.007069146796577657,-0.006617520662575261,-0.006142788257134472,-0.005699849039652198,-0.004805617451846433,-0.002410391822539738,-0.0029653300034747083,-0.001797369295926414,-0.0008981287310846558
2021-02-25,-0.006837414186040265,-0.007229579571199515,-0.007395686061287323,-0.007367294182360868,-0.007164835519841542,-0.006895695725945286,-0.006532415639564634,-0.006064898268178934,-0.005574364862670185,-0.0051238149743565746,-0.004253662249523921,-0.0019318672906731343,-0.0023461293938580206,-0.0011610275244569592,-0.00024474577642143993
2021-02-26,-0.00682400451644951,-0.007214836743520864,-0.007390551222874009,-0.007374511596542597,-0.007176923678253892,-0.00689986666768889,-0.00652106921575511,-0.006028303743426293,-0.005512902323952149,-0.005033846259145916,-0.004084268890615443,-0.0017521388735822275,-0.0021918405346263176,-0.0009877269378763599,-5.1508817531932744e-05
2021-03-01,-0.0066250538309378,-0.007017761259666665,-0.00717526875901188,-0.007127382687162529,-0.006884095285676276,-0.006555950156370145,-0.006126049423846573,-0.005596115900549719,-0.005059857713166682,-0.004577937511207734,-0.0036168663134505535,-0.0009963110662877242,-0.001583599412828989,-0.00040001045228620134,0.0005747763377731557
2021-03-02,-0.006470523885579161,-0.0068769142865872995,-0.00705259697193163,-0.007011973959926449,-0.0068032754703386865,-0.006514431994459201,-0.006122045543129136,-0.005637860094115549,-0.005100132297711794,-0.004557025005059909,-0.003459193191840348,-0.0013261042707814596,-0.0017057099075883171,-0.00043859420425470283,0.0005197931281016768
2021-03-03,-0.00650760945598609,-0.00677592362136522,-0.006831895384520499,-0.006689409049210636,-0.006394094070165678,-0.006031053469865666,-0.005574576009837003,-0.005037528929303008,-0.004461716339477499,-0.0038969143297298186,-0.0028152761528140247,-0.0008368612690545336,-0.0009846246216722754,0.0003250548609155709,0.0012678586425763333
2021-03-04,-0.006441152208190611,-0.006781427928384839,-0.006893741304657117,-0.00679864240754436,-0.006537109461597886,-0.006195687756219563,-0.005752335423707581,-0.005223213643027276,-0.004657262771142424,-0.004103383374803461,-0.0030141931619746052,-0.000804903278309532,-0.0010987833186465025,0.00021884678235106617,0.0011753240926521524
2021-03-05,-0.006685601507269093,-0.007009456332986636,-0.007099958672753679,-0.0069824873690633605,-0.006705684591675313,-0.006355252658173291,-0.005906635076016007,-0.0053745456174872416,-0.004803631922303743,-0.004239067032138043,-0.0031402596939988643,-0.0010390002382709303,-0.0012501703286801622,5.602645334641871e-05,0.0010038767794943114
2021-03-08,-0.006568395451696108,-0.006866635041003738,-0.006931731939511704,-0.006784045974506767,-0.006474671927390405,-0.00609870179714808,-0.005625258071829807,-0.005071007231802631,-0.004479676804095834,-0.003902230745804189,-0.002775978710366553,-0.0006309548124388664,-0.0008983978207136752,0.00041983436779280257,0.0013833107024617923
2021-03-09,-0.006730405137966476,-0.006944690090585767,-0.006968608887975468,-0.0068021307750115,-0.006472865184335654,-0.00606561748954914,-0.005563758883932778,-0.0049849906709821075,-0.004375196348487802,-0.0037814049974246853,-0.0026258805208517946,-0.0004655408345847941,-0.000661720262345885,0.0006767784069868698,0.0016430245077500279
2021-03-10,-0.006553205068730069,-0.006899748333981207,-0.007016072798955585,-0.006926056189569769,-0.006664923790716947,-0.006322350403200231,-0.005876397303449443,-0.005343139586147839,-0.004762950202827286,-0.004177990714446478,-0.003001532753758129,-0.0008298901657104198,-0.0012117972446799006,6.941346577190308e-05,0.001031159872229204
2021-03-11,-0.006618274914175612,-0.007015979902082083,-0.00717501377884598,-0.007114995702648853,-0.006853692346553848,-0.006484696150636953,-0.0060056441023359245,-0.005443030419252705,-0.004846308273859885,-0.004253506071893618,-0.0030687414799209114,-0.0007647224604154011,-0.0010563913225538832,0.0002567151042605543,0.0012628399590812564
2021-03-12,-0.006429685272381963,-0.0067752307027475174,-0.0068982656911654215,-0.006808300043940777,-0.006516621366189727,-0.006128142956664284,-0.00562823590951671,-0.0050533842319323875,-0.004440699638017042,-0.0038339768376936187,-0.0026292343196798805,-0.00030682796583159636,-0.0005204498042110794,0.0008255993921112384,0.0018399756613358014
2021-03-15,-0.006109139358867258,-0.0064581799276951166,-0.006568710167650765,-0.006424839184161005,-0.006104105334679789,-0.005699839855142496,-0.005199008399646129,-0.004631374212320399,-0.0040297271104138815,-0.003427543810446242,-0.0022175831328585865,0.00027648495753954615,-2.2282595097764674e-05,0.001381018444311377,0.002428183421434116
2021-03-16,-0.006216352656331703,-0.006516338883772733,-0.006580957652606802,-0.006403306869557729,-0.006062655369803748,-0.005645010705478185,-0.005137764425234627,-0.004569555234401015,-0.003964674719862116,-0.0033568852915265212,-0.002120982913329351,0.00028400162214785524,-5.6751582785863255e-05,0.001278037152541077,0.0023097776887316874
2021-03-17,-0.005983478419459452,-0.006349607456430053,-0.006468271082700681,-0.006327136757414054,-0.0060025698301529005,-0.0055840480014013715,-0.005075787133250049,-0.004512248828654419,-0.003915428387751766,-0.0033090014043563347,-0.0020337740382622674,0.000448335072844047,-4.6974719740582645e-06,0.0013060939132961248,0.0023612880340946815
2021-03-18,-0.006187603424595332,-0.006571527533023115,-0.006715847184864506,-0.006603482336193048,-0.0063036661193411146,-0.0059004825775486915,-0.005402621718925024,-0.004842487829618176,-0.0042478625546759075,-0.0036432263627947667,-0.0023847360654523407,4.2300600768109195e-05,-0.0003161285981035551,0.000994088651576411,0.0020515863860778106
2021-03-19,-0.006034208553938807,-0.006301766089240121,-0.006339403861953504,-0.006136939569629221,-0.005762868246936489,-0.005308258052391399,-0.004774497453820704,-0.004193570495315862,-0.003587001894981002,-0.002972956806005409,-0.0017001539027851479,0.0006672210527751291,0.00024065809353934742,0.001537701069146703,0.0026081336833319512
2021-03-22,-0.006060032281915589,-0.006419633204597068,-0.0065290406247668535,-0.006370078129467958,-0.006015253835926158,-0.005546964039270361,-0.004994009361212573,-0.004400048658197532,-0.0037866649743433186,-0.003170150485704358,-0.0018405837485371958,0.0008842028340670265,0.00020224032242768027,0.0014714242879369952,0.0025638342193478234
2021-03-23,-0.005817650727442758,-0.0062518684294874186,-0.006435643616541156,-0.0063521011922336576,-0.0060847362586886385,-0.005711296420617584,-0.005247348138398115,-0.004723336921016543,-0.004154672354468805,-0.003560968239096859,-0.002266983283486552,0.0003277524366609426,-0.00035577046355305276,0.0008716387145634259,0.001956340312023429
2021-03-24,-0.005816050753510797,-0.006056556222046364,-0.006052848693084172,-0.0057909321610348265,-0.0053650674305617445,-0.004855756669232615,-0.004262953779198298,-0.0036250093686898974,-0.0029642933010211405,-0.002316016642447815,-0.0009745590667368808,0.001625179632756235,0.0010610751351407995,0.002345797693379622,0.003455061157589235
2021-03-25,-0.006161683676676355,-0.006423458136766602,-0.006446831087063532,-0.0062106197577128175,-0.005804054037093963,-0.005300798927699762,-0.004714236731266464,-0.004072091058833016,-0.0034025388373953706,-0.0027364803224601826,-0.0013529721519731897,0.001271884514802838,0.0006811331397643672,0.001950546303829944,0.003062753459876257
2021-03-26,-0.0056060000320311085,-0.0056586902433685094,-0.005480744803728302,-0.005073097938636111,-0.004567892737947801,-0.004026817391815139,-0.0034413106251855244,-0.002819371333230571,-0.0021674669992570775,-0.0015269059477487747,-0.00022292984491045168,0.002061640588453954,0.0013922734563882383,0.002540741099128085,0.003664710042614054
2021-03-29,-0.005986568000590987,-0.00622754613409739,-0.0062359162232811915,-0.006006507546265542,-0.005635032410493217,-0.005194216727821349,-0.00469370091270732,-0.004148694693299678,-0.003568726110985634,-0.0029732489032688065,-0.001717582668045057,0.0004648251501919343,-0.0002725908949190391,0.0007707878605236157,0.0018461753121264187
2021-03-30,-0.006663262776767311,-0.007127754989438146,-0.007354269727984806,-0.007319986108387774,-0.007084537819766902,-0.006717460631620365,-0.0062365881616619975,-0.005691579284153838,-0.005100393570281471,-0.004500434275416297,-0.003243047446741882,-0.0008668793034861629,-0.001463255737949296,-0.00029310020283832786,0.0007899728348370861
2021-03-31,-0.006230200667971914,-0.006649629806376406,-0.006813609759806128,-0.006694490438034531,-0.006375360523558528,-0.005937063994360044,-0.005392593891076299,-0.004793528328565379,-0.0041569200066037815,-0.0035135968972273925,-0.0021513334848996847,0.0006635626958399418,-0.00016508355072691926,0.0010432620941802462,0.002115951026407931
2021-04-01,-0.006078657230174817,-0.006462596071114575,-0.0065594261966256135,-0.006351788295052232,-0.005951230908670061,-0.005440044715268351,-0.00482292680902045,-0.004152068027724921,-0.003452054003350003,-0.002767299859179874,-0.0013595136118184656,0.0013083643142008734,0.0006992926835166478,0.001962740295690525,0.0030478980396959733
2021-04-02,-0.006277799858557028,-0.006690747838162163,-0.006858659298225314,-0.006740323277102226,-0.00642804148755905,-0.006000636932847267,-0.005464855509496372,-0.004873488937710158,-0.004238962812408564,-0.0036139129818721586,-0.002347944520170833,6.726074796389652e-05,-0.0002780378219870642,0.0010997259831525092,0.002115364600376954
2021-04-05,-0.006175816029107855,-0.0065561193260126535,-0.00666084177565731,-0.006464633885788454,-0.0060732235303525926,-0.005570675506236309,-0.004966463801555877,-0.0043198123794746,-0.0036495629923187587,-0.0030085399328725277,-0.0016844353962079033,0.001060804108292607,0.0003685727948979883,0.00160396018127983,0.0026897848109021364
2021-04-06,-0.006029863009403131,-0.006401806136582327,-0.006475309615956148,-0.006235496045824844,-0.005806733891611349,-0.005279610499884494,-0.004655441466862177,-0.003992573388226508,-0.0033014541935808203,-0.002638892012299301,-0.001278281100472395,0.0013609560861954802,0.0006481293777833874,0.0018782413277950965,0.0029600934635900054
2021-04-07,-0.005986939284936628,-0.006461619104796316,-0.006670518828583576,-0.006557375288096147,-0.006231565280489361,-0.0057879091222019724,-0.005239582554901312,-0.00464290764224237,-0.004007274254988855,-0.003374108604077877,-0.00206820356397704,0.0004420651120604869,1.334031099944964e-05,0.0012980705405156892,0.002389868779930588
2021-04-08,-0.006104589589752787,-0.006472240655539858,-0.006587455921994689,-0.006392300134995419,-0.005998371477262155,-0.005502509058063575,-0.004907768474555753,-0.004268473170825814,-0.0036026788944016354,-0.0029542349644507233,-0.0016440691299289601,0.0009537501590234365,0.00030375778115186865,0.001536701872666922,0.002634969559485471
2021-04-09,-0.006197677237574096,-0.006629423266067951,-0.00680991664051356,-0.006672239468360839,-0.006327811917810527,-0.005869503882876683,-0.005304167901097238,-0.004692787720200753,-0.00404959985521709,-0.0034206110680811957,-0.0021424259657931337,0.0005412146455582765,-4.466574654308792e-06,0.0013407014107031147,0.0024165292977113666
2021-04-12,-0.006284640828527076,-0.0065874906269377,-0.006622901127440362,-0.0063471807085439735,-0.005861104407907408,-0.005268565721837001,-0.004578428244953936,-0.003853037796374874,-0.0031176232347355534,-0.0024227640013992496,-0.0010423591656972407,0.0017764576805842185,0.0011715836354847554,0.0025997394838837206,0.0036696850799081155
2021-04-13,-0.006479877889761655,-0.007000543973685821,-0.007275009409429701,-0.007246771328504638,-0.006965226837430832,-0.0065311978541926444,-0.005961591464672721,-0.005335842931897981,-0.004675712684103574,-0.004032241108028554,-0.0027361472606674733,-7.877654760644393e-05,-0.00043771066447985006,0.0011027230448274173,0.0021433985265601327
2021-04-14,-0.00628442243658812,-0.006853077606556314,-0.007146553779556655,-0.007114805658448747,-0.006817725821019335,-0.006358874506073037,-0.0057684246405549835,-0.005121879371086096,-0.004447707246427455,-0.003787794766245746,-0.0024222423453417966,0.0004931482516985584,-2.3612308267284316e-05,0.0014346816573385145,0.0024991230556861803
2021-04-15,-0.006249744909209146,-0.006651376093834085,-0.006776981853784884,-0.006576617476458155,-0.006118288171005367,-0.005511993091987524,-0.0047781605626872,-0.004004354609979557,-0.0032197148665426313,-0.002476719261781189,-0.0009901025980382616,0.0019529422887548714,0.0015036651611163515,0.00306690887821174,0.004171999250572958
2021-04-16,-0.006129331604610912,-0.006559696734501808,-0.006691488455230415,-0.00647432316829708,-0.005986061892321262,-0.005338371599413892,-0.004558782028121207,-0.003738012435042064,-0.002907501646801862,-0.0021233448306830563,-0.0005392450795550211,0.002601262795589262,0.0020409958635785063,0.003639072738150495,0.0048112460725039325
2021-04-19,-0.006494447654179992,-0.007060990499197276,-0.007333686492837034,-0.007259786199219792,-0.006895823439948608,-0.006346599670581389,-0.005644440283819485,-0.00488279517411206,-0.004094799266930656,-0.0033365321790788877,-0.0018010969586503057,0.0012770304137140385,0.0009359495636084029,0.0025609546838678736,0.003750805698268327
2021-04-20,-0.0066666297559635455,-0.007174295665756233,-0.007420387185970186,-0.0073233315961000744,-0.006942647460088489,-0.006395183035979888,-0.005695412611398593,-0.004933676841187996,-0.004141682234037512,-0.0033827415218494147,-0.0018770092010301025,0.0010599735288721645,0.0007104508655159018,0.002301296294242205,0.0034899463221069703
2021-04-21,-0.006594948155245059,-0.007098123905313171,-0.007332948582747387,-0.007225686422147013,-0.006837027235023773,-0.0062785984145456095,-0.005574309227101843,-0.00480940163553334,-0.004021173179416413,-0.003259642878269759,-0.00175521616054928,0.0012718298110375899,0.0009882631710453453,0.002650492396822051,0.0038440828484781198
2021-04-22,-0.0067741006585292345,-0.007331867752311017,-0.007634888708896985,-0.007602098752469029,-0.007280068516767126,-0.0067816724512711575,-0.00613631804718486,-0.005421266880505707,-0.004677335718007691,-0.003946690728038333,-0.00247837506347662,0.00047845908732927915,5.453822524465135e-05,0.001614058981976789,0.002785631815189303
2021-04-23,-0.006725107999220802,-0.007277871186413519,-0.007596005806431026,-0.007596661757620315,-0.007308543748047405,-0.006855099623550977,-0.006256851358914819,-0.005587234095436681,-0.004882504954374607,-0.004173020553733059,-0.0027310387333827103,0.0002825961840669289,-0.0002722092082237951,0.0012586707781170811,0.0024300450947462382
2021-04-26,-0.007224773293416883,-0.007776718064430165,-0.008062001150230983,-0.008005446298920912,-0.007651554525481166,-0.007111811018134422,-0.0064075370298296306,-0.005632263889133451,-0.004832267857102939,-0.004064500670121813,-0.00254757678222319,0.0005341322464367676,9.64562542212045e-05,0.0017280344809683663,0.0029200003618766656
2021-04-27,-0.006742485877099007,-0.0071283315164087525,-0.007241919793461546,-0.007011612985888423,-0.006512461203681435,-0.005858748502132096,-0.005065672765882937,-0.004219313655652451,-0.0033606525606987136,-0.0025466165482952493,-0.0009468283534547154,0.0023161550429732286,0.0017757102632081506,0.0034493269128373664,0.004642889460855992
2021-04-28,-0.00616665318365571,-0.006352601367759117,-0.006289268831475709,-0.005910320288674034,-0.005319480828452066,-0.004638700265787982,-0.0038560946686124527,-0.00303850773512228,-0.002206923187519935,-0.0014148671396529639,0.00012857983953010578,0.0031402977365783185,0.002513857653465101,0.004006723219969192,0.0052178566853479215
2021-04-29,-0.006867498003130904,-0.007250209265389664,-0.00733193502074788,-0.007190794090066484,-0.0067557943814117935,-0.006197105404063361,-0.005519739223480086,-0.004785737705117069,-0.004024316965581014,-0.0032744950796708464,-0.001809490579524052,0.0008668804331798153,0.0004363564669452989,0.001992164196231223,0.0031542019479311565
2021-04-30,-0.007270918228439571,-0.007704224120328179,-0.007864458665626146,-0.007820305149783028,-0.007475295822456061,-0.006991076495658776,-0.0063754082317880705,-0.005689743880307808,-0.004961284335352576,-0.0042442433138359156,-0.002892980568674505,-0.001220422232822072,-0.0004883588502271234,0.0011697216801265912,0.002286554690191951
2021-05-03,-0.0070199397107197,-0.007400888796619714,-0.0074903872000585785,-0.007359990219451466,-0.0069301547806438005,-0.00636692874291024,-0.005680355680398729,-0.004938936794112063,-0.004173068811905987,-0.0034280538112131348,-0.00196060605843141,0.00011834625244057004,0.00034683663448472913,0.0019207699455523618,0.0030561845359755734
2021-05-04,-0.006946268224882346,-0.007395063015705522,-0.007555058594451227,-0.007497183873520456,-0.007132211867886071,-0.006625041255542432,-0.005988267577801999,-0.005287895946280033,-0.004550389229878852,-0.0038214339545849566,-0.002387655906363533,-0.0004861423071354987,-4.605932701984378e-05,0.0015548207596732485,0.0026872157929742724
2021-05-05,-0.006945984281783963,-0.00739023305419905,-0.007530079167916989,-0.007448500456516536,-0.007074517626445877,-0.006559975349229471,-0.0059200342512847216,-0.005210959847149776,-0.004464699802064586,-0.0037255251916248266,-0.0022682895884911405,-0.00036150129849776434,1.3332066526576552e-05,0.0016566887800162741,0.0027540060434325594
2021-05-06,-0.006853739109146824,-0.007258865333431304,-0.007350953673533475,-0.007219200005496223,-0.006794482047656605,-0.006236338048504618,-0.005552792627964704,-0.004814368915166866,-0.004052603370954383,-0.003311252136270905,-0.0018390657278951105,0.0003455852552362933,0.0004761190804492852,0.00206362180571497,0.003174954657982678
2021-05-07,-0.006963026890789198,-0.007387974005639868,-0.00751710166943465,-0.007428924673840114,-0.007055680100071576,-0.00654793453175735,-0.005921570076480592,-0.005229471207325376,-0.004501327284843691,-0.003767626339515745,-0.002318782407859611,-0.00040591483564994996,-7.985144606346715e-05,0.0015240021115661545,0.0026574486955239004
2021-05-10,-0.006887674658326753,-0.007059846533313207,-0.006971230363361505,-0.006698450904971694,-0.0062043711799555515,-0.00563316472089397,-0.004979406004309548,-0.004281264109550207,-0.0035578726924443134,-0.002842030815677633,-0.0014350433109433037,0.0004629466911194786,0.0004827666553194929,0.0019395207369404758,0.003046564605815161
2021-05-11,-0.007175524334037562,-0.007494351197763871,-0.007542880002789469,-0.007396093164926718,-0.006998987062058518,-0.006486437540448417,-0.005875458766169931,-0.005210233357670116,-0.0045092782938198845,-0.0038029662777167186,-0.002391293088085853,-0.0005554616106742266,-0.0004033477277645131,0.0011008032703001458,0.00220530884450558
2021-05-12,-0.007005189074341632,-0.007197099658222217,-0.007140275041574225,-0.006892798793745965,-0.0064108456480779065,-0.005828639268329428,-0.005152972834945884,-0.004434537992190468,-0.0036941397556508704,-0.002966786430575058,-0.0015346810222111882,0.0003294259055785264,0.000488916130269766,0.0019774028292243928,0.0031003674498296776
2021-05-13,-0.006761422809552599,-0.0069669397194060895,-0.006918209876068009,-0.00668251456829685,-0.006220557637334159,-0.0056664576522589966,-0.005027510009061597,-0.00434814426452038,-0.0036374112028689926,-0.002931823372234846,-0.001534952549578262,0.0002113549380464235,0.00046167770106433784,0.0019371046418359091,0.003072227680471847
2021-05-14,-0.006988754091100468,-0.007393638240668135,-0.0075484635656885,-0.007509621276677221,-0.00721483376297944,-0.00679354100640093,-0.006268691702560863,-0.0056856617240962325,-0.0050543157022784144,-0.004399822359945196,-0.0030447522473583677,-0.0012749144161810504,-0.0011750832266164627,0.0002472842902405659,0.0013672095748143776
2021-05-17,-0.006892525245450132,-0.007127091882222131,-0.007110738609147817,-0.006910843668487112,-0.006479922145334214,-0.005956361792050636,-0.005343042816915833,-0.00468648403053969,-0.0039957927975671995,-0.003307348609672533,-0.0019314563279204384,-0.00021439059426823983,-6.614083706625931e-05,0.0013538103540261968,0.002481617266688329
2021-05-18,-0.006865066386994434,-0.006948352960346688,-0.006779490531055666,-0.0064341881934305905,-0.00589233930749877,-0.005285609318541126,-0.00460745063489136,-0.0038905579431680933,-0.0031507291462232762,-0.0024345738036256714,-0.0010274260039813618,0.0007022108220695808,0.000707184188898864,0.0020824237562453215,0.003239463355231433
2021-05-19,-0.006988791754912653,-0.0072556661376847464,-0.007255332795205963,-0.007059786924394568,-0.006630616099487684,-0.00610024325890569,-0.005480272177383528,-0.004811436651832799,-0.004104631871405858,-0.003392440850855177,-0.0019556303855242044,-0.0002532394128934992,-0.00019402266315327846,0.0011170048931359693,0.0023100110910919893
2021-05-20,-0.007079864959349414,-0.007329907526212471,-0.007313504518659543,-0.007103988313249793,-0.006660308290396044,-0.006119932791640109,-0.0054909853667401524,-0.004818496867954468,-0.004116360424934879,-0.003419117968629428,-0.0020193965898467696,-0.000193554883091866,-0.00017458265334285958,0.00119098729370053,0.0023289336393816544
2021-05-21,-0.006848264629969167,-0.00712285582114245,-0.0071358889643718506,-0.006958127100455588,-0.006553621561635353,-0.006050398826988386,-0.005465079794764694,-0.00483860425512116,-0.004174500870502197,-0.003501602696809853,-0.002136617910934465,-0.0003405983850545025,-0.0003174161606240224,0.0010896960620843058,0.0022051955963307535
2021-05-24,-0.00693396903891746,-0.0071643200349295055,-0.007135557252997842,-0.0069085734931504696,-0.006447395600288646,-0.005888049871504328,-0.005236417570338766,-0.004540787431756632,-0.003811249746617512,-0.0030821660657104327,-0.0016299235923857567,0.00015565187304423297,0.0002524686848775408,0.0017448682867616762,0.0028715472879208945
2021-05-25,-0.006787601589409671,-0.0071311632198432775,-0.007200897508316806,-0.007065610857030393,-0.006680370796420659,-0.006191552944886005,-0.005613771154491435,-0.004990548684476978,-0.004324403278790962,-0.0036432851884547427,-0.002259615429161541,-0.00052495232997825,-0.0004398642528893584,0.001024283933074858,0.002137384070744806
2021-05-26,-0.006770777987621167,-0.007036722925610419,-0.007046577777650926,-0.00686866123884735,-0.006463144566631818,-0.005963132112755308,-0.00537490763268425,-0.004741729956332907,-0.004065651638530482,-0.0033828184469238444,-0.0020068011444689506,-0.0003447148583730267,-0.00022585506595851595,0.0011507410877210997,0.0022947128508114295
2021-05-27,-0.0068367217454365714,-0.007133940946146955,-0.007154344781564437,-0.00696880519248069,-0.0065390868061986004,-0.0060003304996207475,-0.005367908264405067,-0.004694168000957233,-0.003984538119540177,-0.0032727825885362745,-0.0018402049499203605,-6.665354861302693e-05,7.787284615271212e-05,0.0015963212166502916,0.0027014047453585875
2021-05-28,-0.006583022632511946,-0.006708460901367448,-0.00654716167860496,-0.0061863293545366075,-0.005609873097795257,-0.004953996893226223,-0.004221708135867403,-0.0034693392916884318,-0.0026998474473671897,-0.0019676557568784206,-0.0005097566691567687,0.0014848412806066108,0.0016136546426262595,0.0031642617829606818,0.004267776234293875
2021-05-31,-0.00641911069472917,-0.006714012622097117,-0.006698226924282341,-0.006450412747034149,-0.005939400461815096,-0.005311910747964033,-0.004596274729707231,-0.0038580408818891638,-0.0031094809059744617,-0.00237169222522997,-0.0007781077713542132,0.0017907529623774092,0.0011911576600943821,0.0025873351088061686,0.0037292814666963396
2021-06-01,-0.006502108795861238,-0.006757529009543024,-0.006711121595305071,-0.006448099315431881,-0.005935738963191346,-0.005303180702910042,-0.004589743001654135,-0.0038643513846940546,-0.0031274240438463686,-0.002432340475693072,-0.0009967407085681372,0.001284819761483052,0.0012516391412077921,0.0027380981304257223,0.003848183028107445
2021-06-02,-0.006578955618301261,-0.0069145861764305675,-0.006969270997941901,-0.0068029634335151756,-0.006363015972865846,-0.005782842303956096,-0.005108904365441727,-0.004412243565370764,-0.003694495250187067,-0.002999454500170662,-0.0015559496694548837,0.0006290480229302624,0.000512732641132522,0.0020988156881950543,0.00313444099770562
2021-06-03,-0.0065601431248877035,-0.006834911070465732,-0.0068112626914256565,-0.006565232095563984,-0.00606133557868868,-0.005429796980916602,-0.004704836194533941,-0.003966017520571415,-0.003220767593189687,-0.0025287718212304543,-0.0011127515680132006,0.0011721399832599825,0.0010665632873994258,0.0026388558167137455,0.003725757237855915
2021-06-04,-0.006606661820895027,-0.006842860303329444,-0.00679146128572632,-0.006522406172502218,-0.005998367563727723,-0.005354699840682137,-0.0046249629663937435,-0.0038858207253973796,-0.003140590496711229,-0.00244446113029846,-0.0010359472619164427,0.0011810994059127267,0.0011834902360843122,0.0027434435372242476,0.003845008425022347
2021-06-07,-0.006499541027145011,-0.006719066163339221,-0.006650515608649578,-0.0063634298561536275,-0.00583077058862093,-0.005181262935959141,-0.004443398704550631,-0.0036908193076401695,-0.002927070643185756,-0.0022047848547236183,-0.0007450145482075834,0.0015055236054447977,0.0015426853848796171,0.0031152694407544724,0.004240038977931015
2021-06-08,-0.006630590717878345,-0.006924178127612189,-0.006907924020982561,-0.006657157244523714,-0.006126147942517309,-0.005457890742046433,-0.004694128394434426,-0.003918504993057667,-0.0031373570172377,-0.002395462661670135,-0.0008909668391771161,0.0013859212771227653,0.0015040495031933042,0.00315554245862741,0.0042600852520844135
2021-06-09,-0.006178073421415966,-0.006250949203092652,-0.006018328535027488,-0.005567958599002891,-0.004892752560986625,-0.00412514722916395,-0.00329694878286443,-0.0024781278287641577,-0.0016652587407280995,-0.0009159742669772831,0.0005871564501801702,0.0029034010052401103,0.0028837046399100568,0.00450978184042103,0.005674409688905176
2021-06-10,-0.006159270771812756,-0.006206336851712088,-0.005944311173687802,-0.005461242853844071,-0.004753532183543354,-0.00395517867291368,-0.0031022630821643084,-0.0022683354963496374,-0.0014449148717612876,-0.0006868156524587476,0.0008565267110629514,0.0032869276800173955,0.0031641368512020426,0.004732383926585495,0.005884323358088134
2021-06-11,-0.006528717087876044,-0.006542244831935363,-0.006261467530002091,-0.005769251368091449,-0.0050818801206327854,-0.004314765978856822,-0.0034984114114526956,-0.0026921779902085493,-0.0018825412415674953,-0.0011364015352296126,0.00029244241941650106,0.0013527835236798787,0.0025320733643392785,0.004127576885330267,0.005283041132401701
2021-06-14,-0.006270826441814279,-0.006284949644392782,-0.005988331318764137,-0.005463192417346459,-0.004731366488782881,-0.003928068747077499,-0.0030877296396306605,-0.002273487009477526,-0.0014669911333881254,-0.0007184112212953726,0.0007625333038920536,0.0022187115780763983,0.002967806624600891,0.004554972324528814,0.005711006379784991
2021-06-15,-0.0063623141403610336,-0.006426299660106951,-0.00617600087366413,-0.005695515149168233,-0.005006254086910489,-0.004230185884972223,-0.0034055748739253247,-0.002597695230299564,-0.0017921675391983846,-0.0010435198480354105,0.0004614965241456113,0.0019818595199358685,0.002644163073359837,0.0041956295777057,0.005303850361459368
2021-06-16,-0.006233612373297642,-0.006356320143116851,-0.006153800148672426,-0.00571456109543632,-0.005062878477116373,-0.004316555462317467,-0.0035096657914731166,-0.0027067895628635113,-0.0018969580650016078,-0.0011462482595199597,0.00038979732976703757,0.002037035931230423,0.0026318509979459167,0.004200943239047148,0.005333921711993326
2021-06-17,-0.006146520497013115,-0.006115269834826406,-0.005778446077993056,-0.005227817499508093,-0.004500184315415841,-0.003713431519542075,-0.002879257441905689,-0.0020574957287045736,-0.001233492348205801,-0.0004701225141310328,0.0010569199200676253,0.0025792121424463004,0.0031786263760434715,0.004709427815757202,0.005820152029064692
2021-06-18,-0.006258123245026862,-0.006169964165076841,-0.005785576071183532,-0.005189063591730888,-0.0044398163998931265,-0.0036398338094068405,-0.0028022658176154918,-0.0019813286310404136,-0.001158184198972603,-0.0004147339386337437,0.0010603550593682358,0.002439077570111351,0.003028833050755156,0.0044857737958483666,0.005610577518249576
2021-06-21,-0.006575795334231071,-0.006590041228595136,-0.0063133680508842965,-0.005822301137513984,-0.005149829224364222,-0.004385302933573813,-0.0035494807083180234,-0.002711391418391603,-0.0018696794804228505,-0.0011066512889322166,0.0004128655412370966,0.0018528028087327914,0.0026146461633922806,0.00414228595363369,0.005255143329036898
2021-06-22,-0.006370200326677255,-0.0063914104183801414,-0.00614161432581153,-0.005680116523336337,-0.005026730834138646,-0.004285661065014419,-0.003482059705057649,-0.002691223587313124,-0.0018962338904752979,-0.0011755437788932962,0.0002697041521049747,0.0017348106604221701,0.002460509240932847,0.003912917694263506,0.005038553314129475
2021-06-23,-0.006398207827033389,-0.0064931426126266945,-0.006316018566995243,-0.005916007647433911,-0.005294219751252547,-0.004564736764400324,-0.0037530355236363557,-0.0029424151766897265,-0.0021305844585756692,-0.001396874860678626,7.427769267331533e-05,0.0016582080761828213,0.0023404897846757053,0.0038834800047173688,0.004998470490298006
2021-06-24,-0.006404460755795022,-0.006609789288105602,-0.0065473414121651405,-0.006262739646405581,-0.005745652946558921,-0.005116158068753847,-0.004401327333866134,-0.003668366584228315,-0.0029180121301429374,-0.002209466050411249,-0.0007591613541680063,0.0008432954854565381,0.0014131099934980825,0.002871947482504633,0.003976039129814163
2021-06-25,-0.0063536750470897276,-0.006406685457678161,-0.006186169982439015,-0.005746126246655568,-0.005101726660866724,-0.004369264185993147,-0.0035665208656042464,-0.0027623816207190716,-0.001957075130205118,-0.001220930453519036,0.00026186881471379085,0.0019374583548424622,0.0024293258917775797,0.003951936035966606,0.005054926752195327
2021-06-28,-0.00641858066448508,-0.006553167867692359,-0.0064353285210409054,-0.006102754739686201,-0.00554627184413461,-0.0048793861692855555,-0.004125902500666652,-0.0033647526716359955,-0.0025968076867834804,-0.001890072444603067,-0.00044268424417004274,0.0012704157556368272,0.001803143672646502,0.003313087816063242,0.004424057024048192
2021-06-29,-0.006297215587780046,-0.006316669131183309,-0.006070394603201102,-0.005613389003268526,-0.004967236670088054,-0.00424094420957154,-0.0034533324992270177,-0.0026642594463707273,-0.0018749932841279785,-0.0011556057625206906,0.0002793535045934573,0.0017612960845126593,0.0023387465178877826,0.0038063583040820795,0.004907788495958649
2021-06-30,-0.006499317065289487,-0.0066141351639330175,-0.0064369448211425186,-0.006026655201548561,-0.005397498270170954,-0.00466527184925573,-0.003858516030467938,-0.0030567647008457586,-0.0022573489695470296,-0.0015437567650031054,-0.00012884413309254138,0.001394381393635488,0.0021364551360234835,0.0036773707574819345,0.004561837774658293
2021-07-01,-0.006617911740070678,-0.0067420044653145805,-0.006591868727652126,-0.006212499838044856,-0.005602603964247408,-0.004876591663777205,-0.004071839941794895,-0.003276757367377138,-0.002490121368028005,-0.0017952430315517404,-0.0004302303748370906,0.0011337897845618754,0.001963335694767347,0.0035184975599555734,0.004382352259810616
2021-07-02,-0.0066110376558580885,-0.0067564031791616215,-0.006617501665771548,-0.00624668736390932,-0.00563436712639787,-0.00490268669909498,-0.004084366914460994,-0.0032725865928185643,-0.002471037525272584,-0.0017681819044772689,-0.0003802842553324696,0.0011020791019275623,0.001927354204116655,0.0034669142079721527,0.004337248197123445
2021-07-05,-0.006645222850221702,-0.006840037301922821,-0.006779705365067862,-0.006490295433538139,-0.005944071097081814,-0.005262577490295047,-0.00448665244278147,-0.003715516658455421,-0.0029539786030085566,-0.002287251669185467,-0.0009580486118717788,0.0005538182923650762,0.0013171890455413618,0.0028956785827311976,0.0037606243207006754
2021-07-06,-0.006636708877643729,-0.006788327838912086,-0.006679078175250113,-0.006343961357661936,-0.00575660836259102,-0.005052995672637788,-0.004264612740639675,-0.0034874310783418643,-0.0027205801269245774,-0.0020480014418271506,-0.0007088986484333544,0.0007996366665746287,0.0014312229454663302,0.0028662640773231634,0.0037707214782604207
2021-07-07,-0.00652706088509473,-0.006738010299325052,-0.006694085865469393,-0.00643149538700296,-0.005922154191997367,-0.005290503637398363,-0.004571181365074213,-0.0038553266708106,-0.003140676452069269,-0.002506204852393783,-0.0012286886540260286,0.0002407748636363716,0.0009039957379280001,0.0023268956268922415,0.003212454329190529
2021-07-08,-0.00677622048860985,-0.007080578662803796,-0.007145724433450493,-0.006992575047680137,-0.006574354134424174,-0.006004179999628398,-0.005319520646214183,-0.004624312924498519,-0.003924439847996511,-0.0033098376923048046,-0.0020636111573857203,-0.000559851762323399,0.00017741229579600385,0.0016704706424629631,0.0025571361561353987
2021-07-09,-0.006704692274837379,-0.006934939722404454,-0.006911824220081617,-0.006656767947251395,-0.006141244889129165,-0.005491570257890312,-0.004735820596627126,-0.003987107235025517,-0.0032446049121245277,-0.002616980305893251,-0.00137338583281935,0.00024967693402907294,0.0010964376089169672,0.002617324149736729,0.0035255466834731115
2021-07-12,-0.006495681977299682,-0.006813049945869762,-0.006861956888572259,-0.006678311999718075,-0.006217898519759208,-0.00560877252373768,-0.004897587280026272,-0.004197187088103706,-0.003508625192071345,-0.0029038836927987068,-0.0016113006251286216,0.0007111109134158606,0.0008585841231721699,0.002311340626200315,0.003224247306887391
2021-07-13,-0.006326847842361878,-0.006483533783935502,-0.006399633488161197,-0.006100817018091485,-0.005560455247947575,-0.004903501522322382,-0.0041533550915339775,-0.003409080018326468,-0.002675233765821895,-0.0020404855381609146,-0.0007591548713585345,0.0010945046049024992,0.0016902334784043341,0.003155928379406459,0.0040631857984325115
2021-07-14,-0.006253049120475662,-0.006390223885672369,-0.006280377046529717,-0.005956769749739226,-0.005403443098850067,-0.004738427197899992,-0.003983794406313441,-0.003234290557289369,-0.0024902641954565223,-0.0018416951381691423,-0.0005313808514117767,0.001177152435203364,0.001770376826975951,0.003230679079872412,0.0041365910245544845
2021-07-15,-0.006286648549664443,-0.006451067380540034,-0.006370050337630644,-0.0060759904209595084,-0.005544393065448194,-0.004894912887822463,-0.004150257783375551,-0.0034071429669040544,-0.0026660664127479256,-0.0020184513397672166,-0.0007107891717562324,0.0009642745403682998,0.0015953549890126385,0.0031022177809659625,0.003991811751442422
2021-07-16,-0.0062583391479215066,-0.0063196913411670335,-0.006155524588949609,-0.005790174851927338,-0.00522366640031783,-0.004561509418206136,-0.003829593233324078,-0.003108842700948648,-0.002387384316167604,-0.001742973576715844,-0.00044180829086789284,0.0011424883713642036,0.0016551119265432786,0.0030664726361168465,0.003960958451130542
2021-07-19,-0.006234430463215886,-0.006326164128124687,-0.0061743688866349716,-0.005818455457458681,-0.0052918887500437856,-0.004682778115100647,-0.004016761131400545,-0.0033543664849408255,-0.00267963919321555,-0.002066328201497558,-0.0008129976136666988,0.0005757020375558122,0.0009137968965333987,0.0021735864657372646,0.0030776892812037697
2021-07-20,-0.006012915117095537,-0.005902851413795334,-0.005599853674261523,-0.0051217552181381226,-0.004492980422134785,-0.0038160584416979783,-0.0031047298368612206,-0.0024188256280811677,-0.0017314499905713584,-0.0011099611693478955,0.00012653838709159515,0.0016152162809551674,0.0021282796102869267,0.0034617465080238087,0.0043698519446351905
2021-07-21,-0.006299747480949129,-0.0061939406481035944,-0.005898341677824504,-0.005428925545881411,-0.004792320981900488,-0.004096213512736394,-0.003367426019664144,-0.0026679138695535664,-0.0019695291510824263,-0.0013313865425706398,-6.653776074482648e-05,0.0014089430717164667,0.001978495757903094,0.0033484558425025185,0.004289085913461419
2021-07-22,-0.006219063453420467,-0.006138027247145567,-0.005891072199019787,-0.0054771053808947544,-0.00488850485370332,-0.00422614810005487,-0.0035179547382169453,-0.0028339467928851303,-0.0021506574484314554,-0.0015369900283441794,-0.0003059006198634156,0.0012835363977424436,0.0018243877414493934,0.0032469045443273975,0.004146190162517407
2021-07-23,-0.006347218292819212,-0.006251771347428997,-0.005992422474617069,-0.005566962308305024,-0.004987760491493793,-0.004332195393420035,-0.0036291384602447027,-0.0029404547502045303,-0.0022454689921114633,-0.001617770353680094,-0.0003772676412557624,0.0010842710725544498,0.0018131490514971212,0.003221667109749518,0.004111255140903918
2021-07-26,-0.0062871076424712916,-0.00622989778665606,-0.006001854024190508,-0.0056104190765372585,-0.005068168367948897,-0.004445179299332792,-0.0037581164469977437,-0.0030780970241319123,-0.002383395610694364,-0.001771190413628532,-0.0005364784449755087,0.0009902796728284797,0.0017441883924013198,0.003268732503023719,0.004158250567501291
2021-07-27,-0.006210799105279877,-0.006184117373931424,-0.005990249123060325,-0.005639584125661995,-0.005136709780832739,-0.004557121114272663,-0.0039159150344936855,-0.003276731064960239,-0.0026195700119185238,-0.002019446608521411,-0.0007967766419434818,0.0007129067705948903,0.0013815063375741472,0.0028158896461163785,0.0037138360759580956
2021-07-28,-0.006184150256862864,-0.006132569712345591,-0.005892296025844369,-0.005481398911442491,-0.00491469506331929,-0.004270849426310039,-0.003572156506066528,-0.0028871470143402396,-0.0021962107701473726,-0.0015741315875452096,-0.00030928522995617657,0.0013380579032753336,0.0019002799861876159,0.0033974046692793977,0.0042619127505870245
2021-07-29,-0.006269585400946876,-0.0063053187782916445,-0.006174078446759946,-0.005876599364009217,-0.0053971983473950335,-0.004847683885078517,-0.0042426923080987975,-0.0036457577093260887,-0.003026919840228642,-0.0024472152743286475,-0.00124658318528298,0.0002731073971109747,0.0007030608767718719,0.002080584697270578,0.0029746786649073598
2021-07-30,-0.006633336476779559,-0.006451925982641885,-0.006127542231868635,-0.005649923510064455,-0.005024366846110765,-0.00434316216126471,-0.003639703616211725,-0.0029384985553373055,-0.0022016291448978226,-0.0014469538191369234,0.0003649895980577789,0.001114876321392712,0.0016112876190452507,0.0029751413311571097,0.0038868090040590484
2021-08-02,-0.006540372704653233,-0.006592551538269254,-0.0064830574430811295,-0.0062012034363584205,-0.00573778901000752,-0.0052001120479645505,-0.004626602882318369,-0.0040417624806533105,-0.0033859198617851617,-0.0026634487553278364,-0.0008274686189644104,-8.900464647123782e-05,0.00034359763388063696,0.001756349373621177,0.0026532751372779807
2021-08-03,-0.006600435847864871,-0.006394137803254789,-0.006059500031446202,-0.005580928592658355,-0.004981303222899123,-0.0043338361718205575,-0.003667824847597026,-0.0029952815470893923,-0.002270788616266018,-0.0015142362217223494,0.00034730081699206453,0.0010542331737933698,0.0014993273546985608,0.0029133062181533804,0.0038273998214354054
2021-08-04,-0.0068028695213799865,-0.006851637880993002,-0.006777859232646308,-0.006548880494572452,-0.006150097306565599,-0.005661421192383111,-0.005133132976022776,-0.00456742139321989,-0.003922709334031987,-0.00319768305419777,-0.001331571033728851,-0.0007956441959152123,-0.0004072425625783598,0.0009669897305095664,0.0018739846674266896
2021-08-05,-0.0067517974634367295,-0.006782184863695986,-0.006700636609721244,-0.0064678728510370685,-0.006059366542830636,-0.00557496754477825,-0.005049118660147008,-0.004502677613053511,-0.003888118340166636,-0.0032140336152688244,-0.0015076558155103365,-0.0008437575004123586,-0.0004213052271563073,0.0009846800484268406,0.0018806137426263011
2021-08-06,-0.006753509774805805,-0.006790154354184354,-0.006706140560208071,-0.006470614110578438,-0.006057267012194337,-0.005574628050684393,-0.005051684112916289,-0.0045016991078492006,-0.0038779705253430825,-0.003182554546712039,-0.0013979398215845911,-0.0008080055962293941,-0.0003570131464849897,0.0008945389806742885,0.0018064475144563793
2021-08-09,-0.006520449369608505,-0.006589639906442354,-0.006509656967568271,-0.006261020921297056,-0.005839084698364669,-0.0053390892493393755,-0.004793350272994725,-0.0042178911280643955,-0.0035760408686156685,-0.002876966954134386,-0.0010889549547089706,-0.0003193185826517067,3.5006041462768084e-05,0.0013632462742391865,0.002306729390380187
2021-08-10,-0.006505696653329752,-0.0065909815358744074,-0.006515718679983222,-0.006268267459037746,-0.005846240695474163,-0.005345881285149994,-0.004794818293832229,-0.004208583248867124,-0.0035540021931419353,-0.0028475103943003902,-0.0010438918967667825,-0.00025739672613779097,8.376677663657719e-05,0.001520346356315042,0.002372963628783046
2021-08-11,-0.006629322784902213,-0.00672359980464127,-0.006670212336831811,-0.0064526774576147625,-0.006039734922372696,-0.005551323300582541,-0.00501457102702548,-0.00446154104389726,-0.003847650973847555,-0.0031803838134326578,-0.001471359147231818,-0.0006771298188989214,-0.0004164618576748347,0.0009048600593488077,0.001859253507692857
2021-08-12,-0.00675817540309358,-0.006881283480620494,-0.006881718914363014,-0.006712853685643139,-0.006341460301127009,-0.005874694543407119,-0.0053545602763767726,-0.004807003690853238,-0.0041913796068449695,-0.003514778275342742,-0.0017667794894905085,-0.0011017599965135873,-0.0006950960240290028,0.0006586710005671659,0.0015357101735598896
2021-08-13,-0.00673400156568369,-0.006836719980115816,-0.006778552859863255,-0.006533889883778924,-0.006100957558611094,-0.005604723247546534,-0.005078948583682477,-0.004538281118158025,-0.003931114055605479,-0.003267936315428938,-0.0015517200406361422,-0.0009303475727876302,-0.0006784558472441669,0.0006061182336514529,0.0015082894731482377
2021-08-16,-0.0068371014228151596,-0.006984310720070364,-0.006983163368298939,-0.0067968180785809885,-0.006401323411642466,-0.005928226425719503,-0.005433775033894696,-0.004923951725664184,-0.004339743496278423,-0.003672863831267228,-0.001890896627213996,-0.001318561346788182,-0.0009885337452508415,0.0002981602061551442,0.0011874903880268683
2021-08-17,-0.006791258698039094,-0.007005208598347171,-0.007068217835568675,-0.006944043762659675,-0.006593866018774535,-0.006158272557562792,-0.005700748006082149,-0.005220235979052972,-0.004662344291808372,-0.003997050403845251,-0.0021970567514152037,-0.0015445485679365062,-0.0013498844220475896,-6.241335507517032e-05,0.0008312548778241107
2021-08-18,-0.007226297206586194,-0.007479193644748144,-0.007568061979344926,-0.0074675008751874305,-0.00713115316199613,-0.006708218322488026,-0.0062431663117730705,-0.005764057266166868,-0.005225813127467928,-0.004614715467707168,-0.0029937808943289517,-0.0021720812418777637,-0.0021616620558804886,-0.0009415144883412972,-6.789145084735732e-05
2021-08-19,-0.00699086351809614,-0.0071781160476768,-0.00719245249059196,-0.007012497134486772,-0.00660495693982204,-0.006110881036037622,-0.005575834577331588,-0.005022962491475876,-0.004415553568557742,-0.003746041920659409,-0.002019019528358722,-0.0012921645705595924,-0.001143922178535533,0.00019684764397593854,0.0010962015699962691
2021-08-20,-0.007025959434621593,-0.007255348132993982,-0.007309966244738066,-0.007168574295167482,-0.006787351934744725,-0.006326059720669849,-0.005833208857934192,-0.0053304617200809895,-0.004766127429230348,-0.004121824190759496,-0.002418264462128628,-0.0016787704939107608,-0.001514861869577402,-0.0002493580626584278,0.0006160795417266161
2021-08-23,-0.007224110401072261,-0.007365078866596491,-0.0073450096472912636,-0.007136348604311529,-0.006707286139092708,-0.006202163469839985,-0.005664833735882503,-0.005109070327012774,-0.004498241546735993,-0.00382401819338719,-0.0020881328976003095,-0.0014049750403709255,-0.0011950899096235183,8.540188939336725e-05,0.0009594130720261111
2021-08-24,-0.0074142518951830425,-0.007592053911113458,-0.007601677006529567,-0.007421308734802953,-0.007016056494888355,-0.006534127320168443,-0.0060200223138653156,-0.005488246560251437,-0.004898745346793397,-0.004239008273825803,-0.002526948383733316,-0.0018527954608663598,-0.0017880256539482132,-0.0005560272336734935,0.00033384657579191854
2021-08-25,-0.007577658640636791,-0.00776604236466202,-0.007796801365628025,-0.00763135656947234,-0.0072255520089222975,-0.0067370141787026295,-0.006209031198070553,-0.005664967938121531,-0.005058721318253023,-0.004384893672486491,-0.0026567967738281065,-0.001967995576624692,-0.0017170475731243529,-0.00042440316998580783,0.0004513856186943075
2021-08-27,-0.007698923405396096,-0.00797998571521664,-0.008091358949193854,-0.007998560501764434,-0.007642830713673804,-0.007181709121556563,-0.006658706415414442,-0.006111714468872636,-0.005505218664060419,-0.004836922421679182,-0.003130950538881352,-0.0024184433422502123,-0.002078816736026578,-0.0007652669698073431,0.00010172567125958524
2021-08-30,-0.007645345254429281,-0.007833047461627963,-0.007839441719783898,-0.007637687580985368,-0.007189324584646632,-0.006656429103478084,-0.006079604041769744,-0.005476743419146625,-0.004820238526766437,-0.004101382173143982,-0.0023130392814343253,-0.001582555288449839,-0.0012615912289237839,5.915952849236362e-05,0.0009104300525696407
2021-08-31,-0.007403126756088985,-0.0077512339740185374,-0.0079093888632806,-0.007854371941968887,-0.0075349985093552275,-0.007107216011826331,-0.006621292931202652,-0.006099794818330655,-0.005509075313030616,-0.0048374945264574015,-0.003107704545334783,-0.002340329424421426,-0.0020081228443450563,-0.0007316646658964278,0.00014606792615876182
2021-09-01,-0.007638125439546164,-0.007901241876021196,-0.007974661997616716,-0.0078057227026242515,-0.0074431845639325415,-0.00698414057235023,-0.00648041279183801,-0.005947617039027437,-0.00533760867695136,-0.004657735858315003,-0.0029514321761665414,-0.002244765732560854,-0.0018600277019250985,-0.0006324975174389165,0.00023354814906375492
2021-09-02,-0.007604436247841735,-0.00798769056609121,-0.008156722464723213,-0.008082312341910744,-0.007815943709152638,-0.0074412638069282794,-0.007007526579984251,-0.006529443080817201,-0.005959907463073389,-0.00530804219208572,-0.00362923531706096,-0.0029434398605639213,-0.0025896851513559456,-0.0013628358599707883,-0.0004998077599551939
2021-09-03,-0.007506219633863338,-0.00775579285655569,-0.007791178417141279,-0.007580439164664313,-0.007193824844601024,-0.006725595001608532,-0.006206488499562221,-0.005659527209855695,-0.00503684704564312,-0.0043563250640557515,-0.002683776985196965,-0.0020711217043531227,-0.001785849860062813,-0.0004464136445933727,0.00045004466106686675
2021-09-06,-0.007727542823021691,-0.008030671116557336,-0.008130347760755975,-0.007991430008626222,-0.007674378000789612,-0.007263536205220135,-0.006803439040245405,-0.006308081958473851,-0.005731146499262494,-0.00507258258272557,-0.003399396780652006,-0.002772374142471864,-0.0025475083954459186,-0.0014245960673923202,-0.0005518885625500729
2021-09-07,-0.007424260800901785,-0.007608076682565133,-0.007608198152434117,-0.007383586098763143,-0.007001059026598748,-0.006537841081093763,-0.006032615803325595,-0.005498422694950648,-0.004883535854816701,-0.004201013891285758,-0.002488656854500516,-0.002009906309074885,-0.0016553663035437788,-0.0004912735722328388,0.0003981203700353761
2021-09-08,-0.007517294131828916,-0.0077920479990117725,-0.007909602332541591,-0.0078102078197393125,-0.007543243956232046,-0.007181599869457534,-0.0067826832131679515,-0.006353415631850722,-0.005834340493884524,-0.005226597684021902,-0.0036220522295529363,-0.0031830152409920366,-0.0028957429590288457,-0.001788738631698132,-0.0009857154120123928
2021-09-09,-0.007551461709835514,-0.007791048480283126,-0.007879358656127022,-0.0077513995310159334,-0.0074525511547251485,-0.007066474252166959,-0.006627727879830643,-0.006150338169568628,-0.0055843687988616966,-0.004937871400261089,-0.0033240646408865286,-0.002991192477381557,-0.0025711971650708705,-0.0014792751995861893,-0.0006335335248411412
2021-09-10,-0.00764640682988511,-0.007966738745023958,-0.008111094387103435,-0.008018425575849414,-0.007739746745721728,-0.007359046110575484,-0.006926370040562395,-0.006454575346979549,-0.005891961564981075,-0.0052442799128187435,-0.0036003973282029075,-0.0031380085996079443,-0.002745276979614032,-0.0016264153150899203,-0.0007582339639867442
2021-09-13,-0.007626113089417368,-0.007889791013748973,-0.007961918769788785,-0.007842552537894764,-0.007573075611335666,-0.007180946375375071,-0.006751642459661548,-0.006276282891173042,-0.005731961387882329,-0.005008984047021838,-0.0034825092527097385,-0.003088781841171763,-0.0028086052459961233,-0.001650829428755665,-0.0008517138286637941
2021-09-14,-0.007551021516423379,-0.007860055667409951,-0.00798778305068763,-0.007923379880282631,-0.007700322113998761,-0.007346688948513988,-0.0069516024709783296,-0.00650875526967192,-0.005992303618994792,-0.005298422450693301,-0.0038265192030209763,-0.0034217474997023573,-0.0030900643638481686,-0.0019152306269890104,-0.001109288293991865
2021-09-15,-0.007558163174552425,-0.00790894316681735,-0.00806665421666009,-0.008034738430750542,-0.00783932579459946,-0.007504169361465519,-0.007116776924852586,-0.006671535732100202,-0.006153572027414005,-0.005453375212961579,-0.003966716406970755,-0.003519653205774423,-0.0031959180087711607,-0.0019645919275141513,-0.0011404398470848617
2021-09-16,-0.007615948899819716,-0.007883252301883154,-0.00797553824986546,-0.007892356987912491,-0.007658642344261182,-0.007289932279955129,-0.006866770895847553,-0.006386140834489542,-0.005840929883176869,-0.005132999580127134,-0.0036539127681593214,-0.0032545916071301446,-0.0028433957078107873,-0.0015734824427366123,-0.0007857730837722357
2021-09-17,-0.007585712660676476,-0.007882584144658917,-0.008010781875463183,-0.007963393547102562,-0.0077638266446524795,-0.007430977638495998,-0.007045802977200412,-0.006601593840014924,-0.006086571382291482,-0.005384402265886318,-0.0039024831403466896,-0.0035424684553835356,-0.00310754126978487,-0.0019224554257790132,-0.001129487924040215
2021-09-20,-0.007736144691219326,-0.00808993565682959,-0.008271244087514522,-0.00828194051262985,-0.008140040421704145,-0.007861214327425165,-0.007526734109377074,-0.007123259064378766,-0.0066371518321117744,-0.005949772125323313,-0.004478555016664628,-0.00422640907036208,-0.003897283246684415,-0.0027743770086965684,-0.0019830064815094415
2021-09-21,-0.007988040336703164,-0.008248012367849663,-0.008362197331051601,-0.008312534533609752,-0.008118608214518782,-0.007790904492532324,-0.007407016973639514,-0.006959351403923166,-0.006438501915694057,-0.00573080244250217,-0.004253916139735755,-0.004044356842848195,-0.0035939017545855096,-0.0023938917522699716,-0.0016076871898887933
2021-09-22,-0.007798626699124451,-0.008081841385807033,-0.008211838956766162,-0.008177913547101127,-0.00799389626529864,-0.007669999385616386,-0.007279978842471735,-0.00682366461036589,-0.006294824304075061,-0.0055812800660049195,-0.004074739647214066,-0.003715079567490225,-0.003387706655971505,-0.0021929157264305855,-0.0013919538230301157
2021-09-23,-0.007734984351706084,-0.008028250841618317,-0.008180650518134628,-0.008177346423944366,-0.008028857204577893,-0.007734151575110565,-0.0073717209091931244,-0.006934075574917466,-0.006420931046952307,-0.005713686074892179,-0.004211526327753708,-0.0039420307169418375,-0.003543818606080872,-0.0023410736617315397,-0.0015471966892395123
2021-09-24,-0.007650899436879349,-0.007747697662191765,-0.007701469038093325,-0.007502469471548434,-0.007177751752640128,-0.006732326435663788,-0.006233555256905723,-0.005681223423202526,-0.005074513424477863,-0.004308501603887479,-0.002725042879737218,-0.0023939979245089934,-0.0019920998993477198,-0.000729731118483525,8.365313618509743e-05
2021-09-27,-0.007746599204740821,-0.007935156840590504,-0.00795259143216755,-0.007816933092300983,-0.007553071928841041,-0.007171198675042133,-0.0067307671800017465,-0.006231341848983803,-0.005665353783610574,-0.004948318780191141,-0.003452195115812991,-0.003184374213629066,-0.002800784401742495,-0.0015794643679457063,-0.0009200618451501329
2021-09-28,-0.007672059205043075,-0.007876576495502803,-0.007915657682173234,-0.007799549011638184,-0.007548975675075187,-0.007177519121883616,-0.00674785911838232,-0.006258195224244659,-0.0057030416640634525,-0.004981044573666167,-0.00347920658268126,-0.0032189355240583367,-0.002797112837795808,-0.0015851557790247848,-0.0007608496553383101
2021-09-29,-0.0076285067608283744,-0.007583476478316302,-0.007416046455116251,-0.007114352389541138,-0.006714592488158937,-0.006219021335383512,-0.00568284606214669,-0.005105137494588945,-0.004482839768973736,-0.0037239341240719722,-0.0021828985362378093,-0.001920160898630918,-0.0014433517927058728,-0.00019350396674198598,0.0006219930454970037
2021-09-30,-0.007520657914895499,-0.0075487658908305975,-0.007441511764325051,-0.007189386632153006,-0.0068153624186084805,-0.006313033061378855,-0.005750241825359759,-0.005137823536206888,-0.004486778371653252,-0.003705762903200173,-0.002110707862246124,-0.001745610909402153,-0.001251342312522906,0.00011028512550057337,0.0009662714884101757
2021-10-01,-0.00766550913070508,-0.007782507166032834,-0.0077656214011801675,-0.007581926399671401,-0.007248800163446653,-0.006762697744677879,-0.006212895834427047,-0.005618502927071572,-0.004986459566834663,-0.004219453499173447,-0.002649979290593414,-0.002242294247508275,-0.0016674054190610717,-0.0003188782209134504,0.0005294687729900103
2021-10-04,-0.007464750459017353,-0.007553685390891034,-0.00748355715615878,-0.007242089361841777,-0.006863282334216163,-0.0063507918315582465,-0.005783036210002446,-0.005169415265620277,-0.004509516866993855,-0.003707403837668568,-0.0020712690371611957,-0.001680971290167947,-0.001122427468264669,0.00021269189710014774,0.0010676126302529962
2021-10-05,-0.007453408263934278,-0.007558923106720839,-0.007484042138979823,-0.0072427713228329985,-0.006864454207888978,-0.006358455221788133,-0.0057979384933423824,-0.005193407943099953,-0.0045476850187101585,-0.0037706509832554037,-0.002192008502146961,-0.0016696417803086544,-0.0011879871497108676,0.00021872659696707888,0.0010730393285726804
2021-10-06,-0.007549522730293169,-0.007562682999555675,-0.00739050899114959,-0.007069139366074369,-0.006633805107971952,-0.006091150722919941,-0.005514290742550538,-0.0048925041852438235,-0.004232235694344883,-0.0034348430920499587,-0.0018199429737007708,-0.0014962948230877737,-0.00096759872895138,0.00032377324718887903,0.0011862890346618971
2021-10-07,-0.007723067033163503,-0.00769471621907958,-0.007489682294147983,-0.007137406646534192,-0.00667458581025531,-0.006110792919041623,-0.005515632661391424,-0.0048776874221648425,-0.004205117705778526,-0.003397592935113438,-0.001780312204744111,-0.0015132987007002215,-0.0009789310859512949,0.00035071270662853714,0.0012137736466815345
2021-10-08,-0.00787695048949113,-0.00789092915209319,-0.007754679811976183,-0.007478479417932955,-0.007086570619862251,-0.006584689656466247,-0.006047580997352261,-0.005461412322547507,-0.004830789151333098,-0.004041850523401085,-0.002445104251981195,-0.002124224419979519,-0.001632883409605223,-0.00030643616394943887,0.0005651000901774742
2021-10-11,-0.007793642526464892,-0.007716924675433523,-0.007477645242471248,-0.007103715846956608,-0.006641398145756073,-0.006088309799601613,-0.0055076824152145865,-0.004881200317168998,-0.004214318256810423,-0.003406703904311209,-0.0017905590005431668,-0.0016093569105963019,-0.0010705462958583052,0.00021500091534482047,0.0010913253694784062
2021-10-12,-0.007734916679883477,-0.007739310900974707,-0.007557878330378884,-0.007226717257801449,-0.006781529876306015,-0.00623311488626881,-0.005649875118737431,-0.005028261277934939,-0.0043642131119823084,-0.003567247469641488,-0.0019666810391222164,-0.00164856188172812,-0.0010121602316771703,0.0003987666935857195,0.0012874887904196516
2021-10-13,-0.007824526524890546,-0.007818248768031257,-0.0076297588764063905,-0.007285596374175919,-0.006829664083750806,-0.00627686923855612,-0.005700739873899814,-0.005089369217710439,-0.0044391050773819295,-0.003647903048874101,-0.0020644437680205547,-0.0017809214983259005,-0.0010945477523895107,0.0001774151562946931,0.0010577793349711402
2021-10-14,-0.007804466735245645,-0.007718377558982866,-0.007441200498706387,-0.007002787303496551,-0.006465366949957209,-0.0058462921438003634,-0.005210821332600646,-0.004543276252719944,-0.0038437519181548935,-0.003009848717758911,-0.001363658107058995,-0.0012471418162538237,-0.0004213095897194377,0.0008349126544275371,0.0017294147589314835
2021-10-15,-0.007850043610113525,-0.007780822303143581,-0.007528109328837362,-0.007115466162262854,-0.006602677891317426,-0.006002058025089435,-0.005385339501417072,-0.004734519202623659,-0.004044261210509787,-0.0032119835821178087,-0.0015567610959566697,-0.0014072098457307601,-0.0006511866485466972,0.0006173217869832261,0.0015245242136326881
2021-10-18,-0.007683779914359005,-0.0075907590049103255,-0.00727889882961626,-0.006795003521520117,-0.006209764479425353,-0.005550287098156893,-0.004888448199041708,-0.004205423497892723,-0.0034861566638322425,-0.0026355865141335128,-0.0009525505893042583,-0.0008438320574711334,-4.67773895316023e-05,0.0012775679476115165,0.0021625055182598408
2021-10-19,-0.007919345903000122,-0.007945626494695279,-0.007751565345358759,-0.007382539063255529,-0.006896471474409605,-0.006319286963253327,-0.005725116125603031,-0.005097583520850976,-0.004424249299958422,-0.003605077422901095,-0.0019701101056571434,-0.0019031210762405076,-0.0011159770622998035,0.0001446940895095776,0.0010538223137000749
2021-10-20,-0.007797558391470728,-0.007833360340411297,-0.0076430018992351845,-0.00726124465913894,-0.006756337088584433,-0.0061680210869935435,-0.00558714075584392,-0.004982931232824566,-0.00433395364934519,-0.003515357693667163,-0.0018776329635315154,-0.0017869952363433843,-0.001064527760005807,0.0001223479813122724,0.0010213435269389548
2021-10-21,-0.007797246148048332,-0.007780828303151286,-0.0075661759946042,-0.007170993479510888,-0.006660972454921848,-0.006073763528716414,-0.005501083845321918,-0.004911112928483958,-0.004278345663217071,-0.003481807644797064,-0.0018950414876497828,-0.0018405101307229974,-0.0010794364353816088,0.00010541671113232587,0.00097530706630057
2021-10-22,-0.007608781214421706,-0.007325902951832585,-0.006845277753910998,-0.00621417582907044,-0.005518233626957124,-0.004792779161831541,-0.004108207197184247,-0.0034214970881023678,-0.002709963799580201,-0.0018477124442571522,-0.00016625044703414728,-0.00021055240312083503,0.0005313019185523922,0.0017211531050033181,0.0026114825461441603
2021-10-25,-0.007691575439955106,-0.007533346771114795,-0.007167077610432831,-0.0066298104891743615,-0.00599011469579866,-0.0052921058189714446,-0.004617637235370824,-0.003940860402188716,-0.003231841412889973,-0.0023787043132338626,-0.000680289090957529,-0.0006162936663510776,3.588558265226697e-05,0.001204058894955117,0.0020630094234897695
2021-10-26,-0.007527202212695338,-0.007297819413334308,-0.006845070808832874,-0.006223145157602214,-0.00551224611192581,-0.004762214060777029,-0.004059111873272013,-0.0033662376168185383,-0.002650099276314365,-0.0017850317395280793,-8.269805832789392e-05,-7.301323506316059e-05,0.0006175714249038826,0.0018201438443537598,0.0026926647681821945
2021-10-27,-0.00757878616152434,-0.00732625018569717,-0.006822140803849785,-0.006135600644873158,-0.005359741894225329,-0.0045572479887054035,-0.003816920257720089,-0.003099780684111204,-0.0023606817035104794,-0.0014729353001041,0.0002730830128356218,0.00017900858744864748,0.0007275563337379581,0.0019118288003981934,0.0028130472009773575
2021-10-28,-0.007645684090996842,-0.007612264817080612,-0.0073438661531235305,-0.006887328286879888,-0.006298449901120058,-0.005633339215774809,-0.004999732292774572,-0.0043660710584039215,-0.0036954616646162185,-0.0028593852220899297,-0.0011730700866524643,-0.0011730135975272801,-0.0004974474859845844,0.0006560297305948366,0.0015117406142456965
2021-10-29,-0.007435079537350817,-0.007263337679665717,-0.0068477836443869965,-0.006235266148799574,-0.005506732435017002,-0.004727648545971001,-0.003993216602383994,-0.003279772988658085,-0.0025462815537672092,-0.0016789975156647654,3.611031426374806e-05,0.0001360702545258885,0.0008242761566340981,0.001981460960484489,0.002860573020619776
2021-11-01,-0.007544499446374365,-0.007472185151412325,-0.00713903924429693,-0.006604202278511891,-0.005936389271283208,-0.005197426215197455,-0.004490339896795817,-0.0037913150038314516,-0.0030700575148552567,-0.0022551061674859285,-0.0006141917869886694,-0.00047240436054832345,0.00042054311577288846,0.0016858129410933006,0.0026355440491120587
2021-11-02,-0.007616179870528052,-0.0075367344507495,-0.007187334103234448,-0.006628290240854089,-0.005936643424702773,-0.005171276953088925,-0.004441077550492563,-0.0037215874673338575,-0.0029861794833776364,-0.0021658473202841207,-0.0005147548184153527,-0.0003493644039214985,0.0004877296260564997,0.0017600649242716787,0.002761727425841639
2021-11-03,-0.00741622159697717,-0.007215472638102903,-0.006750858087869189,-0.006094707238098826,-0.005338145411741746,-0.00452202404852213,-0.0037410283494342077,-0.0029733124731741592,-0.0021944721171832,-0.00134992415707199,0.0003349617437554955,0.000488892943525564,0.0013717448970793232,0.0026946258086525763,0.003671716196284969
2021-11-04,-0.007328332737408371,-0.007285712201500827,-0.006965761540965196,-0.00644133766075576,-0.005787089820744098,-0.005047823671951032,-0.004340958549599954,-0.003638953858756907,-0.0029160171767799673,-0.0021048449903494984,-0.0004454432902921111,-0.00022201133020657436,0.0005881745463630012,0.0018883813700490445,0.002903994725762422
2021-11-05,-0.007329277744523721,-0.007231765533489023,-0.006839793023502376,-0.0062339965528724695,-0.005498920050428149,-0.0046894405894018065,-0.00391204212669088,-0.003149279152642565,-0.002374597106543849,-0.0015309111646610097,0.00016906481028889546,0.0005119036585032567,0.0013763910530571939,0.0027305506702573826,0.003689028855195655
2021-11-08,-0.007179949484003308,-0.00683259453864624,-0.006224807698443828,-0.00543679874100717,-0.004573921397370955,-0.00368426248301863,-0.0028580090061742186,-0.0020584967724237924,-0.001253177396167281,-0.0003783157160982578,0.001364743443421346,0.0015166019815268338,0.002265619255938738,0.0035552078192403014,0.004515634777474466
2021-11-09,-0.007130621027161723,-0.006760719131969476,-0.006139946057899821,-0.005347074204004298,-0.004491034107729622,-0.00361070087967038,-0.0027903416535877594,-0.001994324235695722,-0.0011850942904691154,-0.0003189694959297299,0.0014102907066700558,0.001548106236625719,0.0024039590518278395,0.003714867621585176,0.004704582247698031
2021-11-10,-0.0071233763059101625,-0.006621098520708123,-0.005879040489549123,-0.004979006669096724,-0.004051572482813733,-0.003139887007693337,-0.0023171800001653272,-0.0015316838386440596,-0.0007335092953262416,0.0001271293025136063,0.0018352044316457278,0.0017109052585256269,0.00250379193723601,0.0037434427960769843,0.00468404532633237
2021-11-11,-0.007255239684075966,-0.006819512050786188,-0.0061608577633930385,-0.005363780528178267,-0.00454549209068029,-0.0037418179134828134,-0.0030350081596749656,-0.0023582127918937946,-0.0016534087816355712,-0.0008618555031735633,0.0007309501351191092,0.00039346558835899343,0.0010455071573350495,0.0021760949482749646,0.0030842936079408926
2021-11-12,-0.007384263120836366,-0.007089276351777884,-0.006606919646129875,-0.005979747727775973,-0.005287460657612236,-0.004562824712950433,-0.0039064379404466845,-0.0032645399291269766,-0.002595698064999044,-0.0018279808825651153,-0.0002698912923782839,-0.00044452393168450965,0.00024090971271482063,0.0013883441402292094,0.0022710131042854853
2021-11-15,-0.007256554195697068,-0.006884038785699071,-0.006310735640213745,-0.005596159934984763,-0.0048324140929152624,-0.004055185801937619,-0.0033583751045992215,-0.0026826902496717327,-0.0019830313622451407,-0.00118799724755469,0.00040158899435509396,3.365311728150951e-05,0.000742936629232155,0.0019411974782266818,0.00285300152834365
2021-11-16,-0.0066512256271641385,-0.006163459361557328,-0.0055079261379005545,-0.004757623665673026,-0.004021806396035061,-0.0033264847184403226,-0.002759646125778267,-0.002219342123548289,-0.001643919019633135,-0.0009458646929713559,0.0004767165355955012,-0.00015676407998045248,0.00023206718252017126,0.0011767191346819174,0.002050880503603439
2021-11-17,-0.006565987144714169,-0.0059841870755234896,-0.005189742742450657,-0.004302160142196447,-0.003429349138023161,-0.00260587528734672,-0.0018994343577386002,-0.001230633218257995,-0.0005477183579436784,0.00021812021240083155,0.0017420749808065988,0.001375209666316078,0.001852682218803029,0.0029590936073785592,0.0038353727363345377
2021-11-18,-0.007046420331694936,-0.006591857440203507,-0.0059123875934254735,-0.005111797279208814,-0.004286926910397069,-0.003472726198911479,-0.0027537905449092643,-0.00206694443317138,-0.0013631533659333838,-0.0005745525154232263,0.0009942256966333396,0.0005929791625885069,0.0011959283125232518,0.0024516115525967087,0.003306950553466276
2021-11-19,-0.006934820924169792,-0.006284921578452217,-0.005433692160628329,-0.004506159691489016,-0.0036262124460628067,-0.002815183208290486,-0.002132777004672922,-0.0014807506936637934,-0.0008041579350261049,-3.921533450642321e-05,0.0014792575599683366,0.000713219670828256,0.0011370021305164596,0.0021838026619269983,0.0030404142456104464
2021-11-22,-0.007140652460510845,-0.006521298564412144,-0.005723135356583439,-0.004889854201904286,-0.004117573131807472,-0.0034208006683106203,-0.0028461298812659597,-0.0022977301952266313,-0.001713779389201636,-0.0010191658552669946,0.0003952450106834086,-0.0003602654444736981,-0.00017466290237798995,0.0008110158388555222,0.001618939073438307
2021-11-23,-0.007098081704469797,-0.006587641288808781,-0.005835970039741702,-0.005023826306213001,-0.0042373747901517595,-0.0034987870702743937,-0.0028419462004763995,-0.002204301090474493,-0.0015340795803233634,-0.0007762681924653773,0.0007454362842481726,9.417878976335459e-05,0.0006114221198506197,0.0017516921938500424,0.0025608845389465907
2021-11-24,-0.006956804993932423,-0.006350235791304222,-0.005531493741736346,-0.004661992176136362,-0.0038470903591576577,-0.003095645556119881,-0.0024405988704669836,-0.0017957911507316454,-0.0011202178204119794,-0.00034007685712800006,0.0012249659069384306,0.0004991943454947395,0.0008491297566031583,0.001899436740152847,0.002740568414814709
2021-11-25,-0.006638150690714815,-0.006274335011875828,-0.005721197693297912,-0.005124612893641668,-0.004564318989040895,-0.004047479119471185,-0.003610358586242213,-0.003161867591979778,-0.0026498324556069506,-0.001977399042075875,-0.0005636187607230391,-0.0013233713543677667,-0.001246402972226722,-0.00042152991366541125,0.00044722907326684544
2021-11-26,-0.006531379242724074,-0.005889086599204617,-0.005066313176917605,-0.004219804314995466,-0.003458095874901431,-0.0027856095629111,-0.002221694847204474,-0.0016759697909605948,-0.001102109318700303,-0.0004034234247880851,0.0010034553968285005,-1.484929420221678e-05,1.5988792172402528e-06,0.0007703609167050193,0.0015594311998076258
2021-11-29,-0.006037883227935979,-0.00522396096745809,-0.004299956267622036,-0.0034162725842092293,-0.002693263792118775,-0.002108607067203387,-0.0016618215725174032,-0.0012354940623844034,-0.0007730217956710913,-0.00020043373931316965,0.0009715770241180333,-0.0005169289781362836,-0.0007216772622197268,-0.00020743322352644532,0.0005301386018505652
2021-11-30,-0.006579964399504777,-0.00584103790319155,-0.004922314871404957,-0.004008546749497912,-0.003217217990061664,-0.0025313670187719294,-0.0019564756150262114,-0.0013951699677146464,-0.0008094621010415908,-0.0001351811584917435,0.0012217858107708714,-5.318797032574836e-05,-0.00020186968361238797,0.0004689716302166538,0.0011828753953161226
2021-12-01,-0.007618143748968137,-0.007238134426576036,-0.006624759327940837,-0.00596072181497115,-0.0053191252319365594,-0.004681221070299363,-0.00408561351290601,-0.0034676423618113525,-0.0028199720570681744,-0.0020759421814216146,-0.0005716861633501562,-0.001657945216581101,-0.0011531555125031618,-0.0001277628867982669,0.0005852005756221076
2021-12-02,-0.007092379196583814,-0.006571124359089586,-0.0058626633240622976,-0.0051232876761884705,-0.004459305094936031,-0.003845414218539915,-0.0033103232135833585,-0.0027539732848579812,-0.002150988380579317,-0.0014115158196405704,9.706329776337894e-05,-0.0011389132645227412,-0.0010915970978730056,-0.0002687687514055582,0.0004394760135672524
2021-12-03,-0.008404578828970286,-0.007916153305474277,-0.007279024886687617,-0.006578693605326798,-0.00587754214935028,-0.0051446176172034305,-0.004433920246191759,-0.003699098322917001,-0.00294710925270041,-0.0021096133480966754,-0.00044053730851039796,-0.0010159535368895315,-0.0006715265057693851,0.0005001871260178039,0.001208806993440707
2021-12-06,-0.007826061587925287,-0.0074215754858872555,-0.0068408259752336465,-0.006229791381303044,-0.005680818923983911,-0.00515062384245243,-0.004648348233337778,-0.0040896668443472905,-0.003471994181734879,-0.0027172599965947387,-0.0011777441604626303,-0.002148229104036712,-0.002066184408180711,-0.0011828562344483075,-0.0004378259911267219
2021-12-07,-0.007833621836667118,-0.007387587375564173,-0.006755660259839853,-0.006081290873214278,-0.005455314372958366,-0.004834678726670058,-0.004231224402661639,-0.003575567103769679,-0.0028718158416128747,-0.002044089284879649,-0.00038272333938044927,-0.0012018549656465079,-0.0008873783037155886,0.00015213407485032554,0.0008904039637832419
2021-12-08,-0.008389842118879645,-0.007914914209589577,-0.0072727198997481445,-0.006600660757365296,-0.006006400471321576,-0.0054389043122230404,-0.004915529604941259,-0.004336738027236327,-0.003692767931210009,-0.0028910716708076883,-0.0012699723160048922,-0.0025423382738258824,-0.0024347799545115434,-0.0017560271052062897,-0.0009690423859891086
2021-12-09,-0.007894963941461918,-0.007301275500409637,-0.006537866523177445,-0.005746914151945451,-0.005067883678673775,-0.004441659460521832,-0.003892420864317808,-0.0033014487983309133,-0.00265596529641383,-0.001876964048519942,-0.00030306272594577245,-0.0011532469023765595,-0.001239474820567005,-0.0004018981189867288,0.000335530091778512
2021-12-10,-0.007991135102620383,-0.007220152239718356,-0.006282104117286897,-0.005341499521721179,-0.00454755855855541,-0.0038312647705859367,-0.0031906309851891307,-0.002513826067333336,-0.0017906051962125386,-0.0009504923115515418,0.0007140153163297076,-7.833215319789097e-05,-0.00013039090973271123,0.0007636395223051973,0.00149003816493978
2021-12-13,-0.008481748156208118,-0.007850167981997981,-0.006966729407799177,-0.006039546841120234,-0.005229219604138296,-0.0044890023631358345,-0.0038450564399818967,-0.003139357226243492,-0.002387400294757209,-0.0014990051566882,0.0002615014095832084,-0.000767842417207659,-0.000761539956748331,0.00022309614242912654,0.0009449342620472382
2021-12-14,-0.008128933766410612,-0.007552754559424811,-0.006725554329111876,-0.005852234592789631,-0.0050949849490832064,-0.004401511289317929,-0.0038109651738709497,-0.0031573758690151684,-0.002454792200552324,-0.0016148796152439604,7.229803927365198e-05,-0.0007926229291445241,-0.0008622589925245958,5.190248644672355e-05,0.0007779871305504365
2021-12-15,-0.009007171635126219,-0.008350699879131356,-0.007494041524181561,-0.006589290481324979,-0.005773007482677373,-0.004980062418619412,-0.004262878144241699,-0.003486610913699579,-0.002669186169518666,-0.0017197982768215447,0.00015940287831804753,-0.0005687991496028462,-0.00048258561744533813,0.0006428067274035722,0.0013592037987947324
2021-12-16,-0.008356338705320153,-0.007666451985569532,-0.006835908530044445,-0.005969818440636366,-0.005192345025772921,-0.004453268075092279,-0.003816862155806563,-0.003150276394380503,-0.0024442263468028736,-0.0015995940154173377,9.670590141015126e-05,-0.00047903257930247394,-0.0006399554972073176,0.00034140150007521807,0.0010917199209259801
2021-12-17,-0.00835113515377131,-0.007670812176404701,-0.00680888012666141,-0.005898047865189285,-0.005086798680036856,-0.004345346031954189,-0.0037397235681118903,-0.00311643252705114,-0.002450558762786067,-0.0016217428917277327,3.517294669101202e-05,-0.0006756598581967596,-0.001033701978788579,-0.0001516943004765377,0.0006545321236240591
2021-12-20,-0.008922750929845983,-0.008554162144946188,-0.007983947678282451,-0.007314933089775665,-0.006655686609482856,-0.005976052181860962,-0.0053925700343145115,-0.004778207322030437,-0.004118346850706479,-0.003267589953745942,-0.001545370112337842,-0.001837130568124774,-0.0020821799968698206,-0.00100933619801512,-0.00031009222085701766
2021-12-21,-0.007870128429561338,-0.007473956314084679,-0.006814871334543365,-0.006034552093074108,-0.0052826476442918635,-0.004538871985922661,-0.003908555328761085,-0.0032648172627125368,-0.0025941495980306125,-0.0017754640534563115,-0.00013446523366662886,-0.0002116461805389356,-0.0004430691566499794,0.0006421267226345002,0.0013809916891102496
2021-12-22,-0.008333159080377274,-0.007501103803424921,-0.006419298287530714,-0.005268460163258726,-0.00425023498051362,-0.003336743848328338,-0.0026063985711453947,-0.0018787848012583696,-0.0011242369831978008,-0.00020376234837465824,0.0015986080260019676,0.0008155715960040176,0.0003844452104283221,0.0013084695269355495,0.0020015806363409888
2021-12-23,-0.00878298407754078,-0.007989485174349943,-0.006993438517260372,-0.005948878633184324,-0.005012496644133575,-0.004123647244138263,-0.0033681195878476114,-0.0025891535630934576,-0.001779444570639777,-0.0008223598282947591,0.0010662372117236953,0.0002973046121105801,0.00022643340226526478,0.0013265414043922418,0.002130400263651317
2021-12-24,-0.008741208097140522,-0.007938792697143041,-0.006985332123783021,-0.006008730632697246,-0.005118435936679372,-0.004260872749571243,-0.003497833868952218,-0.0027137620994168435,-0.0019068442122470602,-0.0009586280964250507,0.0008978641070603889,0.0001318690819935046,0.00011284054547286079,0.0012674566697578275,0.002069017340255224
2021-12-27,-0.008791629462400707,-0.00853804969363295,-0.008096796268408247,-0.00756684027530342,-0.007002964436857215,-0.006372443422154053,-0.005766813016537227,-0.005107501187238797,-0.004404551827496321,-0.00352462793874018,-0.0017516679180280932,-0.002094375771362075,-0.0020488085590673454,-0.0008245158895183011,-1.1274830022316206e-05
2021-12-28,-0.008493917694209022,-0.008128501689912008,-0.007555092817467528,-0.006877112798212844,-0.006186135221746806,-0.005451937477769038,-0.004751765211982028,-0.0040083849027255205,-0.0032304922783849186,-0.0022858680131769673,-0.0004161237219901981,-0.0007779362829691792,-0.00081488039521724,0.00036779517840113823,0.0011997990069849166
2021-12-29,-0.007602187174759168,-0.007292243098681175,-0.006735084934349087,-0.006094353922447665,-0.005495807464508885,-0.004911365596815449,-0.004397732146872396,-0.003825701822955097,-0.0031919106038983155,-0.0023405246442307964,-0.0006286749896133974,-0.0013026198306826803,-0.0016565284364832233,-0.000728401700934897,3.585221998847303e-05
2021-12-30,-0.006647807586469278,-0.006094089449932187,-0.005364169420627975,-0.00458905498566455,-0.0039431942444108446,-0.0033700254887140666,-0.002921185650304555,-0.0024317419244768426,-0.0018827406474248333,-0.00112599921987536,0.0003886489081315011,-0.00023419157142682894,-0.0008424966223033641,-0.00014817694088124864,0.0006276626364854327
2021-12-31,-0.007978443269832108,-0.007831626732600135,-0.007436774849311381,-0.006927259608985902,-0.00641461018508783,-0.00587495498743389,-0.005404669725273568,-0.004881609072769107,-0.00430483989750912,-0.00352789978364486,-0.0019778366720694567,-0.0023593348310099868,-0.002500304931661753,-0.00150068266734468,-0.0008332626489523207
2022-01-03,-0.007145947724671203,-0.006751744844094969,-0.006166045159787452,-0.0055304973043797355,-0.004987422899694518,-0.004495698117888242,-0.004106993681029675,-0.00367591572854496,-0.003175675058454687,-0.0024641657395856327,-0.0010346797890767017,-0.0019053851268188995,-0.002207706807003897,-0.0014650201467854853,-0.0007301600703003173
2022-01-04,-0.007769101202932956,-0.007539761157427051,-0.007060227830673697,-0.006482106941807586,-0.00592247842324427,-0.005367019372305402,-0.004888601864462803,-0.0043716300045803114,-0.0038007147658786905,-0.003026206465755535,-0.0014980578409006999,-0.0021739914961290798,-0.002192573525036864,-0.001239541877685513,-0.0005670220051809147
2022-01-05,-0.0075839181170353,-0.007303285971873277,-0.006847068039289858,-0.006331090876431325,-0.005865593428012487,-0.0054090276501917375,-0.0050429816509646695,-0.00462337278608854,-0.0041392406161905575,-0.003440900884064512,-0.00203964786001939,-0.0028938281901928907,-0.0030889028862061685,-0.0023251865532272088,-0.0016828579368167395
2022-01-06,-0.0067753844920468,-0.0064654807446703775,-0.00593069259765002,-0.0053231444399166935,-0.004764805300311942,-0.004223741436046732,-0.003779381760381224,-0.003301441081159642,-0.0027865091762658708,-0.002095086935248145,-0.000721104739963066,-0.0008741694565997189,-0.0010568323238142718,-0.0001422834725866187,0.0004904660304503462
2022-01-07,-0.00764060790357751,-0.007583454866049238,-0.007264375882824524,-0.0068444123628026415,-0.0064242961777422405,-0.005977336700193019,-0.005587088934868516,-0.005141826178978546,-0.004640891128456324,-0.003953607418897105,-0.002571910547224894,-0.002966681026620202,-0.0030340051275835056,-0.0020551012559735576,-0.0014296829015485557
2022-01-10,-0.007323400952729939,-0.007165614600340806,-0.006765211585037294,-0.006292981997607399,-0.005858250367917355,-0.005418090447291225,-0.005031610720253865,-0.004572035703114767,-0.004046467902005508,-0.0033130281289681035,-0.001847451334756869,-0.0024196754484983574,-0.0023786564543087827,-0.0014098053882941216,-0.0007793686400810007
2022-01-11,-0.006728556466604202,-0.006833298355153711,-0.006566235287769446,-0.006171052606272814,-0.0057824378944081435,-0.005389372313076691,-0.005057505983069987,-0.0046630035936860775,-0.004205734462887946,-0.003545208114561037,-0.0022117358929468907,-0.002530671382490114,-0.0026089068768169214,-0.0016444590711907953,-0.0010150547324299817
2022-01-12,-0.006730427860045032,-0.0068143624058636994,-0.00653811910776295,-0.006133291308452744,-0.005727941458989023,-0.005309699201613638,-0.004952855448992864,-0.004530100675500392,-0.004047655842868851,-0.0033581424232328383,-0.001980827163906314,-0.0024239944041578054,-0.0024019552594123873,-0.0013986693084373815,-0.0007977379379095705
2022-01-13,-0.006420764943662474,-0.006546993536798259,-0.006340376405808204,-0.005994737690403349,-0.005642076352728264,-0.0052659484358435,-0.004937561426179597,-0.004535553931947973,-0.004063398468976813,-0.0033892888120257295,-0.0020304408124539874,-0.0024153386084684193,-0.002398490938281094,-0.0013415287452030428,-0.0007132007847290539
2022-01-14,-0.007342865571501262,-0.007214555250722136,-0.006804813372669766,-0.006293968812477221,-0.005810512414808409,-0.0053109013668216085,-0.004850349619596538,-0.00431527445681544,-0.003723140635746633,-0.0029767027072603253,-0.0015078992214748888,-0.002054839918590283,-0.0018271246729357252,-0.0006428630063922993,6.892471775053581e-06
2022-01-17,-0.007145768499381292,-0.007222132362437803,-0.006935887251541952,-0.006526683244031654,-0.0061174045736292395,-0.0056770677536479,-0.005260065504890838,-0.004757554038006288,-0.004186219759591997,-0.0034390078282227187,-0.001946334786449866,-0.0023766813840399525,-0.0020928890853148833,-0.000919376802729644,-0.00018133776530030246
2022-01-18,-0.007144764767606657,-0.007152455049042619,-0.006757436906365011,-0.006226029698241965,-0.005713738478793052,-0.005191517222000048,-0.004692475534388538,-0.00411381333055329,-0.003475277951725485,-0.002689947070257644,-0.0011440038394097422,-0.001681342051410865,-0.0012796779425855282,-4.20106533758533e-05,0.0007106684659256215
2022-01-19,-0.007359727110798907,-0.0072381103881866285,-0.006766151170793762,-0.006166383183593647,-0.005585918292544672,-0.004986025986080854,-0.004417844887684942,-0.0037703350520454657,-0.003063229099583618,-0.002212153122054468,-0.000540075720432296,-0.0012254282493903647,-0.0006280519583357352,0.0006975353811363135,0.0014302657056709592
2022-01-20,-0.007159557551177051,-0.0071150500996001904,-0.006772933203361374,-0.006329110637522561,-0.0059065242370719105,-0.0054565866232814475,-0.0050447553885840804,-0.004541125640301925,-0.003955192919117063,-0.003187973158578948,-0.0016288664747562255,-0.0022489245306719875,-0.0018654174189956414,-0.000606517002813661,0.00017170876813062542
2022-01-21,-0.00679626898925563,-0.006596737467366711,-0.006105218672240204,-0.005523952039034843,-0.004992059746430801,-0.0044569526948295985,-0.003980030843832562,-0.0034185406625282617,-0.0027856002011519853,-0.001979031231883775,-0.0003623780423475361,-0.0009391998669078306,-0.0004634889957964828,0.0008193662041727479,0.0015795763859463596
2022-01-24,-0.007067385739897284,-0.006808172177713456,-0.006252325485945576,-0.0056098175952096225,-0.005021969716792621,-0.004433692780052576,-0.00390318608632121,-0.0032909327928239114,-0.002613550199142366,-0.0017732801991162733,-0.00011030615678321858,-0.0007027068920383183,-0.00018898035323775843,0.0011313062164549595,0.0018933383449136738
2022-01-25,-0.006902454401194564,-0.006479977749469029,-0.005766140769959025,-0.005001134445073423,-0.004348116078722397,-0.0037380735768584024,-0.0031953466591294766,-0.002570041244676682,-0.0018829889208009552,-0.001037107831935375,0.0006204131413543477,-0.00021977599098369518,0.00013529997385625613,0.00135358476321477,0.0020978701931180263
2022-01-26,-0.006623020864647651,-0.006460558749246196,-0.006019121167672082,-0.00550308497914327,-0.005037776032084247,-0.0045749817502235375,-0.004168609161413532,-0.003680851368842738,-0.0031174617735297595,-0.002377730282535498,-0.0008868950779354524,-0.001433011511776625,-0.0011172618803520701,3.524731920750968e-05,0.000824743824755624
2022-01-27,-0.0068670771260861555,-0.0064992529273786735,-0.005868108649623675,-0.005156614759149675,-0.004505514087930082,-0.0038484304658591394,-0.003237767578231663,-0.0025416991237998897,-0.0017757903956315147,-0.0008496884158556329,0.0009717590590553777,2.1883958589281622e-05,0.000831051301522903,0.0021938404976315717,0.0029615218861459864
2022-01-28,-0.006916695111756126,-0.0065902906991672,-0.005989218262047997,-0.005336267015163857,-0.004745640724587442,-0.00416508602722482,-0.0036382573479379985,-0.0030398436376455513,-0.002370975908873633,-0.001539900050018088,0.00011471909348409275,-0.0006489694588452518,-0.00011526600688274258,0.0011601915589250266,0.0019036372208958996
2022-01-31,-0.006489684006584323,-0.006070033026569383,-0.005385692543747857,-0.004666064114066958,-0.004040111882459186,-0.003452692564629629,-0.002933111768122506,-0.0023485974531802954,-0.001693379415029516,-0.0008754238024762274,0.0007534426202494286,-3.954092527134784e-05,0.0004057653013729923,0.0016283343672296347,0.0023759279913461648
2022-02-01,-0.00630095016586341,-0.005869010985642614,-0.005215982367029486,-0.004512168379615648,-0.0038772406651400976,-0.0032513525484940886,-0.002697826569841865,-0.0020567261416009047,-0.0013571806190369466,-0.00047063300090165704,0.0013183747947281,0.000307597698744166,0.0010524152521041593,0.002366910289392186,0.0031618126256609544
2022-02-02,-0.006679572700113089,-0.006196057192600622,-0.005490939372205182,-0.004759979090014995,-0.0041043568854071165,-0.003477352915772978,-0.002922868463338613,-0.0022944775377196727,-0.0016147837039979917,-0.0007481046898021489,0.0009889073424045824,0.00017382690597447488,0.0006977880587355416,0.0019984104876918174,0.0028501031150681344
2022-02-03,-0.006800599344769779,-0.0064122454893098925,-0.00576670445435992,-0.005091573093216383,-0.004470940476972901,-0.0038557576043283088,-0.0032876278046146705,-0.0026336692612862244,-0.0019263294305343517,-0.0010318986240829481,0.0007730828226839809,-0.00012910697875843187,0.0005592189040878391,0.0019333551730188292,0.002767075437918997
2022-02-04,-0.006615054920098468,-0.006211190529607232,-0.005573959635911085,-0.0049027641130715725,-0.004300953305161166,-0.0037058130830869155,-0.003175401380405403,-0.002558471650964081,-0.001880150626798406,-0.0010111502935233056,0.0007551541024025097,-0.0003700322963885831,0.0003295779148616558,0.0016149720201193295,0.0024721008394146815
2022-02-07,-0.005985586321661339,-0.005468164943112804,-0.004709080090314241,-0.003931325637064796,-0.0032632842439602548,-0.002642492257833642,-0.002107195803893479,-0.0014880884180250224,-0.000801832389023498,8.609630646640512e-05,0.0018794016036690641,0.0006573031497736164,0.001297040254720092,0.002509442677514748,0.0033806059857359972
2022-02-08,-0.00646341165997635,-0.005981311576728607,-0.005259116060938954,-0.004519467367571412,-0.003873816644311852,-0.003260972685123273,-0.002723788045727156,-0.0021062004547993765,-0.0014292418837948862,-0.0005687546205117417,0.0011715284468619804,0.00016676940814470574,0.0007945083419469792,0.002046031302960904,0.0029079312091151075
2022-02-09,-0.006377881370939433,-0.005754873767728905,-0.004900217266817754,-0.0040337695191400725,-0.0032963302546047115,-0.002632194497033392,-0.0020778453887291774,-0.0014623002317111027,-0.0007878701749986015,6.293963097533375e-05,0.0017684562265137594,0.000736602470424107,0.0012944142454430064,0.002503463184366456,0.003389017459914098
2022-02-10,-0.0067834819230782285,-0.006336786308782669,-0.005663998887543906,-0.004966628031526571,-0.004354626135756455,-0.003774707118041491,-0.0032817266089484793,-0.0027155951510359874,-0.002084666007944479,-0.0012620324862844044,0.000408615311399609,-0.0006828749785507426,-0.00015146012717385865,0.0010833028494126465,0.0018897562380329
2022-02-11,-0.006759269497692714,-0.006276289538671931,-0.005606328340137944,-0.004918370482824846,-0.004335396609366088,-0.003793777099268633,-0.003350212938429508,-0.002828232346648333,-0.0022328094886100145,-0.0014354665702345673,0.0001858026272060099,-0.001131568072271142,-0.0006541589596210338,0.0004628453426474854,0.001339743410748313
2022-02-14,-0.006246604437959928,-0.005671779393240426,-0.004900004614320708,-0.004138075159569839,-0.0035073127259939467,-0.0029533835554095334,-0.002513871385139186,-0.0020079358813906416,-0.0014269665139072388,-0.0006364680288684947,0.000973967899714317,-0.00033795848405385187,0.00013073905162203298,0.0012398356925126344,0.0020818857785009784
2022-02-15,-0.006356046043449885,-0.005526968956478515,-0.0045837103568217834,-0.003684246818432178,-0.0029609622311217274,-0.00234497409765321,-0.0018656760723042044,-0.0013483079142972494,-0.0007865885429609357,-5.754877957812009e-05,0.0013748100671942599,0.0005423528152583026,0.0006438383248308899,0.0017204974293297285,0.0025321098019485027
2022-02-16,-0.0064543830194074975,-0.005711690761069017,-0.004822434364403942,-0.003981902786138032,-0.0033102463087656374,-0.002729819697817735,-0.0022707761655822536,-0.0017567498054788838,-0.0011901630320310308,-0.0004316282265813564,0.0010773425887360471,0.00010018218045904905,0.00021521473514839315,0.0013102940554169133,0.0021592369480526443
2022-02-17,-0.0069012476623821865,-0.0061680143032098525,-0.0052821313376202345,-0.0044273501579480635,-0.0037335755746906738,-0.003114098806055352,-0.002624945381449864,-0.002089925731731299,-0.001515296769763923,-0.000771142479262917,0.0007139278773750268,-0.0002830488384474952,-0.00013779594590622966,0.0009039708660206545,0.0017938333550311762
2022-02-18,-0.0069328959403978305,-0.006217250090545013,-0.005354470770356539,-0.004527115550724757,-0.0038643002049632146,-0.0032763021441476114,-0.0028085649100406574,-0.0022879258555562323,-0.0017229363137387104,-0.0009863034370427375,0.0004659715039879867,-0.0003373599713139509,-0.0001605528162239929,0.0009717320707892181,0.001803889579089015
2022-02-21,-0.007308490181507973,-0.006705123830492118,-0.0058769421039268945,-0.005056176183985709,-0.004395763201198481,-0.0038153133299583574,-0.0033686731307606523,-0.0028688596428462342,-0.0023286954167269346,-0.0016072413859694302,-0.00018608620285543798,-0.0011053973425642872,-0.0009964834797012484,6.576611925752148e-06,0.000831316814607424
2022-02-22,-0.007332954463182554,-0.00672336435642668,-0.00586445976327012,-0.004976814133909519,-0.004241953920770539,-0.0035961592955125435,-0.003086297398593872,-0.002536699229951075,-0.001945695308848469,-0.00119858852308989,0.00026751985712037915,-0.0006086280623726257,-0.0004138204767803622,0.0006268293478908573,0.0015278075783796436
2022-02-23,-0.007168233794933716,-0.006555007696681437,-0.005663063480119567,-0.00473775587226585,-0.0039622397254472875,-0.0032782418708698527,-0.00272932785543371,-0.0021480762384938432,-0.0015399891541984909,-0.0007875240438163379,0.0006729026868732776,-3.519149741608289e-05,0.00021574767281309383,0.0012634068870546443,0.0022126730581527553
2022-02-24,-0.007575064493565274,-0.006888893931411993,-0.005924134337165182,-0.004936936680091875,-0.0041099891181453595,-0.0033548018110583274,-0.0027290946443440964,-0.0020591919467708407,-0.001369657528059637,-0.0005319510287777399,0.0011136843818916557,0.00011568460998315254,0.00041785266330985824,0.001522616056524894,0.002407920881821975
2022-02-25,-0.006822039572982583,-0.006113981837396548,-0.0051815700759465936,-0.004263850466967854,-0.0035489393070396755,-0.0029560869608048494,-0.002524302610590531,-0.0020589025605273524,-0.0015495236534521144,-0.0008667927015224844,0.00047629120479194056,-0.0005239196988807066,-0.00043594729742625984,0.00030204278486709924,0.0012231975342304267
2022-02-28,-0.007074013486618642,-0.006210867609838969,-0.005149691552160368,-0.004115856484644978,-0.0032960031566551776,-0.0026075278266172288,-0.0020872607341117654,-0.0015460329916491607,-0.0009780807097336662,-0.0002507937386193723,0.0011430031170286165,0.00025935288101535054,0.00040817893203521987,0.0012379000791217572,0.00215889196534556
2022-03-01,-0.005950877562601162,-0.004813229637302438,-0.0036134504611487236,-0.0025267057185714634,-0.0017137794604868688,-0.0010825646660795746,-0.0006461425601855259,-0.00020285285605865485,0.000274098832150797,0.0009108599588014347,0.0021139415553697743,0.001455674638309702,0.0015456911133075045,0.002269263326887684,0.003087496690975535
2022-03-02,-0.006886854102395979,-0.0055007003937273,-0.004167057899553622,-0.0030047981683632833,-0.0021482656089829148,-0.0015233071038579628,-0.0011099467450295037,-0.0006940605399210914,-0.00023841831202614213,0.0003319451428159463,0.0008519166203589466,0.0011743226055735468,0.0009503584798936384,0.0017560035272208563,0.002549135190094652
2022-03-03,-0.006579089300215745,-0.0049034633755129535,-0.0033700111115651304,-0.0020880008446507873,-0.001194606370848938,-0.0005891831874609084,-0.00021956932705233896,0.00014844413510233423,0.0005579880094399303,0.001075531240140354,0.0013805895123918139,0.0017163840594244294,0.0013992837174384837,0.002168544003797772,0.0030292342120737665
2022-03-04,-0.0046204654727495225,-0.0026012133849143172,-0.0008589501246313222,0.0005430868875492029,0.0014333787273884467,0.001950313055715666,0.0021746147137197795,0.0024058950407935516,0.002712124340550396,0.0031603097884906886,0.003332325986966897,0.003289596211775216,0.0027967519997233463,0.003401885787101258,0.004184596944929924
2022-03-07,-0.004702109820288043,-0.0024199412196132877,-0.0005695026807025511,0.0008230078503650971,0.0016814927857856671,0.0021350198425472235,0.0022748157411364416,0.0024170844119631575,0.00263374807070175,0.0030149290889604522,0.0030238408814853715,0.0028809759875632925,0.0021885094833380882,0.002644357156782835,0.0032780510349727345
2022-03-08,-0.00530661237269967,-0.0029141873477327414,-0.0009225280810131816,0.0005633479558049227,0.0015096143689078004,0.0020337935749639565,0.0022555028438628584,0.0024480760722162534,0.0026790273517142103,0.003024289549271788,0.0029302920859315745,0.003273916076722786,0.0027233929495001563,0.0033780064623560925,0.003925122541769588
2022-03-09,-0.005542423633832434,-0.0030232164758348216,-0.0008950875407575149,0.0007121546589515838,0.0017496734559730334,0.002348966497814052,0.0026344876020937776,0.0028699672912178903,0.0031195714175014217,0.003446137122045526,0.0032798735811931062,0.0038043837857149937,0.003439764958241728,0.004149606702475078,0.004730006817877136
2022-03-10,-0.006305747213984022,-0.004001715729820481,-0.002027024755308078,-0.000515433090768053,0.00048359951125593985,0.001090366672293106,0.0014015178192934756,0.0016479769539573096,0.0018975981957429651,0.0022045677646165824,0.0020499960650894548,0.002780415619914347,0.0025681348256233498,0.003371618050027605,0.004054554659641512
2022-03-11,-0.005257602393595248,-0.0026753278713652837,-0.0004226286954277132,0.001338632362092813,0.0025200982355778967,0.003224708857768217,0.0035762087020897153,0.0038449440249898187,0.004124160415599539,0.004472996415839817,0.004374760648123257,0.004787653331909735,0.0045713824920023925,0.005185708924977483,0.005826885725544431
2022-03-14,-0.005610376162512223,-0.0030579422715261836,-0.0009257959893235125,0.0007086497442051675,0.0017994541833268552,0.002480004096284583,0.002852521185497325,0.003169479134520658,0.003502908338010042,0.003918686766527294,0.003961062728976974,0.004418363185724124,0.004307891493474843,0.00493400235596894,0.005600580960866728
2022-03-15,-0.006356346692307609,-0.003981704950395981,-0.0020657488184630734,-0.0005768637220205661,0.0005085504664778008,0.001175401752796487,0.0015962210892965325,0.001970755893850955,0.0023375932415038805,0.0025896342766607025,0.002888513209686765,0.0033672720133541994,0.003333263990128357,0.004134463992385717,0.004803992578006396
2022-03-16,-0.005900584069174757,-0.003266382398975072,-0.0011887361689050051,0.0004279569041337689,0.0016065054102635105,0.0023601640199667697,0.0028618302864504967,0.0033017462211157736,0.0037208867201485567,0.004003931815818953,0.004326113216721036,0.005042791634644836,0.0050835734138715595,0.005937493418324596,0.006612261045574476
2022-03-17,-0.005745334240905268,-0.0035365891909625623,-0.0017621331788379307,-0.00037074467008038387,0.0006277013256879328,0.0012882067459350547,0.001734693590621342,0.0021841093237071826,0.0026832180654064513,0.003151071814418823,0.004094276869917179,0.0038579028041455135,0.004141114724955151,0.0048745893417296415,0.0056439369412304916
2022-03-18,-0.00619906143954833,-0.004170921965217872,-0.002462087219395764,-0.0011009526979802332,-9.491045824398499e-05,0.0005712614266215098,0.0010213824790700518,0.001478329739113817,0.0019842463271144807,0.0024895264845775558,0.00354489332686409,0.003216386078280776,0.0035129325805709896,0.004120293501529511,0.004884067617855427
2022-03-21,-0.006791753726579521,-0.004816125734097305,-0.0030710572639077146,-0.0016492733794238467,-0.0005583596015889358,0.00019951147149439635,0.0007589576868999239,0.0013138641644988487,0.0018942475409701185,0.0024269509148407316,0.003503793893650079,0.0033785672312516817,0.0036819900620804038,0.004377984887657007,0.005261010601981465
2022-03-22,-0.005728865779902233,-0.0037723327749161735,-0.002032978138165343,-0.000601610496296718,0.000477700978067284,0.0012071408843718546,0.0017135264970107485,0.002235702793624091,0.002822981279870136,0.0034162225820329353,0.0046611649916815535,0.004124514123824729,0.004354479843245405,0.004989312419988101,0.005836365810814349
2022-03-23,-0.00519962791753326,-0.0030701690240817225,-0.0012302836997674237,0.0002221881796292647,0.0012751895476193894,0.0019337078644334304,0.0023769657672559875,0.0028368961286059347,0.003361921324607989,0.003885257796425372,0.004947803880487869,0.004518332689352874,0.0046716175798953785,0.005234278844844597,0.00619417590627422
2022-03-24,-0.005553989663365044,-0.0034368945526999438,-0.0016810202938117211,-0.0003439974700378515,0.0005780511358807038,0.0011099587812731784,0.0014247266210921524,0.0017751081593414086,0.002205697909573145,0.002676095560021777,0.0036463740798748806,0.0030499213323445986,0.00313944563157377,0.0035385091370158574,0.004424421185615923
2022-03-25,-0.005999054452834731,-0.004435051759350317,-0.0030644633918834557,-0.00197599371272607,-0.0011581661680687238,-0.0006286273181127741,-0.0002738392429772183,0.00012072894816648203,0.0005844551764182609,0.0010884099460143426,0.0021522388951023745,0.0019165810122748154,0.00239717184428182,0.002927057588997443,0.0038927949384061538
2022-03-28,-0.005737486353129696,-0.00388979916846897,-0.0022417951937143622,-0.000887073496755137,0.0001457971709490618,0.0008314455002376314,0.0012821303614882688,0.0017477721150862113,0.0022681500769033743,0.0028322700510695588,0.003992113041102276,0.00372753446238038,0.0042270041715240896,0.0046123120463329136,0.0055152364361389815
2022-03-29,-0.006983177714793514,-0.005703619321198689,-0.004369239238103637,-0.0031834724483004243,-0.002157022010623622,-0.001369726661137634,-0.0007512640034467027,-0.00012959478628269848,0.0005080166853112583,0.0011258828328738384,0.0024133411188046097,0.0023519288456959023,0.003341163878653049,0.0035934197554879756,0.004584279875757069
2022-03-30,-0.009436858945383002,-0.009221194535933288,-0.008542802333489736,-0.007744306129973572,-0.00686568867360917,-0.006024140417399856,-0.005265171999122444,-0.004473630697763724,-0.003664204167637586,-0.0028881972366038206,-0.0011529810323755174,-0.0014783074972842644,-0.00023034603880792539,0.0001997371000696446,0.001220290808864572
2022-03-31,-0.005723908256787534,-0.004863166880961016,-0.0038434686973090786,-0.0028790311103565848,-0.0020287475263625052,-0.0013689580375935827,-0.0008765408582147361,-0.00034301699907333776,0.00027154408347004845,0.0009431090818225413,0.002416331161881847,0.0019006445699887393,0.0027192933774059604,0.0029755021371895493,0.0039582563460005705
2022-04-01,-0.00715554232818089,-0.005916752481445051,-0.004604672451994633,-0.0034279633038949773,-0.0024000110080077326,-0.0016126342831407014,-0.0009683884512800861,-0.00035009440943252305,0.000259511730483877,0.0007857679469005617,0.001756025992425215,0.0021910793945796245,0.002866938259197393,0.003307314202169272,0.004449589466244171
2022-04-04,-0.0102729461356103,-0.009649522333757673,-0.008665001207790088,-0.007618695191903345,-0.006577502998874914,-0.005659738215799249,-0.004873456345615321,-0.004109102911399722,-0.003368173546467174,-0.002749232866511318,-0.0015448604009196303,-0.0013206478336734442,-0.0006426486029267159,-0.00020906103118599148,0.0007161089166614965
2022-04-05,-0.00735188844604504,-0.0062646608357512165,-0.005045425553778602,-0.003868600148265417,-0.0028074990133727202,-0.0019554930422760637,-0.0013004253688644945,-0.0006618219487046729,-6.420411283188099e-06,0.0005894706577837137,0.0017743949538924259,0.0014942119355309791,0.001997563204619341,0.002154816344276572,0.0030596555732828987
2022-04-06,-0.006446342688049299,-0.004891792745383634,-0.0033444350250200327,-0.0019212767001820733,-0.0006834565727317655,0.0002697205711643374,0.0009813989981705953,0.0016640287464341208,0.0023631224262565384,0.002989126195903068,0.0042011205990406895,0.00402215378151945,0.004549675028233345,0.004843541033315129,0.00567929321500349
2022-04-07,-0.005920828346175293,-0.004032477231440061,-0.002404193830912569,-0.001005146824567497,0.00013796856949177018,0.0010130449795006649,0.0016995287953039128,0.002358092935826324,0.00303607066725346,0.00359085858006398,0.004625769795523886,0.004750344246485058,0.005255054708608946,0.005487359009385011,0.006358439213263612
2022-04-08,-0.004712659899627485,-0.0023981653233730417,-0.0005664199405186559,0.0009006760662759988,0.0020081039487326716,0.0027442388961357823,0.0032179878960998873,0.0036522756747683458,0.004119990200710426,0.0045436193488375635,0.005282656449683634,0.005490022717853684,0.005957156079400222,0.0057916687176488265,0.0065235955319644465
2022-04-11,-0.006002496449693735,-0.0038309264950584935,-0.002063283318401223,-0.0006103857235881427,0.0004918988580092747,0.0012482785251454163,0.0017415589433606288,0.0022062061257932548,0.002709931731822373,0.003187605590592177,0.0040641218451796905,0.004185972499561806,0.004675724014306455,0.004482652187756109,0.005306311180135398
2022-04-12,-0.0052662046005406025,-0.002803860365581068,-0.0007946141628963166,0.0008485037543393855,0.0020791303295898435,0.002941464905223479,0.0035293146171134914,0.0040878406941839435,0.004684976290875387,0.005246368658772867,0.006268313784089349,0.0065407777408401525,0.00709737709203769,0.0068766765852567744,0.007580868096554732
2022-04-13,-0.006704735458656788,-0.0044884459525474825,-0.0026105088936799626,-0.0010311602991536582,0.00020974771808469504,0.0011357096885530006,0.001821673268990881,0.002478554792117673,0.003157501299153953,0.0037649542682306088,0.004911170937079224,0.005013526756412268,0.005622862533388179,0.005428525924662965,0.006184729463012238
2022-04-14,-0.005629825563264314,-0.0031950618691640982,-0.0012443791544559813,0.00033931867530643135,0.0015204360510926098,0.002357135329205331,0.0029167420456455255,0.0034606817139355814,0.004061498931947965,0.004639461106285512,0.00576391315321401,0.005610022637510986,0.006046586541185898,0.005773311687276539,0.006402722832127422
2022-04-15,-0.004693070825773936,-0.002257573377380721,-0.00025125379167375325,0.0013860633272662884,0.00259730673743462,0.0034350755112398847,0.003973535966093351,0.004523915550434466,0.005170341071862511,0.005878573774319484,0.0074169127864016325,0.006443035557771852,0.006908470647834142,0.0064795373809332715,0.007055953163488657
2022-04-18,-0.004710632091270216,-0.002551553535423588,-0.0007155027220160799,0.0007971010342468325,0.0019293405066671797,0.0027360557881594043,0.0032941106443187076,0.0038947725085625206,0.004612618056551491,0.005391331199126296,0.007143063082540606,0.005935406996866573,0.006457473935762245,0.006069173979123525,0.00673336000815733
2022-04-19,-0.004079927055809306,-0.0015272942758073626,0.0005649783739755643,0.0022664943185893493,0.0035226669420670522,0.004416519857088305,0.005032634905114182,0.00566677608447492,0.006392934944968417,0.007150473534602728,0.008809542255909226,0.007774119724522911,0.008348229124854325,0.007983419545943646,0.008643091828878282
2022-04-20,-0.004484037343251968,-0.0016002091823539796,0.0006540454267020515,0.0024199137092220484,0.003671481119624019,0.004526887668792336,0.005083934697333115,0.005630896639359658,0.006251099448948982,0.006861739586134641,0.00815723836996333,0.007233207687057463,0.007620904122446401,0.007194667804149832,0.007840929072130123
2022-04-21,-0.0055013969713046465,-0.0028738070440948154,-0.0008037376171527158,0.0008305120888894152,0.0020127580273527363,0.0028543619125111063,0.0034334218932317914,0.0040177177611029815,0.004677536944905207,0.0053300238635785625,0.006763321310049437,0.005714410480662129,0.006168633639793138,0.005697097249101845,0.006416957125707331
2022-04-22,-0.004512877190396105,-0.0015413415545569718,0.0007602867113496387,0.002546935222682422,0.00379102390516014,0.0046299301156251926,0.005178749446688594,0.005734575680556336,0.006380728136215557,0.007034657142432665,0.00845939676777668,0.00735993521047444,0.007731163056705904,0.007310842935913853,0.00795608755158429
2022-04-25,-0.003608773266306655,-0.00022214539425075664,0.0023497330545350047,0.004302027418136561,0.005609071043420743,0.006419545269102643,0.006894465960205607,0.007369472718494347,0.007943245718936825,0.008540277269432935,0.009819891795414955,0.008530302219304658,0.008891184866354263,0.008213641389762787,0.008944808337495492
2022-04-26,-0.003476222508568535,-0.00031869609318282304,0.0020504847330103004,0.0037810609647172997,0.004883042098455457,0.0055127503379745445,0.005824942851807206,0.006164034600949407,0.006623764356221537,0.007150023329426809,0.008365798318100507,0.006805909849965678,0.007042199758685504,0.006269233785443528,0.006883760567109556
2022-04-27,-0.0019629878428205844,0.001781849615740812,0.004510294850848431,0.006461298761260266,0.007661346671125569,0.008281379809038682,0.008531116748405652,0.008774993302431307,0.00912046284157912,0.00951360026671938,0.010348016238695417,0.009064634229608508,0.009145828912853614,0.008365831060516924,0.009046792659792552
2022-04-28,-0.001354922055456172,0.003046942520227724,0.0061405417874014065,0.008263595010241945,0.009487840674882292,0.010020199171701155,0.010130443612267965,0.010213097083602374,0.010384767190085482,0.010633907864439554,0.01107602394651963,0.010144152851337414,0.010026692308179326,0.009264771319493199,0.009925961869095534
2022-04-29,-0.005410636154170698,-0.0023265234177198765,-2.742308758577061e-05,0.001635328013064507,0.0026913716686069638,0.003307824841245123,0.0036329615148957307,0.00397181759759057,0.004382021990673664,0.004813349139007145,0.005717423104487142,0.004797237803670516,0.004941460500714684,0.0044040965279037924,0.005083935727425679
2022-05-02,-0.003870765761247179,-0.0003638785495588396,0.0021162850701962055,0.0038229484980519986,0.004850197150562388,0.005366156571873199,0.0055503120257442825,0.005699867338328694,0.005883952686898112,0.006089296064892437,0.006413289070618798,0.006456643930632858,0.0066238911089540695,0.006248905987468523,0.006811894964962176
2022-05-03,-0.0032246790515832536,0.0002123000640912292,0.0025975182395765305,0.004236136459754864,0.005191761714386986,0.005641128876529563,0.005757384562877445,0.005843141181014094,0.005990081916998955,0.0061758059040081395,0.006451383888885328,0.006714881875429142,0.006869187596122749,0.006593606285111919,0.007119638840787673
2022-05-04,-0.004510139758972664,-0.0008283663872877493,0.001780067202373628,0.0036067719645196516,0.0047274578101285,0.005332155109048871,0.005609346419900317,0.005834414998531784,0.006079372649955184,0.00629237957673296,0.00655492699844277,0.0069650356635569555,0.007142785490107149,0.006921933097231538,0.007428318723902209
2022-05-05,-0.005167235966303536,-0.0015691982285140852,0.0009727914440786738,0.0027109745464379996,0.003771881584539995,0.004345892406289014,0.004637553670423925,0.0048788371723837,0.005129307898468854,0.0053196462190885615,0.0055607956073497255,0.005980421301390136,0.006278321928619406,0.005982942115040895,0.006563135201979964
2022-05-06,-0.004542339356036186,-0.0008488599375357838,0.001741599768335894,0.003454391536990815,0.004558446902390513,0.005096028630945062,0.005331130171524668,0.005530437324783607,0.005762088309194076,0.005967298442117313,0.0062331945652553174,0.00655151231876043,0.006869016560363864,0.006525916565332443,0.007114895172520512
2022-05-09,-0.004408611022915992,-0.0007172940029229104,0.0018470609088377665,0.0036026010794950863,0.004740099745444303,0.005332671729399981,0.00561864185482605,0.0058695088812754015,0.006146406802550634,0.006394704258439645,0.00677329670954567,0.006983348466633798,0.007304638715705281,0.006967617665830527,0.0074733997911765855
2022-05-10,-0.002136296155298651,0.001977523969549315,0.004780877037109644,0.006660617688355875,0.007852942637186434,0.008445201278857475,0.008717667710662071,0.008956574033014794,0.009232903725481842,0.009495799148525462,0.009914673988523734,0.01011581491658044,0.01041460983334528,0.010112288841811886,0.01058461845891202
2022-05-11,-0.0036972415155322466,0.0001241083140914724,0.002747627622506928,0.004521102245685856,0.005667878817669289,0.0062828095643304455,0.006624740170135407,0.006930364442170354,0.007255726741911886,0.007518417075139028,0.00791836623997271,0.008354233620914166,0.008845463960435413,0.008589350268252732,0.009066794981576027
2022-05-12,-0.0022461852200829336,0.0017606658719863263,0.004410467829733748,0.006141302167239055,0.007208840874764241,0.007712905311735108,0.007929819937087796,0.008117443165466053,0.008340662254372133,0.008547336804513049,0.008844481678536475,0.009413867170371638,0.009859257963532478,0.009721297450072164,0.010147660408100322
2022-05-13,-0.0033775875964292424,0.0004021290554721969,0.0031016076598256153,0.0050386576708040315,0.006401614642504841,0.007227743343738962,0.007766757077838756,0.008258176256116717,0.008760165728428776,0.009182295330831727,0.009944093625530318,0.010406081574821669,0.01105949946463989,0.01090372794610545,0.011151499230801104
2022-05-16,-0.0017077565701942206,0.0017866759674758231,0.0042539009237429985,0.006047331557122155,0.007254726109655059,0.007976805085627363,0.008409834209658865,0.008839120664385223,0.0093439626843553,0.009860575800399701,0.010994927233968077,0.010661382406083969,0.01124476824145738,0.010894724488573839,0.011175366144492653
2022-05-17,-0.0013541606156089276,0.0023145882764108944,0.004885182853494683,0.006735955612126513,0.007959662174845498,0.008665684765000275,0.009067805874683746,0.009458309497360304,0.009921344416975472,0.010396131936144727,0.011411655457564784,0.011166760656182214,0.011710923839163775,0.01134678159417338,0.01161681243052434
2022-05-18,-0.0021855613413962124,0.0016457433371090857,0.004415669955797604,0.006463513828182953,0.00787538953946492,0.008770242499302562,0.009376376192179885,0.009951805982018402,0.010567926241121444,0.011103642666976677,0.01225558185297053,0.011856167629824818,0.012303409221663054,0.011957540173816136,0.012562876522155791
2022-05-19,-0.0022088543433562754,0.0012479275891779773,0.0036663358590266096,0.005391848187383593,0.0065476372296349354,0.007245386553665898,0.007675480825072245,0.008109725055621339,0.008616127210610326,0.009117520498489348,0.01026133288788629,0.009755140489824987,0.010177525537783316,0.00982153050597886,0.010334673445403692
2022-05-20,0.0008364352246673502,0.004680734985855796,0.007237833606604848,0.00899911029726191,0.010121819114817616,0.010734421538402011,0.011037018796908724,0.011353798146502952,0.011781467774448237,0.012282821140043466,0.013435242103404901,0.012756174392390138,0.01310969919595726,0.012700524760898517,0.013255239921761515
2022-05-23,0.0008989556261319359,0.00471238716807793,0.007154131514993208,0.008772891410157739,0.00975767074447122,0.010273445450609195,0.010506142457159608,0.010770544542026507,0.011147852577946836,0.011621234950396615,0.01270897627837738,0.012082235413227185,0.01233869066840872,0.011930482280200777,0.012503033189082203
2022-05-24,-0.0012846925788741017,0.001989602043530843,0.0041266910514962405,0.005565121853870513,0.006515284182677994,0.007116122231375833,0.007524409315678875,0.007956195059026366,0.008450621517671859,0.008972142058456109,0.010154055320783369,0.009942085837665445,0.010437494036928414,0.010269473843043053,0.010881126245542553
2022-05-25,-0.00041986472046827135,0.002701024541059912,0.004759975327221175,0.006171606247843263,0.007120352452961259,0.007737506110902676,0.008160262719960043,0.008627292956520852,0.0091790092792621,0.009781641400247313,0.01119131131124594,0.010696195515906734,0.011099553837315732,0.01096166200507407,0.01152230600170093
2022-05-26,-0.0003723339110086564,0.002496760917793758,0.004399616714951851,0.005728593592721863,0.006660674784252297,0.007323605478170355,0.007825152892733285,0.008369395277050771,0.00898568921468291,0.00964369938367677,0.011158524605072245,0.010864070086020043,0.011443884988610703,0.011251894850035233,0.01181655417635968
2022-05-27,0.001688055965974397,0.004760810804245509,0.006820538567013867,0.008301203222664222,0.009339234377742485,0.010068905061095075,0.010592852087852881,0.011168192663011892,0.0118469180264672,0.01259174720404167,0.014348593246642827,0.013502910880792644,0.014081949360018407,0.013694775754403754,0.014244619203278233
2022-05-30,0.0032593966714737,0.006693315969832452,0.008883788153777654,0.010336934607378754,0.01125541419981674,0.01180933478459061,0.012143031959888322,0.012535741733271741,0.013042142900135887,0.013669099343813787,0.015122626996613467,0.014356043087574594,0.014761356553029846,0.014272326241849237,0.014854187905994354
2022-05-31,0.0003534397500140269,0.0034456587069197544,0.005514717915936007,0.006980754447905981,0.008007513564523994,0.00876411322561619,0.009367306912033392,0.009995191835286044,0.01067393806210337,0.011333474447335843,0.012793890232164673,0.013205900589548444,0.013206095423709655,0.01301321869777032,0.013542468911142847
2022-06-01,0.0008002881271833869,0.004228757249836948,0.00646152480420004,0.007980778583974316,0.008974813239565081,0.00961587501035758,0.010049915902066673,0.010507399015544226,0.011026982179139892,0.011572548668863227,0.012755763731664291,0.013054434080688185,0.01279894103015505,0.012538905568764377,0.013104390165623375
2022-06-02,0.0002713568429510221,0.0036138168491118335,0.0057478186423893275,0.007184179342606116,0.00812525285863365,0.008744702442398718,0.009154319962877421,0.009574583247879118,0.010041715133235492,0.010519935478384616,0.011576255639206,0.0121130440866283,0.011712055986954916,0.011368344076511338,0.011896027525730064
2022-06-03,0.0008244491373279408,0.004030821480107654,0.006128996072478375,0.0075737909357814475,0.008554174970729633,0.009229843564166635,0.009704797539850598,0.0101933888291535,0.010739655290996155,0.011294222146746703,0.012524626616695601,0.012991852739818382,0.012996219896462885,0.012476158912604118,0.013582144022714297
2022-06-06,0.0015164220906903154,0.005033198428302668,0.007497949086056124,0.009251338891342453,0.01043992694710396,0.01118469729251716,0.011668516589963884,0.01217091211394173,0.012737913007582043,0.013290149910888983,0.014472689657555615,0.014683902725873204,0.014499630097372346,0.01400048530722046,0.014708748445990483
2022-06-07,-0.001436548676014075,0.002020273704856153,0.004513173141175124,0.006346780863251727,0.007693821363575867,0.008681416354504468,0.009458393069102471,0.010193184551385138,0.010895669980905107,0.01145425443141302,0.01259766610977156,0.013610266564268624,0.01350989872049539,0.013298899872042073,0.01394430165418172
2022-06-08,-0.0016174079318669317,0.001298265956187968,0.0033577924786501465,0.00484040802501632,0.005919524849659785,0.006697082945973348,0.007287414275677579,0.007865935515301627,0.008453312065704207,0.008947614386246031,0.010018701094174602,0.01086223048815707,0.010826155349617207,0.010574206607081391,0.011130527352111095
2022-06-09,6.276536652820644e-05,0.0032308064944478855,0.005481880907658268,0.007118571281482659,0.008286477727222191,0.00909443169672184,0.009682752345278968,0.010257815464101021,0.0108568310034401,0.011365163885958098,0.012452081440348027,0.013240431380347797,0.013201939152680706,0.012841164796020642,0.01352666363927638
2022-06-10,-0.0009325058461687395,0.001229184770891415,0.002863630044472536,0.004122095684791776,0.005112295349951379,0.005906132850283731,0.00653561891119882,0.007162271695000761,0.007807562712475335,0.00838365792527633,0.00965570844068898,0.010518073005454546,0.010725965360829908,0.01055714297483784,0.011116969501111748
2022-06-13,0.0004735727297948678,0.0031194877161211947,0.005061942070389562,0.006501250317361616,0.0075647225253156385,0.008341411454811157,0.00891345160941931,0.009468576686942001,0.010041856893004497,0.01054873057172294,0.011631657818519029,0.012467773811849285,0.012589595921662276,0.012376529537877061,0.01279999910228462
2022-06-14,0.00032443209398226277,0.0028556080218173473,0.004656567190587182,0.006034518076753405,0.007057004371753666,0.007842498710249616,0.008406163642318647,0.008968277701010764,0.0095712419346157,0.010144711479345002,0.011412248018138433,0.01198138868831648,0.012008374291793925,0.011631595617151293,0.012156853620362671
2022-06-15,0.002078762452779665,0.0050447513659330435,0.007086430220545889,0.008571029555219033,0.009594458153940597,0.010322496709907859,0.0108190532213701,0.011323245900537914,0.011884698727363687,0.012409525338490136,0.013590082901578987,0.013830272218241287,0.013610935337608881,0.01312045107903406,0.01370127697869493
2022-06-16,0.0014856253653275418,0.0042394276496002066,0.00603256444684901,0.007263083930399649,0.00807866183846216,0.008631805370668062,0.00897278168013393,0.009331869257512027,0.00975139491334919,0.010177668908299946,0.011162542437012738,0.011663955954534379,0.011405381280768208,0.010850464418238379,0.011366248111424605
2022-06-17,0.0018575011671008064,0.004428274815454225,0.006152853770681191,0.007377144869143808,0.008206364411537513,0.008798399021850542,0.009200821123601825,0.009628247855860812,0.01012366066881566,0.010651664060545225,0.01183507232388643,0.012439073820248621,0.01237055759265814,0.011954859794948152,0.012352076774080008
2022-06-20,0.0006886693419810818,0.0032114351223369647,0.0049593317031051964,0.006247490318098581,0.007172636421801218,0.007897512311425119,0.008463844654075145,0.009051757254139908,0.009676529734723185,0.010273514648779519,0.01156664500058161,0.01240521495668802,0.012537074356953183,0.012245952540657978,0.012786799569431328
2022-06-21,0.0020736871960906657,0.004887481353641981,0.0067955493574527485,0.008156729033573356,0.009074354532147702,0.009732236124914796,0.010197262074149213,0.010690198708079197,0.01124628853582865,0.011834109922900037,0.013102119437689137,0.013887381613893619,0.014019789511206478,0.013624310178216366,0.014032105133437073
2022-06-22,0.0022159238234040193,0.005096151702448027,0.007013053715990735,0.008350075190467437,0.009222530656884852,0.009821733724160083,0.010229797591839299,0.010675652430660326,0.01119754579289817,0.011770319811614905,0.01300105003062932,0.013874871330820278,0.014088753038978184,0.013685512646355692,0.014196682724251624
2022-06-23,0.0014967426109682254,0.004215876339502748,0.006100609348629549,0.00746444093628617,0.008401825339962213,0.009085742247729695,0.009603976053851755,0.010146595285514924,0.010743248323663208,0.011346982634568934,0.012631775644013596,0.013705649579573894,0.014128793050105984,0.013810711537244728,0.014327890798850386
2022-06-24,0.0011926220307283534,0.004061942068107279,0.006103019594704717,0.0076144079249581215,0.008675383717123482,0.009451598420645801,0.010043498544623159,0.010633743113384225,0.011257971132580067,0.011862344560878658,0.013078452606214631,0.014634919912281615,0.015249365459907514,0.015008270725879713,0.015633188604748487
2022-06-27,0.0011015292674099789,0.0035825210013039573,0.005263287100793182,0.0064657077374337445,0.007280972352874828,0.007887816663906559,0.008341716085422233,0.008852661777096524,0.009446972746273277,0.010085642593774204,0.01146869324831916,0.012495788730863636,0.013168509947274032,0.01284444418635746,0.01341671355519994
2022-06-28,0.002553005430057662,0.005705995106582493,0.007799926032464639,0.009283970789948432,0.010278739806489655,0.010995020355925911,0.011535206899889721,0.012084639572147131,0.012682910753686895,0.013280190926204482,0.014500860396615349,0.015999794609522104,0.016655684279089335,0.01641305319454483,0.01730528285950137
2022-06-29,0.003931322378927433,0.0071262510508520865,0.009211288922206625,0.010644858577488876,0.011560776907168389,0.01217557273046142,0.012598843989015774,0.013057843801265444,0.013596878504944988,0.014176226247362879,0.015405399737748711,0.01663191948489493,0.017172358772526385,0.01682499079202956,0.017751970999067303
2022-06-30,0.003957773985292264,0.00706630038672555,0.009076793065270239,0.010478012479896933,0.01144493783106996,0.012151839227560435,0.012691771054644014,0.013275108266736611,0.013929691429477508,0.014614300485555166,0.016053646744395505,0.017520430698607044,0.018496173792082835,0.018340262573416276,0.019066180266193087
2022-07-01,0.004863450066395152,0.008145656248339229,0.01020089623648239,0.011587986688186933,0.012515069210145432,0.013153293673047428,0.013595543179790415,0.01407541105982963,0.014640160828659269,0.015257739047008365,0.01656162869251547,0.01805510388544494,0.018968665043887042,0.018753064071235264,0.01948864597822971
2022-07-04,0.0050089195986058165,0.008414662391222372,0.010587059034723754,0.012072187349292168,0.013049980994872888,0.013684854317897592,0.014084905011962866,0.014525525512091606,0.015063422505892501,0.01565492641871534,0.016894863570482643,0.018194243241839835,0.019011829748714345,0.01872213049197487,0.019494911789686386
2022-07-05,0.004875622175842582,0.008141714101237358,0.01018072792612652,0.0115739902203675,0.01251820988558405,0.01318391304955347,0.013652092435135314,0.0141493926418563,0.014712636872021735,0.015287061606686763,0.016458461748298084,0.01833164375055718,0.019376964781706748,0.019274669481419093,0.020025886916476762
2022-07-06,0.005524222505761274,0.009007626073068608,0.011095315462115294,0.012464607338789197,0.013339794061943033,0.013911081883412611,0.014257443608976423,0.014641320717711329,0.01511535177322948,0.015643304563335302,0.0167640467412918,0.01818539611341689,0.019058809662393265,0.018813331175410265,0.01956326297520502
2022-07-07,0.00541537701264776,0.009142061026152915,0.01154819302747388,0.013192968069612602,0.01429399388699965,0.015038020687670288,0.015565049345835889,0.016115081893861523,0.016722285448220037,0.017325473071191106,0.018557960471439386,0.019852555759823295,0.02070846168269835,0.020396958624882007,0.021040475974688864
2022-07-08,0.006501539672587981,0.010364390359547612,0.012725752435454847,0.014254227122579894,0.01518321543582582,0.015728451476953054,0.016022709606794736,0.01632447781830312,0.016700729688447272,0.017119604554695647,0.01796005961326885,0.019249910656438347,0.01983656372447158,0.019444963658319894,0.02000286745943773
2022-07-11,0.00815167829721477,0.012426049327908934,0.015005314959189234,0.01660871692455791,0.01751949616774362,0.017971257280115602,0.018133713743168692,0.018300442471783435,0.01854265919299235,0.018870756963680596,0.019476210655122787,0.02062608371712787,0.021010938042475502,0.020503053311415536,0.020951139133022108
2022-07-12,0.008747203396886071,0.01300903019555994,0.015455877729813064,0.016886383823515316,0.017621650004957093,0.017915020966827677,0.017944753902633972,0.01796744570343698,0.01805992658899206,0.018200503648681463,0.01848718822186939,0.019448973565109384,0.019680061631705423,0.018918153982215746,0.01954261321188623
2022-07-13,0.009959980818463754,0.013825753308064657,0.01611249266551721,0.017476374564715357,0.018219132037316232,0.018596806862239697,0.018755782033159814,0.018945554389860876,0.01922424698281999,0.019614807332315593,0.020516638790975743,0.021030148882074908,0.021541774069011872,0.02066152456871183,0.021143007229191366
2022-07-14,0.006742183737896585,0.009443024353954343,0.011131796057501565,0.012277562607233722,0.01305286320609493,0.013647939856423145,0.014123106788143144,0.014690842111115598,0.015378867572827318,0.016116155537567088,0.01783794559589129,0.01814494815020204,0.01883953730541,0.018167861570107358,0.018600838473412318
2022-07-15,0.010185005877127064,0.013775822935837678,0.015945421605622602,0.0172895422231977,0.01806154807577687,0.018477051743033136,0.018685759941589865,0.018932005060424223,0.01928486330135294,0.01975676020034082,0.020810862137107002,0.021814695839489227,0.022260849335587283,0.021267704919676333,0.022101956370459797
2022-07-18,0.00904104118640527,0.012498341219364146,0.014690934402272484,0.016125329304786273,0.01700647169003789,0.017527005749860047,0.017854407671535365,0.018235179408361925,0.018718271685887893,0.019324080520164967,0.02065366128407215,0.021492196633682483,0.022070876447144512,0.021073946060097198,0.021642062142578616
2022-07-19,0.00943967134751959,0.012953453752664367,0.015171575551685338,0.016638919734157223,0.0175612619852845,0.018087939770662566,0.018362291989652453,0.0187010535985127,0.019162481469691753,0.01981481538048213,0.021234312226791837,0.02180114249153491,0.02240537198750623,0.021357873844802117,0.02154481743002393
2022-07-20,0.008541758354109957,0.01209341922266129,0.014354027006510945,0.01587547388251426,0.01684586276208387,0.01744658143211168,0.017809621300338606,0.018242015762314316,0.01879770013649677,0.01950356503463846,0.02104321184989952,0.021792054378109427,0.022346416521854845,0.021412088022144983,0.021681032468970674
2022-07-21,0.008977730148082303,0.011644892246510186,0.01334798121332036,0.014456789744365497,0.015138844422987359,0.01553418493141358,0.0157630054132752,0.0161211871795768,0.01664547486411509,0.017350641446736474,0.018991371709527995,0.01927223341954558,0.01988758115496177,0.018993522544410554,0.018962750266441626
2022-07-22,0.00603433954666097,0.00778546767437832,0.009083151184928936,0.010100190168210524,0.010890303781703067,0.011557005501798397,0.012126525892774475,0.012791298130430558,0.013557953751395109,0.01441904397090455,0.016353430127777804,0.01710197150479139,0.018091388445422116,0.017397221702555733,0.017089919464576196
2022-07-25,0.007215482976679723,0.009303007903489802,0.010812471449322417,0.011911284271598249,0.012701189245357306,0.01327774800608341,0.013748515958809413,0.014306874239442161,0.014978284186614056,0.015734643691808214,0.017417960939917074,0.018337457363916336,0.019240700536611144,0.018424990400355067,0.018482113885990203
2022-07-26,0.007841393749637757,0.010895368020799228,0.013040881573848875,0.014586453660573397,0.015636989004343335,0.016318318313577232,0.01677680946404457,0.017286023887659086,0.01790169286300762,0.018596237883784734,0.020097867988507826,0.020688831415844926,0.02132699902504748,0.02035203833548021,0.020196710158431552
2022-07-27,0.007469301618655864,0.010598797387127002,0.012819334892742397,0.014455584913100911,0.015603778104751713,0.016394886931921444,0.016945134518419017,0.01754870774237919,0.018256405995562067,0.019043416569566644,0.020786823020198318,0.021092780472402903,0.021718536775902283,0.02063705393681342,0.020282753267865456
2022-07-28,0.006033550956336639,0.008330647860407794,0.009987071108396766,0.011233998297053514,0.012185024917435821,0.012946111448914152,0.01357951246781864,0.014316448704357693,0.015161717476507287,0.01605586070476744,0.01807046777431927,0.018464942393119084,0.019516841487341622,0.018676637947525186,0.018488087988256137
2022-07-29,0.004668696890748496,0.006977411845828253,0.008656736032332295,0.009939112779451774,0.010948935965424901,0.011781530799045606,0.012494095399322676,0.013273574146193425,0.014131132518220815,0.015015558305717814,0.01694365036004809,0.017749569572187852,0.01881484777556678,0.01821361518251256,0.017981945203779385
2022-08-01,0.0022011672031776023,0.004123988679907843,0.005639045944709804,0.006936107737025121,0.008038715784701752,0.009023288127922763,0.009931081190356334,0.010925719637849184,0.01200345356479248,0.013024192081503145,0.014290827013434556,0.016128368896162242,0.016901244420278877,0.017350915497518667,0.017161354217905628
2022-08-02,0.0065823233266363345,0.009415902785876546,0.011362808797990804,0.012790752746528416,0.013827895629990835,0.014580867564594433,0.015167072084455686,0.015779437981260924,0.01647882930317703,0.01721326424386054,0.018332713425068835,0.01997161462606256,0.020556914182713874,0.020634652808991225,0.020342484429309093
2022-08-03,0.002076754934332557,0.004276860906381317,0.005999933844830954,0.0073979181434881795,0.00855415579016606,0.009543502957326554,0.01044888884121638,0.011362008276370893,0.012302160738729643,0.013148184103075717,0.014411143269668787,0.016195818434925895,0.016788451050563494,0.01712810254741899,0.017270979718853097
2022-08-04,0.0038962227952288467,0.005816702356636385,0.0073619390325738885,0.008665729767156155,0.009764199139841575,0.010708191450473421,0.011562361225472176,0.012467511818218126,0.013459735579821663,0.014435964586494456,0.01592569727021846,0.0177337623654561,0.018633139102790217,0.019011606343899812,0.018858542695100865
2022-08-05,0.00598157983870571,0.008525553122447998,0.010251708749608615,0.011538310706201945,0.012485769806144787,0.0131879291126996,0.013719517345464814,0.014258538666404395,0.014878705597674074,0.015526638658099955,0.016441563027768592,0.01845278736599127,0.019052273254099923,0.01934758844785399,0.019627741481310863
2022-08-08,0.004110702818935007,0.006379334696381673,0.008105450489294435,0.009534562926330745,0.010718603749545782,0.01171984569541692,0.012589102569967456,0.013466104026254578,0.01440127973729514,0.015304473856627466,0.016701401186907695,0.018618477726306898,0.0192553606100541,0.019602702375965942,0.019343204523985556
2022-08-09,0.0032630790085751947,0.004964642140796195,0.006370749388635503,0.007639575370501977,0.008771662487689538,0.009778714342871288,0.010675849044621502,0.011591614598470378,0.01255767272192873,0.013463421557195696,0.014872097214596754,0.017180107026147657,0.017923929925239536,0.0183990421273516,0.018316607189321814
2022-08-10,0.0020978800033365852,0.0038364642119968987,0.005245285741733099,0.0064729611083767236,0.007541321792555721,0.008456719846393072,0.009252898819260582,0.010083504340860045,0.010980807619817148,0.011839955014704756,0.013063188198401902,0.01512745152032757,0.01575174255789201,0.016137099861781475,0.016146004845436126
2022-08-11,0.006366788827741505,0.008517381211656481,0.00996964639529802,0.011064622530250635,0.011841652380510522,0.012349583842713922,0.012627166280451557,0.012928792528457324,0.013343421477547884,0.013876900487762668,0.014829152289775663,0.01631993682020028,0.016469814308835786,0.016298704347653768,0.01594375258368222
2022-08-12,0.008483719514366383,0.011026922102326035,0.012644047061517297,0.013762602379378647,0.014493052436872924,0.01490539979114764,0.015080677057448538,0.01525128768998695,0.015515658251507813,0.015910951791279222,0.016670559284367385,0.018085175820356715,0.01805984774194937,0.017700727654638322,0.017549282440538706
2022-08-15,0.004044624598678951,0.005822658165717199,0.007129811145082208,0.008227818008184808,0.009115119289232046,0.009815384483986474,0.010349624042823424,0.010913407777523396,0.01157502760957316,0.012290292424351191,0.013557473364150491,0.015037086821594856,0.015307488218393499,0.015339234751563666,0.015168339178912086
2022-08-16,0.007207088023064252,0.009599302777591651,0.01123768831568466,0.012456170932825847,0.013334373097202465,0.013905176388348931,0.014253308717794705,0.014603932516642559,0.01504816703570365,0.015589358620326874,0.016594576956334105,0.018078312416215634,0.01815531731183636,0.01806822308950791,0.017824586463024733
2022-08-17,0.0075712617645089676,0.009788181423550032,0.01120885441783354,0.012212466677019012,0.012900416289920702,0.013306371213498133,0.013494984582780211,0.013693459339072872,0.013997630716160402,0.014453742325718605,0.015336731085428365,0.016840659012711173,0.01692407497850093,0.01680352583253901,0.016546790467099327
2022-08-18,0.006733098784736952,0.008750340857831534,0.010097564251219968,0.011100089288263087,0.011815137509833772,0.012254993055283835,0.012467466521751963,0.012691103165524404,0.013019451927590029,0.013504317942423436,0.014462204544931606,0.015970526699879868,0.016057771244847398,0.015965259379247122,0.015753233299110513
2022-08-19,0.007676405960938618,0.009918279888665858,0.011399828057979346,0.012491519701239686,0.013233372150943046,0.013623643371791252,0.0137429930238738,0.013813471373961567,0.01396378530834461,0.014270438290488187,0.015159563917620349,0.01678479568643164,0.01655817955293406,0.01626456185462699,0.01608815516233815
2022-08-22,0.0051787567190003875,0.0065408820159246995,0.007601916229794638,0.008506999087778614,0.009253582724504581,0.009789358540548677,0.010133337673731759,0.010449545448703277,0.010829151627710504,0.011333101499350956,0.012454195422241176,0.014139374693694536,0.014277933568641588,0.0143091957104019,0.01403635663386497
2022-08-23,0.0035857157897090006,0.005047177683373263,0.006201637781190924,0.007167399860673168,0.007951533847452584,0.008524999941583306,0.008940610402328266,0.009313197425306077,0.009727563232893852,0.010185834181092823,0.011239179110446203,0.012962207415585373,0.013072560025454167,0.013181764498476047,0.013235956961416773
2022-08-24,0.002658176998195023,0.003167307441349935,0.0036880170903257955,0.004249594640333816,0.004834063186558941,0.005369490753772555,0.0058281301486052565,0.006295128042690024,0.006839319793181591,0.007478554877093177,0.00884786274316145,0.010741721702833244,0.011255199856935405,0.011584142789432528,0.01125145272703238
2022-08-25,0.004598609164376035,0.004954853711243263,0.005249920980813408,0.005583468662014954,0.005974461281572484,0.006340137489912162,0.006639007644091704,0.006959648607584626,0.0073758214777698925,0.007933144549030054,0.009324699349636017,0.01111781867853831,0.011614205935862657,0.01190450900378625,0.01154636413121947
2022-08-26,0.0031377532599020787,0.0037515490777901587,0.004337238678646866,0.004946100657016566,0.005562034679046836,0.006122283974450781,0.0066182746345631776,0.007100204988867983,0.007633002352004179,0.00820947271484021,0.009473797908127846,0.011454322939970315,0.011878712629078456,0.0121556415832199,0.012051574607017043
2022-08-29,0.004537713556783872,0.005455697826262856,0.006165164723154412,0.006820409218895278,0.007402954298274246,0.007858955764181524,0.008175295928516287,0.008490413876583884,0.008889620058441532,0.009385426013500422,0.010447189957395646,0.01189163863962054,0.011941009235973224,0.011888358706795644,0.011751620241900757
2022-08-30,0.004927691878250609,0.004938638485022464,0.005092119689858883,0.005458477966508194,0.005884135891960092,0.006287061130914919,0.006575382514037157,0.006906778426054635,0.007414443435434085,0.008116637325519895,0.00958098008351927,0.010667249051764563,0.010922579559901571,0.010887260718658996,0.010751700602871166
2022-08-31,0.0018853159156624838,0.0015766211943602768,0.0015874027556900005,0.0019239303043094872,0.0023982050430370844,0.002911133036843602,0.003337215604550461,0.0037867600414003715,0.00441091257250756,0.005168510192370147,0.006356418778616757,0.0076295141704236175,0.007838742238668208,0.00802451198223766,0.007887636973112878
2022-09-01,0.006395703760029644,0.006846648703525289,0.007189117005869857,0.007619423421495808,0.008028455859133093,0.008356760711863693,0.008538195767701352,0.008752897402341725,0.009175494406894106,0.009804334785179338,0.010838087555509255,0.011876133252777858,0.011999844003425911,0.011930322686199596,0.01186977289609406
2022-09-02,0.0030639745417805077,0.0031948935948205677,0.0033422784413334895,0.0036396831695005485,0.0040011533164826165,0.004364375502680811,0.004654757123938546,0.004978158709188923,0.005476230933792082,0.006117412013467337,0.007013861603622544,0.008512803702698211,0.008768289556181552,0.009021922137653767,0.009012171858729353
2022-09-05,0.0037769586864498704,0.003819659474288439,0.004088854932903026,0.0046322143964670414,0.005241416548565596,0.00581416165173502,0.006273052901244865,0.0067657574127770286,0.00746367484157304,0.008302906015224702,0.009611294044103262,0.010755078395241561,0.0110026685151585,0.011197675278768244,0.01106400562398657
2022-09-06,0.004593679940563464,0.004405111835840141,0.004387508254964354,0.004651317804112652,0.005001877990531341,0.005341178182547394,0.005576019464536091,0.005872449266952582,0.006382237078694543,0.007063031003668112,0.008068818867962659,0.009530326078256565,0.009844660712510164,0.010094513341451521,0.010074009211388643
2022-09-07,0.005507751673860207,0.0058114672772726465,0.006126085525711176,0.006606165080956714,0.007090594746362325,0.007494444910882239,0.007772001965566217,0.008109962125854159,0.008660072790660016,0.009373657265291083,0.010403957444511891,0.011639744868016014,0.0118427886851478,0.011954155307772399,0.011996223259771482
2022-09-08,0.004085985683693127,0.0040224808784526615,0.0041053083745392445,0.004473460936897186,0.004945838290429281,0.005413770387238088,0.005790964551884253,0.0062415019131317456,0.0069053122889585605,0.007717121718780683,0.008847379776727985,0.010393906994040988,0.0108304507965449,0.011170144293819507,0.011274899508036547
2022-09-09,0.003074262253815968,0.0035394903189813675,0.00404653679238969,0.0047267011221230094,0.005423945571691758,0.006076583037304894,0.006632991710684114,0.00721832520891273,0.007982022598937275,0.008830874215902326,0.009964776359157277,0.011491067553159054,0.011765097691086123,0.012104253606371816,0.012036535604233135
2022-09-12,0.0037326176904534797,0.004254396035985868,0.00469593265004027,0.005231917740397808,0.005770431238403092,0.0062928124570897186,0.006749747956523605,0.007230814131299125,0.007880380841170343,0.00843991370857818,0.009628178180991992,0.011237734444628271,0.011541161212462452,0.011807648458780783,0.012034881516942122
2022-09-13,0.00436830200682474,0.004751309314008618,0.005035178001376979,0.005380870109334879,0.0057012125155908415,0.00598457777732508,0.006200009298907687,0.006463141461353047,0.006934290484460727,0.007416536761466181,0.008584079594644788,0.010004562090117861,0.010218191081875529,0.010359044930945327,0.01045200555686317
2022-09-14,0.003223754985095341,0.004064728068299241,0.00465924984762269,0.005233824888675016,0.005704081066051229,0.006125496175464323,0.006490876590082425,0.006904087014728552,0.007501738772013319,0.008011294391670018,0.009118228369953265,0.010538277584493065,0.01071187747867557,0.010947048541299069,0.01116116067613173
2022-09-15,0.005566537041198873,0.0063932109336746765,0.0069548166622019365,0.007493164629176303,0.007910527639974563,0.008240198194351516,0.008472794199952593,0.008765115145139533,0.009290300191405573,0.009812514917732537,0.01097568957015292,0.01207084445546773,0.01212907565029275,0.012224291661878266,0.01239215235962262
2022-09-16,0.0062510124447158946,0.007134323311432898,0.007704193465751271,0.008223926292949534,0.008571821325715408,0.008819125482563807,0.00899274849731897,0.009226840741923889,0.009699406832855416,0.01016971578060743,0.011298469993172418,0.012352231319266301,0.012392191485174139,0.012393831273377757,0.012542420772736217
2022-09-19,0.007347219407045156,0.008697623541886605,0.009694765378345953,0.01057539190111285,0.01120347091456728,0.011627614494625736,0.011931111298414922,0.012278361136618742,0.012847696245714874,0.01335767553498894,0.014494880549142922,0.015725486460174305,0.015762444951223187,0.015805336757136426,0.01598061408530435
2022-09-20,0.009177505323269901,0.010986143427084009,0.012172969005953401,0.013094986263854443,0.013633599118083253,0.013876046066724983,0.013929666739680574,0.014029837711555209,0.014386422524893463,0.014749335862978186,0.015630548544832795,0.016396927479024583,0.016061597138930822,0.015761730126807937,0.015883939943284617
2022-09-21,0.006725914286506214,0.008001285967674993,0.00901533391348638,0.009940656120093028,0.010625760728627946,0.011095389595079627,0.011452461042672831,0.011864088957044676,0.012488165499966992,0.013009824420017288,0.014165962448310431,0.015108933050228401,0.014919918973561565,0.014895127001886036,0.014985486378425159
2022-09-22,0.008273880659942157,0.009945590208467895,0.01114268990653403,0.01212990246282944,0.01279515398512748,0.01318759751061117,0.013418641992554367,0.013688826699384033,0.01418272615831307,0.014621397279067116,0.01561797222882538,0.016361738414009005,0.015938488883607774,0.015682325306101738,0.01581892184370354
2022-09-23,0.0053122115256801685,0.00703570653722626,0.008324613429397018,0.009412755453224625,0.010191868075184712,0.010719547216872141,0.01113115159239825,0.011560913026780233,0.012169114231460634,0.012602648399252871,0.013460229189175848,0.014829200182467084,0.014624990335530445,0.014626858243362875,0.014886213737051603
2022-09-26,0.009825644672709235,0.011899606886558837,0.013204762987152055,0.01413619504790387,0.014660874759090295,0.01487322417401888,0.014921877807933005,0.014996652009023042,0.015282709951718165,0.015575535711016093,0.01633266790196155,0.017292369451740848,0.016805606666872225,0.016432006294386882,0.016587270161768
2022-09-27,0.00906451565245159,0.0109900561273349,0.01220751929598251,0.013117246004365356,0.013685492008304769,0.01398825643901197,0.014166101498696012,0.014376287315495392,0.014796512963460604,0.015118532105449493,0.01582759423678157,0.01684129642891592,0.016311034558205983,0.015968507559179647,0.016136103516521717
2022-09-28,0.007910624274416692,0.010486696837379728,0.012083416155005154,0.013225860715152828,0.013892276368147395,0.014209881118369941,0.014347142835855925,0.014489317885322811,0.014826448673420006,0.015054269270826388,0.015443551266005457,0.016622913465174,0.015922591365270237,0.015600743316472022,0.015912744372680594
2022-09-29,0.007268191442583961,0.01030799953357627,0.01207795800283264,0.013251509496993096,0.013876392709670098,0.014136154249577416,0.014233823858445828,0.014340385793220825,0.014636562260131863,0.014798003206744438,0.01500568999352388,0.016512130216713404,0.015953405208488286,0.01580685010181372,0.016242529809859678
2022-09-30,0.006793947978272384,0.009461328700795728,0.011015727350127034,0.012144482716225145,0.01286252487230838,0.013321521814094128,0.013642609690454237,0.01397579767645082,0.014489040955593916,0.014814284442309212,0.015424529536620046,0.01683254020941986,0.016411358232438555,0.016373029962446363,0.0167836906173249
2022-10-03,0.005831723991183098,0.00883541619690552,0.01063441824993824,0.011934769263048848,0.012750424637255365,0.013244004479076404,0.013565681958918878,0.013892232346186174,0.014396994853192756,0.014709915101122416,0.015236249143780165,0.01668177047777419,0.016254158426202595,0.016213842139847612,0.016649344673261866
2022-10-04,0.004977268109030838,0.007955745832329768,0.009802539310610031,0.011155896954622912,0.012023837974584822,0.012510627269199928,0.012783715236687553,0.013057436373348382,0.013509516296768364,0.013797886733213686,0.014290281661325462,0.015734605772870808,0.015259392568986445,0.015221625033115313,0.01569276422917655
2022-10-05,0.006371825536105654,0.00943687188538887,0.011412801992596134,0.012893728046865376,0.013865516482777836,0.01441571773872618,0.01471694895378362,0.015015244680450566,0.015484101560103852,0.015787550766094782,0.016362142864205467,0.017240671626335732,0.01644083693142086,0.01608902363259106,0.016455967237520835
2022-10-06,0.006282891476061581,0.008723445409141134,0.01033094674039533,0.011570232457575675,0.012393457055800389,0.012866362197800876,0.013127090265192777,0.013390755658725955,0.013820390265084177,0.014094214113730186,0.014638656365079133,0.01552440144166,0.014731174231047493,0.014313133947287095,0.014754808451596633
2022-10-07,0.01233365178246712,0.014397948081952279,0.015634259520797233,0.01653350111371392,0.017042354456392045,0.01716217560967545,0.01702710803503268,0.016941755850653842,0.01714922658714679,0.017366473698299027,0.017914806382961702,0.018630886186297987,0.017722610722470784,0.017014558234218605,0.0174132949086186
2022-10-10,0.009317319650281371,0.010972013896266498,0.012022557941083211,0.012858713815405143,0.013413208112284589,0.013714939472383092,0.013871542167861772,0.014071085133839648,0.014482815548848114,0.014761454570372428,0.01531006918660128,0.016720532589648437,0.01613191391366689,0.01588040220303712,0.016378000538738897
2022-10-11,0.009864892216238687,0.011042129767416652,0.011799391622931064,0.012439223867475842,0.01287921687260422,0.01314606390957834,0.013285417241884858,0.013461690722675656,0.013834317035843598,0.01414094482379042,0.0149064662363797,0.01592856964760756,0.015183446523286091,0.014733880958602005,0.015149712219736551
2022-10-12,0.012596177274405203,0.014331145941945856,0.015441676012038429,0.016331390596315828,0.016905601738672515,0.017199081620308962,0.017308895243303014,0.017437430017122002,0.017786908851932116,0.018118467556291918,0.018915658340187533,0.019716259139375435,0.018724336409187064,0.018146072631256012,0.0185546853012044
2022-10-13,0.01023615276836945,0.011964917611077342,0.012964748485796363,0.013700266277100437,0.014123081592184637,0.01431427510860704,0.014358914197144336,0.014435287873899645,0.014715721343916107,0.014981010655534172,0.015652589526803,0.016358460397463,0.015079569286799082,0.014563481908377404,0.015004636269953287
2022-10-14,0.01187524056677167,0.01338376769261051,0.014206597951517647,0.014820520657906823,0.015169033694898394,0.015339808707736853,0.015384137579779711,0.015474223225664566,0.015784181439936006,0.016113217395106943,0.016923342948806486,0.01765109890819387,0.016382845006473915,0.0158567957406995,0.016245853319020585
2022-10-17,0.014637866594961258,0.015863087279576617,0.01653689424455345,0.017032289403579887,0.01726671292433237,0.017285121161582175,0.01717522635030105,0.017139840789431454,0.01738278314752652,0.01772472036134869,0.01862302516959806,0.01905233990014043,0.017606706777401268,0.016859413921687733,0.01717880798410932
2022-10-18,0.014679256983339018,0.015007675689538084,0.01521548772663214,0.015460065395748797,0.015605983240138527,0.015625530258701045,0.01555255789276663,0.015553665709626168,0.01580925806746976,0.016173018727784837,0.01718543770335111,0.017764076852474907,0.016430896919318275,0.015812083181482504,0.0161298807308205
2022-10-19,0.017272121952324405,0.018234312166840447,0.018834851131577776,0.019322762417073133,0.019616030130873915,0.019698627712302186,0.019646508585568916,0.01966432357782158,0.01992835298053975,0.020316718800049545,0.021324478053916424,0.02194585779174009,0.020646674491409223,0.01995909760286093,0.02031440504434318
2022-10-20,0.01875875435285704,0.018802677919883375,0.01878114954376294,0.018822423063470692,0.018796250132935892,0.018630832521483634,0.01833834235792815,0.018147301780695586,0.018258192426489475,0.01861163636582318,0.019653702138345726,0.019818175960062516,0.018373616538745866,0.017472729697893288,0.017700989666621546
2022-10-21,0.019001928656341517,0.019409543213420692,0.019736049077883518,0.020089242125357464,0.020320195470261836,0.02030588377586328,0.020107367607340363,0.01997638473309904,0.020116769818116186,0.020458019919442065,0.021413614536767565,0.02172006664364704,0.020250218460973236,0.019322781788153137,0.0195845549673441
2022-10-24,0.019900091024934383,0.02029169031738231,0.02062396555461401,0.02096285762023688,0.021145815119072375,0.02104962146619641,0.02076872858553889,0.020584896486420583,0.02069209112683171,0.020964800825119916,0.021791471519732826,0.021548256934611487,0.01971429822205468,0.018442785056535974,0.018614046465813803
2022-10-25,0.017672931471913553,0.0179320959425904,0.018280105105728327,0.018707049244164577,0.019033124817173477,0.019104613163876398,0.019010823931815836,0.018973339507921908,0.019155412674282776,0.019458190521192513,0.020302118561005437,0.020436959268166733,0.018754343643070125,0.01768110524958117,0.01782921538690221
2022-10-26,0.019041515140520587,0.01920478377909799,0.019641969518501258,0.02025817296988479,0.020823612339949914,0.021128825930280037,0.021256000916741038,0.021444302033753512,0.021857166803497086,0.0223233251508852,0.023391212127031148,0.02386460915901227,0.022560588699455125,0.02170541793989101,0.021788917093547265
2022-10-27,0.016851469549221447,0.016816676162640487,0.01724269158160446,0.01793726900728597,0.018643253574386735,0.019171347494669425,0.01956691790264841,0.019997479082546017,0.020573646285390962,0.02110553697597322,0.02237205890120806,0.022893386937602466,0.021905866846036563,0.02106842482945944,0.021089652610259645
2022-10-28,0.0177203091277551,0.017850415918680997,0.018386432800171857,0.019156583291056142,0.01993154773944443,0.020546583699904888,0.021040290969956348,0.021555175778612903,0.02217931773519562,0.02274898294506628,0.02414939908741455,0.02471747233195727,0.02399984287411487,0.023127064127160632,0.023068558045613526
2022-10-31,0.017505395809743928,0.017300534905503442,0.01749480027826459,0.017901561765122358,0.018386175562021777,0.018751289183316863,0.01901093362249709,0.019315676545866113,0.01975020106869678,0.020237161974828326,0.021430416181980508,0.02216222504667452,0.021669129341506027,0.02074149117084337,0.020679574959946198
2022-11-01,0.016854064470162005,0.015963382734136996,0.015728770717918766,0.015875227486268254,0.016241547507165083,0.01657715295206929,0.016830468240106193,0.017130262128466855,0.01755775232062743,0.01807905908326185,0.019450387690168665,0.020209224090889537,0.01978873312584278,0.019012784170553333,0.018768225668038534
2022-11-02,0.01727476249893646,0.016328556087282863,0.01607333119519932,0.016234973428860842,0.016637369614171647,0.01700177012499742,0.01728326697461343,0.017638310916120687,0.018161529283334133,0.018769079970078126,0.020208380587867877,0.021354372369868785,0.021136012312526292,0.020459049097806263,0.020331162541729505
2022-11-03,0.019083843699207983,0.018821340819020087,0.019002288956681747,0.01946373319869311,0.020034816692366893,0.020484345875254314,0.020808520332123506,0.02117344526166718,0.021679203945055216,0.02221533723277192,0.023520060632473562,0.024699516713553995,0.024317420188887683,0.023482061258149525,0.023423660868096035
2022-11-04,0.01999699900553991,0.020196828641572066,0.020542157660887145,0.020998669638151626,0.021462320328212554,0.0217425421313204,0.021879356195723024,0.0220585548352954,0.022388715460046334,0.022795564541014494,0.023810009263120872,0.024784592047474397,0.024149384053651437,0.02308223073363936,0.023065006981600383
2022-11-07,0.0183955279320073,0.01830168270165804,0.018701152441129992,0.019345594568467326,0.02009535428964719,0.02067047620385925,0.021128508150147947,0.021603356823042343,0.022172151347092175,0.022692146368238898,0.02392952474814002,0.024963716530214487,0.02450589654903184,0.023528424773062134,0.02363203999323855
2022-11-08,0.020325540279279047,0.020283341666156793,0.020761970649562738,0.02146564221999878,0.022283522694243614,0.022938662703934368,0.02346999433155784,0.02405098923878735,0.024753735947587684,0.02543589374589843,0.02690997393314864,0.028237112408791825,0.027973153050964476,0.026924126590862754,0.02670100376068846
2022-11-09,0.018404694487334686,0.018304619935512308,0.01883985705281809,0.019672926948944947,0.02067552736433017,0.021567873050365366,0.022351583508525587,0.023147709163456966,0.023990018987310926,0.024727559790314074,0.026354681355234572,0.027836010670183868,0.02782223784934395,0.026807496792053954,0.02619181905588759
2022-11-10,0.018300451262712514,0.01794320363328896,0.018311463701280457,0.019034607476193392,0.019977995035935003,0.020868652790074722,0.021693925917555465,0.022574495572571594,0.02352832422428796,0.024346563043924234,0.026106017418930712,0.027851793383653574,0.0280867431741516,0.026996872623181324,0.02619287371154669
2022-11-11,0.021220615543450925,0.02036740205653181,0.020277632549570504,0.020571535570397318,0.021137800375917566,0.021685323026333456,0.02215476498469907,0.022724724390041404,0.023448767462859142,0.02421754776648721,0.02595273108161937,0.02740324485360303,0.027663086837860902,0.026332422471752562,0.025409676288911217
2022-11-14,0.020256095076986176,0.019771470762569153,0.019909129087054552,0.020379730611263077,0.02107640520570337,0.021761686221481853,0.022371446337738257,0.023048434153602224,0.023856401940224814,0.02468608111828037,0.02653000328186449,0.02833185757336413,0.028834900677143952,0.027738439407611303,0.026828170042093084
2022-11-15,0.019566425314559526,0.019120299738364273,0.01921302847786399,0.019596571742874602,0.020165686967276,0.020686324277201996,0.021116471765449892,0.021637972032019066,0.022336501162153778,0.023075814256862892,0.0246915611950481,0.026005702628684978,0.026321878370127914,0.025014479512092225,0.02411061592508304
2022-11-16,0.019602634320549442,0.01941908951978447,0.019644524911757777,0.020065656376917186,0.020616954815840634,0.021097222473817664,0.021489939568792946,0.02196534927487702,0.022598232239561283,0.023276644967330094,0.024757280399043468,0.026141608110065814,0.026481621323991705,0.02527365795128638,0.024417904017987647
2022-11-17,0.021631551795740736,0.021442351455015173,0.021626995134879028,0.022017728072571224,0.022489973355158566,0.022819163906201628,0.02302203352420319,0.02333241803000332,0.023879599055398933,0.024538546588547275,0.0260178128960212,0.026797685962563586,0.026644221929881938,0.02491862464544815,0.023894130611270256
2022-11-18,0.022240601821541958,0.02238897528712043,0.022824721525428162,0.023405645083943376,0.02401317949403701,0.02447496094698726,0.024838722765311107,0.0253044462667553,0.025975664103780306,0.026706336196091682,0.028283696029748315,0.029410552561767573,0.029495267303209095,0.027790428991399555,0.02678938918550782
2022-11-21,0.021841167496562702,0.021728197266918957,0.022062589926055504,0.022636801769024023,0.023302944339510516,0.023891508688461585,0.02441294403654502,0.025031441836316493,0.025830777142077453,0.026656539340364063,0.028455442748684487,0.02955969088152903,0.02985049768746261,0.02828877333226527,0.02719838146386359
2022-11-22,0.023541902477087265,0.022840314883631824,0.02268051747728599,0.022841612763774444,0.023182391636053266,0.02347851135828479,0.02369895384647615,0.024046794893774162,0.0246485315206433,0.025399734569036235,0.02713361771206397,0.028017376140558922,0.0282345105498272,0.02656794122344571,0.025503330917524228
2022-11-23,0.023150644055993326,0.022075868117996056,0.02159171881998273,0.021463278400461333,0.02154227554022077,0.021654041032341427,0.021742387658400114,0.02197378357237261,0.022462993823374473,0.023136245514194183,0.02479434760515484,0.025329341762937475,0.025314016034949614,0.023438983020151762,0.02232008232715591
2022-11-24,0.023881097443971946,0.022717113719335682,0.022131444778264817,0.021868686754682943,0.021810625653573692,0.021752054561799027,0.02163863493089211,0.02166945540959918,0.021974924214420894,0.022562821005685494,0.0241077521649789,0.024454418942193953,0.02428934727981229,0.022363824671840764,0.021182065301861463
2022-11-25,0.024020000755421735,0.022235163464141262,0.021347134358145725,0.020933867015612076,0.020866914427908206,0.020864366499029348,0.020835635681540947,0.020941026411433288,0.021288070740094017,0.021906450532911043,0.02362382306473874,0.024055061081412723,0.02403638879761102,0.022321024427461554,0.02110415910314494
2022-11-28,0.02480895279735631,0.023464168230361356,0.0228890720879895,0.022690012168054746,0.02269105371682978,0.022615096598728048,0.022438980337781807,0.02239749075320607,0.02263457194692246,0.023178916159786248,0.024733978684949073,0.02440766796473579,0.0238300997060263,0.021774274162215262,0.020485036492346505
2022-11-29,0.024972337615948713,0.023830567903290776,0.023458922432773265,0.023437664490193234,0.02362341853096276,0.02373352045301028,0.023779153922057435,0.023957404243685244,0.02438501320089799,0.025004527301791264,0.026578642223740977,0.02663393411968715,0.026279028727377838,0.024501010513485917,0.023323523117697205
2022-11-30,0.024392724343942143,0.023282372366687783,0.02292517425119799,0.0229241583036752,0.023178036015662214,0.023434590186175833,0.0235890084240949,0.023819967254529846,0.024190871426502294,0.02480947804551449,0.026426826699914075,0.026593125451225004,0.02636625997399945,0.024763044746979757,0.023869191971295712
2022-12-01,0.02413909342561084,0.02304513060552494,0.02265487923141604,0.02259197622923782,0.022733573480526882,0.022834810088872576,0.022822594510426314,0.022929291062881434,0.023233666756482425,0.023783093438162633,0.025196393902092835,0.02485438725489516,0.024184312377566804,0.022339518652122147,0.021373465813161234
2022-12-02,0.02417929407537134,0.023352214110150774,0.023061991048405686,0.023037416588657145,0.02316099365032258,0.023246751158916962,0.0232453680761137,0.02336625783380163,0.02368783940975973,0.02414938162416368,0.025327501547394975,0.02515642273713357,0.024410075824916187,0.02276641868389892,0.021874476942609963
2022-12-05,0.024040992212523177,0.022839249155784943,0.022382002147169854,0.022319037471343273,0.022507093753974354,0.022738093240985767,0.022914485791607618,0.023200438012290017,0.02365096520841503,0.024222023056092216,0.025633924331644516,0.02565673676239891,0.025099235586481288,0.02369712794764091,0.0227810491332249
2022-12-06,0.024510437822096956,0.02350632761423801,0.02305482642604597,0.02291616749502949,0.022978475806752267,0.02307477351344517,0.02311106062617402,0.023252466357442336,0.02357452198597399,0.024054342998951667,0.025310045586917518,0.025170193878953806,0.024419606990652463,0.022970935272766113,0.022084941948594044
2022-12-07,0.023633447243331104,0.022360513043931638,0.021617180653121876,0.021178568931639205,0.020969901537323938,0.02083397040576711,0.020660165700457738,0.020612475711773322,0.020755513763289577,0.021105500487949076,0.022102738619081953,0.021876910512637206,0.021007845293527547,0.019503678686169458,0.018710768209579207
2022-12-08,0.024089298715349147,0.022543895409531937,0.021657238186590176,0.021142678287727364,0.02094533271866032,0.020864731182973256,0.020760269056757794,0.02075200435555309,0.02090483669432175,0.02129856912797284,0.02247358407299755,0.022547419536787485,0.02185045993030954,0.020434890010740888,0.01965753142747106
2022-12-09,0.02269600588445298,0.02009295969466945,0.0186287664759884,0.01779395083151931,0.017461114915294146,0.017317459423938173,0.0171915833163168,0.017171605907972197,0.017347267372533393,0.01780364545469295,0.019198239525395497,0.019585279574387916,0.019155662992760128,0.017844543765009845,0.01719613671336428
2022-12-12,0.02407620971833083,0.022845458580360235,0.02224581519327613,0.021987904306593104,0.022018062813460353,0.02212459301998765,0.022201053753584773,0.022349482107340404,0.02263859462048355,0.02312754188977087,0.024450843364927775,0.025032581671368827,0.024500867974641904,0.02316274584457627,0.022517823154219407
2022-12-13,0.02408346451498697,0.021877294827836215,0.02073643391966313,0.020152699006832205,0.020043187767351624,0.02005494807579459,0.02002908440290893,0.02010474182047449,0.020356239840067864,0.02087931908833387,0.022285250637065566,0.022597130584769445,0.021953695317718964,0.020505844255114977,0.019764551253952743
2022-12-14,0.023669800718567106,0.021881257263571326,0.020865465820929824,0.02027583014806783,0.020080584929935672,0.020022412411354055,0.019944235740026788,0.01994823806531767,0.02010156706657265,0.020533682103301736,0.0217718408409533,0.0225419419506175,0.022077016937232272,0.020762606686442604,0.02017251496743026
2022-12-15,0.02330598123537158,0.021491077595957524,0.02034142301181139,0.01957380494369802,0.019181592783071036,0.018963152476539277,0.01874610433697285,0.018620211041719955,0.018661193683421305,0.01904290276615262,0.020213568211014214,0.020613574126222865,0.019913261255160297,0.018435027639036504,0.017846366043189437
2022-12-16,0.02212077180385393,0.020676712819187475,0.019714846719180657,0.01905918163381854,0.01872730818824472,0.01856259441329309,0.01841144548998557,0.018348126994190177,0.018420746331574072,0.01873815196645015,0.019712816141600843,0.02036818784241224,0.019817973899373342,0.018457470176222436,0.018052549964842582
2022-12-19,0.021985446101319098,0.020749755209252332,0.019924899808928503,0.019343032711129964,0.019032636386992197,0.01883406784597262,0.018631687543896002,0.018521836749204587,0.018560916786981244,0.018858515857772155,0.019746856173431214,0.020161909910942535,0.019525181833761004,0.01806796140113945,0.0176239532202274
2022-12-20,0.021715855407930928,0.020723442447237013,0.019935510105110424,0.019305860375674895,0.018875938679909023,0.018552263912263854,0.018228803133300435,0.018005514278116405,0.01793312341310386,0.0181199079719744,0.0188099403204048,0.019286052095614813,0.01861577219721118,0.017168691168547957,0.0168297857731858
2022-12-21,0.02113247022039566,0.020866768982862334,0.020574201659803903,0.02031581999901654,0.020146248179135646,0.020035860912949108,0.01993053472218507,0.019896224416929797,0.01997199668951478,0.020190180286819605,0.020897146868102092,0.02164910660422462,0.021103851977892156,0.019781333958692845,0.01943039981357486
2022-12-22,0.02233894819682443,0.022219377614923284,0.021906746204129534,0.02155909457501418,0.021226198840194613,0.020902119582015197,0.020535123652244455,0.02023690493218698,0.020079806645344346,0.020201181373678486,0.020803706258114507,0.021238849357406782,0.020489418310855254,0.018955059610934223,0.018566437171081744
2022-12-23,0.021562287951757537,0.02076000589727002,0.020013069668503036,0.019381403239305078,0.01889816774764104,0.018520788152057252,0.018150905641980714,0.017886281475967134,0.017793383873311197,0.01797588382288994,0.018685656799901786,0.018944045550262353,0.018195752921230025,0.016634446278365647,0.016206315170123612
2022-12-26,0.02524135179405501,0.02520315148810061,0.024912157591244002,0.024535591478142382,0.02414004775521925,0.02371158971617577,0.023243606974867367,0.022858012047117543,0.02265045230499791,0.022710677123511137,0.023189791198277653,0.023236194402502276,0.02226979821049254,0.020425463660482323,0.020009311441832267
2022-12-27,0.02352635570467113,0.02251986770293469,0.02169011995975635,0.021023654147139505,0.020571201112039514,0.020254187026233057,0.019991832927263548,0.01983083531560782,0.019829766046374285,0.020034661425824184,0.020756664048346085,0.021244942144634144,0.02066518476499453,0.01913761982097515,0.018734363766049093
2022-12-28,0.021525327506658892,0.020990354595244114,0.02042059310783038,0.019898587168708376,0.019488610179198156,0.019166998354514766,0.018887779575507854,0.01869663343044707,0.01864751701817658,0.01873429690514502,0.019215896738143185,0.01932309371395976,0.018500182842269973,0.016902538244418668,0.016475991446480934
2022-12-29,0.024999675505451333,0.024417986893785788,0.02378584471624655,0.023161097350303406,0.022632659808400155,0.02214303413612688,0.02167575750012989,0.021323325236121883,0.0211650110114332,0.021231263615088307,0.021695602172589014,0.02152008969036982,0.020529631766618785,0.018670615403325964,0.01819421273703655
2022-12-30,0.02120277296580119,0.02020041721251131,0.01922648610416952,0.018389128121207753,0.017776595081706585,0.017425049130115073,0.017208720999248802,0.017122554422134822,0.017164709771692682,0.017303344229034075,0.017929182135297775,0.01826458067287247,0.017677998556074097,0.016201420630106652,0.015777206592883022
2023-01-02,0.02260720092159826,0.02176611705083186,0.020841794095586716,0.02001338427039396,0.019349822079819015,0.0188616876461452,0.018438968600057788,0.01817184750719157,0.01811119856558171,0.018209235145461397,0.01865697984219799,0.018438941904246334,0.017414626560063047,0.01561004627826013,0.015155998273629942
2023-01-03,0.023293034696348393,0.022646185367754916,0.021859185891044484,0.021101184234536573,0.020437212819137286,0.019907760889570393,0.019450682273270015,0.01913862676809229,0.01903005880240243,0.019007020611060514,0.019318035550130782,0.018911283156178654,0.01754726286606917,0.015631433521975054,0.015245027413623678
2023-01-04,0.022701471776086134,0.021594159817139396,0.020596865608083683,0.019740605834003413,0.01908074667462619,0.018604420070886557,0.018219180569501378,0.01796940156438525,0.01787899106697684,0.017968887974285225,0.018493394093919254,0.018529378319581607,0.017609252145936918,0.01591890912210922,0.015477953095716371
2023-01-05,0.023246110602119556,0.022091956654608613,0.02112549839579718,0.020347571271718653,0.019794944601772082,0.01943191516919187,0.019159489764055283,0.019014883241316383,0.019024493273296413,0.019162905168698476,0.019823652240580806,0.02002181067310365,0.01919973344423415,0.017561990368506218,0.017159661386134346
2023-01-06,0.024314764600225306,0.023444424524605906,0.022562250818595985,0.021778963814835194,0.02115238762694166,0.020697770736980807,0.020313728386474827,0.020054785197135723,0.019963065578142553,0.020031972867992513,0.020560667592103347,0.020326405046647983,0.019139975306456468,0.017212806024776234,0.016753293785150874
2023-01-09,0.026036993280302626,0.02574546441719906,0.025255030761674183,0.024736409449857635,0.02425444776739675,0.023828127911486346,0.023419463812762564,0.023153884700828204,0.023084639658436584,0.023141024700294843,0.023566671503328418,0.023030661704860532,0.02154491566596411,0.019423087678823378,0.01893532658179839
2023-01-10,0.024444913691005106,0.023104602575649696,0.02191509285679182,0.020932623976483967,0.02018381749953947,0.01965118036577565,0.019207992321062625,0.018945249200880646,0.01890013282237422,0.019022574465734042,0.01959967061596729,0.01909844977880415,0.017718707957826728,0.015710671654487727,0.015145410751600849
2023-01-11,0.024171700051595538,0.02309732437034036,0.0221151259381808,0.021283006888799284,0.0206609565196336,0.020224214802991615,0.019869273151168286,0.01965076582049973,0.01959199857005618,0.019665006388846308,0.020177631710150672,0.020023115631450285,0.018782500555922916,0.016962375924045953,0.01646617875703509
2023-01-12,0.02431373555870878,0.023243950617219664,0.022380861071651964,0.02173091153328131,0.02132310602167451,0.021101376100774297,0.020957280681900774,0.02094657878337691,0.021103723837995986,0.021330483438084934,0.02211142306211299,0.022062593820350307,0.021123785091508848,0.01946351516820825,0.018934991281282888
2023-01-13,0.027111504709783414,0.027205165999660733,0.02685002800331652,0.026406335533140014,0.0259291571178235,0.025479516383693245,0.025008019461621952,0.024647924245594657,0.024451944258313634,0.024421982517308635,0.024793389193374524,0.02449912510472091,0.023070962576018525,0.02116534510027306,0.02071093242865369
2023-01-16,0.027010846404598145,0.026329592655215724,0.02556646899235267,0.024910758032591136,0.02438994159294291,0.02399958846657844,0.023635519799297854,0.02338163819061806,0.023285463799481924,0.02339768062665023,0.024067901742694568,0.023663161674125265,0.022270037130102963,0.02039386438407056,0.01985243177943831
2023-01-17,0.026764570333929358,0.026294010108871783,0.02568447829076257,0.025148788042504467,0.02472587059958378,0.02440043672131183,0.024084599433420714,0.023867864483124723,0.023805031684495305,0.023947930370882227,0.024645185095593995,0.024374980798817208,0.0230903690003004,0.02139469379504003,0.020853162809068723
2023-01-18,0.027753333437630083,0.02755988011280925,0.02713995323050319,0.026741940589037016,0.026393243901829858,0.026092575162692703,0.025782888550245055,0.025571236136224633,0.02553505198843342,0.025684601462891022,0.026407865713112967,0.026133552006340502,0.02481935876730449,0.023160555388002598,0.022625196890064595
2023-01-19,0.027790584777958604,0.027091158662601963,0.02637233049342816,0.025796025890595015,0.025360109233016282,0.025011246365385546,0.024662142098168447,0.02443272749258285,0.02440510067641463,0.024602865042423157,0.025417234597677578,0.025123253714692644,0.023937840239536667,0.022340905465499137,0.021736182795339835
2023-01-20,0.027684183619593756,0.02743697581836419,0.027048405701611933,0.026707742930868306,0.026453548268251876,0.026268170880559646,0.026115424227564688,0.026057071582996517,0.026158078530219623,0.026398480570873857,0.027248198061668744,0.0270194291181239,0.02583549984801162,0.024328182599034156,0.023759307289000938
2023-01-23,0.029331690011642722,0.02919468674921758,0.028752480715108223,0.02830908056729747,0.02791795194627262,0.02759058820644708,0.027270288521537844,0.027040093139606602,0.026969168509020775,0.02708981010812436,0.027796053793470183,0.02763811426299014,0.026510192111192207,0.02493266505954478,0.024409023867272315
2023-01-24,0.028526124901551177,0.027797581424792273,0.026983312213880426,0.026296304468892497,0.025766894654239515,0.025377232959518978,0.02502690353647692,0.02478596051858361,0.02471691851199244,0.024867473847362414,0.025664450257839637,0.025414218627590104,0.024314414628496962,0.022748194606666466,0.022175292537673964
2023-01-25,0.03129982088130543,0.030740817087990008,0.03013262050916807,0.029660892635438117,0.029277268404386242,0.028925849157603156,0.02855863426957619,0.028264320316018908,0.028153565005663298,0.028318214617552365,0.02925639620586558,0.029019890566270735,0.027834725034862295,0.026109373413674124,0.025543599116396275
2023-01-26,0.029890781387090403,0.029548347784189945,0.028994927438152008,0.028503027013429813,0.028088146769655237,0.027736106692727715,0.027391599218175484,0.027164097444444604,0.02713636506870669,0.02736084327994854,0.028282266121979184,0.028132692464621682,0.0269928126001356,0.025430433828907917,0.02478319077414757
2023-01-27,0.02801538257644104,0.027400271336872926,0.02670267660508026,0.026155298591029635,0.025761372783003507,0.0254996134678454,0.025281670865342148,0.025171522664426658,0.025228488279931675,0.025446795371132702,0.026395057670824198,0.026214839668530828,0.025190907264602436,0.023749936241735447,0.023099151903615132
2023-01-30,0.031240213728562425,0.030731519177524442,0.03012085319661422,0.02957142944005553,0.029122055802557934,0.028731177827078222,0.028342660530392798,0.02808671283344221,0.028028849327686588,0.028240682537779442,0.02915268428603133,0.02900893604590268,0.027934423800649023,0.026475280770403294,0.02584950911076522
2023-01-31,0.029268400766728767,0.02743924157490179,0.025978306360058677,0.024867789669774588,0.024149954703699072,0.023694657824341738,0.02334508078192891,0.02315081380615034,0.023156097595475173,0.023418931039764498,0.024456221257767113,0.02448742776988419,0.023597768446364832,0.02239193179475875,0.021793219918739157
2023-02-01,0.03096654090888086,0.02892295368935906,0.02729512850546765,0.02604353100257221,0.025223139418044282,0.024689127707249403,0.024269509021877928,0.024004494496799096,0.023944955289744895,0.024177206873691306,0.025107494975663475,0.024772713060928687,0.023721212083506762,0.02229827937782472,0.02165936938981007
2023-02-02,0.031230096153367665,0.029088169116463117,0.02742407265600397,0.026127256921911857,0.025285032881343185,0.0247284895921509,0.024288406071590656,0.02398795028311717,0.02387675631214536,0.024071773082589332,0.02495667824501687,0.024310339325643547,0.023065948020029713,0.021479088888233522,0.020812022829334836
2023-02-03,0.03356787775055109,0.031369131790144486,0.029734933424818515,0.028461144054659774,0.02760838807424523,0.02699690981964712,0.0264818911942992,0.02612127242073649,0.02596447025627162,0.02616630529471524,0.027105181918294308,0.026412073427697556,0.025166857316071833,0.023411092373326677,0.02269357647074468
2023-02-06,0.031211959996253136,0.029018863208622035,0.02732987717681646,0.025981678866300487,0.025076755368284184,0.024487122277776795,0.024037316403670926,0.02372197629870122,0.023572503915684433,0.023764318890856864,0.024699400569422523,0.024322607317271327,0.0232670484264492,0.021747083891463168,0.02110788772234895
2023-02-07,0.03138357050310208,0.029176823834579136,0.02752471135450083,0.026257523832698595,0.02545484570940741,0.02497478310661286,0.02462431388561943,0.02440722238004282,0.024356630827883762,0.024650147017873193,0.02574325260068439,0.02547085893060165,0.02442497119727139,0.022776267951993362,0.022132151910909097
2023-02-08,0.03314449850417989,0.03125365133049337,0.0298496208706338,0.028757454014030903,0.028044660135277354,0.02755472931166942,0.02714623370399709,0.026874436370004983,0.026787382044445356,0.027083079702046826,0.028164297749482297,0.027683139645951902,0.02636896362680042,0.024499553410630037,0.023858777607945424
2023-02-09,0.03250178206196131,0.030460016771018072,0.02879724816611215,0.02741963387699294,0.026442860687014545,0.025758744082796683,0.025192760142985247,0.0247744258190535,0.024538811746580905,0.02475046965101914,0.025760033468058125,0.02520951563537664,0.023842234512550922,0.02195590282050678,0.02136902857541027
2023-02-10,0.032013061570478014,0.029726836129101066,0.027915131103108004,0.026431477809885726,0.02540096767173012,0.02469543972117007,0.02413054889945319,0.023734208846148335,0.02353487032943817,0.023771828746905206,0.02479449543002617,0.024308092127093475,0.023034049944983356,0.021233234568765226,0.02064447542052928
2023-02-13,0.03014713842125699,0.02758789227902948,0.025628617117201522,0.024108135244700922,0.02313772181624676,0.022582688192587866,0.022216053661333224,0.022026474150497584,0.022022194577106573,0.022416577460547395,0.023637694801044225,0.02366619615234051,0.022880705645244883,0.021512665863060207,0.021046680898015667
2023-02-14,0.03064847062816164,0.028877217276033575,0.02733610342219095,0.026021426169522112,0.02511276726142889,0.024516064180695275,0.02406756146782818,0.02377188457917171,0.023654510616235497,0.023919330732250815,0.024825805068303338,0.02480501130415178,0.023969816790069834,0.02251341265257438,0.022169630657847557
2023-02-15,0.029438520733405273,0.027339483192363907,0.025642950181245773,0.02425463118267182,0.023322698913600077,0.022748443400376205,0.022342672559391825,0.02210263355347742,0.02204080416549944,0.022316217888886578,0.02328439857409422,0.023247722687399604,0.022431977810239635,0.02099440316410491,0.02064781446156447
2023-02-16,0.029889135249782643,0.027628612044337274,0.025726813225898995,0.024102125800598388,0.022941606309001474,0.02213709931169624,0.02149971006834174,0.021038332857509705,0.020768836061602486,0.020948653074052487,0.02170779676644757,0.021669632161450358,0.020772364869315427,0.019185237242897925,0.01885462936953825
2023-02-17,0.03052835058854333,0.02916248644064397,0.027834938075729357,0.02662416704304605,0.025707740696699538,0.025030961833333358,0.02446725396169506,0.02406289911405394,0.023847246211307464,0.024027413855209644,0.024696475615608372,0.02461851783432328,0.023550059457925727,0.021883741131327156,0.02154799701181575
2023-02-20,0.03078973948417701,0.02953886160918602,0.028291315081651842,0.027142214845294377,0.026275051186614308,0.025630249989611723,0.0251013230626057,0.024724428860503873,0.024526107245609673,0.024728575445875464,0.025428185130612176,0.025695092424816598,0.024936074130486322,0.0234386337435538,0.023137592733331873
2023-02-21,0.02915459573109764,0.028203387535742683,0.02716220941480843,0.02618940637879414,0.025440925462479176,0.02490077249430485,0.024447594158336593,0.02413429671863623,0.023978049768066192,0.024189871453556666,0.024885325097349597,0.024925350616003417,0.02399868378771471,0.022452771435509774,0.022149871706522117
2023-02-22,0.027987385524501935,0.026987460991169193,0.02590169547700529,0.024888823832738508,0.024117889936803076,0.023583438769950886,0.023137933745552446,0.0228185436382755,0.022631247870850565,0.022791828397227973,0.02336419985838581,0.023361296747853186,0.02243720094613048,0.0208891707073904,0.02062270877878747
2023-02-23,0.026800197736279646,0.025587511243987473,0.024384793743005402,0.023293559037141625,0.022482184733268313,0.021926370003967043,0.021490137912350864,0.021197687755003726,0.02105529092302621,0.02123077454052824,0.021795304571586765,0.02170039677242719,0.020751874815716827,0.01927071865809648,0.019001243706892136
2023-02-24,0.029397327591150723,0.028276025068395372,0.02717479769590562,0.02618116443150549,0.02543296987331419,0.02489843611713191,0.02445393929925898,0.024156325197627677,0.02402614467841515,0.024224373130049985,0.024874594884891087,0.024697428453349518,0.023626499272449173,0.021961237222547773,0.021644515931758604
2023-02-27,0.02836368082501557,0.027485411895558774,0.026576955956105205,0.02574402776146018,0.025131087937367153,0.02471211075813027,0.024378936683220286,0.024166917451600118,0.024090951478685108,0.0242998588235256,0.024952749897973116,0.024798247880386343,0.023740099904516164,0.022115430194336125,0.02185196908328436
2023-02-28,0.029061330774161728,0.028245262790449026,0.027374053454737257,0.02658073933688764,0.025994779539242632,0.02557663827559429,0.025213241705876376,0.024966598924322236,0.024855707484923616,0.025071501761344615,0.025674294590096004,0.025410698050786627,0.024256875043324855,0.022536038817977,0.022249725980214068
2023-03-01,0.029030594717807646,0.02853926332977662,0.027895777276872768,0.027269642976186278,0.026840174478069842,0.026603867196200108,0.026460184019624435,0.026420903499266894,0.026482941813286573,0.02678164463235151,0.02753950239585161,0.027747830905583915,0.026920611779782888,0.025428061168151602,0.02519313946207695
2023-03-02,0.029537462046872586,0.028821441786094665,0.027978237156257357,0.0272178510844978,0.02664038026181978,0.026283604726271805,0.02601222647255926,0.02588357646356495,0.02594675966717455,0.026210652305420447,0.026829338989552445,0.026892298219910474,0.026005944510058495,0.02446313360704982,0.024223041525263406
2023-03-03,0.02701039917468526,0.02539486394082166,0.02389062222864769,0.022612910826177564,0.021748407491425915,0.021334829243050052,0.021116672951718162,0.021044784373900192,0.021131469042876477,0.02143548356798039,0.022233314883530395,0.022623601473212733,0.022158191674744733,0.021074020803099787,0.020856004313096865
2023-03-06,0.027311245478455162,0.026248803745669343,0.02528912868784109,0.024493948197769115,0.023980649975509197,0.02373951247878257,0.02360719171063865,0.023611010412701163,0.02376789894175029,0.024086757491042984,0.02477474836966116,0.024919930762818038,0.02438965004762493,0.023274394519562886,0.02310275384523533
2023-03-07,0.02899253273412475,0.02799130514206479,0.027123020357058086,0.026418919601436785,0.02593870112008575,0.02564749265845844,0.02540400045508074,0.02530733636514939,0.02539317855608482,0.025684490634179147,0.02632481552540918,0.025957339899214296,0.025110269072251484,0.023659959585452653,0.023437296691875813
2023-03-08,0.027482029666329497,0.02629249813739313,0.025208943434664684,0.02431988778026199,0.02369535319584758,0.023309608780029602,0.0229993665402813,0.022826935808467713,0.02283218916865054,0.02303156799214331,0.023497010982479204,0.02326819564556905,0.02242450559702591,0.021033980664556234,0.020886204135924437
2023-03-09,0.028725303348136652,0.02699449446144916,0.02553309379965733,0.024370128936334393,0.023588727210600208,0.023144874617532705,0.02281857512696152,0.022634390042115607,0.022633996967710193,0.022850810759484443,0.023435611250546665,0.023113324155697987,0.022309352445595353,0.020843826047842427,0.02067348581635417
2023-03-10,0.029763327313084467,0.027725480665538055,0.026121248738758613,0.024890578975325303,0.024079518003613125,0.023617416533514544,0.023284142276656494,0.02310748158869623,0.023132880726476006,0.023373996124116985,0.023995612946204524,0.023720733764313127,0.022949639744378414,0.021460558485562744,0.021295301277764737
2023-03-13,0.030645962278698254,0.02886958019421338,0.027385038434418994,0.026201245631504118,0.025390961164674895,0.024885541399879602,0.024490598904143613,0.024255348877857522,0.024229079135459065,0.02444835787082836,0.025015684013974,0.024789081778131276,0.023923997250628312,0.022370740090002582,0.022236997765519927
2023-03-14,0.030308562250400826,0.02823862668136892,0.02655072986719796,0.025222258725727104,0.024317151930091204,0.02375909778363373,0.023333865749929985,0.023075461898413606,0.023029479895907434,0.023246435538996496,0.0239060555745344,0.02360087045987714,0.02269284249031539,0.021140674201257606,0.020990993432058003
2023-03-15,0.03100682984068994,0.029206906064375836,0.027674334943480997,0.026387192840803323,0.025496754073830872,0.024942342856601494,0.024478724049044272,0.024166624435073707,0.024088751298133905,0.02423490441848102,0.024820336557483988,0.024643245156110327,0.023685928742872182,0.022058628941577455,0.02196781233915687
2023-03-16,0.03225523738711263,0.030485569668395808,0.02900585228092414,0.02776284050000118,0.026909845666636838,0.026374964019995888,0.025942441005329858,0.025669948020883248,0.025639291315560805,0.025855967540105097,0.026618989680267786,0.02651932160845035,0.025537088878122886,0.023896276035941785,0.02374868852683517
2023-03-17,0.03093595081920996,0.029035469421811122,0.027587188868131662,0.026424786205023407,0.02569923237550471,0.02528743226934427,0.0249971431853612,0.024872842227218982,0.024980838386445485,0.02529723396693007,0.026237636911697452,0.02618139654476258,0.02531701819822324,0.023813480825466207,0.023690208298655906
2023-03-20,0.03049478107191397,0.02794889253256649,0.025967983332733816,0.024374126882432103,0.023330527666113116,0.02270705221748108,0.022257590182109908,0.021989159321663603,0.021973983152849617,0.022207091283987866,0.02296524048931429,0.02299360412012295,0.022216531037635153,0.020779908819009388,0.020642026616945343
2023-03-21,0.03095111454039305,0.028141988425750865,0.026013934927271352,0.024324431662565447,0.02321349395493283,0.0225258475970561,0.02200952979324926,0.02169450251741786,0.021648836536466314,0.021896757228144777,0.022694593124548454,0.02252337079439607,0.02159099380693307,0.020034348548427706,0.019889855675872342
2023-03-22,0.032254562560656036,0.02978281381689603,0.027926082558751716,0.026449988045462055,0.02549080228746957,0.02490387923320158,0.024477086658225063,0.024234423485360267,0.024237499459649644,0.024498190033513233,0.02533457871353003,0.02528956724417491,0.024427231238114612,0.02279136398598592,0.022698810033155405
2023-03-23,0.03182744884180639,0.029435115380359814,0.027633075882712892,0.026199713545279252,0.025282552595892207,0.024750703298915485,0.024393103832688192,0.024200375135751743,0.02423029632940694,0.024517998063696346,0.025411675531374977,0.02573118690285486,0.025102761719054918,0.023684915305222168,0.023814410378577646
2023-03-24,0.03241032403241332,0.02994450621340133,0.028085639818664278,0.026610909643591748,0.025656177987899598,0.02507176600144548,0.024630066443015967,0.024357751204722257,0.024330249052331263,0.024596887086903697,0.025460975625857273,0.025629340104238046,0.02479756460004124,0.02316141500824978,0.02316444254630033
2023-03-27,0.03450457735803479,0.03188588682257919,0.029839112190838995,0.02817590990853309,0.027052714373110465,0.026327312627168864,0.025763544987181863,0.025371196521528586,0.025241046031984727,0.025475963947005194,0.026327652593569027,0.026649129835717097,0.025836816897330646,0.02417391000619808,0.024212834256069186
2023-03-28,0.0349962495302721,0.03216851203556758,0.02999041816044288,0.02824363674407265,0.0270940938717944,0.026384070269625623,0.025864916582970743,0.025528137644015837,0.025464798398551258,0.025761052666145375,0.02674228897635694,0.027321039233936008,0.02670206497153138,0.025188395618248618,0.025290640811154643
2023-03-29,0.034875313171792446,0.03246267487126005,0.030483837299471055,0.028824233157088524,0.027676287827032353,0.02694629309558811,0.026403421185662378,0.02602264650379011,0.025895289739705365,0.02616700710101559,0.027104073447114508,0.027542353999384917,0.026741936081216326,0.025061670254090857,0.02514236986190684
2023-03-30,0.037062862410301774,0.03451527367298561,0.03241213555513112,0.030660041818220914,0.02939171799268822,0.028523506984545217,0.02781654480529567,0.027305856258550264,0.027102573167464804,0.02730134457825058,0.028092617263044857,0.028276190580951464,0.02744336997023341,0.02555349649260558,0.025669423513639794
2023-03-31,0.03502744829580676,0.03254843934040429,0.030546067949684928,0.028910298658327973,0.027771592699660994,0.027061442098355436,0.026529122279509636,0.026189985836919914,0.026119740380752068,0.02635957043237147,0.02716399980289204,0.027435869812856787,0.026764614863233567,0.02502333845781269,0.025225593886267758
2023-04-03,0.036931117307145045,0.03492551616899388,0.03309357795301942,0.03146377248485219,0.03021174260615133,0.029308141547507466,0.028547918887717003,0.02797982387294371,0.02770104058976004,0.02780331141120063,0.028349948792420736,0.02827976772524319,0.027285988303943916,0.025284188759519856,0.025510007486727316
2023-04-04,0.034535595776987615,0.03186681367069043,0.02943276444831474,0.027301916084770395,0.02570816161291327,0.024650021292333082,0.023816430062460384,0.023168951099177357,0.022781987587330996,0.02283510682175619,0.0232710721921362,0.023427443703216325,0.022689870298978565,0.020904800570215366,0.021196761394896256
2023-04-05,0.03453249364421587,0.03191282553482457,0.02955367028927771,0.027507077793509763,0.02601089144576256,0.025081770292062516,0.02439520795910337,0.023897390571836964,0.023645704316837518,0.023781256412323495,0.024317796782080195,0.02467473112096341,0.02412089645505944,0.022473648771396213,0.0227613319368098
2023-04-06,0.03596396546011808,0.03349690168664048,0.03120115974262927,0.029159138377888548,0.027609432532463563,0.026561133367738927,0.025714595370557106,0.025072073117838392,0.024715440781653157,0.024793929117283148,0.0252223279006608,0.025396732149600906,0.024692161469693708,0.022868275161700653,0.023103543668828767
2023-04-07,0.034532042973030905,0.03252419213608859,0.03066516298214946,0.029008466165649074,0.027793856546007273,0.02703606371683711,0.026472278047665002,0.026097479453446724,0.025962880024412716,0.02615829467257407,0.026715298482175527,0.02723802520023577,0.026804651530303092,0.025295842707672392,0.02554040427146282
2023-04-10,0.031820955535490816,0.029044778677676096,0.026860131030737703,0.02510527753128222,0.02394771746460556,0.023284273378531173,0.02283103534017727,0.022570568963925522,0.022563776469623615,0.022840183592804958,0.023516278651394173,0.024005476179093124,0.023639111560211673,0.02227652956634991,0.022507792393844803
2023-04-11,0.025908193660665182,0.023660058865035326,0.02200878855311907,0.020752639479950912,0.019982957193090452,0.019635437195411748,0.01944192570508878,0.01940651231838532,0.01953354279025743,0.019832447494834912,0.02053793372627615,0.02121151089543058,0.02100753525024462,0.019932627952239344,0.020213041368022554
2023-04-12,0.03263634971841045,0.03129734356922492,0.029926115312359697,0.028667188472999823,0.02771920510281448,0.02706582888602126,0.02651186120532819,0.02612440592271814,0.0260083828299689,0.026188209247311595,0.02662141124713168,0.02709724233105503,0.026513727058487674,0.024915095206230507,0.025235343091043895
2023-04-13,0.020962184262776847,0.02003183941021037,0.0190715641653286,0.01827602545213778,0.01774811362964976,0.017605629423585886,0.017602103830172276,0.017722382491730495,0.017976801617608822,0.018294481323536404,0.01890750147023247,0.01956717007456306,0.01931665284222723,0.01820583822980219,0.018532277508619844
2023-04-14,0.025733995994293428,0.025079482432738998,0.024415234483793336,0.023836612534500784,0.023504977600038213,0.023454395077181785,0.023541275472087713,0.02375721029124725,0.02412241285086033,0.024574713019381828,0.025473566321115197,0.02668005329990352,0.02663750237468082,0.025562995579002157,0.025982539747080473
2023-04-17,0.02380751350607098,0.022258436304453334,0.0211183789291996,0.020271442497136853,0.019827971955140467,0.01975476471336582,0.019838034997351275,0.02007714249037095,0.020481318454258678,0.02097903517440199,0.02195938673231452,0.023001927459636494,0.022895108962720997,0.021848420142005682,0.022184090609680913
2023-04-18,0.023926518695644272,0.02310973217442132,0.022517434087983713,0.02209530276768703,0.02193331200536361,0.022004210077825125,0.022192238734154948,0.022519143267329463,0.023017814254580084,0.023553349228684232,0.02455001320228556,0.02587041433249529,0.02589442711275617,0.02484829912448642,0.02527191006623727
2023-04-19,0.027211297607809923,0.026511557288239267,0.02593495838466469,0.02551211591807042,0.02533840843916995,0.025378366241144413,0.025515129408522314,0.025787949057435037,0.026272529939061984,0.026799647441745435,0.02777362773209981,0.028956963946884285,0.02876526669869989,0.027439390006594427,0.027838851989673622
2023-04-20,0.02842978638112263,0.027399747089681455,0.02644545377055752,0.025639290828399452,0.025139556564459542,0.02493580640809895,0.02486464487542049,0.024943023555572333,0.025229666215038395,0.025654515948211404,0.02650193645534612,0.027612786653967984,0.027356362536621895,0.025952925264675845,0.026358971655434403
2023-04-21,0.027184316067891297,0.025478276541279713,0.024245031814498403,0.023336638401823182,0.022869086808899708,0.022757439822213676,0.022791879785409228,0.022967116293837256,0.02332311779798507,0.02381505369579702,0.02482339852877581,0.025933877827334667,0.025808148223352215,0.024584370182305724,0.024968228216065196
2023-04-24,0.02565862044902834,0.02421492616322512,0.023280639758791397,0.022659947802292628,0.022452569821259594,0.02254846402856818,0.02277292815546394,0.023119015797638635,0.023626009497481636,0.02418482655194451,0.02527447189213642,0.026735294290226096,0.02686689144452147,0.02590428046216132,0.026336415160576075
2023-04-25,0.025919239422327652,0.02454388503372113,0.023728514165294687,0.023260435673168878,0.023218057721022468,0.023480428953044252,0.023863961633307736,0.024351392712317496,0.024973437015976836,0.025613144097164545,0.026875822623068334,0.0283499192046582,0.02855717584622334,0.027639823751264933,0.028064322122902913
2023-04-26,0.027312648467769596,0.02572293377513158,0.024843999036084256,0.02438095050386864,0.024370414651131822,0.024639552474388433,0.025019419708750906,0.025519690414117703,0.026187684845882984,0.026858917367652092,0.02818252556406648,0.029589313585703964,0.029823212760749417,0.0288859381944726,0.02928783805470022
2023-04-27,0.027587048680451674,0.025996975076017753,0.02502291394139913,0.024440857893228408,0.02430603623668756,0.02447260716863421,0.024762656226779936,0.025170218740389796,0.02575529881666939,0.026402198171817562,0.0277002227050884,0.029256445851731476,0.029542402601822088,0.02864800280640949,0.02909558560745818
2023-04-28,0.028266525815007527,0.026937815961071192,0.026033347168359124,0.02541212448377129,0.025175775458956058,0.025216580761830802,0.025383525659989657,0.02569031488463151,0.02618682891847742,0.026751800464159772,0.027881507397794315,0.029152123980902424,0.029150348182405264,0.028007516734698683,0.028426257846297456
2023-05-01,0.02884604835116166,0.027427171248810823,0.026318079094760572,0.025466937980079152,0.02504047716506964,0.024955357215988613,0.024997132052761883,0.02516814309180614,0.025523903065549525,0.026044845419547036,0.027124627895612152,0.028449855556333736,0.02844614505611078,0.027342721504326636,0.027818822432956233
2023-05-02,0.028727163295865422,0.027384290064033548,0.026314588888102754,0.025465833398511686,0.024991281721045373,0.024838907918360072,0.024816945444053908,0.024950901141336676,0.025283574790114057,0.025759366229614944,0.02673331895558007,0.027894362655313462,0.027768744506375585,0.026612331529931182,0.027032641482930074
2023-05-03,0.02935572729599681,0.028126225681217837,0.02726181559790679,0.02665658710945872,0.026471493398388876,0.02659642441905006,0.02684041594714772,0.0272039583324959,0.027732318695445103,0.028331276194576423,0.02955473107322048,0.03100388556203872,0.031149104202455723,0.030143885421863623,0.030560526712841724
2023-05-04,0.026021795680828668,0.024411133017441706,0.02355757255401114,0.02304180696987035,0.023089143233523395,0.023478330386169817,0.02400545727747242,0.024641848844787734,0.025404656644428016,0.026172968863781895,0.02764957691455008,0.02953866009672361,0.030136135199546218,0.02949487853704768,0.029969239091822898
2023-05-05,0.025648305798253588,0.02397012782505628,0.023060196634879557,0.022516403573711114,0.02258273839394352,0.023046693216832104,0.023680820690020452,0.024427958841143217,0.025290694568514453,0.02610586305698563,0.02764848815932748,0.0298756729461598,0.03076859694530309,0.03035678493079124,0.03086759830406587
2023-05-08,0.025292013059346738,0.0236278911049414,0.022730037807523022,0.022197198772472608,0.022272674037597005,0.022747422395407106,0.02339360723925253,0.02415134979726881,0.0250204231676596,0.025835896139069496,0.02737476487161864,0.029620764778263906,0.030527278838165185,0.030138077922185133,0.030654911631762496
2023-05-09,0.027556396109042473,0.026344822689553106,0.02559824650798037,0.025059225088123124,0.025017517394708914,0.025299851053183404,0.02571516008263571,0.026242217890293063,0.02690769404646602,0.027580218086494728,0.028851063348621284,0.03092033817639539,0.03157166957066647,0.030959474226848645,0.03151469379445264
2023-05-10,0.03266403847941656,0.030731421281044297,0.029380196806651042,0.028313197848085673,0.027846054036376598,0.02776183751774347,0.027834983039372596,0.028060454703073168,0.028492294665189887,0.029064976331541,0.03021727720430814,0.03185952654047484,0.03215201948644023,0.03119257878105387,0.03170250503866351
2023-05-11,0.02966702643870632,0.027795970113271725,0.02642149688819416,0.025280721151904197,0.024658894592213453,0.02442049445898387,0.02429286128205451,0.02430948793332465,0.024518418078769,0.02492115689498637,0.02572626033914574,0.026805771424596697,0.026731741196998785,0.025572139514041678,0.026103665420456664
2023-05-12,0.034868235818136306,0.03259925833028792,0.030858845082516604,0.02939173199183498,0.02854672151460434,0.02811860706768851,0.0278409150132414,0.02773209172767053,0.02787309197221432,0.028281067404447396,0.029128531399628427,0.030682131606172128,0.030872224673568795,0.029801081144567754,0.030408682065551477
2023-05-15,0.032938237149387865,0.030752943811763085,0.02900681238952122,0.027494678846532443,0.026528124500498577,0.02595087073639831,0.025488848243242268,0.02520964341261366,0.025190912019478377,0.025454705308719988,0.026015065383296385,0.02683409977937401,0.026533810340046628,0.02511843118222555,0.025641013084140556
2023-05-16,0.03339022473779476,0.03164372392139554,0.03034278803010269,0.029250507833571266,0.028676985263456668,0.028446855144942048,0.028316052487930503,0.028324235063513354,0.028539792686110215,0.02895628379159277,0.029795722468250945,0.031214339501497698,0.03131045408185771,0.030211605971973397,0.03081208127707602
2023-05-17,0.032511441691730564,0.0302474175401685,0.028598149770529144,0.027261089418967897,0.026510138020483142,0.026145677011732274,0.025901050694204026,0.025809012654377052,0.025944366715069705,0.026333510940742266,0.027148990781166067,0.028322964998538105,0.028264002906651133,0.0270528879386438,0.02759723607197271
2023-05-18,0.030906981744369247,0.028811722016516748,0.027376917108250957,0.02628208409943182,0.02578007220410576,0.025684117572338336,0.025724055245009442,0.025905018590457927,0.026277043845741515,0.02679361242718811,0.027796403879048952,0.029411304363576623,0.029623148194557806,0.028640001237597433,0.029215813448459714
2023-05-19,0.03052417366366145,0.028298104278010747,0.026831265692544605,0.02575011790489475,0.025294309580032894,0.025259697809256878,0.025375511515974537,0.025628780413933783,0.026060715803382047,0.02663916068887026,0.0277809403419529,0.029475912485164468,0.029752824502959793,0.028883671511240928,0.02947711584526405
2023-05-22,0.033671703315284546,0.03156629022655867,0.030107295862826306,0.028960566182703602,0.028386881198705523,0.028171092770379966,0.028072469686094653,0.028127318307952925,0.028412202782689005,0.028904565984947898,0.029901806857196185,0.03136298891849469,0.031298941330122954,0.030138714364884647,0.03070581316441399
2023-05-23,0.032881399125066435,0.030414825278315016,0.02872978206124991,0.027457980538641028,0.02685435941650781,0.02670058855454493,0.02669332411235674,0.026838120193631534,0.027197880104791648,0.02776276220327174,0.028934063606245182,0.03050874282154475,0.030434687845901743,0.029332298872310238,0.02988695133592148
2023-05-24,0.028248005991141148,0.025412846564251544,0.023625650937770408,0.022362610357985983,0.02186821786997723,0.021911384339049874,0.022154825775967283,0.02254064966727165,0.023085914549400052,0.023757168991520222,0.025101884310711357,0.027046461803328568,0.027386661705480576,0.02665702430821284,0.02724587047503876
2023-05-25,0.026861749803387458,0.02441028192424705,0.02293341919928688,0.021967723665513566,0.021747718123148036,0.02205664796808731,0.022564079987554404,0.023202874769900537,0.02398014962708135,0.0247616031956481,0.026260858516860195,0.02855167962412252,0.02927257568224959,0.02878924520917192,0.029431849260873465
2023-05-26,0.029092117938864764,0.026641666505154083,0.025078280330839718,0.024015454679060917,0.023683376288407387,0.023864270213027533,0.024233590536401103,0.024741894603286862,0.02542703724633222,0.026176549629047398,0.027631919996596706,0.029584405068454993,0.030112319821576104,0.02941235967942091,0.03003392612924459
2023-05-29,0.02587856311611557,0.02329806068389967,0.021592827592199514,0.02038087620367649,0.01994699206100988,0.02011665238221601,0.020517306144067705,0.02104952542620073,0.021707152809721707,0.0224472732884949,0.023885791694814276,0.026167999649148038,0.02697504366988931,0.026562942774043252,0.02726224764219644
2023-05-30,0.02836212279113493,0.02581567501052763,0.024128707400940787,0.022933064495335755,0.02247456954840068,0.022601219600237664,0.022938758985279348,0.023416281837426434,0.024049737476634265,0.02479358156150274,0.02626421059042952,0.028285166657341397,0.02897771971606313,0.028371099906340395,0.02900857189037246
2023-05-31,0.02791617649028194,0.02489966685264054,0.022975664379776523,0.02169109301878791,0.021255317642724387,0.021466044907066106,0.021903932628296933,0.022481999648021788,0.02321867754273743,0.024037462103162453,0.025679766460237098,0.027737317006958393,0.028473538077030482,0.027926463965538044,0.028555941517578728
2023-06-01,0.02861897593063971,0.025422045516055394,0.023435200996792496,0.02212983945715679,0.021691160712315864,0.021900922670433517,0.022337403504105697,0.022932076534855034,0.023701307413112955,0.024541563338432854,0.0262215324778649,0.0281716239337128,0.02890975809877712,0.02833355798942532,0.02905398681969723
2023-06-02,0.02722524929892041,0.023896745863595338,0.022074429865881942,0.02100532329959182,0.020883373251510736,0.021432420574394442,0.022243054776997277,0.023205226288477425,0.024290436400766897,0.0253354011534094,0.027393919914549317,0.029931156283327064,0.03103192179699557,0.030773320611256125,0.03150660593192901
2023-06-05,0.02790059844159161,0.025131350438665788,0.02366033500832514,0.022851263933182472,0.0228821237597455,0.023497353098646624,0.024320490466478505,0.02527022474242763,0.02634699571350644,0.02735587590098788,0.02931599636632288,0.031754883029185686,0.03280687158977961,0.03249451108810281,0.03329286982337983
2023-06-06,0.027820784196456113,0.02499945801713597,0.02353010586677073,0.022751131854690684,0.022833386873919708,0.023516815400534526,0.024418882466902103,0.025457652925868535,0.02661717606610802,0.027686310578164154,0.029752745015955415,0.03220398822571334,0.033304148526979445,0.0330093053996027,0.03375687385009826
2023-06-07,0.02822483668389387,0.025144012950550375,0.02350076219083401,0.02258888545391233,0.022583967339715932,0.023190988562899032,0.024020207695436228,0.024989371765694476,0.02609323265970345,0.027142061191721134,0.029191303758160928,0.03158498504411096,0.03269701760721518,0.032409616492062955,0.03316000947147099
2023-06-08,0.026516600049230534,0.023472320076053425,0.021801062249979013,0.02082451989035424,0.02072624354087611,0.021238295683004872,0.021965788495364843,0.022826527892891493,0.023814986192641874,0.02477264325860653,0.026650578449986303,0.028903407838683174,0.0298774152781978,0.029593120278079373,0.030325354739511288
2023-06-09,0.02912487655698322,0.02540641891546571,0.023176645222688967,0.021700632147659587,0.021177101979021798,0.021294247351662902,0.02163180683353031,0.022148038030296996,0.02286265702642808,0.02367287568861397,0.02532141120624193,0.027174991135323765,0.027787439510294665,0.027168491478468233,0.02787350584598641
2023-06-12,0.030323137004272763,0.027303223548011315,0.025515508133095225,0.024335023945813116,0.023957885047610775,0.02410616517425416,0.024413401880325217,0.024881319114948657,0.025546763442941916,0.026317460510226535,0.027879024113493633,0.029287239411399282,0.029795912343358946,0.02897444006495449,0.02965543751473483
2023-06-13,0.02940188727901514,0.02658402742342433,0.024758837556658822,0.023444609636252,0.022889515215929617,0.022874548814840294,0.02302580015099951,0.0233427724422159,0.02385375945098127,0.024502007290939466,0.025835810663765783,0.02732399933397255,0.02775157957543989,0.026898154091354445,0.027690947448615482
2023-06-14,0.030444194176019762,0.027778733030561924,0.026081143678582844,0.024861380694952,0.024397838585818007,0.024408275904834215,0.024569321118162814,0.024897970015812537,0.02544449468279123,0.026114341036565077,0.02749741693998982,0.02896126761091532,0.029329942092363698,0.02838184192715466,0.029142605926464914
2023-06-15,0.031464548565159595,0.02894436361838054,0.02723018153402429,0.025947255744029764,0.025384213486696006,0.0252940985904689,0.02534106742932153,0.025550430557312653,0.02597962604897536,0.02660643431826004,0.02796607627854392,0.029408562289801533,0.029695107725752144,0.028631578225985204,0.02941525430434892
2023-06-16,0.031331122109329285,0.029225384828378255,0.027869490790403496,0.02687424377181455,0.026526022010313514,0.026585412366461753,0.02677776714618632,0.0271232566204603,0.027666187269375083,0.028336768528696,0.029721735704793806,0.031380666695779456,0.0318087676894045,0.03085659648244615,0.0317046135010602
2023-06-19,0.031025058389754938,0.028954390545447604,0.027558879600729294,0.026502714653686074,0.0260696872359979,0.026040813592436367,0.026134265001422248,0.026366418932525396,0.026793924218668004,0.02741527322641045,0.02871758389407008,0.03005212511341193,0.03027082206346686,0.029138242743302352,0.02993463042430975
2023-06-20,0.031000483907107333,0.02862766022139159,0.02704325489355599,0.025866520665186157,0.025377881713658745,0.025334103194970346,0.025437300774351655,0.025718178976895118,0.026204658810086802,0.026818752898680076,0.028089457767665117,0.029551171496889385,0.029887960644372987,0.028878952896962056,0.029669583123167077
2023-06-21,0.031190330596743008,0.02905861613189384,0.027478256302348642,0.026203203414422206,0.025568223613184966,0.02539425571570435,0.025384471039180668,0.02554622412632126,0.025914526799932378,0.026466592424285226,0.027615390596016205,0.029290233363992828,0.02958020685255558,0.028603705408441763,0.029496301396556478
2023-06-22,0.031921537311809856,0.02985264214859608,0.02825563050617548,0.02692201077117927,0.026205815733005976,0.025926346751476155,0.02579389375428833,0.025830306020125104,0.02609332045689281,0.026568445827386204,0.027536262017354096,0.029147127229650377,0.029403011563091875,0.028304514532859544,0.029264036298873076
2023-06-23,0.03261058596899389,0.030727917255009143,0.02922028704443122,0.02791386884527449,0.027173332628204608,0.026836434674650207,0.0266367768557386,0.026608649420220457,0.0267985189928754,0.027206702219034526,0.028090811693733696,0.029575399350440786,0.029631894156116643,0.0284335869620308,0.02937335079207336
2023-06-26,0.03275087293928273,0.030952708578823093,0.029482667644263105,0.028225188358037796,0.027537222931347232,0.02725277281301341,0.027104137883556048,0.027134025436245282,0.027402366666298673,0.0278701039111393,0.028816151332615777,0.03032202500090189,0.03046508802918196,0.029276689532368283,0.030241493373768656
2023-06-27,0.032990777217151754,0.031212371801338866,0.02965623861245811,0.028277883021501245,0.027454015716984925,0.02706337379847333,0.026803645589595592,0.02672972107809015,0.02689839291556597,0.027320361975572204,0.028215570418347005,0.02939055599208259,0.029334317489638023,0.02797131141322248,0.02887521559651794
2023-06-28,0.031482361875362,0.029132434955755557,0.02731455627378249,0.025795901229293216,0.024935131825091408,0.024567222783808018,0.024349347986835416,0.02431614225156496,0.024510676400520154,0.024986639345926123,0.025988065173876612,0.027437123751489018,0.027650514014496277,0.026479375250710615,0.02720139057873889
2023-06-29,0.03110579870501731,0.028838027130825013,0.027032801065973784,0.025477151466502528,0.024571532431825548,0.0241662046558699,0.023920576598086274,0.023854666768405277,0.024005542978949815,0.024425955231410543,0.025341529569624967,0.026833763646795118,0.02708387301692331,0.026019172344495696,0.026954294600273047
2023-06-30,0.030582256688559063,0.028254366242298993,0.026419493065252066,0.024858260525635088,0.02399727566154944,0.023667761841374042,0.023510370957258983,0.023559826071221583,0.023792469814596876,0.02421833399148363,0.02519213045573279,0.026805501620532367,0.02713954101219116,0.026207259822000045,0.027104171593858285
2023-07-03,0.03206147070146006,0.03008885152681805,0.028346366664516474,0.02675670288741283,0.025763472705161286,0.02527006753758318,0.024942788515900212,0.024839890890911317,0.024940936691512663,0.02526305544416579,0.026022834497831798,0.027543398819688616,0.027715490118251338,0.0266191255621831,0.027626179781481876
2023-07-04,0.031139065245355885,0.028674232314840026,0.026682104259686486,0.025001032893853765,0.024064589255619433,0.023729178239060872,0.0236025707525415,0.02370233790316968,0.023988958748878682,0.024445712023194656,0.02545000449680723,0.0271952101321424,0.02765486467239127,0.026766893725194182,0.027737338084562295
2023-07-05,0.029844142374224104,0.027402798438137935,0.02547080261447735,0.02385125181487185,0.022982445912701717,0.02273237207596448,0.02271408214349418,0.022910406200120623,0.023266164237352702,0.023758219328107514,0.024812274418135025,0.02689983158835097,0.02761848019372149,0.026961000285522826,0.02802421120377968
2023-07-06,0.032131066212512396,0.029848233971355664,0.028015464895502502,0.026448221186053455,0.02556687869508203,0.02522443416976893,0.025068929793352932,0.025137063045051453,0.025393776165811604,0.025815919760812496,0.02674721037969297,0.02829087061060741,0.028559277688785713,0.02749329414648255,0.028442746776368155
2023-07-07,0.03095540142520931,0.02873677055058574,0.026918633955974706,0.0253749092266408,0.024535922602369985,0.02427001499655489,0.024200688566411232,0.024340428660345394,0.02464836379636587,0.025114103091351554,0.02612570741664429,0.027901969119584938,0.028333462466229364,0.027424355445851076,0.028489523910539636
2023-07-10,0.031500494267758826,0.02895686664013108,0.026901804886779093,0.025186592975842505,0.024222541430656736,0.023845470142656276,0.02367045731793202,0.023712259215289445,0.02393631689115341,0.02437394394291711,0.02540055797437749,0.02684005613680763,0.0271043705405428,0.026048554972543374,0.026975040284769512
2023-07-11,0.03185628472621689,0.028918207032966922,0.02664109412429873,0.024778208063045138,0.023758261335510473,0.023373031803260568,0.023216835789870546,0.023298749953845628,0.023572426328405477,0.024043448636618912,0.025125304792165175,0.026718190084841064,0.02711553019792159,0.02616053861333414,0.027073217574890222
2023-07-12,0.03319648486199329,0.030330278577839806,0.028065669257914826,0.026186299901782575,0.025101680585336718,0.024601814196896107,0.024302795913963293,0.024245664122869322,0.024403629542552426,0.024792420079284283,0.02574462464256412,0.02697377156782332,0.027086329433435852,0.025898369694521816,0.02676497429119658
2023-07-13,0.03234365740836775,0.029582905807995993,0.0274340052763063,0.025677494604862287,0.024698196387384925,0.024293549083664656,0.024094222092190178,0.02413350973175562,0.024371487568840368,0.02480413604551052,0.025833177805836615,0.0271891332805603,0.02741286390909671,0.026297797995759018,0.027149935650339362
2023-07-14,0.033012828638522736,0.030197853423224726,0.027995849723524795,0.026177396941445455,0.025095072173781145,0.024573883662314697,0.024257644243154693,0.024200156292695122,0.024354720344615007,0.024741915646741018,0.025656804225637323,0.026811682004504504,0.026832390070322946,0.02553716867035573,0.026362204868017516
2023-07-17,0.03178834074015004,0.02878063804897916,0.026361762075436657,0.024364478351315163,0.02314219087677651,0.022542174400952616,0.022167936723946846,0.022046440731889397,0.022124969374755037,0.022469067943681822,0.023333007136277804,0.02439121831238361,0.024349825260870043,0.023088516926539085,0.02393001060038789
2023-07-18,0.03443401654873702,0.031892422757916865,0.02981898804480502,0.028076087048528472,0.02703401250903564,0.02654268028557795,0.026249022494335274,0.026210194418062903,0.02637572324747884,0.026762470953752154,0.027683390287156853,0.028809790972841302,0.02885469077474334,0.02753476081276196,0.028344844373083496
2023-07-19,0.03314151951597356,0.03065273508090747,0.02843196308982815,0.026457834359572472,0.02514098240232926,0.024408789452192586,0.023885675892529937,0.023627088516641373,0.023578379567990627,0.02381435862166379,0.024467747573126843,0.025420183047937004,0.02526449368004671,0.02388753624178922,0.024660335372094538
2023-07-20,0.03508772751972103,0.03252130168801725,0.03035790306944386,0.028478792193970627,0.0272577888325364,0.026565524959848204,0.026058390571971568,0.02583037452585555,0.025836571166138016,0.026083358654332353,0.026725567177130316,0.027382171383182642,0.02708440029645959,0.025477095224671915,0.02612129619606947
2023-07-21,0.036012848124979756,0.03378788188391621,0.03181149181834968,0.03004598958369093,0.028873245784874598,0.028175053319997857,0.02763814871827177,0.027361397465459635,0.027311753184590122,0.027503847650028883,0.02799973803971524,0.02849675713425443,0.0280752154446648,0.026318422532331465,0.027002057112404602
2023-07-24,0.03351899228496226,0.030594504112129665,0.028098399569554428,0.025951462571840705,0.024570347291185405,0.023830526241572354,0.023318003676597754,0.023084348716332987,0.023066712164689383,0.023304463136403327,0.02392238773404187,0.024856883988604198,0.024865631124254405,0.02350742102806854,0.024257312152998
2023-07-25,0.03436365555423587,0.031442999901569575,0.02898449472622863,0.026842443290410235,0.025457466509830648,0.024697554128192304,0.024158801708227963,0.023896518395413742,0.023849025295496876,0.024084660083180616,0.02472688951609581,0.025518824607377324,0.025464533738760134,0.024063287758939025,0.024736720546514938
2023-07-26,0.036464995868266334,0.03400398438978455,0.031804250101294305,0.029827377157146267,0.028493537906106092,0.027682470702297145,0.027047161886168777,0.026706191661804903,0.026620700217358198,0.026805763534053176,0.027296135017689245,0.027931771307904394,0.02770417005138301,0.0261086179546635,0.026793349410485875
2023-07-27,0.035284771085614355,0.03284636099964697,0.030663837589920383,0.028689806256373167,0.027363607514186164,0.026580702009112236,0.025974114542420223,0.02565190011029641,0.025562646157275132,0.025768193707293875,0.026306198204045804,0.026917809239923478,0.02663094649065148,0.0250264109817728,0.025718165191891802
2023-07-28,0.03621807519297657,0.03406416790781317,0.03206219400522499,0.03022904122932929,0.028977840060095062,0.028203829668525124,0.02757960480307669,0.027231253990534873,0.027121902421972613,0.02728406012558361,0.0277295498337629,0.028199332996050964,0.02777768507165661,0.026041114953128504,0.026731625427727713
2023-07-31,0.035029326129426844,0.03266218324995202,0.030468660731134696,0.02846587124779983,0.027092484294983583,0.026240366472089383,0.025575820090792057,0.02518382146063432,0.025022503053712886,0.02516063461402371,0.025589436547024787,0.026228691466014264,0.025883342890459644,0.02429763294743359,0.025022820890582487
2023-08-01,0.035817920537834495,0.033554872459552944,0.03136628708430225,0.0293961343270639,0.02793393074581172,0.026947802234325136,0.02614289925095475,0.025613029819811783,0.025347112919178783,0.025387618628899683,0.02557730319440749,0.025974817038977784,0.025324332344970786,0.02353397297305896,0.024154902964562547
2023-08-02,0.03575117129830011,0.03358972846604136,0.03148499720005332,0.029561995134148065,0.028136606587552973,0.02718590397439069,0.026436252440151034,0.025968810457466213,0.025754805137360785,0.025826492634337724,0.026026565978723784,0.02650789950329908,0.026110591622654396,0.024383536489894757,0.02502065810847182
2023-08-03,0.03690192257213349,0.03493408253155839,0.032931570191664185,0.031074159596776344,0.029680311677003832,0.028716001879222068,0.027930675308826154,0.027456214541044445,0.027274940190505394,0.027368852503822313,0.027561348520397606,0.02794064234503878,0.02745056926170101,0.025684163730523173,0.026287170002266734
2023-08-04,0.036342920795828876,0.035255783781078576,0.033873586407130854,0.03247527945557604,0.03135643886374429,0.03054083936281153,0.0298479788865111,0.0294061375741434,0.029199931443197956,0.029236524877092294,0.02931009835685472,0.029551926341491147,0.02881632365347302,0.026884033199841187,0.02757588357611337
2023-08-07,0.03594790622830769,0.034338237455673916,0.0326822242382361,0.031144601141055696,0.030010714899918245,0.02924872995677977,0.028653676165341143,0.028321692487636562,0.028222133530682352,0.02834533703854881,0.028595215466094382,0.029050189917050218,0.028576632040266007,0.026829805860833937,0.02751966992913974
2023-08-08,0.03641159919335273,0.03481440971443147,0.033116211393475224,0.03151162749392642,0.03028514884367735,0.029424430002013835,0.028711722537762528,0.028252865517018843,0.028040952384934932,0.02812811176951986,0.028347131434569444,0.028734590308033037,0.028117753306913355,0.02627013496670254,0.026948285235732703
2023-08-09,0.036070854389803314,0.03448720895764205,0.0327612602005377,0.031122282575168952,0.029859927009643194,0.028977041734598443,0.028251040314358253,0.027782317782204448,0.027556851419299918,0.027618297277760724,0.0278289395380848,0.028181646423561163,0.027515237447932304,0.02566744298559963,0.02643061694847802
2023-08-10,0.034088187711169955,0.03201513023293206,0.029976604683925913,0.028140145288309906,0.026813446836973877,0.025969605503063483,0.025322813005204624,0.024917932879128826,0.024724520845553426,0.024847833558127905,0.0252022836163168,0.025805927168662795,0.025440366509612893,0.02392966388043274,0.02457905498201545
2023-08-11,0.034607909405996146,0.03207577438397407,0.02973143425996934,0.02767036317376483,0.02618393362937673,0.025205625302885466,0.02445104645402314,0.0239680639489256,0.02373451547864354,0.023824051173184237,0.024139130298707703,0.024769547896672472,0.024373102988009262,0.022883998428246396,0.02355512836303644
2023-08-14,0.035890156815429695,0.03364333970772268,0.031415625457697806,0.029391473014999645,0.027885965144885436,0.026856270037062955,0.02602207279605946,0.025448795202230513,0.025129227323057016,0.025187673604964704,0.02542099359165226,0.025993179619336105,0.025504283693345564,0.023892727915926098,0.024600516607787816
2023-08-15,0.03647809550344089,0.03417119960072196,0.03188969565707615,0.029792256793356134,0.02823264202121582,0.02715104703663996,0.02627610930252366,0.02566480326587404,0.025301856400434784,0.025327000285042398,0.02551044811584859,0.02614880004444378,0.025676101748524888,0.024092742474015074,0.0248194370314092
2023-08-16,0.03369467822311324,0.031139868695249658,0.02873349165870678,0.026584036438337684,0.025019301400286586,0.023979180167257273,0.023159061995362912,0.022600666770006963,0.022277937445164014,0.022324278729584895,0.022537724268454667,0.023152695980181933,0.022701382790965077,0.02122578057960361,0.0219341233840734
2023-08-17,0.035655642357265316,0.033357534864855466,0.03126606302238702,0.02941336215016092,0.028122158026224964,0.02728903892859084,0.026654028586014508,0.026276710518861907,0.026129484344868097,0.026280116267246054,0.02665894822162883,0.027256096750543773,0.02681859784988835,0.025253432646357016,0.0259568025854508
2023-08-18,0.03608132071735079,0.03387235354427467,0.03174506564567214,0.029814381559611598,0.02842404775984116,0.027495940213312323,0.026756117085907048,0.026254584929696533,0.025963196859947912,0.026019366946435956,0.02631203631050054,0.026899074988992473,0.026362839556768672,0.024753267963318174,0.025548261342820025
2023-08-21,0.03466423102043338,0.03217311013837727,0.029912994057999125,0.027924588060495262,0.02653789326405577,0.025631007067731533,0.02492390123749472,0.024475019869738057,0.024252988272980835,0.024355897738603107,0.024655078346569468,0.025393752880329457,0.02501995812773331,0.023554932657631835,0.024259669192426437
2023-08-22,0.03454916466516494,0.03224629562609158,0.030152019039047746,0.028310540280945356,0.027035995690208668,0.026199466177912845,0.02553167551385354,0.025125237416871168,0.024957313732991763,0.025105084271978405,0.02547273528546077,0.025915945417684626,0.025438398217457033,0.02388947880953137,0.02453451333637984
2023-08-23,0.03414374783054579,0.031975120224730605,0.02990534200930334,0.0280584952980136,0.026744009002695822,0.025874821887801935,0.025189119499547583,0.024754293590829004,0.024548468483627864,0.024654927489379825,0.02494352636702368,0.025442143540296742,0.024929183020850704,0.023393819163688906,0.02408838850678333
2023-08-24,0.0347996330158058,0.03239887800671109,0.030164183470471676,0.02822780319213401,0.02687615508329647,0.025987203296680736,0.02525791212603103,0.024772925282989428,0.024534989915068587,0.024648772054545878,0.024992396196047754,0.025548670391442138,0.025116204450189097,0.023596776264923035,0.02424985816878794
2023-08-25,0.034543558169305086,0.03203735251311959,0.029805344061901128,0.02789008389253722,0.026587445659956993,0.02574956480656866,0.025100777259499923,0.02472224925917509,0.024580106163987342,0.024717301379184906,0.025050652983065903,0.02559765242096516,0.025228679693989023,0.02379097257681098,0.024445365875547697
2023-08-28,0.033132342983679584,0.030729566575629003,0.028628921098541274,0.026840045662003292,0.025671282058205812,0.024970161541166658,0.024453029521712594,0.024174172119706017,0.024105708477063104,0.024342021479368675,0.02486363308226608,0.02574484599111367,0.025560481136598184,0.02428995533235239,0.02503149825259998
2023-08-29,0.03332468993231659,0.03099181972140419,0.02895807879557146,0.027228047742886584,0.02611192010544329,0.025449774860230125,0.024971742048199987,0.02472737083283403,0.02467797833581569,0.024907200943832117,0.025468873790548748,0.026102654599349333,0.025742816477555212,0.024408224362055118,0.024990106533704072
2023-08-30,0.032456625819565946,0.030294054041944726,0.028480482673013834,0.027009718975232428,0.026103814862426716,0.025661495137249475,0.02535740002134839,0.02528006434413081,0.025419924972616918,0.02568922674888704,0.026347072145307807,0.027183747717197976,0.026985066353087082,0.025792683149182632,0.026353289323055595
2023-08-31,0.032023753838504546,0.029585901488944088,0.02761533571899614,0.026032879542473845,0.025039599604748226,0.024518568027567456,0.02413889361287306,0.023997205067817107,0.024083631542461695,0.024318657625520334,0.024896310211511324,0.02551434038821277,0.025154135522551344,0.023882445332269565,0.024350619094301383
2023-09-01,0.031410575277604935,0.029362442582032494,0.027712128508383473,0.026410797371458218,0.025643387014100422,0.025302389552488622,0.02509208805248051,0.02509367300883123,0.02528859765585406,0.02557367960219133,0.02618701365712989,0.026897305794343813,0.02669373912132322,0.025535192800604394,0.025978277066142322
2023-09-04,0.0312933943120848,0.02867760054401138,0.026564554907772958,0.02490544649042423,0.023904810909810347,0.0234265890411528,0.02312500818304668,0.023064134642611034,0.023220621475490786,0.023505084444231494,0.02409576389945842,0.025093980770536393,0.025112044928315373,0.02413239219949408,0.02457795929460411
2023-09-05,0.032530856321826465,0.030012734098914886,0.02810551230866252,0.02665323600867346,0.0258147369663363,0.02542852073670169,0.025177503298953692,0.025144210728877056,0.025323171503342592,0.02562991469455241,0.026290870755801565,0.02699149094883117,0.026774305141861472,0.025620122837476337,0.025977540572971438
2023-09-06,0.03128024291102498,0.02824414943219818,0.026035486550560753,0.024399819627102953,0.023495756961641575,0.0231255239165074,0.022942596278325345,0.02300407246414237,0.02328261326061173,0.023672158754777507,0.02450527909096559,0.025537943406997325,0.02557567091689587,0.024669958767200698,0.02506843574019709
2023-09-07,0.03206647069551659,0.02931762418976806,0.02727007258798298,0.025747772444540542,0.02491554578176804,0.024596341022568996,0.024445323227578534,0.02452076003714721,0.024816797704276777,0.025216708925442824,0.0260619168246818,0.02704944057201717,0.027103759333322174,0.02611939667926963,0.02662097436991414
2023-09-08,0.03434732948254736,0.03139492848132678,0.029286424156145813,0.027743728912748716,0.026926857095821034,0.026605288100300953,0.026461475001810654,0.026565950319160536,0.026902423427478755,0.027343149154490896,0.028263175866729662,0.02933082527603491,0.029471570691361873,0.0285017434135204,0.029006235046378847
2023-09-11,0.03378398259047861,0.03142340911768607,0.029677418953967843,0.02839463060198318,0.02772591193865448,0.02748752926751025,0.02739158188171926,0.02751944551064027,0.027871414737693615,0.02829301374071174,0.029148858715440894,0.030030969219656912,0.030030784215732523,0.028965800970185314,0.02945379446007825
2023-09-12,0.033145096766043956,0.0302024059988293,0.02804207434883627,0.02662514613444973,0.02585872564653057,0.025621168691382156,0.025569020666464177,0.02576694604212619,0.02614578646134316,0.026612940051470975,0.02758933922669948,0.028514555941849408,0.02859547201282695,0.027697230171539466,0.028141176535782558
2023-09-13,0.03373978390287971,0.030970417800544353,0.028880669883391365,0.02747917705106423,0.026703415523872003,0.026444873250756076,0.02635582347934642,0.026506395395401446,0.026839487329542513,0.027285081752056416,0.02825631454721118,0.02918716380676486,0.029309340587876917,0.028274560380606426,0.028796190539006925
2023-09-14,0.03380110698002246,0.030786946337597446,0.028546637906000524,0.0270151841177494,0.026199993883995694,0.025896185624769592,0.025768375914928802,0.02587824485980919,0.026179971401450883,0.0266096073997585,0.027538610678789006,0.028417793381876964,0.028513089201912672,0.02753127792243016,0.02798111487840678
2023-09-15,0.03330055285631334,0.030373840354625745,0.028172489422780476,0.026659138768931834,0.025855599519105366,0.02557785750733767,0.025478554219086777,0.025603353890894392,0.025896007222055754,0.026306294031666098,0.027229538685254323,0.02814631962352513,0.028269582016120044,0.027306145300411006,0.02780741040647898
2023-09-18,0.03131424214988355,0.027949640661801705,0.02548490302758912,0.02379824529621263,0.02291422951172687,0.022632836917129084,0.02257613055782092,0.022758806578164606,0.02309628260131478,0.02354760199746978,0.024540939372957406,0.025673811988010217,0.02611577615295557,0.02536171052389296,0.025906470646023715
2023-09-19,0.03355226968763623,0.030393752042995412,0.02807329164103967,0.026505808622215625,0.025710576501190553,0.025474184801807544,0.025438580267729795,0.025636704480847768,0.026003981489231394,0.026485980059703217,0.027523115808427832,0.028648839802334514,0.029065395748762938,0.02823171548980319,0.02874167365038141
2023-09-20,0.03342204868133897,0.030145602240538763,0.027672379591274117,0.025948415383413664,0.025005044248880285,0.024638603582819864,0.024476368035596066,0.024549115665839817,0.024814493466880166,0.02523432901608047,0.026179141058499382,0.027031978837918188,0.027099956565213076,0.02615211349933595,0.02669017085651027
2023-09-21,0.031690714863905324,0.0279877520498667,0.025259159853151286,0.023363568159612273,0.02233573173210582,0.02194737906839519,0.02180607325075054,0.021926719302002306,0.02223330363981022,0.02269189732297197,0.02370642959820785,0.02482077738727044,0.02518442537445302,0.024429846361019712,0.024974494494891808
2023-09-22,0.03236074508949331,0.02864555200084809,0.026016685475343512,0.0242579167392813,0.02335195766118535,0.02305009804226212,0.02298948183772457,0.02318475666676193,0.02355944266835933,0.024064668121231345,0.02516484233074169,0.02618133773029244,0.02646946296600825,0.025647733683170686,0.026212573677624626
2023-09-25,0.0339246768379148,0.03084893436313517,0.028460681366852147,0.026801006025362038,0.025888174133898934,0.025505123311226504,0.0253071555173049,0.025352299291231336,0.025599760554004987,0.026015497101945975,0.026961730264073506,0.02800389324628851,0.028183853657109157,0.027285060741475547,0.027919456671649176
2023-09-26,0.03481964051325673,0.03119257314160449,0.028498848870217863,0.02662203755044464,0.025560938518551242,0.025066400065295556,0.024793889008973974,0.0248066120606371,0.025052517541933685,0.025482972888960377,0.026447895917878474,0.027225214995043073,0.027299316328154098,0.026270704693769485,0.026876129373793665
2023-09-27,0.03345182546540065,0.029860191318332376,0.02714157601595721,0.02520383230203929,0.02411703123534213,0.023660858920607764,0.02345379114198811,0.02352871119589741,0.02380832400372254,0.02426049594332598,0.025286630526573636,0.02629606579560512,0.026589186227776625,0.025757639780545176,0.026400253095182083
2023-09-28,0.03474669361894012,0.030717084340569897,0.02776345324249937,0.02568915602590426,0.02452340241464191,0.023991632833399543,0.02371571564483773,0.023730162126338918,0.023972877485556803,0.024428588140121273,0.025493608513986264,0.026402130629819807,0.02659271494343574,0.025657997375332194,0.026226067681503876
2023-09-29,0.03382065440755959,0.029634932305900072,0.02663345173979365,0.024582312137253592,0.023495554335075473,0.02307223330619366,0.022925361961735426,0.023073654115566472,0.02342989543860923,0.023957044527206352,0.025131155239282922,0.026247209093371766,0.02666788787888291,0.025894367049184366,0.026511495771746073
2023-10-02,0.03467408635814032,0.03026765208445937,0.027223744920487552,0.025207606114322007,0.024172813066339154,0.02377760918570366,0.02364748156453575,0.02380325749330271,0.024171087299187297,0.024713858533533233,0.02589363685298363,0.026939878917982454,0.027299823818353216,0.026535637917312557,0.02711621861517283
2023-10-03,0.034782831706741554,0.030743180649051356,0.027992779517510776,0.026205397918855063,0.025316490625131017,0.024999953446106598,0.024924362347814054,0.02513370994547601,0.0255475476138069,0.02610426237699548,0.027290042679749407,0.028258009068467725,0.028550008280013823,0.027686187656080784,0.028263753114468968
2023-10-04,0.03510986128340624,0.03133083496356053,0.028661005936198435,0.0268815120212267,0.02597488896545917,0.025636980352399225,0.025532374207404663,0.025700698399747725,0.026064791960973888,0.026580003470388042,0.027696920757221532,0.028823792355328164,0.02925876416983793,0.02846528559247265,0.029109229337547865
2023-10-05,0.03682165678543534,0.03366490948002825,0.03137460067125273,0.02985206015976067,0.029055197593828495,0.028716284391689363,0.028541425126963515,0.028642642108462447,0.028968960430851454,0.029443044155452094,0.030447591241309305,0.031168564699793237,0.031222259749616663,0.030079220079807206,0.03069013310168748
2023-10-06,0.03492668259236709,0.0314808140278422,0.028957026510974888,0.02722227605332849,0.026284258492094596,0.025861356508571912,0.02564193488329995,0.02569789434500217,0.025958364304986666,0.026396292688328927,0.027364083724922002,0.028090163309064064,0.028137852875864944,0.027081678271965868,0.027710330920681606
2023-10-09,0.034574015441692474,0.03131726364055926,0.02893955325923918,0.027331468388424478,0.02646460319338791,0.026081578834839306,0.025886665074517964,0.025962401602490436,0.02624474223138194,0.02668411731889345,0.027626484619483607,0.02833411042025479,0.028406070970812693,0.027373561930149466,0.027996637842483678
2023-10-10,0.03554084178995256,0.03233404791463505,0.029951664215579255,0.028311141322024887,0.02741938635938174,0.027013095994666836,0.02679580839161506,0.026840858460312485,0.027098410957505564,0.027529660274067967,0.028465239826485196,0.02934505009900325,0.029487692894131983,0.028543916725995433,0.02920870350961022
2023-10-11,0.036097822524776876,0.032987578772735185,0.030657150461904755,0.02903576740105801,0.02813748041460602,0.02770849560354738,0.02745738068671811,0.027476676428731778,0.02770310731071228,0.028116537776962578,0.02905025706583737,0.02984262698679487,0.02989568363258279,0.02881075328325175,0.029513070707744928
2023-10-12,0.03688985751968545,0.03382701391597796,0.0315196794803164,0.029916716072212097,0.029023537150602335,0.028587140191005427,0.02832224302189079,0.02833417217884082,0.028557835975359477,0.028951089728917835,0.029843984044789218,0.030491046427566202,0.030394003587009118,0.02920266822748409,0.029788037617798066
2023-10-13,0.0367843221185913,0.033479183751164196,0.030889492656515416,0.02895967137862699,0.027893503929168353,0.027341085853388857,0.027015810390973723,0.02697958716702515,0.02715780381095734,0.027543967476529287,0.028462336979048514,0.029441369464642347,0.029606459786217273,0.028681018488532245,0.02926754053141178
2023-10-16,0.03726236075094274,0.03396727484046473,0.03142601347093691,0.029553911222635697,0.02853665930508608,0.028020265190136433,0.027724496804506046,0.02772138343158051,0.027933038406803435,0.028353103033946517,0.029352018531238536,0.030352852201320734,0.030597555922962354,0.029621581649415092,0.030170238466193152
2023-10-17,0.038028098545839314,0.03509745033540374,0.032838127923857444,0.031185942408924694,0.03031122983595663,0.029867755097485776,0.029612826717175224,0.029636426100730903,0.029872069199137225,0.030297633718620303,0.03131267594417173,0.032191285677377855,0.032331089659500926,0.031249962692665265,0.03183525600483065
2023-10-18,0.03689505429938796,0.03403061965324907,0.03176927033351476,0.03008717361064414,0.029173356087553094,0.028704623610526198,0.028431402556997026,0.02843774167401629,0.028649921771212346,0.029051279628547946,0.029984885083950016,0.030902649020173353,0.03106706774025474,0.03001850901972899,0.03061922666258851
2023-10-19,0.03741598320288172,0.03444415020330191,0.032130140835143844,0.03042681111728425,0.029532035651468013,0.02910294221174694,0.028880052510722978,0.028944217963087177,0.029217327034719603,0.029672410008108562,0.030703190727624716,0.03189796966692809,0.03231336965584324,0.03138906325321293,0.032077076636131206
2023-10-20,0.03746105321650602,0.034816896145668214,0.03273624783449786,0.031215484838878725,0.030427305132852148,0.03004729905627674,0.029841343907165127,0.029911667409614665,0.03018570030983471,0.030621043062820874,0.03158746644183655,0.0325228769501109,0.032716563263982146,0.03163991240046338,0.03232444274537443
2023-10-23,0.03595032266207381,0.03300191108790521,0.030741760597207273,0.02913233644022766,0.028340858859871344,0.02802352613024043,0.027912761042250257,0.028070735642952083,0.02840572402650942,0.028868237223087345,0.029872334414046256,0.031061395463951633,0.03152581614596144,0.030701070225679146,0.031424993158434986
2023-10-24,0.035891903650962426,0.032443674219397624,0.030046264793304023,0.0284431548959924,0.02778013518979459,0.02762588706843151,0.027722379967360565,0.02809851026279054,0.028637639810250276,0.029255723244596812,0.030508864823790477,0.03186820885853101,0.03256862148933505,0.0319544390916657,0.03269672125155183
2023-10-25,0.035372909396214174,0.03244429946489094,0.030341928538140137,0.02893445200030799,0.028366458434347423,0.02826574641958072,0.02837964855100687,0.028750761106877302,0.029272766001560865,0.029871763764743302,0.03109127226497475,0.0324976776779758,0.033240255676908255,0.03264090211965634,0.033497783307280316
2023-10-26,0.037425158180289,0.03443195247816762,0.03232272160795697,0.030931495078660335,0.030348822973061334,0.030186723155904094,0.03022716961600564,0.030545171838568506,0.031036981242285794,0.03161893835757307,0.03277690377040391,0.03392392530420428,0.03447885221836239,0.03372070469331916,0.03450141814673417
2023-10-27,0.03702214024274865,0.03461119002670972,0.03300922679449829,0.03208463333930639,0.031863737740490075,0.03197861929373415,0.03223180151420642,0.032698185580868726,0.03330076007939936,0.03392900976561408,0.03513664031328295,0.03620842683207939,0.036594305836217374,0.03574262508530977,0.036666701163327965
2023-10-30,0.03603131741804648,0.032928315034035836,0.030766941509333446,0.02937695712788723,0.028864662510193147,0.028822632295151803,0.028980462068031485,0.02937698697862774,0.029911090475059104,0.030534579582994666,0.03176876990633775,0.03302347102838504,0.03367999096520978,0.032954603120818604,0.03378167677218333
2023-10-31,0.036228834303307915,0.03349967623158517,0.03166711630320617,0.030565532943290258,0.030275660851979188,0.03040360869789485,0.03072419402484549,0.0312596652053149,0.031904987164060254,0.032576280972212907,0.03388091298492099,0.03520206329368437,0.03588969089092848,0.03524833289984297,0.036097942702720334
2023-11-01,0.03544177036374564,0.03268336831604375,0.030922052617877338,0.029945239374837274,0.029794348718298315,0.030067422781687485,0.03053952169808767,0.031217257699064086,0.031986383979318224,0.03274370657908845,0.03414827643021046,0.0355931795224042,0.036392489997060955,0.03590445602928994,0.03668613788598562
2023-11-02,0.0350872195999221,0.03243949032675098,0.03074534455533303,0.02980932180744146,0.029649467194892414,0.02986484825100631,0.03022735175024846,0.03077132681408802,0.03141367191767963,0.032091518956121515,0.0334032538087126,0.03443936065580297,0.03489901548865937,0.034111955591993405,0.03484533283945609
2023-11-03,0.03340573729881622,0.030245669931123674,0.02819163104243246,0.027022214018565412,0.026770993033153695,0.026981853535231703,0.027391275659647205,0.027987118564402974,0.028679809894025965,0.02940058266209672,0.03079811675400388,0.032227867593078705,0.03305434689148193,0.03261199974878662,0.03333493270738226
2023-11-06,0.03465967775091734,0.03171600265841899,0.0299661209269023,0.028804966293655334,0.028629522205017327,0.028869215967099415,0.029288798802468898,0.0298972497913453,0.03060658903398582,0.03134774570334803,0.03276876393341224,0.03401846682657015,0.034663160380353296,0.03407332349690302,0.0346308856242383
2023-11-07,0.03264645977600086,0.029225767545205214,0.02712485860600814,0.025680982533899704,0.025330103358310138,0.025479256076871452,0.025832285360821352,0.026399385303840867,0.02705150013446294,0.027751027103317647,0.02909039127545189,0.03038361475109713,0.03112697864003229,0.030606053377293975,0.031248652410261018
2023-11-08,0.03324634300226101,0.030022726603085092,0.028071200128905235,0.026748726557001563,0.026462276367372653,0.02662561902464028,0.026977269357834878,0.027540402367230217,0.02821310840811514,0.028932216530982397,0.030324613147802586,0.03152382030574256,0.03212825028604284,0.03154884522143897,0.032113852962277124
2023-11-09,0.03250870056149569,0.029592914264339697,0.02772354148152603,0.026400734435829593,0.026024652276067508,0.026066897570786726,0.02627849268154347,0.026705208768360838,0.0272599243921861,0.027882734897415887,0.02913123940503148,0.030211633087150046,0.030560064333186508,0.029891110880208092,0.030517955470379
2023-11-10,0.03301327717676459,0.030280953478877232,0.028605056475496594,0.0275282426859092,0.027279130358608638,0.027479373291828993,0.027843872406910105,0.028423351270878153,0.02911297794842881,0.029795694131388425,0.031113324979523252,0.03228427316102404,0.03276356594042348,0.03207619238590679,0.03270071197879128
2023-11-13,0.032253615967866946,0.029849638554381934,0.028323233843506865,0.027302200392595493,0.027024498226392996,0.02717725292532629,0.02747893643933077,0.027978580531525323,0.02858173225384513,0.029213538688581047,0.030461906765038377,0.03150001125621251,0.03189336345496942,0.031139532956091374,0.031687419696390065
2023-11-14,0.03262405383445349,0.029888692879451652,0.02813737554402719,0.026960032523824336,0.026596326259148203,0.02669176177747157,0.026950383486983483,0.027428198552998245,0.02802334347519355,0.028665789979652388,0.029926074227169246,0.03104941521872882,0.03155108497583702,0.030870560896750627,0.03143872036380045
2023-11-15,0.033756995922418084,0.03138257052301972,0.02984485036570615,0.028816867023506058,0.02853443602924821,0.028675814823420687,0.028953859407254756,0.02942538876009145,0.03000235276868344,0.030624786795196476,0.031852903462680306,0.03282817072916054,0.03312668960852936,0.03228812779257938,0.03283338799235719
2023-11-16,0.03353878247858881,0.031232495459220487,0.02984742283436225,0.028978380117859973,0.028828213387588415,0.02909498670975836,0.029492159964870597,0.030100245832564633,0.03080786684078897,0.031497113507463606,0.0327900408787033,0.03381542293945682,0.03422982072564118,0.033377099345683524,0.03386984870944622
2023-11-17,0.03302291880604327,0.03125737103666956,0.03018651401822162,0.029472271997291122,0.029465377781663752,0.029773278348784248,0.0301808747406359,0.030773878174662987,0.031451752508991376,0.03211261857345688,0.03337610878161672,0.034249588684705304,0.03445186179968933,0.03346074422237459,0.0338860268805683
2023-11-20,0.03222573965487702,0.030050006128744904,0.02873638132863556,0.02786584369321084,0.0278260513199555,0.02817471422777491,0.02866408229194256,0.029333597749551753,0.030077171662944754,0.030811068209436306,0.03224726142519876,0.033493902599598877,0.03413313499710361,0.03350588681312632,0.03403139514386789
2023-11-21,0.033145152795395906,0.03109057317501467,0.02981572138222905,0.028946803310778653,0.028834664536848627,0.029059425990134894,0.029398408439262984,0.029943090581396787,0.030596405684359205,0.0312634479715354,0.03255046311811206,0.033362392454558035,0.03358543143443731,0.03268251456831163,0.03310979903495934
2023-11-22,0.0329760273994121,0.030519625030696163,0.02889636824309392,0.02772092293317001,0.027406985492189832,0.027511014806608607,0.027763606750418807,0.028219064925078703,0.028784470252492474,0.02941374607019282,0.03069689199417321,0.03176271796470887,0.032184729486084404,0.03144462166084001,0.0319281679994203
2023-11-23,0.03358171140758411,0.030922187456615593,0.02926379620901759,0.028121616914776715,0.027882228751628355,0.028077864635920467,0.0284401756143706,0.029018986740251308,0.029703525885730157,0.03043829563529425,0.031843072696490685,0.033002462288649996,0.033658043773609314,0.03298540604960764,0.03348490991378297
2023-11-24,0.0316719074782287,0.02904801264669095,0.027397097676897693,0.026269088501781595,0.02608149511149337,0.026366937075808783,0.026831382878387457,0.027509457847266574,0.02826860157171984,0.029049193777316743,0.030542537477948765,0.03210249103741908,0.03302539795280149,0.032633856758694096,0.03334759856115617
2023-11-27,0.03075777714245214,0.02790618237345833,0.026114305652070353,0.02488187136283851,0.0246609113895325,0.024961470113840645,0.025475454387514748,0.026196930313350245,0.026978801732379154,0.027772981854723447,0.029324496481120257,0.031096886125131548,0.03215680443529707,0.03198007017837658,0.032775403377423226
2023-11-28,0.031238119143591845,0.02921021718640833,0.028012822713121735,0.02723676928830129,0.027303285564735894,0.027755009346701838,0.02834647432039341,0.029126519055629553,0.029963439375696885,0.030762984370856627,0.0322680106198324,0.0336483347686447,0.034405441238354165,0.03398489087363278,0.03477503553984034
2023-11-29,0.030582565811809726,0.027966013198503874,0.026319545895843753,0.025197460388579056,0.02503509147938754,0.025347320662394864,0.02583663860965749,0.02652346411588394,0.027277123021444884,0.028048431995906828,0.029554588919345037,0.03096762962436328,0.03178170365917333,0.031311976318142365,0.032129663592820816
2023-11-30,0.030696080341799683,0.028034910461278897,0.026326012320116172,0.025123977862998435,0.024845571225127275,0.02506243233902849,0.025471264271300486,0.02608443497325954,0.026771572872033415,0.027514894271349857,0.028975624396725446,0.030485215496927197,0.03141518106618348,0.031009656825353046,0.03178530161681807
2023-12-01,0.030972936497484956,0.028189471986180215,0.026383304003038077,0.02512199040219433,0.024810277165481266,0.024990399992309266,0.025357332385357124,0.02594200867756301,0.026629805365389954,0.02738978041442292,0.028921741479513614,0.03056292744310316,0.03151494191608677,0.031153964195242207,0.03192105521418775
2023-12-04,0.03218521921386097,0.029004732069239442,0.026873328466171482,0.02530102195311103,0.024723359825156735,0.024664964501282624,0.02480109503922806,0.025190986962469807,0.02570997440668264,0.02638979282912076,0.027757277086614948,0.02913957174996964,0.029883795976226667,0.02926043427051557,0.0303236215034519
2023-12-05,0.03224187307197401,0.029175114092289213,0.02722480943599998,0.025852967337868064,0.02546002093027367,0.02555907666909239,0.02585258561021464,0.026372652454000268,0.027015913800889704,0.027777973071464863,0.029295224902452423,0.030798546825989155,0.03163892992909247,0.03108017114811152,0.03184786072393713
2023-12-06,0.03268957465884892,0.029340945683602362,0.02713384318839476,0.0255456851541903,0.024955290116454035,0.024872516242786157,0.02498978143363738,0.025356989985867415,0.02587066357351334,0.026542864554660955,0.027897011789615244,0.029117020359507553,0.02966208626922098,0.028894957732996576,0.02968783618150532
2023-12-07,0.03211715271875352,0.028685962092847135,0.026384516137915454,0.024708525499416163,0.02405242237679687,0.02392602653099346,0.02400655571436372,0.02433538552170885,0.024812493723128406,0.02544127126566523,0.026761225135431516,0.027990366858753106,0.02846945803447342,0.027681619029615467,0.028433132148069473
2023-12-08,0.03335554006596636,0.029889521630287276,0.02762961418246529,0.026012723955381973,0.025448834497648884,0.02541435412418791,0.025606182899584197,0.026051637194102074,0.0266381186723312,0.027345381298166643,0.028815062525829098,0.030357631047147105,0.031191112444744058,0.030535664902434565,0.031229039818815044
2023-12-11,0.032629834465337446,0.02957534626558598,0.027568847057420694,0.02612265689371622,0.02561322190919185,0.02557370969408608,0.025727597029273075,0.026121203396930703,0.02663948748981737,0.02726074814708447,0.028577742484361204,0.02995020210369115,0.03056403583590385,0.029780426425469877,0.03046419872508646
2023-12-12,0.034403611671130166,0.031106693426007245,0.028914606125718355,0.02732940743275682,0.026726754770286385,0.02661876282531891,0.026713033210216557,0.027060452215978137,0.02755967335477337,0.02819615137926552,0.029551754906099743,0.030799593967750068,0.03134588255633973,0.030464940132213722,0.031051652584715823
2023-12-13,0.03292147109206216,0.02914803899296092,0.026573559328233635,0.024707364421757368,0.02388202107332662,0.023603140747454527,0.023618992679961533,0.02387607709451963,0.024302675504851486,0.024887002797369627,0.026145852977741003,0.02737782301172983,0.027995056596700367,0.02708735529527572,0.027570237213573386
2023-12-14,0.032939106183776386,0.029503492505749955,0.027138194602440668,0.025437248074645636,0.02474599705875601,0.02460015742191666,0.024743369957370087,0.02509585940990413,0.025591475154562435,0.026214674944915403,0.027566399230374426,0.0291104083964693,0.029952593160267216,0.029258483114825092,0.029872403584924042
2023-12-15,0.031609459777771506,0.02834617531636952,0.02608301766193291,0.02442744584604901,0.023760429422484117,0.023623916143592542,0.02380879650661782,0.024195265614706956,0.02471077585715937,0.025352414880343753,0.026699924312421443,0.028242416878197105,0.029164960691074066,0.028520594153356324,0.02911916381865528
2023-12-18,0.03175223574206027,0.028619016278387296,0.026483861527875713,0.024969096069173673,0.02441528901310916,0.024362922649051353,0.02458445021433647,0.025017890015331147,0.025585554849283355,0.026244756602952862,0.027587803523095582,0.029111073106980908,0.029953391219524575,0.02920041934009671,0.029857078477177675
2023-12-19,0.03310485537453642,0.030050667090561457,0.027904498135238508,0.02634324598004082,0.025697169889604646,0.025520910799169533,0.02560560963461183,0.025904838102026893,0.026360307957907284,0.02694117165584319,0.02818318859223702,0.02941077466115528,0.02993308609307173,0.029002395309192196,0.029584439889572677
2023-12-20,0.03112183356908829,0.02794179835326411,0.025695684086580264,0.024043793420912167,0.023384540816809164,0.023268886180718155,0.02347455688440558,0.023885777982624427,0.024414195605032562,0.025037039852866885,0.02635782208478457,0.0279850667733063,0.02889208475733197,0.028201002842412656,0.028848503062139517
2023-12-21,0.03202985178759463,0.02888281248296297,0.02667093188337464,0.025058309093376255,0.02437944837945443,0.02419975671644396,0.024312190553919723,0.024647948197603253,0.025135939383016066,0.025708069604453033,0.026859116728465908,0.02818755136874608,0.028918042115616216,0.028107609884623103,0.028672803269596994
2023-12-22,0.03259591542583978,0.029599111466087603,0.027480444780978802,0.02593015603286386,0.025252954269571564,0.025037177248538697,0.025088464801507847,0.02536748196770308,0.02579492711664638,0.026318773051857536,0.02737240509647274,0.028537795840434674,0.029055957551907992,0.028096657930735975,0.0286494829079514
2023-12-25,0.03342903955061918,0.030420859149393725,0.028289116531555646,0.02673626991463629,0.026060954425035112,0.0258390910828555,0.025871346153260578,0.02613125816462189,0.026554508422800223,0.027090958339744474,0.028171312720022375,0.029220929569251642,0.029665077352101138,0.028659421265554666,0.029144280667230467
2023-12-26,0.031192662067831518,0.02795335152318465,0.02573655970628602,0.0241608166867106,0.023546029972051616,0.023432457063113872,0.023615273520592794,0.024010134186277652,0.02452845294962399,0.025140665526588377,0.0263990773365567,0.02764620264026179,0.028340804237298803,0.027511562967706897,0.02802325948997158
2023-12-27,0.03050751978097278,0.02749974387346632,0.025468688846091398,0.0240432023651692,0.023541716462618118,0.023515235126551938,0.02378426979220588,0.024279017331925615,0.024886279140479285,0.025544992002356656,0.02686930333370302,0.028317010884888076,0.029174370867613673,0.02849610410358242,0.02904370742479031
2023-12-28,0.029136863424303914,0.025769201895587075,0.02365688901670474,0.022262463325117773,0.02187887897696694,0.021986337162923406,0.022381744108434232,0.022979680470687634,0.023664904601074302,0.024364787003228833,0.02575615948584748,0.027181250650334714,0.028092393315423587,0.027477095570559606,0.027988613456058246
2023-12-29,0.030175660328588073,0.027208793682598556,0.025382808890256927,0.024189156024369794,0.023874612866200483,0.023948073206173686,0.02426108563510065,0.024776495466108238,0.02541021766312853,0.026084765446269236,0.027404549552985644,0.028664968551024884,0.029368419946060254,0.02857485979918617,0.02914817281299699
2024-01-01,0.028109365266661548,0.024979927286112466,0.023121497168270715,0.021944269340302688,0.021707518076815126,0.021899520715876523,0.02234813953254274,0.0229701563448787,0.02366690769921597,0.024379143717984053,0.025832461996504078,0.027290738990846032,0.028228135872931482,0.027672779608312104,0.028161602562815045
2024-01-02,0.030918819000944578,0.027462969893016626,0.0253243910542709,0.02391798548293723,0.02348208338312744,0.023471126408946472,0.02369429329520081,0.024130403447851653,0.02469371577594879,0.025322708010125428,0.026568142115033992,0.02764239093360775,0.028212386577746197,0.0273103174491138,0.027698558522042158
2024-01-03,0.029321097426143517,0.02566318061468456,0.02324471638022435,0.02154780908088851,0.02082955972431349,0.0205624285669474,0.020541937028759935,0.020733101894486308,0.021065560744288586,0.02153347724228289,0.022493700650193092,0.023362003344303106,0.02373984993134945,0.022782192011547207,0.023160777815205126
2024-01-04,0.03217567978173771,0.028359872532552947,0.02590346859294298,0.024196724469263853,0.023494044385339797,0.02321541501366923,0.02318848615202172,0.023380794634797863,0.023743398859303426,0.024261537154108857,0.02529375771072121,0.026203416802818978,0.026562593701134615,0.02546219098174126,0.025855588440368133
2024-01-05,0.030501207304311675,0.026590693478876673,0.02415407929642631,0.022503573299599212,0.021907133522628023,0.021760472489220722,0.02189374795272797,0.022245936807277388,0.02273292723649046,0.02331381628950933,0.024456709912743492,0.02555016020014042,0.02608227320725709,0.02519013266083444,0.025580636845857693
2024-01-08,0.03204634287424367,0.028446433676477565,0.026114817976721112,0.024508269204176644,0.023845872436984057,0.023581956669580347,0.023555569118560327,0.02375874054698267,0.02413453486832061,0.024635814151048055,0.02563645548345935,0.02642135667870148,0.0266711705614755,0.02550546112283015,0.025793821796908437
2024-01-09,0.030668781498268287,0.026690685387711476,0.024160494504595387,0.022490413678391646,0.0218740222828956,0.021709971017639156,0.02181640732465777,0.022149140900043603,0.022630976695164305,0.023210487243592183,0.024348107438045274,0.025403258322778177,0.025910976144494453,0.024959526372930245,0.025336231826975652
2024-01-10,0.030619579826185638,0.026731652363578683,0.024138039821429386,0.022377495720502488,0.02165992445198185,0.021413924816638993,0.021446713048066335,0.021703571439237866,0.022124342497952677,0.022661080472268003,0.023752070993775985,0.02477638301821432,0.025233085374625347,0.024251661132284195,0.024650514010420094
2024-01-11,0.029681468595241657,0.026481573002713078,0.024259448751993963,0.022643131492221788,0.022100903253935322,0.021901926899277877,0.021954293805901068,0.02221651042730778,0.022628863579792227,0.023150710394056993,0.024217255023498207,0.025249243531101258,0.02575177396859201,0.02479700403685537,0.025162774806734886
2024-01-12,0.02766650520351784,0.024390958813810613,0.02217576358023271,0.020622298461039235,0.02015882835907393,0.020058043310047798,0.020198269167535025,0.020546973920375182,0.02102272687581227,0.021600268067839788,0.02275787044747425,0.02373991431784986,0.024236056479967263,0.023425945406410666,0.02375188329271333
2024-01-15,0.028362929384936217,0.024589218155572145,0.02209871297945022,0.020380266821932655,0.019866249229603023,0.01971991420904364,0.01980992454392796,0.02010507909910159,0.020556040161025357,0.021134631518109494,0.022307758043502376,0.0232188676827812,0.02374319113348331,0.022600801920985444,0.022989427398874367
2024-01-16,0.02850437669343373,0.025135011716177873,0.022853196267788683,0.0212504145566735,0.020791479849566644,0.020681572343663735,0.020816146892886224,0.021148929562832153,0.021616400158228705,0.022170027749640324,0.023298263311767764,0.024429746243101597,0.02509122541198412,0.02432442170703291,0.024703205652833085
2024-01-17,0.027216178787833695,0.023600221925352306,0.021155820070082723,0.019451563587326113,0.018958591044080833,0.018846984302736857,0.01898215026663054,0.019312158249693633,0.019766158492929904,0.02030206998768427,0.02142456333162024,0.022421772664231204,0.022985542912969392,0.022179675452130662,0.022520794972309213
2024-01-18,0.027457045798398694,0.023984705673909246,0.021634389207300698,0.01999200180723975,0.019512260429120052,0.019372997523902723,0.01946540681985958,0.019750305265233473,0.02016828722759547,0.020674934442444434,0.021711613102020712,0.02253247103230175,0.02291374709863281,0.022020580872568342,0.022367903749177437
2024-01-19,0.02740391798243603,0.02372252083240512,0.021257295839337904,0.019559340178409046,0.019083882341835518,0.018969611475858204,0.019106162207706865,0.019440945735522373,0.019905798101429315,0.02045476665640772,0.02159103853777595,0.02251286291034643,0.02299171012317372,0.02215354444334523,0.02242411319905757
2024-01-22,0.027298949933320833,0.023521278536907164,0.02093662884586956,0.019119442216084012,0.018545944875470843,0.01835204601083979,0.018415958824479668,0.01868379239777865,0.01909308325255063,0.019619740220425178,0.020710408473775494,0.021797692452632758,0.022389649218085676,0.021674984012401845,0.022159576529817315
2024-01-23,0.02704849433818499,0.02348019707979875,0.02103692508193128,0.019321756947350856,0.018800460764080224,0.01862424751200617,0.018684514549092444,0.018941934750735755,0.019338092561562215,0.019842889176754894,0.020883503131470967,0.02181067256167081,0.02226485142565952,0.021456148941097954,0.021918766114846205
2024-01-24,0.0270251525024137,0.02375573345068407,0.021482522369027684,0.0198689266122549,0.0193908118927332,0.019222898568587242,0.019273312213556645,0.019513232273146705,0.01988779696202303,0.020366129209293135,0.021350681729228622,0.02224758733374798,0.022647099964148133,0.02180778328730744,0.022290266134568786
2024-01-25,0.026026587741172513,0.022602590149590394,0.020178729592878374,0.018436186416719492,0.017855073968883094,0.01761602390564408,0.017621404717590085,0.017826639165147963,0.018165468093697658,0.018616517068371308,0.019538489971606877,0.02033930944130639,0.020696740415582136,0.019856608608235883,0.020162156886200322
2024-01-26,0.02516582490557358,0.022336515591666613,0.02031490581220187,0.01884837520402212,0.01844882466189508,0.01834172874727611,0.01846565364117925,0.018754956048189674,0.01913144141321809,0.019589894447196284,0.02055548424739559,0.02150477455769653,0.02198375233223867,0.021287921201983487,0.02164738252732702
2024-01-29,0.026134278304333295,0.022792687881355373,0.020576408035691204,0.019081502560797933,0.01871506379896264,0.018649374605437703,0.018782550508660144,0.019092798901701118,0.019523312434218818,0.02006227427618339,0.021155101778056212,0.0221012945545514,0.022626112518158777,0.021866410388193813,0.02210551394519953
2024-01-30,0.02764100338230352,0.024181250446154715,0.021803729810854863,0.02013735969670879,0.01960253692758906,0.019371892575320127,0.019340583565378905,0.019499578436907212,0.019806041460902604,0.020277447092653448,0.021259979655200142,0.022102426305539505,0.022501345034288984,0.021614801214224863,0.021858543100458705
2024-01-31,0.028337946649081302,0.024689501708811467,0.022183785758905162,0.02043365468909947,0.019853606481357696,0.019613435139978763,0.019613544243883365,0.019822954909278767,0.020183654304770888,0.02067785744420941,0.021690703118739687,0.02262586853107588,0.023113489185493722,0.022356436183605964,0.02265282443896743
2024-02-01,0.02825048293433303,0.02428827640413863,0.02164596739497947,0.019894912453270804,0.019319119741385914,0.019188890668985707,0.01928619577560683,0.01957499716650315,0.02000233813784151,0.020579487043905928,0.02178985077578961,0.022897573716561183,0.02355962186816414,0.022896317216942734,0.023193346058537682
2024-02-02,0.030150624439762606,0.026372725870872693,0.023781119920477538,0.022035339918951666,0.021376121188809397,0.021094961625227282,0.021011473055248264,0.021136247982484528,0.021449162664214774,0.021931596262861994,0.022937710083120743,0.023713016720056865,0.024039067946905256,0.023114409518360194,0.02343683874469307
2024-02-05,0.029814750256466117,0.02596748720120099,0.02334796609631479,0.02158826318462425,0.020916126764195096,0.020610306232838178,0.020496901984997838,0.020584321087630832,0.02086473413618304,0.021334495463088868,0.02229321675362058,0.022971827270690942,0.023240437485109282,0.02220110402290996,0.02252316275912805
2024-02-06,0.028029399423042053,0.023826338727317452,0.02104829756674842,0.01923877253824756,0.01862741133656076,0.018442243711710122,0.018478148288602225,0.01870259382898797,0.019107846407919734,0.019686104363055252,0.02087606061778058,0.021737225414589882,0.022185376612578092,0.021362919362902962,0.02163425708736755
2024-02-07,0.029003719260222223,0.025316501844884015,0.022829053847519206,0.021209814035180047,0.020678252715212894,0.02050660881794216,0.02051359932612335,0.020693718561444432,0.021062839910275154,0.021603231049814625,0.02271953084958057,0.023615699496362802,0.023987618932652718,0.02309179856609339,0.02339983285391257
2024-02-08,0.02967017617539083,0.02586407452569862,0.023297995192106617,0.021625294075326807,0.021052613293776168,0.020854082302613562,0.02084673663060345,0.021024108487884885,0.02140339586519701,0.02196669558534924,0.02311122774705289,0.023854294081144468,0.02411644449262722,0.02313089552356524,0.023403729572684658
2024-02-09,0.030326253045481387,0.02623703373750191,0.023515597676322202,0.021773170782471787,0.021176580656275635,0.02096561609673723,0.02094301448249017,0.021115213406011316,0.02151265604076093,0.022091994573593475,0.023284988639314722,0.02404635130109789,0.024327460652940718,0.023331944059153703,0.023562556479047644
2024-02-12,0.02893968115943689,0.024846489169510974,0.022150151480671284,0.02041248141793529,0.019826103947078243,0.019621297047356982,0.019613110394676173,0.019784121614225606,0.020165922955208013,0.02075864024385438,0.021945214583467796,0.022749256706823703,0.023112284084231532,0.022198003031971492,0.02249004281477407
2024-02-13,0.02946144793233667,0.02588745929217165,0.023452426109964942,0.02188314443760487,0.021366146097209174,0.02119512666038946,0.021197008899961754,0.021373496512302557,0.021754595153146195,0.022312791762946843,0.023454481658894567,0.02443590854220144,0.024814909737827504,0.02394586079088485,0.02428943005759571
2024-02-14,0.02886084626690997,0.024994835655770375,0.02245102983717808,0.020849782833266918,0.020345377344011723,0.020193165698081172,0.020213914143904534,0.020400802667010352,0.020784387622427895,0.02133978770780742,0.022491623817009657,0.023300158661370297,0.023594976332359782,0.022678270514622914,0.02292460531141065
2024-02-15,0.03128596670717824,0.02766127298011084,0.025178453628460086,0.023556953832862337,0.022946174495718334,0.022653490914883105,0.022519325987583536,0.022575351499375066,0.022857697124056713,0.023339561094090085,0.024303309310666637,0.024973846787642553,0.0250810823221444,0.02394889246397701,0.024233742128865244
2024-02-16,0.030996724485493853,0.02702253436437518,0.024407784372366147,0.022750870739143267,0.02218161863378885,0.02196835022972204,0.021940083538576325,0.022101439506491898,0.022473057301213684,0.02301977785733231,0.02410087747223231,0.02497994007259234,0.025340980078891035,0.024363669729340072,0.02464544003490366
2024-02-19,0.03130016321794171,0.027430221860268965,0.02482007113758404,0.02313615416966598,0.02251008591629765,0.022220859828178657,0.022101440753079,0.02216821516739011,0.022463100113137728,0.022958663650837034,0.02395090085654338,0.02467282687382081,0.0248604676417337,0.023737360961574916,0.02396778519460047
2024-02-20,0.030890068674374282,0.02674618634903233,0.023989787162327567,0.022218579874425815,0.021557928848528026,0.02126775006497359,0.021164114461167102,0.021242941118987613,0.021540557400015325,0.022054411416249538,0.023130809459322707,0.023838441760461924,0.023985639697595342,0.022921942645989093,0.0231177981901007
2024-02-21,0.03176848119903807,0.027872119575566345,0.025313056023807436,0.023699022684604897,0.02315393532874152,0.02295256937778688,0.022934280121939193,0.023104195987191888,0.02349049356905506,0.02405878941810176,0.025207052154196566,0.02610986491516616,0.026431518297004578,0.025407867449723315,0.02559244733132692
2024-02-22,0.031223770201933516,0.02733420089808147,0.02476004261588609,0.023134779612833677,0.022576570795652826,0.022368839014566325,0.022349495156252848,0.02251967642568416,0.02290193393170432,0.02346020992783601,0.024567264515279283,0.025505103991528236,0.02586160926976666,0.024947211099997785,0.025177893128801723
2024-02-23,0.029471548673052884,0.02574335918151842,0.02334281604674104,0.021869741522280692,0.021453012790883005,0.02137655929485545,0.021489181735502887,0.02176144580652263,0.022210163662389502,0.02281858085568729,0.02405369849447779,0.025192040671157725,0.025794163756669264,0.025063940487690634,0.02534086142624102
2024-02-26,0.03039578684788765,0.02634285346659054,0.023679743720472567,0.022008076075912607,0.021437439264544892,0.021233148292294453,0.02123049959577944,0.021413100855502642,0.021808354894092732,0.02239205924121261,0.023574281966716924,0.024673950689154265,0.025204173984354223,0.024419038156702537,0.02475901775606528
2024-02-27,0.028892326623082956,0.024750543048535155,0.021987122877657785,0.020219241078425803,0.019584107376794134,0.019355832993570934,0.01934839417222295,0.019528055231809553,0.01990090751347839,0.020476683916098033,0.021642559466095092,0.02274290915624084,0.02333349798109758,0.022705876367226967,0.02313463160128393
2024-02-28,0.02999981111605831,0.026331020704195893,0.023867721763822767,0.02230691689552174,0.021800223853237315,0.02165275775138059,0.02169657427847031,0.021907154980759534,0.02229496099841011,0.022870185297784333,0.02404238283560936,0.025119202244165185,0.02565001075176895,0.024937057520190823,0.025362955989685017
2024-02-29,0.027271526212481374,0.023473997233729078,0.020964544270256378,0.019392646944575445,0.018913470081782166,0.01880814532520324,0.0189002812201212,0.019148283373947392,0.01954710413817182,0.02012045804492872,0.02128326617681779,0.022285842877069775,0.022811140923605082,0.02213673143724081,0.022500886115058055
2024-03-01,0.02923431125921372,0.02549257324493501,0.02299020793943609,0.02141326092772256,0.020855738252703482,0.020685192081135624,0.02070906224520203,0.020887186580366948,0.021278965092893582,0.02181765953469599,0.022954128762806336,0.023859352678451278,0.0242837654604374,0.023467742609431613,0.02366047312735027
2024-03-04,0.031287266690359604,0.027645749706459125,0.025142577614799013,0.023526910009395406,0.022878697531626857,0.022594355228138213,0.022490717663916485,0.022567062963415617,0.02285501318374151,0.023295124902647086,0.02425445724165325,0.025123749328700033,0.025438329276411046,0.02452795189280683,0.024939229236983815
2024-03-05,0.031011694081797516,0.027532418834764465,0.025211086117052115,0.02379718342449389,0.023322378447810873,0.02318623243637059,0.023208474825643893,0.023392877671120773,0.02379187302921854,0.024315687065254943,0.025385917456004953,0.026337797101181348,0.0268080440732678,0.02594200152050565,0.02624413395527944
2024-03-06,0.03023889492513085,0.026841672660993698,0.02447898963778257,0.022978754900052804,0.022407122875927905,0.022188653066777426,0.02212908329034459,0.022222540477594577,0.022520202624161247,0.022976050782848957,0.023979771563067007,0.024971360718867103,0.025453557191701035,0.024641502618762995,0.02507483703726154
2024-03-07,0.030257002740016872,0.026638664331841744,0.024119061580769503,0.022491730656001165,0.021834873580845973,0.021566197424125917,0.02148945539567937,0.02158440199905029,0.021896264358417714,0.0223751493652117,0.023403554814263962,0.024446724004457777,0.02499303230154273,0.024232973308210587,0.024576816982849876
2024-03-08,0.030933626581340818,0.02754576256935866,0.025188009366973976,0.0236821933398505,0.02307461465302102,0.02281396376196907,0.02273151756627654,0.0228220314624436,0.02313474926043091,0.023605604661659525,0.024599665595697748,0.025625428861711742,0.026115469358068345,0.025330227927947938,0.025745008469841492
2024-03-11,0.031597077220201976,0.028306793180823485,0.0259496777266928,0.0243944200423247,0.02369023228316102,0.023314732283662713,0.02311573201954215,0.023087823503987352,0.023302430143010852,0.023705596083824425,0.024581112353653095,0.025468705062968108,0.025823555625899008,0.0248528139635541,0.025228180132133092
2024-03-12,0.03171125903919002,0.02837726984844505,0.025992300156360677,0.02442258186865524,0.023711686897378872,0.02333259379825533,0.02313784341118688,0.02312188060270048,0.023345147797922305,0.023753590593071354,0.024629353637472696,0.02555272701240489,0.02592332394805869,0.02494588576306829,0.02533423834354697
2024-03-13,0.03130664048919464,0.02812931392600783,0.025805779068540983,0.024246308964792206,0.023512706263065588,0.02310415895159586,0.02287587914039725,0.02282611917990463,0.023008119023435525,0.023360680672874896,0.024131829305898033,0.02490172994385476,0.025086372699225166,0.024008534826993305,0.02444818028402715
2024-03-14,0.030977082192398683,0.027454951161009513,0.024995564006344305,0.02326136386682168,0.022455881853124218,0.02203198246755096,0.021830870397542477,0.021852892335064034,0.022050060751504553,0.022421856750306387,0.02327699405245801,0.02422500777290037,0.024578412765075212,0.02362891325869551,0.023968459373544828
2024-03-15,0.030567076583857954,0.0269913111510734,0.02452479346915135,0.02280532589301977,0.022034194795517822,0.02165961721630209,0.021520008568437995,0.021606829183281984,0.0218495703604093,0.022250918139906456,0.023195946122386846,0.024300790579900065,0.024826598936587355,0.023958582970277687,0.02431733317480247
2024-03-18,0.031598789629914775,0.02885794529860837,0.026776702933532376,0.02522663293136659,0.024494793555277034,0.024052168754865346,0.023798791921585565,0.023768206919771794,0.023912085732224603,0.02422716292552472,0.024993668659011637,0.02584084132708875,0.026034286189893573,0.02488922547652691,0.025271807692738034
2024-03-19,0.03150562910885996,0.028400092376209784,0.02615831935507241,0.024537983496418635,0.02381762037549134,0.023434936430264227,0.023284810475729265,0.023368923346041886,0.023617233352951746,0.02402295750337409,0.02496036613722206,0.026013142600859848,0.02643663799783487,0.025493841612560852,0.025831666063418968
2024-03-20,0.03144206514127943,0.02837199793432337,0.026151052975545232,0.02454367248737695,0.023832983572868036,0.023432738870071045,0.023245924081340585,0.023289499220724673,0.023503764851049047,0.02389057668258325,0.024781803637041286,0.025768411239360526,0.026128427984691664,0.025143611453457428,0.025510066667955147
2024-03-21,0.03198420343188024,0.028881093897830334,0.026609819299146943,0.024963244148005225,0.02419688673774628,0.023745557225161355,0.02351286547605278,0.023529385182948493,0.023720672110282053,0.02407792440577288,0.024870827630870975,0.02576146059317334,0.026076692699370598,0.025083658294522863,0.02539982420987278
2024-03-22,0.033023476749143126,0.02978282684141274,0.02737770905351181,0.025602585474465294,0.024723757035534675,0.024161807681241404,0.0238281664753561,0.02376397130807429,0.023897030194348075,0.024228256733179007,0.024958455848877657,0.025658570532209088,0.02590366513661582,0.024783567075730345,0.02508677021625033
2024-03-25,0.032547370145147636,0.02909667326889932,0.026526864755317844,0.024606797062089642,0.023639115392158468,0.023035619342076423,0.022685140265133838,0.02260258739931957,0.02270321019576365,0.022988585961643836,0.023650335087309012,0.02448474445186402,0.024900127800076017,0.023909901493701025,0.024265689979516
2024-03-26,0.03251287544328832,0.02932168811648786,0.026908561710572987,0.025103333255703752,0.024199358764207146,0.023638689571337964,0.023339200411420694,0.023308887979956682,0.023439822815811057,0.023734282857567277,0.02442711965624707,0.025384929230725068,0.02587175122055259,0.02506497355244312,0.0253800680574232
2024-03-27,0.03275873336427374,0.02961756261793206,0.027283584271318804,0.025542395951949067,0.024694795350270787,0.02416853158444018,0.023893556108606433,0.023879976547688038,0.02402293779390959,0.024308789863814243,0.024984705483832782,0.025937236153217788,0.026356360496623536,0.025487186794748047,0.025786728425638325
2024-03-28,0.031062405109045538,0.02813080308184271,0.02590763066405579,0.024243382266456656,0.023404069680941646,0.022873311886998628,0.022574119934017672,0.022539953832032927,0.022661254729911557,0.022926299536830497,0.023517674795376326,0.02438465934095469,0.024727774905998354,0.023874055860055175,0.024093700013210557
2024-03-29,0.0325279421374533,0.029370840424355605,0.02695719498159683,0.02511513889649575,0.024133984138348365,0.023469219891728666,0.02305367557409845,0.022909638250808207,0.02294030570895728,0.023162523909991625,0.023698920569699435,0.024511098022299314,0.02465507812890911,0.023835269786536044,0.024187642609869837
2024-04-01,0.031217160771605232,0.027791538722727667,0.025322854275332325,0.023520915543827618,0.022595889258493207,0.02203391265956066,0.021728877576639053,0.02168653762429238,0.021802118634795538,0.022081251644621113,0.02270581510001546,0.0235405645296821,0.0238313601667038,0.02309514005780268,0.023249890236247305
2024-04-02,0.029885192710941387,0.026452177192591762,0.023949995649284878,0.02212236531641705,0.02119961009867568,0.020668744605909006,0.020408092041000612,0.020397909612078425,0.02053252845000776,0.02082759961970558,0.02152349680516731,0.022517889748533165,0.022943853320750072,0.02236803949228814,0.022576367530137312
2024-04-03,0.03017293234711522,0.026425818101467873,0.023646575636036317,0.021564350294274483,0.020420014222727902,0.019693378201903235,0.019261243415210603,0.01911575637897261,0.019135519163739168,0.01936019966339386,0.019944828741495377,0.020854841665022095,0.0212033423900158,0.020547560018178864,0.02074999953208208
2024-04-04,0.03178637013749381,0.028144535418399404,0.02553657103948263,0.023634704452123345,0.022654099374651987,0.022030510724886963,0.021658787355723134,0.021549604202348045,0.02161063310483109,0.021854987539782506,0.022468470349979824,0.02328837412527983,0.023551237497165936,0.022808785209444783,0.022978792413685566
2024-04-05,0.03123388951007775,0.02769941327751834,0.025135628433883495,0.023264356245041546,0.022297769390573305,0.021689799381333204,0.021325972857313216,0.02121565406796522,0.02127200208598077,0.021506478812756184,0.022106281667400633,0.02293725502581717,0.02319725777279256,0.022484381157059762,0.02269075781458203
2024-04-08,0.02999483995610927,0.026279451245814503,0.02367344256898863,0.021827660515117153,0.020953264047015762,0.020466276862905232,0.02024758835225722,0.020284238572992403,0.02046807279680083,0.020797804268730544,0.02154274290739889,0.022558256548088775,0.023042450824804682,0.022505833860130546,0.022726280418116352
2024-04-09,0.030846416130901336,0.02722227951527041,0.024737188102285146,0.022999544034259536,0.0222010849976319,0.021758752357638557,0.021581668911248093,0.021653793126728226,0.021874590044288454,0.022226024119971356,0.02302838075454921,0.024021488213366405,0.024440685299105955,0.02381105673813564,0.02400904883614875
2024-04-10,0.03219312324423811,0.02862174722396309,0.026086188060157438,0.02427826230052511,0.023385034635140405,0.022835596749830923,0.022525339486664273,0.022467351139852227,0.022586196742245192,0.022873235505105054,0.023561611196546987,0.024440398716805964,0.024682135432218588,0.023901575504342833,0.02411881333290319
2024-04-11,0.03234251489686074,0.028620526914309326,0.026008093190504743,0.024169225468793902,0.023298146736506705,0.022793510035918996,0.02254119869644286,0.022551218768249507,0.0227309138022394,0.02306827520543583,0.023827277982247454,0.02481003916990189,0.025195947924681918,0.024491495013429062,0.024733085558987573
2024-04-12,0.03166743262775534,0.028971534912455514,0.026993448273383524,0.0255557394262252,0.024876679159128674,0.02443615992249073,0.024190402953587122,0.024178777429041492,0.024333882336742003,0.024624353164477038,0.02527051624451646,0.02603776119307783,0.02622808158563161,0.025392822578700066,0.02562402013077232
2024-04-15,0.03216545347435549,0.02923649620706966,0.027075321488451765,0.02549233472376358,0.0247101179656722,0.024209666157668317,0.02393107404881658,0.023897850015852744,0.024035440996905088,0.024323160500892196,0.02498289199992829,0.025639789807024745,0.02580253264018964,0.024867406921204795,0.025101539734094055
2024-04-16,0.031815024118950264,0.028465396818389575,0.026078654419559543,0.02438511161636585,0.023593160187215315,0.023132739793459953,0.022914399847205044,0.022934521031128308,0.02312012746665051,0.023459595491311207,0.024236930733855307,0.025032144280251974,0.025349727486089428,0.024559387619523417,0.024809624606527365
2024-04-17,0.030977902583116924,0.02795499528289652,0.025729015550317244,0.024120862252352108,0.023361834654035733,0.022913193024436597,0.02269587911447796,0.022702969130362755,0.02285554180130157,0.023150807700962683,0.023823840566818456,0.0246148231770832,0.02490916308387411,0.024154988935823695,0.02445969162597799
2024-04-18,0.03218912886578451,0.029017522855429422,0.026667802621963603,0.024949273629424965,0.02409720142215262,0.0235642613923245,0.02327577390701608,0.023230623685098532,0.023348481908491647,0.023631416553852824,0.024297020754547954,0.025062500762825467,0.025292578999736217,0.024489266073144434,0.024839440610459985
2024-04-19,0.03056468850266027,0.027235862491793945,0.024840614870134423,0.023124409197899494,0.022333023584892978,0.02186825117674273,0.021646707267669426,0.02165212797819114,0.021802812024038547,0.022107197923963953,0.022825968237933994,0.023639922190560273,0.023953651198188625,0.023278705295790167,0.02360597830642067
2024-04-22,0.029211781690749804,0.026171512197203015,0.023902367269553592,0.022237443778304545,0.02143336809875362,0.020948607778573283,0.020715700873739654,0.0207093844546806,0.02083924825900418,0.02112282940505144,0.021818670640676913,0.022691573643359983,0.02305062707194096,0.0224382078240601,0.02277349550194467
2024-04-23,0.03249310408625243,0.029601702985174113,0.027346053115567353,0.02563112548197968,0.024707527706307467,0.02404660482006131,0.023604659242147517,0.02340829145719695,0.023399565997632876,0.023597075188180133,0.024113647313225645,0.024671753587266455,0.024727086033464483,0.023703830149573314,0.023987800657236772
2024-04-24,0.030967618900192753,0.027846646785586706,0.025445096404860347,0.023663701387077442,0.02273064279671674,0.022108337947652698,0.02172180785393261,0.021576014674468926,0.02160570830005581,0.02182268485931432,0.022393515931255294,0.02293062149059844,0.022995852304085324,0.022112035045907225,0.02237433389906881
2024-04-25,0.031011885780293815,0.027769812333204268,0.025229651105075315,0.02329938528389034,0.02224440065667605,0.02151809564578256,0.021052039794614442,0.020838425427655436,0.0208058391443585,0.020998705541779968,0.021552632584615896,0.02221077976927677,0.022351646735341936,0.02153603016469716,0.02189125096339119
2024-04-26,0.032340945100138345,0.028896513527730237,0.02621180935497744,0.024167706634728035,0.023033840088595783,0.022242301275388527,0.02173381437114715,0.021501008475276757,0.021460908264752054,0.02165776742271673,0.022203561097385048,0.02290635583315206,0.023044818841892585,0.022166241494960444,0.02251582614763271
2024-04-29,0.03206931956148823,0.028886016108631122,0.026402292890812373,0.024518956520911617,0.023503777499460636,0.02279964684706217,0.022363527433776353,0.022192635233618512,0.022202869614472195,0.02242108583969321,0.02299459427441233,0.02372141123227813,0.023881161158894493,0.0230239083982241,0.023375137004367396
2024-04-30,0.03227985818322081,0.02921211609754615,0.026736872970598194,0.024814219472565388,0.02373344682381067,0.022955939561715634,0.022443115479253435,0.022196500431384863,0.02213607754800915,0.02230672947018561,0.022797450918981575,0.02352491023410538,0.023639891532967267,0.022760599123671524,0.02315075578635709
2024-05-01,0.03118413473156376,0.028516694397240056,0.026491968753875585,0.02502611183180555,0.024332991774045073,0.023879547498780226,0.023639622001838275,0.023628956630706903,0.023772518079548086,0.024058729064976223,0.024700313024951386,0.02537651182425435,0.025537902655778922,0.024667944246248283,0.025000720164510146
2024-05-02,0.03264570485633049,0.02939977075598634,0.026994519299422474,0.025268773449171514,0.02444068206031228,0.023920447762435848,0.02364931488124109,0.023633727547317532,0.023790110164502047,0.024101396744209993,0.024813781765544378,0.025620072690569057,0.02590837681333949,0.025112097966349722,0.02541837194989195
2024-05-03,0.0321935153404796,0.028800544003217982,0.026202784031130612,0.024289747036810715,0.02329468589642062,0.02264122354128708,0.022258631711203767,0.022138192193905067,0.022193790400461585,0.02243648788813958,0.023060097524252657,0.023847159784480633,0.024055133665320614,0.02322411468580502,0.023558055204269148
2024-05-06,0.032491436291822884,0.029375696997360503,0.027020087123066226,0.02530581722825931,0.024457022007284123,0.023905720582394242,0.02361251160532016,0.023583626675394338,0.023720787277573763,0.024008648792309382,0.02466637406144966,0.025434212799491762,0.02563787922767677,0.024740637431001054,0.02503528549652275
2024-05-07,0.03312241118550725,0.030242961011645614,0.02796774796122593,0.026260701189036666,0.025337976257471393,0.02467689937196429,0.024249969680168956,0.02408317765890258,0.0241067542722837,0.024325429056200512,0.02484935038600375,0.025464410336058972,0.025428654028828327,0.024364553935180715,0.02470627746867285
2024-05-08,0.03211143865142258,0.02875169693737415,0.026175087662593355,0.024259348450445334,0.02323675282330936,0.022548788872666304,0.022118768973886385,0.02194698335648396,0.02195455352387178,0.022167253887455853,0.022750518139452346,0.0234307575891396,0.023468072868570097,0.02252194323997214,0.022825621177626057
2024-05-09,0.03305713483615853,0.02995608975188988,0.027537329411675898,0.025734660732188774,0.0247638906288298,0.024084374690912572,0.02365746517570322,0.02349464655243459,0.023525224547537953,0.023741979063674836,0.024289526550225937,0.02493948453681435,0.0248936963262201,0.023845963600832805,0.02417729028574532
2024-05-10,0.0331048648398041,0.029875917648863003,0.02744502526478919,0.025663928951423786,0.024755477007415157,0.024148014964724362,0.0237865985746492,0.023695520834573807,0.023770399921761862,0.02399349133166047,0.024532384704798602,0.025203279162121027,0.025094105695263096,0.02404324613851598,0.02431363188151023
2024-05-13,0.030864983503715044,0.02744914701900882,0.024751270417424125,0.0227184794411402,0.021625148287773177,0.020911921774356464,0.020489722344681622,0.02034519645169147,0.020381518847148714,0.020624041864171133,0.021243110889480464,0.02206596200407929,0.02219347369583544,0.02133892575032119,0.02164475708830555
2024-05-14,0.03256280023406296,0.029509694969726528,0.027115029136693614,0.02534985444738998,0.024488467542824008,0.023947726107095616,0.0236431087456223,0.023579845691625606,0.0236874666089239,0.023967881770023694,0.02464099924177324,0.025423540568605723,0.025613110297504092,0.024664476108452377,0.024942411554470943
2024-05-15,0.032919496896190586,0.030022970128483224,0.0277480163761288,0.026055025398217795,0.025205064638983324,0.024635764992975206,0.024290140146932097,0.02418325153332193,0.0242405030109232,0.024478179887996436,0.025062268920075147,0.02580375839379825,0.025908278498145372,0.024916714435856423,0.025195338429283974
2024-05-16,0.03326527206995829,0.03031628944451666,0.02794097653730065,0.02614112169205191,0.025178834873756502,0.024519228572562776,0.02408999944657636,0.02391376513922671,0.023921599219991208,0.024123010934587512,0.024640575899920875,0.02524052809423576,0.02525101746208639,0.024146912805160622,0.024453028381659914
2024-05-17,0.03308786142798147,0.030300340069401816,0.028056576562078845,0.0263733361179076,0.02549206618202601,0.024892832678772774,0.02451875622342332,0.02439867626671824,0.024459086159921047,0.024696365468920917,0.025265757732712713,0.02589796555218235,0.025982632600072213,0.024937537699561904,0.02521869992302519
2024-05-20,0.033831835056402644,0.031005639218671815,0.028717968004305282,0.026979693335908685,0.026035511844353265,0.025364984463682988,0.024926559595052838,0.024748658871919158,0.024760483377485317,0.024960721403866012,0.02546948427411634,0.026033210438606805,0.02607344482294224,0.024944584225049214,0.0252293009755201
2024-05-21,0.03330984940108251,0.03048218164594142,0.028252534749936217,0.02659425229244106,0.025747181140631115,0.02518585623129286,0.024860494974105925,0.02478569348458758,0.024890600662152852,0.025163511971477814,0.02578019912267181,0.026487918910160713,0.02671474852078739,0.025718753676,0.02607103579455092
2024-05-22,0.03190834559198412,0.029069839045388655,0.02688518617067588,0.02529628223811834,0.024521556834663543,0.024053797627491092,0.02384369413989126,0.02388758009812564,0.024083397347872522,0.024394265212028303,0.025083843815953622,0.025836608046389993,0.02609899849856174,0.025239413730963153,0.02548728899454221
2024-05-23,0.033504387246943976,0.030856173041520312,0.028804580163679084,0.027312754988532414,0.026594232645086067,0.02614643294800584,0.02592848906990678,0.025954164621815674,0.02614068753133265,0.026458131272520835,0.02715327262484415,0.02786520592143048,0.028120964655310162,0.027163061033595236,0.02740334805177697
2024-05-24,0.03371167380166636,0.03113198352804766,0.02914258325190198,0.02771355310132498,0.027039199272557064,0.02663212040318056,0.026447705691613557,0.02650349966290197,0.02671670285835007,0.02704869788774743,0.027766509870416345,0.02839311513186172,0.02860223119117157,0.02762201151185305,0.027824774925518072
2024-05-27,0.03265490402202303,0.02975311705204768,0.027550331113491606,0.02597282163223718,0.025217677095133863,0.024775674235859073,0.024588186930316582,0.024656019857620656,0.024881928876451624,0.025226098236170977,0.025976833715519468,0.026719469794464996,0.027050295523071317,0.02620052908719438,0.02638099002983594
2024-05-28,0.03182089055544907,0.02904536099143008,0.02690587818748998,0.025359287887271945,0.02461089088425947,0.024176327806115696,0.024000893590086413,0.024075115376695957,0.024304605049019795,0.024650528579647835,0.025420301795554028,0.02615032685307278,0.026458534635528348,0.025598472979263764,0.025796744584597565
2024-05-29,0.03336312200359813,0.030616802205407107,0.028538557598951964,0.02706977874615573,0.026382957021827563,0.025984508846357633,0.025830315328379535,0.02592917636324408,0.02619053676539046,0.02655414100182833,0.027331449168701564,0.02802555060941712,0.02830429325672005,0.027312760057858355,0.027471680427594982
2024-05-30,0.033477041845459576,0.03027944992066214,0.027849544179402042,0.026100573643428562,0.025180119445425215,0.024630161477962577,0.0243572438691805,0.02435383966586543,0.024528895677735044,0.024855470878508777,0.025588211611284103,0.026299809308689116,0.026563023042228875,0.02560040453429119,0.025778186721247983
2024-05-31,0.032142139943211634,0.029401821072170865,0.027304940517323843,0.025792027137438018,0.025029500520785015,0.02459428389995475,0.024426306910389863,0.02450928574953844,0.02473860810969041,0.02508062584276283,0.025837685010918748,0.0266083886956843,0.026889644728159426,0.02603550298700433,0.026223987473186647
2024-06-03,0.03139630027350578,0.02833495707145869,0.02610100273006901,0.02455010718225715,0.023821476048339552,0.02344989084470446,0.023371576552073222,0.023546578778566574,0.023857443566883192,0.02425299970235024,0.02510249218019341,0.025982029169809625,0.026449392046285377,0.025772514080327994,0.025896298208267516
2024-06-04,0.031686103309350976,0.02838501394914076,0.0259335850541097,0.024186999128686715,0.023299741158567873,0.02278408680627964,0.02256934328112535,0.022632312941855665,0.022856415064261934,0.02321400739482651,0.0239914497569426,0.024839291545134954,0.0252961782797305,0.024577760909783718,0.02468791129871305
2024-06-05,0.030923348255994527,0.027666796595180565,0.025177843115290383,0.023374029404658523,0.02242795562577509,0.021880038508409208,0.021648243566143116,0.021690706815306524,0.021893339867349832,0.022238995544512287,0.023013648880486782,0.023910217641196652,0.024386288086234376,0.023695007216364073,0.02379616082075851
2024-06-06,0.03288112831743857,0.029765299726645697,0.027415408551477956,0.025730893935331522,0.02486481930702785,0.02433276770299187,0.024092071774627903,0.02412967484414598,0.02434234995128577,0.024694257356619828,0.025458181533986383,0.02628080745315225,0.026687599684986435,0.025878541470961337,0.025949973049457984
2024-06-07,0.0315271112519552,0.028418898998071564,0.02612767033046095,0.024526145133463094,0.023756008309252924,0.02333459356927085,0.023203680816367204,0.0233346536573734,0.023616069915449747,0.02401733395719694,0.024876383744415705,0.02582445629688231,0.026414624134540456,0.025721278750315726,0.02579279421868508
2024-06-10,0.03235002635667591,0.02920977139844075,0.026853949003234148,0.025185072876453565,0.024335391032857083,0.023831153389525135,0.02362199512385151,0.02370061743541242,0.023941744527313097,0.02430948733204246,0.025106236456979014,0.026118170888917425,0.026590312451854402,0.025906665281993414,0.025941632200547047
2024-06-11,0.03296612649502153,0.02977594972303358,0.027441456896583793,0.025811170891186164,0.02501390930057957,0.02455780653229331,0.024395232219095397,0.02450889160506908,0.02479745919393514,0.025218034448624402,0.026110147339181187,0.027084357455342174,0.02762086607187637,0.026895838459793514,0.026934256072257422
2024-06-12,0.031905837312308796,0.028998076439330528,0.02681429346313798,0.02527836249868615,0.02451639966327697,0.024068000504992,0.023891200607447472,0.023982293655083566,0.024227958748415657,0.02459568392583123,0.025382831250142804,0.026263543526372442,0.026719814860424306,0.025960721147979537,0.026011107959426762
2024-06-13,0.03048978478190431,0.027101695481381152,0.02460741793758945,0.02284357631652216,0.021960296076293632,0.021479167149032533,0.021335999920741682,0.02146773109406412,0.021748895079435376,0.022164197871427472,0.023108256606950914,0.024209759667381085,0.024856710615709526,0.02427479538844958,0.02432095528821067
2024-06-14,0.031404685420602395,0.02845995978581422,0.026268697213086705,0.024740647457594682,0.02401089445562811,0.023601192807696066,0.023482196829880522,0.0236295410936976,0.023935833583473908,0.024361749262422964,0.025285613983617193,0.026339583469496743,0.026997633089146583,0.026313537515197175,0.026385453842986763
2024-06-17,0.03200022599502759,0.02919618677276952,0.02706204051475252,0.025549784324585895,0.024800065358669524,0.024356864404872808,0.024196568002977172,0.02430550892298464,0.024576414536596335,0.024973358431317743,0.025829196265453512,0.026822962641852546,0.027379628367361877,0.026675218523535403,0.02677937703335345
2024-06-18,0.031529461438058126,0.028829528472035057,0.02677620572293803,0.025331243935893023,0.024625293589384294,0.024215389627187868,0.024083971044276054,0.02422706390792196,0.02452289664169053,0.02492607726382477,0.025775558663832125,0.026858958548291068,0.02748532898483832,0.026817038964331547,0.026903824085732553
2024-06-19,0.0321604776690212,0.029228493344610838,0.027012690780086775,0.025441475459053873,0.024642597203802758,0.02415805176693804,0.023953534558536254,0.024016596204661303,0.024245882379173897,0.024610698186619876,0.025448194086904064,0.026398596492295187,0.026886580548043725,0.026133869606508056,0.026212910396109953
2024-06-20,0.03228513537686487,0.029400082305128566,0.02719405851797291,0.025623177835002658,0.02482940300419525,0.024358014198571,0.02417243925696301,0.024259660238712705,0.024514343588946618,0.02490712560398051,0.025767046053414434,0.026860430861647546,0.027473133139883626,0.026828937359518752,0.026957068579053358
2024-06-21,0.03334211084690523,0.03057868515038064,0.028447773190067107,0.02691740446622373,0.02611496835305724,0.025604057125047798,0.025368046734254766,0.02540756540179808,0.025621050741335655,0.025981287048177377,0.0267761861065505,0.027703183495872006,0.028155131468524205,0.02734279927103719,0.027444305835530175
2024-06-24,0.03245014807478887,0.029534347265043667,0.027295544586253044,0.025679960904256234,0.02485081869268707,0.024366616430881366,0.024191023130937,0.024277954315016673,0.02453706409009651,0.024947562240154465,0.025842961874089708,0.026910001216660453,0.027522007684764947,0.026858168083174126,0.02695048578121144
2024-06-25,0.032676073899757,0.029862211369866724,0.027686694573033688,0.026107443241556273,0.02528618440222322,0.024798602164559216,0.024613427877643985,0.0246832310116615,0.024923519830264793,0.025312961576101484,0.026188109896292704,0.02729897281097071,0.0278832049252446,0.027239897873108352,0.027340546644398993
2024-06-26,0.033303628125275896,0.030299775237871716,0.02804205761318419,0.02646417313206492,0.025676004335358125,0.025215652613974234,0.02504266593872542,0.02514047122726539,0.025404872229210163,0.025797570065381456,0.0266541891986198,0.027648439464964064,0.028198585583862425,0.027492624280295058,0.02752758804626656
2024-06-27,0.03324808552387601,0.030300140710377385,0.0281296087918953,0.026656561995470115,0.025979049203488782,0.025606260808305005,0.02549708897368187,0.025652419631187775,0.02595600565759608,0.026370218806757835,0.027238376916820295,0.028301914176724327,0.02897186089835708,0.02825511074577449,0.02824620435818332
2024-06-28,0.0322603407924851,0.02977106045202904,0.027869565761151783,0.02654543171370525,0.025913132266534935,0.025551619353862125,0.02543823637022311,0.025566981800614057,0.025842201628188937,0.02623942649750554,0.02709098432678376,0.028174348913525854,0.02882040533981505,0.02818125025259088,0.02818834845665364
2024-07-01,0.03281231442723709,0.03034165713246732,0.02841337822053426,0.027051029004950995,0.026362010287563138,0.02592471331919172,0.025723584367400274,0.025771764279288036,0.02597545123986774,0.02631040666221658,0.02704190525326017,0.027929587947200567,0.028357330382390796,0.02757171690819174,0.027611876286612668
2024-07-02,0.03189432036008903,0.0295611844527544,0.02771610860670125,0.026367328975445744,0.025674808001425038,0.025260097605901633,0.025083654545447403,0.025128580067376897,0.02533161469255497,0.025680401706740037,0.026443474014285387,0.027361916001363295,0.02784487420180423,0.027137006777199494,0.027201266437960187
2024-07-03,0.03152654212121745,0.028874408071847688,0.026865314505029044,0.025432472067660875,0.02471888331241661,0.024309096611154612,0.024159143777369784,0.024251030208511274,0.02449567915520007,0.024868936231719475,0.025662709281508093,0.026644930117711078,0.02719342913731487,0.02653168492042192,0.026619064563775035
2024-07-04,0.0316850519648046,0.029094184810016847,0.027143357662180043,0.02574919891987733,0.025058440295168564,0.024653204612197298,0.02451024222865176,0.024597922092299267,0.02483419753863246,0.02520965588971197,0.02603607438531485,0.026947775410957768,0.02749150653716191,0.026815367119934853,0.026897192553502224
2024-07-05,0.031179825545352716,0.028954643229074074,0.027196187917330066,0.025912815192977945,0.02525318590988748,0.024842850488000796,0.024678811429816108,0.024743024477933417,0.02495121283603873,0.02529354634680507,0.026035532607418154,0.026874208967984422,0.027282237437499045,0.026562808948133825,0.026677742237369902
2024-07-08,0.031888121177431256,0.02971894086475746,0.027989008904389965,0.026710750158885098,0.02601575429720474,0.0255506145346724,0.025320203161722718,0.025331250273117074,0.025493317064911248,0.025794034190501927,0.026449833320715804,0.027217574373656992,0.027493094794529032,0.026657751875266023,0.02681991128007169
2024-07-09,0.03125967993263984,0.028955079327337745,0.027220931233344278,0.026001568308048794,0.025422540719822542,0.025087958972800313,0.02499830973907773,0.025149707201221137,0.025456561347482518,0.025874493913561603,0.026678794326765006,0.027647271703694302,0.028185923590976544,0.027500591926271276,0.027621960688193083
2024-07-10,0.030542897770484388,0.027880203682319818,0.026005060008322183,0.024782102673252853,0.02428486181539575,0.0240628700592149,0.024092998408895734,0.024360335061187236,0.0247525437636789,0.025219013668075937,0.026121889857972747,0.027107258438873003,0.027659740900148194,0.02717405603667698,0.027280819681742802
2024-07-11,0.02944514379007041,0.026814672810351554,0.024836176570135593,0.023433466374130393,0.022721332770835972,0.022305065156940872,0.02217515063138031,0.022300374390581384,0.022556821724663577,0.022949024093999664,0.02379377101400021,0.02489865234267321,0.025448552256932943,0.024992928281132695,0.025207787678620624
2024-07-12,0.03043914241125857,0.02820224392499679,0.026442384457540817,0.025192149149123183,0.024591030383562633,0.024245925661039298,0.024163492353206452,0.02431090851381621,0.024583381786343218,0.02496772148527017,0.025765799286619852,0.026722903306494177,0.027160366264733265,0.026504770661138325,0.026732939269030448
2024-07-15,0.02727348271302943,0.024297568718365074,0.022101136902790846,0.02063114176806658,0.0199641858012627,0.019614831661860385,0.019548261709637336,0.01973187995736222,0.02004352594978015,0.02045049067874128,0.021252566996041944,0.022186606805427132,0.022643614080156,0.02206753791190313,0.02226814111018528
2024-07-16,0.027940733959783377,0.025756913245194857,0.02399307236635824,0.02275580996930573,0.022171597097313946,0.021841300859706432,0.021762921029739958,0.021921416857894397,0.022206193049390043,0.022596492186167858,0.02337117240853181,0.024348333349598888,0.024813569170139476,0.024234044531294265,0.02450607420594768
2024-07-17,0.028446188565192508,0.02599337777461396,0.024037911652306256,0.02264020943709579,0.02192907262463047,0.0215008513747842,0.02137187407363049,0.02150353604347573,0.021776282443324323,0.022161429141192034,0.02292939237818099,0.02392053492025931,0.02439203917757684,0.02379134748653975,0.024054852594863903
2024-07-18,0.028430584939671977,0.02604966814517815,0.024189898664603013,0.022886618305305292,0.022267675927003235,0.021911185626451123,0.021833035089829294,0.022003300819913064,0.02229986624769226,0.02271170059015142,0.02354079500102469,0.024561084788036997,0.02502645716940663,0.024422183170837053,0.024756903701266698
2024-07-19,0.02804961198513551,0.02571512520091685,0.023896182562007814,0.022638316543128038,0.022046752439000845,0.021714125874070952,0.0216509975392425,0.021841939675267635,0.02215331422749033,0.022568921510124223,0.023415209343013294,0.02447553728421743,0.024898003240193138,0.02431027369082464,0.024626172737854286
2024-07-22,0.026631394022472638,0.02407256819697613,0.022130774147091494,0.020825045012846825,0.02025210052109031,0.019970960453474868,0.019976129272076128,0.02022648956643337,0.020592379166180137,0.021057547235978975,0.021994309720171634,0.02323086163672599,0.02389691629696222,0.023431441348995895,0.023831834032174884
2024-07-23,0.027950035481573147,0.025759552373149794,0.023999154660426954,0.022777479170456083,0.02220778847712985,0.021866561311107244,0.021769041998584697,0.02191268469888647,0.022203964689182256,0.022642010203162727,0.023513436894386158,0.024589929059324743,0.02508309434278294,0.02443904629482921,0.024873680449793885
2024-07-24,0.02763060100868111,0.025382457703772877,0.023592901100476446,0.02235945713147271,0.021795995789361935,0.021460091455912277,0.021341045852579,0.02145679262634714,0.0217236529376855,0.022160342240490634,0.02298745619609627,0.0239558299884418,0.024362198702233506,0.023656657788808152,0.024117691352592906
2024-07-25,0.027933750443464814,0.025731883496450107,0.023986582010301676,0.022789448483306978,0.02226174458782037,0.021965453764493797,0.021902081393562842,0.022071989003134566,0.022379904844813326,0.022839094095928367,0.02373943674249903,0.02484789079869442,0.025341865307629628,0.024728650838875436,0.02523572785933406
2024-07-26,0.02685354899968566,0.0245626144904992,0.022788176907501467,0.02157840956776897,0.02103235878920356,0.020720388975794278,0.020664713443137285,0.02085626889882166,0.021171146938571427,0.021628874229274557,0.02250361637658402,0.02350191571919274,0.023943988977247473,0.023259995599546168,0.023756519320739217
2024-07-29,0.028265087826083824,0.02569216433339171,0.02379100697673554,0.022546261783210318,0.02202943430359167,0.021770086062177063,0.021776206258577097,0.022051835414275873,0.022468134873687567,0.022988979456621705,0.023946923904933734,0.025121009080723875,0.025763573547619236,0.025180674867019675,0.02562942095607551
2024-07-30,0.029647683498296298,0.027661865320261804,0.026138893912268042,0.025137927740084075,0.024735617894850275,0.02453572999943424,0.024562554114414277,0.024817743547272057,0.025196246191129496,0.025680130319794613,0.026636347919814517,0.027739300128979856,0.028259924362287032,0.027525985543490936,0.027970305273960196
2024-07-31,0.029443049619979057,0.027239056153779025,0.025594360134733395,0.024539490116668183,0.02415101624569248,0.02398016180968057,0.024021287745949454,0.024282914168760803,0.024670708701953033,0.02517403934216423,0.02614561853491245,0.02720591764931284,0.027721060402527375,0.02699626484256171,0.027423630578650212
2024-08-01,0.029408210386820757,0.02726015572298327,0.025533077850641683,0.024425625845704946,0.02387826570811561,0.02355826630456495,0.023470860047575943,0.02362539667989548,0.023928422435283654,0.024373623594801597,0.0252662341135962,0.02626962003260451,0.026642790989687717,0.025970228513835795,0.026454772190225285
2024-08-02,0.030066931685287256,0.027903865831190255,0.02617577163826072,0.02507443383484082,0.024534850066780918,0.024222990352583258,0.02412771385934897,0.024276237383621915,0.024566401864147717,0.02499471450510878,0.025866272645739548,0.026814765640048033,0.02713789676355814,0.026403972776317192,0.0268896722446292
2024-08-05,0.02905133867058861,0.026581692138561024,0.024652499053882036,0.02339106849910208,0.022748277834240656,0.022388687668143836,0.02229081205199545,0.02243288562581458,0.022714671972564337,0.023150460951352227,0.024077092304753786,0.025097477033708116,0.025498077963698698,0.024892337160243905,0.025347403257549403
2024-08-06,0.02905713420547869,0.02650048929330515,0.024510554016267862,0.023215031031105594,0.022563364987477255,0.02220924312559271,0.0221114892746125,0.022261187655305863,0.022555910986547665,0.023005506112513285,0.02394979294290258,0.024976020458170843,0.02539577882100166,0.02479191418694844,0.025234769751606878
2024-08-07,0.02956353795867661,0.02740383957755932,0.025623669795875194,0.024430729666172275,0.023782297400625707,0.023384493939530588,0.023224521544231703,0.023309797082838115,0.023544843020600503,0.023934066423279256,0.02476320788897719,0.02565181247297591,0.025885170395762828,0.025167589576726736,0.025593162825603165
2024-08-08,0.030122717725653468,0.02775379017043754,0.025799828199863383,0.02448163151003516,0.02374040839324942,0.023248324591023703,0.022989288882982205,0.022984996401547393,0.023151925081336268,0.02351016442786537,0.024295323912516244,0.025177779408386693,0.025458475872311297,0.02473500844751376,0.02519015832173151
2024-08-09,0.028303801957032974,0.025888675422235805,0.02405360293447552,0.022926593401182256,0.022400802272232744,0.022127070680523102,0.022091511410645744,0.02228942698488544,0.022628738737411,0.023104601122899606,0.024077260965626207,0.02513198759374146,0.02560137792669554,0.025175282917364296,0.025562109273384537
2024-08-12,0.02849999738150657,0.02624121843137947,0.02449423944605466,0.023433848781888686,0.022933813661606278,0.022645005463873914,0.02256600459764077,0.02271882749184165,0.02301920014991691,0.023461152990691424,0.02438059304037103,0.02533258764429386,0.025725484962009534,0.025170008759799047,0.02558489719132102
2024-08-13,0.029700893146019213,0.027384653579758875,0.025570705990086543,0.024451763955746036,0.023913164318646943,0.023601167233529997,0.023513285561377426,0.023665874776900964,0.023969763017368497,0.024425563017250067,0.025379464022513176,0.02639300394058716,0.026834400546222072,0.02621178627221267,0.026625237397532715
2024-08-14,0.028182948270946088,0.025246055541397108,0.023106016006216597,0.021830389250243495,0.021238847347010113,0.02092127898563684,0.020842055470866223,0.02100658240718599,0.021323356708420692,0.021788239941486882,0.02275971281377706,0.023690014596312415,0.02404846783940246,0.02333032095841439,0.023668607507672898
2024-08-15,0.028241326242072096,0.025604681264222252,0.023642838293587234,0.022480895651863432,0.021951152311771138,0.021667453059219206,0.021602475291727877,0.02177575528778636,0.022105114767590195,0.02258019976911481,0.023566756799582183,0.02452212626777012,0.024865590827438888,0.024188620073196804,0.02450997133918472
2024-08-16,0.028132413914127432,0.025347225427042975,0.023293548819800818,0.022079733845894255,0.021546407953225002,0.02128510022071201,0.02125625993514749,0.02144739952783692,0.02177844836627248,0.022257350869701292,0.023253306812057492,0.024275866010893085,0.024715058146007947,0.02413625741686783,0.02451374552728271
2024-08-19,0.028672027894443893,0.026044666997931957,0.024115830729295157,0.023007058740469273,0.022539967305574535,0.022300719133703753,0.022267105233265992,0.022466440765653486,0.022816063472018262,0.02330960456259405,0.024302847269949537,0.025287071884774078,0.02570908440642001,0.02510307360364335,0.02546980507562349
2024-08-20,0.029931182000058305,0.02740803736474426,0.025455092927057707,0.02425156262560666,0.0236583569989331,0.023297615299693576,0.023134660676788044,0.02321501639313434,0.023468833234558444,0.023913818823727354,0.024804715464864017,0.025641705042142186,0.025940800732779292,0.02515025971075445,0.025535990014010447
2024-08-21,0.028960341070090167,0.026152694352008884,0.024112439257327097,0.022922752800531694,0.02240965018067729,0.022151494380705607,0.022110643336523746,0.022301956706742867,0.022642821022666786,0.023139161148179502,0.024132365782624683,0.024994321328766174,0.02537356915368677,0.024677805432758403,0.025018108692369652
2024-08-22,0.02840556274871912,0.02570636125865345,0.02379604177769035,0.0227497732826294,0.022369000508673284,0.022231679353652178,0.022310956836297052,0.022615582747756876,0.023054178838844086,0.02361660031056273,0.024716018984257276,0.025728286133706462,0.02632202487006581,0.02581670541413238,0.026242667350167954
2024-08-23,0.027453047691830244,0.02477730735104832,0.02288546487655182,0.0218640453844206,0.021491527137372672,0.02135494183059035,0.021425204518321948,0.021732029435753215,0.022169489280464062,0.022723454997823342,0.023786647223535008,0.024765720897034226,0.025274071628478695,0.02478712282862758,0.025201428770208013
2024-08-26,0.028552534106411613,0.025764088081365148,0.023803922890779424,0.022741326111991447,0.022357389248159137,0.02221563525769339,0.02228136209043872,0.022580126293958606,0.023017563867519485,0.023590063449619832,0.0246835078802025,0.025665173272262535,0.02620327006950051,0.025687785763427475,0.026093592413660313
2024-08-27,0.02828368138813818,0.025417612146925936,0.02336208624819106,0.022207147006803513,0.021716402131588323,0.021480562315063678,0.021460208839489778,0.021678540168177104,0.02204761601039757,0.0225692520788821,0.023579561668151883,0.024454137986621806,0.024842572676864336,0.024234786106633138,0.024555763311968144
2024-08-28,0.02749526889429174,0.024465295224836484,0.022372595807708173,0.02124030505171579,0.020834616643410978,0.020696153680258463,0.020785016698274813,0.021108782381365727,0.021574560772353424,0.022185073621708174,0.023328520289560315,0.024345425696721917,0.02497772342275855,0.024511102804911866,0.02484435666413126
2024-08-29,0.02829872821628763,0.025476333818451075,0.02346794533288529,0.022392271832277322,0.02199505588033439,0.02183574446098057,0.021874648258513017,0.0221431700696278,0.022566905633281002,0.023146041546893776,0.024230490049669803,0.025172006280415174,0.025673465912159067,0.025058446454507534,0.025368714421451156
2024-08-30,0.027156636340101147,0.024211694397971804,0.0222044357183331,0.021178090014281822,0.020789437511647146,0.020688618761710322,0.02081144499463567,0.021149201722774853,0.021637229061838303,0.022233042711317014,0.02339578951933137,0.024432519031046734,0.024984562276828815,0.024463306733692066,0.024776981667625333
2024-09-02,0.024785038382137293,0.021699121029736965,0.019673284968294708,0.018715859854351723,0.01843404017352283,0.018447393295242913,0.01869423690804338,0.019166703875071578,0.01976059742576015,0.02041338419449303,0.021656869271931056,0.02285862294009712,0.023615009069329153,0.023314310728976256,0.023686511997356132
2024-09-03,0.024838333982787675,0.02236334469956106,0.02075209634586961,0.020082835553195517,0.019954872589660024,0.020023540303302098,0.020273539128972458,0.020759806241892047,0.02135299512434582,0.021975480108633066,0.023175387843580426,0.024401742889470245,0.025098773261478535,0.02470815407559173,0.02502853192124305
2024-09-04,0.026574867962624895,0.023867971645386423,0.022044757066659305,0.02116457542920525,0.020862549301468095,0.020790991856708678,0.02091510013227399,0.02126554385855397,0.02176900783240422,0.022360286609992983,0.02350723570643891,0.024545515802994227,0.02504762741846126,0.02450573860397688,0.024840798561998233
2024-09-05,0.02648767205845159,0.02384631114849335,0.022148342467115317,0.021421105337598223,0.021271634154947535,0.02133693921849117,0.02156554264361387,0.022016100271014798,0.022607102857707614,0.023262582760899153,0.02449882706994027,0.025692061318215952,0.02635362946067323,0.025871403030099334,0.026198610465809666
2024-09-06,0.026385823004109504,0.024082699242187325,0.02258060800591195,0.02195586892639299,0.021841967488602454,0.02192838816829482,0.02219349516563837,0.02265365302567816,0.023233788474053524,0.023869131054283114,0.025110287308872013,0.026279023829320607,0.02686697166268953,0.026334645717985085,0.02670668720344501
2024-09-09,0.027009838338776182,0.02443120624847373,0.022721189450836034,0.021939726675044943,0.021704413955565844,0.021684023743599345,0.02184135260314461,0.022214454729202714,0.022738471894227785,0.02335472825378089,0.02457698533003439,0.02560747209697863,0.026022211345909273,0.025412883404698768,0.025750817748763793
2024-09-10,0.027078978323769855,0.024457641278431308,0.022721738387270103,0.021930707252169265,0.021701887007460355,0.021695856842925042,0.021871618978578648,0.022264116210879266,0.022800254348618515,0.02343337476197307,0.02469019581829524,0.025796899163357152,0.026305470793862775,0.02573460995591566,0.026077719078486886
2024-09-11,0.025680663914703916,0.023139319420211635,0.02149032601209162,0.020790941901480377,0.020637416053959044,0.020690422680605985,0.020919814889227853,0.021355971511978277,0.021925770042354346,0.022572948667206386,0.023861381677523042,0.02500085083958855,0.02553595458827948,0.024984656857138,0.025293786213177273
2024-09-12,0.026730158180405462,0.024189536710334934,0.022477128752442677,0.02179084962823464,0.021578879667024972,0.0215924967832875,0.021799345516681258,0.022177160083318874,0.02268187103630065,0.023296863826654118,0.024537426378579513,0.02568674869826846,0.02619300726850147,0.025624054566003376,0.025874757808892646
2024-09-13,0.028217438489523378,0.025807257945222095,0.02415168723484274,0.023478167370203164,0.023234743718986397,0.023188726332393193,0.023307092559243188,0.023602148674908174,0.02403928936359749,0.02460548543804879,0.02576526187203539,0.026804157111868076,0.027225311464630076,0.026491192472744906,0.026688075127705893
2024-09-16,0.02691484052141452,0.024719702978773257,0.023152068604193974,0.02246817362629177,0.02222078134308144,0.022148110146338117,0.022244036561575743,0.022515049623627804,0.022925555030932455,0.023465446184313624,0.024581964847740053,0.025563973413663406,0.025937809197794072,0.025192308669566878,0.025402061549642526
2024-09-17,0.027389153400033884,0.02489038845515334,0.02317193001696266,0.02240531192019934,0.02213353339614945,0.022063024715662637,0.022177724250689083,0.022472908028533668,0.02290819002986943,0.02347868638102977,0.024658988756343755,0.02564912036121772,0.02605083129356583,0.025277675503731653,0.025500963431035105
2024-09-18,0.026199303957700034,0.02371010197903498,0.02204774051400129,0.02134890918042902,0.0211628798097229,0.021180135049985237,0.021384128493833077,0.021756315758538505,0.02225776177196375,0.022863712017181143,0.024093362651360688,0.025154062287215395,0.02567302889392623,0.025035407190319554,0.02517521673645813
2024-09-19,0.026934993745687065,0.024638191578081614,0.023070571803969174,0.022403530645679546,0.022199646452250865,0.022177271649647473,0.02234086980144566,0.02266968017283149,0.023130535280565617,0.023711912727488606,0.024924824289140432,0.026029841111072486,0.02661054970188302,0.025966769021311155,0.026112518744918607
2024-09-20,0.027292985497120077,0.025127339111627116,0.02364384146528662,0.023029722186044377,0.022834596107020325,0.022793844745961314,0.022916940546423906,0.023218645799303245,0.0236669231185558,0.024239438216102013,0.025396424694389262,0.026415046076894013,0.02690121009080972,0.026186625596092732,0.026331560492928174
2024-09-23,0.02711020764136529,0.024599048456135572,0.022919362938768992,0.022189653234997504,0.021967657060868465,0.0219460684085634,0.022122872523096124,0.02248038163852554,0.022982157934363735,0.023611780162502642,0.024878152912165552,0.025979399879976835,0.02663661085316224,0.02598006649567225,0.026128310621942333
2024-09-24,0.026407651417232583,0.02439145790437533,0.02301710643407423,0.022484171325885538,0.022359760029857276,0.022385412302494752,0.02256511219196375,0.02290826794527942,0.023381754190308173,0.023961505399233696,0.025153149413297538,0.026261175658111327,0.02686507019258766,0.026236130250618404,0.026388023354118564
2024-09-25,0.027737125356407585,0.025642749092700944,0.024274872691239374,0.023766697481650174,0.023681686912808565,0.023743845600568497,0.023959519000129444,0.02434312338062517,0.02486357326903047,0.025488532775656474,0.026734478028087504,0.027827165063060995,0.028456691620421803,0.02780851727775374,0.0279303412617732
2024-09-26,0.027091008199510883,0.025011607809778697,0.02361572299988323,0.023054609577444166,0.02288960525888639,0.02286771208386157,0.023000616006898195,0.023310067493859103,0.023763688862846574,0.02433601129341671,0.025474180836057233,0.026504245562348414,0.027024354245181424,0.026278312252093764,0.026354426069108684
2024-09-27,0.026350734487808388,0.024487594661187488,0.023302768427563177,0.022970526144423572,0.023014625618365148,0.023175373705813605,0.023469115108985587,0.023925987241795836,0.02450656166141293,0.02516207822260943,0.026441852867292896,0.027626985659094768,0.028312924777073072,0.027609557890012383,0.02769188607119162
2024-09-30,0.02722810833963089,0.025191132214469343,0.023878454299823493,0.023458255654828654,0.023431837480376406,0.02352458441995777,0.023747616228954424,0.024143752937471133,0.024681636600761545,0.02530826579972756,0.02649893610136371,0.027536475025896904,0.028041718173630707,0.027236884311185882,0.027284966157049943
2024-10-01,0.02815489778432072,0.02608937275572884,0.024787275741020704,0.024403810202852465,0.024409549128180576,0.02451840900792283,0.024749995117776293,0.02514520310497749,0.025680540639245443,0.026307711747878364,0.027518379833924737,0.028588347855790373,0.0290864395951975,0.028322868344318082,0.028424224261592305
2024-10-02,0.02698526326818086,0.024403196908635776,0.022766266771805717,0.022161529032441812,0.022033304225208293,0.022069453472481085,0.022268998394605312,0.022651525270436824,0.02317799264038583,0.023802002658350734,0.02498632486353894,0.025970236060392525,0.026475296623033506,0.02575379049290851,0.025841956897188587
2024-10-03,0.025302825415720962,0.022829289476125853,0.02130573415180857,0.02082354825277683,0.02082295126820295,0.02098801949018465,0.021319909938718132,0.021812559026564732,0.022419870405141044,0.023093990156738173,0.024380492970993442,0.025539228668628355,0.026214733297632038,0.02562303862125239,0.025733471821586185
2024-10-04,0.026234429759828433,0.023687955191310728,0.022082427570326316,0.021535981820244323,0.021450178301217922,0.021505916997511833,0.02171206359719583,0.02209042783597134,0.02260576648789361,0.02321840958389637,0.024413349588977607,0.025452631703545215,0.0260023470490035,0.025273364801795515,0.025363685755854088
2024-10-07,0.02594198554868428,0.02344537699594347,0.021906200787845487,0.021424012408033592,0.021408477250623836,0.02152578190959301,0.021786500090303213,0.022212079291626566,0.022762877855550163,0.023407977249078463,0.024650705116793858,0.02577182705471191,0.026382130695496196,0.02572128498687021,0.025807099822990936
2024-10-08,0.025647518516045832,0.0233434202672012,0.02193806157208341,0.021553673435193696,0.021609934700366124,0.021785776833806263,0.02208470755465944,0.022540763155623755,0.02311540081243943,0.023783336769747584,0.025088386092907648,0.02630513176619606,0.027022404548998867,0.02637333952924718,0.02646593541716508
2024-10-09,0.025325800892880165,0.022746414132412605,0.021167442693082957,0.02068283730965997,0.02068053561549418,0.02082737707166004,0.021116262852680964,0.021569164443650275,0.022144638476108217,0.022817369268715464,0.024128445937706425,0.025340070836034366,0.026102335299496206,0.025498991352344978,0.025588344623377286
2024-10-10,0.025566869673748174,0.022829151945082768,0.02115272952927129,0.02062484994278988,0.0206068680689464,0.02074452752028063,0.021031690154661657,0.021484769065586995,0.02206167062071996,0.02273889502670116,0.024057729440361088,0.02529040250357009,0.026064015860856524,0.025509522483953866,0.02553529324889346
2024-10-11,0.026221387196970966,0.023598483580950104,0.021979048473722042,0.021481112977916397,0.021462650787960395,0.021588083162379403,0.021858172365496087,0.02230460938267476,0.022883923897416628,0.02356579455775049,0.02489825122454532,0.026127825797649246,0.026885968917309582,0.026332817208203824,0.02637457355480388
2024-10-14,0.024593488624553534,0.021963548556921928,0.020379755022115274,0.019930493635929913,0.019972321535854928,0.020172402390111376,0.02052089927128984,0.021035916741366626,0.021665175953602067,0.02237710233668163,0.023775077924530486,0.02505504896511443,0.025870684964556974,0.02540145807501314,0.0254654124163679
2024-10-15,0.02523310606245083,0.022743657032607473,0.021183622370774268,0.020748897541922225,0.020779398908387203,0.020950654856986297,0.02125916998891219,0.021733053719848384,0.022333382863217167,0.02303607744257595,0.024437737440819878,0.025665813835544077,0.0264037515381203,0.025879509551712254,0.025927092257564413
2024-10-16,0.025635665521728527,0.023287929279949833,0.021769039360622657,0.021324065625063005,0.021317022234982302,0.021438439137143814,0.021685820184654276,0.0221030338663505,0.02265564756408539,0.023316351159526134,0.024606608764653298,0.02576626483860855,0.0264150855730622,0.02580314869074917,0.025859008997331494
2024-10-17,0.026669367950315992,0.024506075776906593,0.02311448196577939,0.02271772783411614,0.02272299310666416,0.022837603784694373,0.023087158704274698,0.02351628018799934,0.024078393051080983,0.024752723294084296,0.026068748062517,0.027282868883027674,0.027990131476581977,0.02739885179006709,0.027469172357691845
2024-10-18,0.024247935132166346,0.02233205137958409,0.02114844429545345,0.020884699063377223,0.021029265222759497,0.02128199299905038,0.02166677136581763,0.022206068046659335,0.02285118882261377,0.02356604668112324,0.024975041829366638,0.02633226439483803,0.02722772707105128,0.026770791160939094,0.026970436977023334
2024-10-21,0.02508866252783342,0.02305189290978567,0.021776683800625408,0.021459852450877948,0.021550330720179693,0.02174962215183287,0.022070618250277143,0.022565656203351714,0.023185845161432538,0.02388159602376466,0.025244163573057282,0.026523999598456995,0.02733914130637486,0.026793806626772353,0.026931457107703317
2024-10-22,0.023127894944883105,0.02150030035425149,0.020463251689257736,0.020281574042213292,0.02045584014245272,0.020720053802651194,0.021105168726573396,0.021636834137637836,0.022266810211330465,0.022979187132641122,0.024416632533356904,0.025945331682458914,0.026949577496272706,0.02656174725884674,0.026855485638257296
2024-10-23,0.022624070586665608,0.020704408287526673,0.019539058344349484,0.019329412997844575,0.01952847422724987,0.01982441414507539,0.02023428138432121,0.020790096725086638,0.021452351621975993,0.022209675306705364,0.023694421555259967,0.02521335444172681,0.02626523879764447,0.025908386653922155,0.02612598041310693
2024-10-24,0.023289126968047635,0.021569419144710153,0.020529286086371317,0.02040821642123357,0.020648683481749842,0.020963148052677894,0.021378775269405945,0.02195361205846689,0.022643204663608626,0.02340520831815455,0.02485572014401259,0.026216867047915468,0.027091406363485997,0.026594044684201932,0.026792053234768687
2024-10-25,0.0233239180276301,0.021312063988343788,0.02012735925313179,0.01994226904912698,0.020167402017309703,0.020497550771275613,0.020948232607017003,0.021573344499915006,0.022315591332404038,0.023125392606340493,0.02464456790498236,0.026095755818980423,0.02708163981576837,0.02664977996568261,0.026852153806637878
2024-10-28,0.022835795533816716,0.020843770243171095,0.019580873026383724,0.019269961784504044,0.01936534822406072,0.019581031821409967,0.019917916689546285,0.020424671570258023,0.021058605855965435,0.02180508168961282,0.023243631367235337,0.024657148282785465,0.025612722826448633,0.025171126130765952,0.025387440740758452
2024-10-29,0.02236670007699118,0.020471251830230505,0.019298665399915597,0.019072841969848646,0.019248438370079966,0.019537856201859834,0.019950035320511754,0.0205199402729651,0.021204371270716352,0.021982767603189905,0.02346759676042981,0.024964111791354028,0.025969633604934032,0.02557936009098849,0.02583924925534014
2024-10-30,0.021473007638304183,0.019302010821893,0.017850847138464285,0.017394655328041624,0.017377987146188878,0.017519037601242644,0.01780923919908523,0.018270253122295233,0.018857984177001928,0.019572445216339312,0.02097520800905803,0.022354083671789503,0.02325989712627166,0.022850660047686246,0.02310131933777297
2024-10-31,0.02300947039802723,0.021089635925277503,0.019939371480949437,0.01978085732253817,0.02000565538945151,0.0203188997256643,0.020732329948087536,0.021302601645228254,0.02199893107451378,0.0228024348046265,0.02431610836952738,0.025750914540628146,0.026680462388157737,0.02628227942929283,0.02650702538796717
2024-11-01,0.022628985539137444,0.021094824460386304,0.02014367104431464,0.02005658799755573,0.020282029161895358,0.02056669737589056,0.020931711685944508,0.021441624928256787,0.022079902542071473,0.022841585521987454,0.0242828639851968,0.025638364706867478,0.02645666482497548,0.02596877581896427,0.02626623523920211
2024-11-04,0.02363515066727059,0.022346944834158753,0.021438254435411624,0.021280109467261818,0.02139142434312145,0.02156709917223786,0.021815258817562713,0.0222213738582831,0.022771101364341927,0.02346819930607512,0.024807971183872915,0.0261267094568988,0.026830023425297472,0.026276576824665224,0.02653833158275635
2024-11-05,0.024380261600650825,0.022922631822182918,0.021913498856810404,0.02167418023993938,0.02172429392607212,0.021854728882062247,0.022073234454322507,0.022449760888772517,0.022963411106355185,0.023632642252622155,0.024956163965275488,0.026285740121485754,0.026982771201498792,0.026389189676833135,0.026704221404836626
2024-11-06,0.023712713336271195,0.02218848485920432,0.021164535993659864,0.020945166633106114,0.02103441626607823,0.021211376669060544,0.02148050457880423,0.021891494753992827,0.02242304820899165,0.02309236893538051,0.024430090429873035,0.025826335848664422,0.026423858475733787,0.026088658076237205,0.02642541077962965
2024-11-07,0.023660868180946742,0.022249372502960958,0.02126369681200012,0.021046964466783554,0.021111044826751753,0.02125439071673373,0.021486009045994178,0.021866558626259462,0.022372463852405138,0.023021892259543233,0.024315001718013422,0.025656396868680396,0.026204256727264265,0.025811538433369866,0.026184449704884774
2024-11-08,0.02367627098916155,0.022185428202228324,0.021186326894023562,0.020976744029519042,0.02105803121119717,0.021226255764366573,0.021487341131183918,0.021888565372210143,0.02239984838452185,0.023040276008079546,0.02430677120722405,0.02568270067688253,0.0262856754604917,0.025973278890201006,0.026364842673912214
2024-11-11,0.0217265133304958,0.020722340882760034,0.019974362166515405,0.01980165068925038,0.01991560687051261,0.020098594151725137,0.0203875017807868,0.020817043500914654,0.02134635789561771,0.02199634128813968,0.023262740299393476,0.024701035116189783,0.0253446704852196,0.025132187483067715,0.025574021553653795
2024-11-12,0.022707292488065734,0.021682075143943238,0.02100075553320599,0.020686420491349816,0.02074540254780955,0.020866090250598327,0.021084926763681622,0.02144908645601934,0.021928449756624925,0.022554680629073218,0.023797512080495128,0.025226874258233077,0.025901854172718935,0.0256233108837915,0.02605661399506326
2024-11-13,0.02172624885809532,0.020476326044593235,0.019671585430837846,0.01929431942635476,0.019353376554803643,0.019510435279086195,0.01978612341904302,0.02020407731865323,0.020722754059842422,0.021376200995804406,0.022684817988194522,0.02421372896833798,0.025023543535079476,0.024895354688350732,0.025303617620872913
2024-11-14,0.02127442913189761,0.019721178456028242,0.01874592367139801,0.018280785047981175,0.01831934702190614,0.018475390491982366,0.018760103909637286,0.01919292862011195,0.019729875666941257,0.020398317132623703,0.021717377383598826,0.023214018268581226,0.024031145885646237,0.02387889946083809,0.024276794311451282
2024-11-15,0.021358734346034212,0.020045963616332402,0.01930759014155767,0.019071945083091957,0.01923341685416969,0.019471547356944226,0.019816223123716302,0.02029858316557485,0.020872400663129648,0.021547381930092636,0.022865704248506074,0.024311845292374398,0.025101816094331767,0.024894171750856932,0.025248751353235396
2024-11-18,0.021779634883199474,0.02036776299290637,0.01953852447245485,0.019239980011348114,0.019349817727005857,0.019544408807262024,0.019829900291931414,0.020254347349848652,0.020789943884742777,0.021443780485654287,0.02273091733643818,0.024083583118530007,0.024756172708409314,0.02445957520623758,0.024872973529628632
2024-11-19,0.022808031455596494,0.021523701397329446,0.020844268043115594,0.02068469861612326,0.020906650395947378,0.021190769765313828,0.0215565429816913,0.02206279130941474,0.022674871831435187,0.023370277092706112,0.024711519727383283,0.026100238994208245,0.026795173289586305,0.026496429502657202,0.02686214814990808
2024-11-20,0.023079402481596616,0.02178424594803023,0.02112211490541981,0.020998771274081257,0.021255072838899765,0.02155876940116533,0.02193163290283021,0.022440943196309106,0.023056015026568073,0.02374779670243248,0.025070842640780414,0.026387086587751026,0.027010238054383778,0.026642801240614244,0.027001223434124463
2024-11-21,0.021933847137338505,0.020891969752423828,0.020465472996003323,0.02055690597090858,0.020991305719620892,0.021441474354538564,0.021933746667789113,0.02254219340263119,0.023233552779077543,0.023972518525471147,0.025355859449580267,0.02676151678596533,0.027535249873701765,0.027249972090624616,0.02761625678044722
2024-11-22,0.020139701308379554,0.019025226257482895,0.01851195135762905,0.018520009946722437,0.018888518423363938,0.019306466798342147,0.01978267194043031,0.020367526752470427,0.02102388170921905,0.021723046227128923,0.02302877971545398,0.024329927550826202,0.025013659496584916,0.024723550310910277,0.025001224141582703
2024-11-25,0.02168332627016757,0.02067990333814077,0.020262028890455166,0.020345045698059748,0.0207430340547941,0.021149394053802763,0.021603664506796242,0.02217228729366458,0.02282612476403194,0.023526222949300398,0.024849543088227715,0.026084683831416364,0.026701453428091687,0.026264074378315332,0.026566065850736845
2024-11-26,0.020936231826303272,0.020008181137042374,0.019671032450909377,0.019840668146311788,0.020319195761771477,0.02080581033756729,0.02132991657558288,0.02197723472994308,0.02270378345613615,0.023449719268029297,0.024822018492169515,0.02614033920924516,0.026866516261372705,0.026490452107475266,0.026873652676076887
2024-11-27,0.02129686334931114,0.020692277063555323,0.020500372646291183,0.020710018605411502,0.021166970528244816,0.021600611184588073,0.022061174457634124,0.02263063802879349,0.023280624335166252,0.02397540089609304,0.025262461101443773,0.02650543531565225,0.027074937975286914,0.026624861475403397,0.02707116849773095
2024-11-28,0.023046931432363405,0.022408420766653173,0.02215615101632559,0.022303469310502685,0.02266967479748097,0.02300592192925707,0.023373323813987032,0.023878767734913337,0.024487701750785518,0.025146893334676075,0.02634569471081642,0.0275016542747778,0.027971224358765118,0.027397531882369854,0.02778398825209832
2024-11-29,0.021364612481328024,0.021063191681253632,0.020930945503569432,0.021047639849462507,0.021325170854297516,0.021568960072602544,0.021833826551456905,0.02218562221878262,0.022602046167314392,0.023094040796440885,0.02405388949007653,0.024969069006180795,0.025139284028809578,0.024531226056492172,0.024943895445416264
2024-12-02,0.021289387802456015,0.020431261411950227,0.020102823204699704,0.020210662181579173,0.020573615678301,0.02096850792715864,0.02143178817111431,0.02200916452651755,0.022646609130501393,0.02327986257752722,0.024453877039385598,0.02559293082372789,0.026046747003442016,0.02561551582485392,0.026046868460128908
2024-12-03,0.020391615027048175,0.019940733087111518,0.019787078429996482,0.01994218140714566,0.020265174593867476,0.02058617200483215,0.02095701362412697,0.02143345026419795,0.02197225147927946,0.0225317424511297,0.02357511312636297,0.02451466273716866,0.024672098246728717,0.024172830374584144,0.024637357717201873
2024-12-04,0.02152076907423842,0.021195160007048953,0.021107873820003023,0.021309519920685673,0.021646703816881156,0.0219643559776447,0.022313932027916403,0.022781994792937087,0.023310156259606328,0.02384233230030099,0.024802305720866093,0.025629542409667742,0.025723626937035903,0.02506397550610396,0.02554608838158383
2024-12-05,0.01994568481296618,0.01942688886244915,0.019315622798035937,0.019576324196701432,0.020052695937472213,0.02054541461171168,0.021103606073206924,0.0217476014308711,0.02243148817642878,0.023083135425149823,0.024239541655301212,0.025262664956568974,0.02570349713509635,0.025237933828157373,0.025754279296720473
2024-12-06,0.020683514765439028,0.020361753563018895,0.02039533724620498,0.02076395554629813,0.0212839495683526,0.02177438695530766,0.02231875237470215,0.022951562298899022,0.023625946594223,0.024253973148853816,0.025374725890876245,0.02636025339953057,0.026698990192538404,0.02624085086542835,0.026915430897008714
2024-12-09,0.020505577043862525,0.020037728324506354,0.019888128184536412,0.020064516466843523,0.020411930868966276,0.02075238155820611,0.02114811320971203,0.021654352382265315,0.02221953117716418,0.022793925631830282,0.02382092916891683,0.024691637562417827,0.024925024924901857,0.02446019869354806,0.02504286268634126
2024-12-10,0.02009036441843163,0.01923426346145829,0.018935542026855868,0.019086195489692245,0.019490071172058008,0.019921342696083394,0.020423791293130697,0.02101996902075163,0.021663458117525566,0.022288995028895277,0.023417050405649106,0.024302567728167513,0.024611665919700123,0.024126155064085775,0.024606696631767695
2024-12-11,0.020161089049687324,0.019618854525028255,0.019539152652762997,0.019847929760950803,0.020333602756011274,0.020785490526931894,0.021271915327959107,0.02184750946176192,0.022464462197411644,0.02305301689227358,0.024084199000664833,0.024906269893030623,0.02499204850533774,0.0244362790078383,0.024927231860482534
2024-12-12,0.02089374278546944,0.020654269503628468,0.020769322191313104,0.021219984106450776,0.0217877079980208,0.022266112461136262,0.022735085344587597,0.023277322429160995,0.023858245334931,0.02441497638984136,0.025396633830571416,0.02612609565208808,0.0260746834934418,0.025408497346567575,0.025898001493774088
2024-12-13,0.01975126656466364,0.01982736522584682,0.02005049524464739,0.020521727860529828,0.02104708298610233,0.021521426879517074,0.02197781208664197,0.022507661453333005,0.023064626546078687,0.023619811873644654,0.024630225187610728,0.025493111734038485,0.02560401361618044,0.02506292045143156,0.02567393208269472
2024-12-16,0.02051285739645842,0.020255727511140496,0.020235828032185214,0.020519129979611098,0.020906200225979638,0.021282925570269087,0.021661761302222714,0.02213473737210967,0.022645789990510343,0.0231755195862101,0.024139625136029588,0.024921596162019895,0.024986933460671195,0.02436263939006543,0.024945391112729202
2024-12-17,0.021163298334089434,0.02085388592036181,0.020842623019027378,0.021152372855402935,0.021571023046761752,0.021973977970532833,0.02237916710794001,0.02287574274332512,0.023412063346817422,0.02395287124998386,0.024939564097228563,0.025664022128811213,0.025629601222252652,0.02500376671865675,0.025412338837141002
2024-12-18,0.019572202167998716,0.018908029466793833,0.018690758745017133,0.018891427273443766,0.01925298986836407,0.01964284252317252,0.020059238410739606,0.02059655656544157,0.02118191880347136,0.02176061000761171,0.022792346437098186,0.02353192113385663,0.023598746901279267,0.022989730695080556,0.023397584347579083
2024-12-19,0.020790802937332188,0.020422058231634434,0.020392433362515824,0.020717389621521462,0.02114804539391462,0.021562214407915045,0.02197790797328035,0.022484922797527746,0.02303090547788602,0.023568192270728084,0.024531449620515285,0.025198824454063438,0.025071936524193643,0.024397673055757498,0.024892806111873913
2024-12-20,0.02085552151208922,0.020084736975787082,0.019809302200659882,0.019962530557509035,0.02028833815586485,0.02063254655274813,0.02101326716008735,0.021499047337900094,0.02202880277692045,0.022572637556349348,0.023583373532658887,0.02427938916020063,0.024271655279019314,0.023612569069965866,0.024162929378558726
2024-12-23,0.019681250684204944,0.01907336100431961,0.01903848882919957,0.019452377031260588,0.020019887221384595,0.02055547755103935,0.021081821452378056,0.021672257463405196,0.022305858784827586,0.022938667734456623,0.024122565624325,0.02489113532176046,0.0249902223627384,0.024390438910271043,0.024908934672200025
2024-12-24,0.019565628055815135,0.018738935311811266,0.01844577966527312,0.018596492881497607,0.018920697078690443,0.019265144363362182,0.01964399909251901,0.020140833024396468,0.020694375888349017,0.02127680612054027,0.022322228260028554,0.022974068534391618,0.02291986132910606,0.02232262091538293,0.022810700457795832
2024-12-25,0.021220672487414348,0.0204675404819363,0.020179029351164907,0.020287960760665715,0.020533416385467587,0.020778752553372207,0.02105995179047426,0.02147779293779674,0.021971209326426423,0.022508749945350414,0.023496572508959968,0.02409387004834955,0.02395567561101751,0.023205319292265932,0.023733724891559106
2024-12-26,0.020872530849012267,0.01996325418604197,0.019504230928586046,0.019453768517193718,0.01956947944322293,0.01972287384036886,0.01993836213093751,0.020295549766204932,0.020734109704713816,0.021249117442760364,0.02219509832085387,0.022761004867957235,0.022524109893090605,0.02181206167811358,0.02229162254663023
2024-12-27,0.01977728056490665,0.01898267253483791,0.018639932462611447,0.018698282620356513,0.01892562396182297,0.019196289888912886,0.019534690353550304,0.01999548261090642,0.020515453522788944,0.021082537156008264,0.02212990373988244,0.022853089250833382,0.022755773274125805,0.02224890722113226,0.022773579687433557
2024-12-30,0.02053245749456094,0.019353142489484006,0.018806979736783774,0.018753977882324566,0.018946257004893042,0.019223101286087504,0.019594469815784284,0.02009443187592657,0.0206594666818284,0.021270029868628824,0.022377353181116853,0.023152061611831247,0.02321656023106754,0.022717736467802806,0.023239904331069032
2024-12-31,0.020375696954180074,0.019446793005237672,0.018992072995793967,0.01896403567398305,0.019124088849425264,0.019335336264669996,0.01961755794114314,0.020026905902236127,0.020507798665814314,0.021048888912535105,0.022024258577925615,0.02257075850933612,0.022434250738157826,0.021816845612986205,0.022299032992725218
2025-01-01,0.021011031629717458,0.020140751193952044,0.019721701901082318,0.019711893684106623,0.019867721269647958,0.02007743446945782,0.02036496823287042,0.02080779837093144,0.021322361046288117,0.021891817764319657,0.022922965404919372,0.02353380572862475,0.02345155025475482,0.022867533617309463,0.023389798079911837
2025-01-02,0.020400614513670586,0.019720270368283426,0.01941971161765345,0.019481719751129018,0.019672359044685093,0.019878823160888626,0.020135743714536674,0.020531689206132856,0.02100346115239319,0.021548682410792643,0.02253855500116183,0.02315299333810798,0.023032231958132254,0.02242565761651378,0.022954798305699305
2025-01-03,0.022444280777855534,0.021676443075225257,0.021300818685244804,0.021314342304763527,0.0214301743817197,0.021527057552548582,0.021638737571866448,0.021907689848212543,0.022282943579409825,0.022746479690447664,0.023587692211103982,0.023903711467304578,0.023410734206696083,0.022420349134591424,0.022837500821189266
2025-01-06,0.02098749334711917,0.019921192695781777,0.019408732228282388,0.019345633447528248,0.019476593140059176,0.01966233062449707,0.019921955045465244,0.02034703604551691,0.020851559219596607,0.021419244465119624,0.022462409377737698,0.023088808198963577,0.022873615549225818,0.022220749171425653,0.022734175305276477
2025-01-07,0.020640332135543,0.01982262150350023,0.019510639931636767,0.01961805800407608,0.01988201388988213,0.020171365703324888,0.0205206982178617,0.021022997824857895,0.021597459435658235,0.022203478699658708,0.023302849242052184,0.024072182778810434,0.023997787038865907,0.02342883595911105,0.024003191760848253
2025-01-08,0.020509324174279055,0.01973923930341123,0.01945771305530494,0.019595249710581922,0.01987974507673816,0.020180399241148016,0.020539034719416992,0.021042480616860586,0.021606778429657143,0.022196699492022506,0.023275039179895613,0.02398692301829022,0.023854878167090046,0.023218102979220973,0.023766120235737938
2025-01-09,0.019983312176408828,0.019393259052338425,0.0191656078239404,0.019295329047476096,0.019547020344917544,0.01981500012412033,0.020142621751020263,0.02061311303551682,0.021146994570237235,0.02173252898924071,0.022842646159465418,0.02369080457402019,0.023762949100304142,0.023170305440450806,0.02391310815408632
2025-01-10,0.020693595455779576,0.020167596730267585,0.02002621550658587,0.020256403867484965,0.02058445001164533,0.020906260083296935,0.021261662285639617,0.021764407468444436,0.022332579408047108,0.022926597794374948,0.02403562441716675,0.02477068052481334,0.024631627843254005,0.02407146108615879,0.024675478105715548
2025-01-13,0.02142398441756835,0.021264682858521417,0.02136670230168106,0.02170008020204686,0.022089610728755017,0.02242430903652722,0.022786157300924315,0.02329472568307927,0.023880368500758316,0.02448664840114484,0.02556344240950617,0.026223488382217712,0.026121087135886456,0.025257858926167956,0.025828612588977774
2025-01-14,0.02041934426429943,0.020029383761291576,0.02000619743095023,0.02027969881615605,0.020670797930623833,0.021054635515259965,0.02150012063905595,0.022086608290833577,0.022724427944186748,0.02335473376640894,0.02449985684538162,0.025261137233573955,0.02533661015438701,0.024551944703553957,0.025116550184078427
2025-01-15,0.020701837461306327,0.020412446945104072,0.02040694421739536,0.020652044883710394,0.020981387324413535,0.02128390237724946,0.02163926267198303,0.022148837151536305,0.02272933667022483,0.02333599363877289,0.02442926709655706,0.02511712347598059,0.02507261748187025,0.0242542576953802,0.024831174424745917
2025-01-16,0.021427970258897942,0.021192678337779998,0.021302876100044624,0.02168927499408479,0.022138765253650203,0.022519180347938778,0.022922265178564633,0.023469376106512178,0.024085561497184355,0.024703432713542913,0.025791735895994164,0.02639024177045824,0.02630785771398511,0.02539281289051723,0.02590146315263193
2025-01-17,0.02166029490424547,0.02141225893290253,0.02158660008732745,0.02205198296297515,0.02257400202151628,0.023018029866317246,0.023483293016017422,0.024083537030159054,0.024729095108400184,0.025354910698732462,0.02645188257187895,0.0270684893617494,0.026969438062651424,0.026073212983343155,0.026602141463199114
2025-01-20,0.021273799065132597,0.020802022269512995,0.020844043456789974,0.021266548988410138,0.021790516536261913,0.022244245380934117,0.022714422148255028,0.02334042969502224,0.024030896758661185,0.02468392126180074,0.025801898712128495,0.026443261820311027,0.026360114187519407,0.025455666261615877,0.026055897217709616
2025-01-21,0.02245093675650662,0.022073613710363194,0.022147510978649247,0.02256025575824637,0.023046771388616587,0.023450492679074605,0.023863994985479607,0.024431175871385536,0.02506699336002011,0.025675752313206304,0.026710605407182345,0.027254885468585364,0.026979754533307,0.02607209050102091,0.026631952793261356
2025-01-22,0.021167763929317702,0.02077020202091163,0.02088998768117341,0.02137650153346177,0.021961704506300455,0.02247995981667669,0.023015601365167664,0.02369479047406483,0.024413427810932968,0.025076665480390274,0.02620878173145796,0.026909033875336823,0.026809001853697306,0.02610857436022477,0.026631483763518992
2025-01-23,0.020771141728851243,0.020275073612175655,0.020307581577302062,0.020717455336351498,0.021240181343933157,0.021711615168610313,0.02220589214953787,0.022845894414034753,0.023529245349352978,0.024170979136472842,0.02526406223588003,0.025910809955307878,0.025758184874855757,0.02504236904636304,0.025555626023393365
2025-01-24,0.020882967052489758,0.020573539043817216,0.020696730252391087,0.02114614829227611,0.021675655231903748,0.022138477472132385,0.022617792287481037,0.023240073364568518,0.023905251673411673,0.024535217889178146,0.02561428370281352,0.026282769042257705,0.02614258766191239,0.02543622244807706,0.025986730327407864
2025-01-27,0.021132700431407893,0.02133018516294278,0.02174567505222468,0.022360150561572825,0.02295770105902689,0.023444902396589584,0.0239291273800764,0.024548136600495752,0.025213702578788962,0.02583589469441288,0.026907240044155664,0.027524697778865827,0.027249660738414175,0.026508719038691658,0.027158422243641227
2025-01-28,0.02001795391828521,0.019850962433309464,0.020039494800731292,0.020497028210563633,0.021025770634628654,0.021516643403622058,0.022058182184553084,0.022732808861832324,0.02343460278604008,0.02407959668329622,0.02519017881929066,0.025870861680072695,0.025674189961543997,0.025058822958189255,0.02564946859341494
2025-01-29,0.02096639203461574,0.020822423410562875,0.02102915881544639,0.021492831263647764,0.0220155579300099,0.022492049754809798,0.02301825216064157,0.02369887898552272,0.02441462548779334,0.02507782190651979,0.02622036514785526,0.0270134481636677,0.026947444010705986,0.026333053873243414,0.027029026609062416
2025-01-30,0.020008272355123636,0.01985859363383951,0.0200610862699147,0.02052548104178936,0.021050991089127537,0.02153623578364303,0.022074196982742295,0.02276071677407631,0.023477108540851145,0.024133167543956523,0.02526323299466616,0.026032210463335665,0.02594712557018577,0.02534952311370175,0.02603662059322326
2025-01-31,0.02022563795986954,0.0199328098860327,0.020059697402166777,0.020447204786392597,0.020947842039427123,0.021428764307756917,0.02193571152375082,0.022602483143462693,0.023305808823148987,0.023957205284521544,0.025060415290936142,0.025930765185531446,0.025948821355557244,0.02530999745451281,0.026000877955062045
2025-02-03,0.021299077646092377,0.02136426021435916,0.02164079230080467,0.022066965636830544,0.022533066145121836,0.0229564870133014,0.02339183020583605,0.02398856419624385,0.0246362640300532,0.02526294183847899,0.026340004597526476,0.027215513239208317,0.027232595246675245,0.02654958170330278,0.027299523162103635
2025-02-04,0.02220393291604891,0.022209733385540772,0.02249486091720917,0.022955839917813234,0.02344477382943095,0.02385296911842317,0.024256601416219204,0.02481649190027827,0.025436259222158163,0.026038398842384625,0.02704061986032137,0.027709175448953564,0.02743043457123471,0.02656815073321708,0.027192289148535657
2025-02-05,0.02228845137790747,0.022205788931252475,0.02242215704488799,0.02283617283885395,0.023304663541764175,0.02372287225881276,0.024146293462767653,0.024731972627396594,0.025372953235062643,0.025993067292830484,0.027034195515185124,0.027783695815252613,0.02761392398742192,0.02677366514122207,0.027448842586999006
2025-02-06,0.021837059014163482,0.021876216718744474,0.022149954377969388,0.02258285821976777,0.02306335737139729,0.0234985768906816,0.023942734675303196,0.02454144657709837,0.02517476585756164,0.025793778466007562,0.026851133119870894,0.027676176863365966,0.027617156769972045,0.026891537425963005,0.027680815260618198
2025-02-07,0.021933242623500646,0.021827964420393454,0.02203321596234551,0.022443727273720834,0.02291392105956844,0.023332618994655573,0.02374222487390418,0.024305415461608824,0.02491918763782824,0.025533396824857627,0.026575457214231712,0.027320679205075207,0.027197735071493916,0.026400812380086014,0.027094733876589113
2025-02-10,0.021524833603019627,0.021563327718074763,0.02181616963660589,0.022227770537665354,0.022664504150529508,0.023044073905770898,0.02340488399273613,0.023899129621473877,0.024441607788367438,0.02501585841411214,0.026040838310737235,0.026809894363526668,0.026757527938745636,0.025906510990921554,0.026619239750757764
2025-02-11,0.021541766299101015,0.021357928639383208,0.021516862879582918,0.021894430695714673,0.022354655442390754,0.022784269134113848,0.023209673139608377,0.02373937160462612,0.024297594841488825,0.024873587952198344,0.025912569744384252,0.026669950584785967,0.026642387874583316,0.02572371751693257,0.026380675197463028
2025-02-12,0.021842360958545567,0.02203672411537947,0.02242777473530845,0.022965757284411012,0.02352308847195407,0.02401013484030089,0.02446657729396558,0.025010835255484226,0.025576200128294452,0.026148669874012643,0.027203219639390985,0.02804110020820138,0.028051188759043073,0.02713513816085726,0.02782885288937706
2025-02-13,0.02058672124842287,0.020172562410521625,0.020156378283683492,0.020404747767811433,0.02080289411813592,0.021241952015418467,0.02172277449999976,0.02230994547078305,0.02292336486811033,0.02355346209249372,0.024719003026981413,0.025713645269517874,0.02597506217854628,0.025278701053287105,0.025957335465097865
2025-02-14,0.020567287549608355,0.020423093162202116,0.020564532398787215,0.020916003539841434,0.02138464154088451,0.021876022225399146,0.022400970191877673,0.02301465645267733,0.023649887570931182,0.024300055014507077,0.025513949411764013,0.026526765536040692,0.026868075776933845,0.026272080180570343,0.02697508116771312
2025-02-17,0.021070528618618807,0.020675393640562312,0.020604832597920855,0.020763771446962044,0.021053442082055084,0.02139333472240192,0.021782442702178113,0.02229051947968947,0.022841932927213,0.023432092462844764,0.024539976853248775,0.025471342722814917,0.025725180491773185,0.025072004962326335,0.025723316485386106
2025-02-18,0.021794862058942824,0.021551494003231406,0.021637628211397125,0.02194627621328057,0.022350766272687873,0.02276256030819367,0.023201367774591544,0.023756619732790814,0.024350565482887027,0.02495644566607135,0.02607263598081386,0.02697716356714902,0.027156028243082934,0.026418559285878274,0.027019140124392625
2025-02-19,0.021406310170749936,0.02098241296554384,0.02095874437835711,0.02118597330092042,0.021539898248853006,0.021934431745009704,0.022374829540417918,0.022934618838382933,0.023534753436077114,0.024160086539533214,0.025334099291434483,0.02631254129039205,0.026568051436945475,0.02593883495069331,0.026556204556996043
2025-02-20,0.022053274976863203,0.0217279557331138,0.02178213426600418,0.022082982930535497,0.022488505289537705,0.02291133915909059,0.02336204466782233,0.0239356526373014,0.024554448904208707,0.025194571894495265,0.02637887570957288,0.027326798848679654,0.027561579088025156,0.02690339027141988,0.02749200798323236
2025-02-21,0.0220802661740992,0.021977689493251414,0.02216214115448648,0.02253376735083809,0.02296592082063698,0.023404239992285577,0.02387233198511698,0.02446426864984378,0.025097078656932042,0.025743746353441822,0.026940331277548142,0.02795450216489777,0.028208413797164582,0.027604068162770067,0.028193761327537474
2025-02-24,0.022276507256865894,0.022334874721600194,0.02257589270126819,0.022936146172642512,0.02332526048463477,0.023714752297645622,0.024137140494301084,0.024687909657580973,0.025280713381518587,0.02589108147934105,0.027028278561973297,0.027983538698851555,0.028183659367582024,0.027526811659175743,0.028194496674867554
2025-02-25,0.022101264318564073,0.021495026951296965,0.021352186286610224,0.021493860427130064,0.02178108897397908,0.02212515398508007,0.02252866190342447,0.023087637811459998,0.023698700838891293,0.024340417805686427,0.025522972835649513,0.026498596765389373,0.02672361721584977,0.02605574479813489,0.02674029939364405
2025-02-26,0.022895900183633557,0.023016895665878848,0.023295362621970933,0.023690712415206792,0.024097041250631668,0.024481417186935917,0.024883338222771476,0.025414459668062665,0.025994871166921042,0.026605512592704526,0.027747605263273568,0.028701037653371127,0.028921569387516194,0.028200389493751137,0.028896111964642413
2025-02-27,0.022675482203044744,0.022655490991099553,0.022854214905643943,0.023199583149914133,0.023575643955626287,0.023938949591629514,0.024326930125532373,0.02484483148419414,0.025424578510426107,0.026047329343421452,0.027189753317099476,0.02816461397671942,0.028364706304323688,0.02762968591716313,0.028432434470721243
2025-02-28,0.02095655395284294,0.020816655688026122,0.020987589094975587,0.02134608525825894,0.021759720445218407,0.022186889568885926,0.022653235782353735,0.02324686852547168,0.023878612570767063,0.02453187691681972,0.025741780649192504,0.02676879266004029,0.027122961181116394,0.026504073150985238,0.027265774817256214
2025-03-03,0.019397879200250198,0.019275770414829647,0.019541591047218514,0.02001973143909365,0.020556445609799915,0.021094464189109347,0.02167142606750613,0.02235100819630975,0.02304926542245925,0.023752179610809908,0.025041155475050605,0.02608061116265635,0.026444561708535614,0.02579692431291717,0.02651375523147145
2025-03-04,0.018543600870990766,0.01815519849173886,0.018251471707019275,0.018645262189719215,0.01915984465812046,0.01971669964461231,0.0203147046671809,0.021019788436640312,0.021746268852024492,0.022457148956861888,0.02373665750374692,0.024769479014847915,0.025144381240647617,0.0245885765454124,0.02520419567379414
2025-03-05,0.019643061439518005,0.019270314382433564,0.01937787597742262,0.019766997776894762,0.02026191178012846,0.020784667122951798,0.0213498049317338,0.02203245484538431,0.022745091978061214,0.023453363010550836,0.024728386242192178,0.02578590911692028,0.026131978236084232,0.025571492495594463,0.02622689687066511
2025-03-06,0.019973849772192555,0.019586153392141474,0.01958847300556269,0.01984450215061695,0.020208092777049186,0.02060281321034856,0.021032577387985002,0.02158899610202967,0.022188391042416638,0.02281735702639164,0.02397357926678087,0.024904460078289715,0.025124606585930086,0.02443615602968779,0.025141988050798682
2025-03-07,0.020322165421239154,0.020012320438929268,0.02010206033842092,0.020435529164591636,0.020870308200458175,0.02132722361861134,0.021819648804187585,0.0224102751388048,0.023032546019611747,0.023666339472760946,0.024819798058620644,0.025745742358738482,0.02590646019232397,0.025278972441369632,0.02590884971002398
2025-03-10,0.019583505835009667,0.019209343331903463,0.01930577726581697,0.019678824782926114,0.020161061192175717,0.020670071030532488,0.021217683293438785,0.021878709944543044,0.022557385964737706,0.023223684245899864,0.02442849148378232,0.02538853560103896,0.025630231114292176,0.02504519627890337,0.02563597962416922
2025-03-11,0.018707444094782345,0.018332539447052227,0.018468365835697765,0.01889643842234427,0.019448312724366305,0.020022051812175666,0.020622505375404193,0.02131042612635113,0.022002433228220347,0.022681224020715346,0.02392534310618012,0.024977597777355746,0.02532131576286293,0.02483993147629621,0.025555160957317906
2025-03-12,0.02038214524024588,0.020259986322561315,0.020547573849512404,0.02108403180462158,0.02169725656247459,0.022282960687576563,0.022859314873323832,0.023520329724424506,0.02419955766986425,0.024864428564981753,0.02607275829587712,0.027069375453277568,0.02740683389655526,0.026796614283023896,0.027554463198128692
2025-03-13,0.021224161333115464,0.02110546144186873,0.02136008104863187,0.021840330212480108,0.022379314284906266,0.022881365795696187,0.023374294962141426,0.023954192028299397,0.024564336557790827,0.025186049180029854,0.026321011371480164,0.027254865427638043,0.02751088091127157,0.026924076631692797,0.027630865495327072
2025-03-14,0.020379884352528417,0.02046240445847556,0.020850146210003973,0.021400720347367036,0.021982702638494254,0.022526024866136612,0.023068162679941592,0.02364242541336778,0.024272149573491986,0.024875815158958096,0.025978896819912955,0.026905735358487212,0.02715100992675755,0.026581344507563207,0.0272845037801627
2025-03-17,0.020740417484872438,0.02055602974544782,0.020757665540140045,0.021183943021289234,0.0216870626862711,0.0221860233979678,0.02269066944720059,0.023239592629927863,0.023856901707739107,0.02445431415308688,0.0255559215390037,0.026440921045008097,0.026678263276160488,0.026096382154628325,0.026763907670396384
2025-03-18,0.02032873796648108,0.02047473785794774,0.02093481313087305,0.02156789845452363,0.022245292197404412,0.022891746110211005,0.02353762424597214,0.024211002941259163,0.024926323814268854,0.025581769106268516,0.026768692225941124,0.027837070305413058,0.028278615009745763,0.02783303060216872,0.028583957172561895
2025-03-19,0.020057174268692652,0.02014667923168509,0.02055732709554001,0.02114964353402667,0.021794699141043268,0.022411297778854426,0.02302464014485572,0.023662224092136187,0.02434150691076796,0.02496466796902572,0.02608562441468549,0.0270717255587932,0.027394475085631993,0.026903805177997085,0.027635687507310512
2025-03-20,0.02020814277938069,0.020521191652709367,0.02107862829632634,0.021758428541090807,0.022456083501237987,0.023119694280240462,0.02378711467452304,0.024482214480805217,0.02521177541560023,0.025868099286816746,0.027030941954250362,0.028023484647777527,0.02839649567725691,0.027936651012084462,0.028649385206857822
2025-03-21,0.019547506123614836,0.019797575762057457,0.020294289446114607,0.020915551069428967,0.021566938957754155,0.022202047994398056,0.022858683946195033,0.023538508115289285,0.02425254086604019,0.024902884990287012,0.02606381052480228,0.027136777328171147,0.027617886612654935,0.027280660406362383,0.028103951954702878
2025-03-24,0.018335305349077083,0.01826588405070946,0.01858762640492623,0.019127524122358693,0.01976061193267727,0.020401797893176733,0.02106251851491096,0.021751536152665733,0.02247679525060795,0.023137688660905514,0.024312134167009516,0.025295778815184376,0.02571988533269156,0.02539065928965874,0.026123218311853633
2025-03-25,0.018244108767386098,0.017997351819649683,0.018280037764933834,0.018864704440078775,0.019589155498741653,0.02032771227592633,0.021075169553430074,0.02183814672002863,0.022628394762324533,0.02333893239095841,0.024599536036138393,0.025627254288599733,0.026179905285734474,0.025837386944270662,0.02662693034142229
2025-03-26,0.018291604485828658,0.018380500851201985,0.018857170999009576,0.01955157320070482,0.020311523164623976,0.02103704708563125,0.021754781882463936,0.022482647003141006,0.02323751687294172,0.02390821257948604,0.025110445775754876,0.026069162687599224,0.02648230179568084,0.02605943200860351,0.026799331447323705
2025-03-27,0.01818889242861837,0.018089116216930937,0.01838486405913471,0.018906902910334557,0.01952399585064713,0.020146668335234298,0.0207895561665404,0.021461151025536505,0.022179467767415376,0.022852887484938838,0.024074237040799713,0.025054648367114556,0.025547618949347636,0.02508899929156031,0.025937945014728046
2025-03-28,0.017229432260449356,0.017032664037488113,0.017320106385947963,0.017896905711484015,0.01861893360905956,0.019388384484593596,0.020188602500748633,0.02099621222597526,0.021820013860804684,0.02255859919483335,0.02385943737098917,0.024886383973018813,0.025426121508892036,0.02510427626169505,0.025829416603565483
2025-03-31,0.01735776329034217,0.017347276014576078,0.017695975226952307,0.018258701360041294,0.018918998944542964,0.019612226006791016,0.020355125740563747,0.021116852310461696,0.021905865455651662,0.02262396312627056,0.023891698965672004,0.02492720764320517,0.02547184041833509,0.02508433552313922,0.02587022063564841
2025-04-01,0.018850319236810152,0.01884489260769404,0.019273733565098934,0.019954515305328213,0.020747257099508597,0.0215519354896267,0.022376759680008323,0.023210922684682545,0.024065623831230256,0.024830234043961463,0.026142639388521263,0.0272165994011904,0.027779182279635804,0.027344414679282097,0.028188007434681073
2025-04-02,0.016988056225346358,0.01704321694470665,0.017546046101852442,0.018308615863731056,0.019205152725939516,0.020151822371071715,0.021151284070848996,0.022155044735025352,0.02315112828428286,0.024019716093064126,0.025527538281983436,0.02686395067726219,0.02776432493523261,0.027636509370768576,0.028482347535317254
2025-04-03,0.02050891140682494,0.02164705217189505,0.02286694627573224,0.024134317340739588,0.025307022739651654,0.026330033114746288,0.02727850412951164,0.028218348582425275,0.029176225400665376,0.029969787889841393,0.031253623544684014,0.032233179976087004,0.03252208141406458,0.03200510179487962,0.03296140475798546
2025-04-04,0.019217741522750582,0.020596059504803504,0.022059625478073955,0.02353410513450281,0.024874538537962728,0.02601860136018681,0.027059511554832424,0.028054832827735732,0.029035355832942852,0.029824786899153757,0.031075768032120622,0.03197928666639405,0.03223452862610576,0.03170257036385067,0.032505362519604834
2025-04-07,0.019516750333556623,0.01943634205288433,0.020113942921350752,0.02115591459364638,0.022319119908432335,0.0234376656239684,0.024546134643108092,0.025652401297579466,0.026761829186656733,0.027648209054804453,0.02900925769259692,0.029997463494169496,0.030378692737864622,0.029755858846663735,0.030581787001992385
2025-04-08,0.018655318943187615,0.019079591228980813,0.02001337197939482,0.02119070995848167,0.022417314622555536,0.02357327861414872,0.024695651718573044,0.025781765657273345,0.02684431843030986,0.02768513232648354,0.02899936012572843,0.029992545709334923,0.030307984376380482,0.029778079881450432,0.03062677733073419
2025-04-09,0.01962891783711369,0.020101744361169904,0.02119342122138579,0.022577257858903153,0.02400490514695275,0.025311297954445977,0.026539209018703956,0.02771495612669622,0.02885827345169943,0.02973987514370828,0.031049183503182316,0.03197727501763016,0.032218383535930054,0.03159777348920833,0.032332806344644506
2025-04-10,0.019026746838892192,0.01920522122641983,0.020085658420103587,0.021320747569956833,0.022650940729426795,0.023895048935145557,0.025069940163359172,0.026206657933515495,0.027327230953559746,0.02820023349589967,0.029480611301919847,0.030369382177598575,0.030630517142635302,0.030097788169856438,0.030631571425541633
2025-04-11,0.01791498185942658,0.01807646602554208,0.019006695439279804,0.020302713153453306,0.02170650861430265,0.02304808029396067,0.02433934928040004,0.025579293258496703,0.026784099151589625,0.027741131261321314,0.029226673081811864,0.030335537289534184,0.030904272303985035,0.030453482555069546,0.03125752709789714
2025-04-14,0.01922520847597808,0.0196180967563621,0.020710278417199378,0.02213922514946149,0.023643231451802128,0.025038184438499693,0.026347029750242282,0.02759134384271506,0.028800761301071016,0.02976624257080218,0.031261228843848875,0.0323674187837893,0.032892009335542566,0.032458472346041,0.03315853340652272
2025-04-15,0.018634230245696392,0.019268313585910787,0.020155945257613158,0.021166655461451623,0.022209493661335095,0.023225016247699078,0.02421798026293139,0.025176222690781784,0.02611877000032245,0.026940150814504613,0.028334910997383375,0.029553868533310244,0.03014639152391748,0.029834269661617226,0.030815483384438885
2025-04-16,0.018687017029684557,0.019605688810717798,0.02067561023282739,0.0218128680793932,0.022932077689896864,0.023979424680683353,0.024975604237441835,0.025917463264089037,0.02684057438552276,0.02765413960567475,0.029051012196698603,0.030270098603069,0.030868640694029,0.030574033852973838,0.03138567719107936
2025-04-17,0.019530925716936477,0.019603273016029252,0.020331774327910092,0.021389750945231822,0.022556331136048515,0.02367092138981329,0.024746493997364102,0.02579653021795068,0.02684187871449828,0.02771591492159948,0.029102651397496775,0.030114685101839775,0.030486185377289,0.029938860314937546,0.03054076728196843
2025-04-18,0.01971242342140951,0.019600545906343737,0.02023600549150991,0.02123580359233908,0.022385155911414233,0.02351252423804963,0.02462383353413461,0.02571423372467785,0.02679978234269056,0.02771179962552798,0.02919769497680897,0.030339777858101193,0.030886061114031665,0.030417338644525106,0.031063461284684995
2025-04-21,0.01956597152056041,0.01969538762400124,0.020489698782162998,0.021604488245569542,0.02284331442546171,0.02404356587920537,0.02520663183472482,0.02632706028160349,0.027425506225544873,0.028360470274665296,0.029912873076157472,0.031069272596153757,0.03170000257433398,0.03120136334348182,0.03191647607645435
2025-04-22,0.01976218145465834,0.020039527646369404,0.020964063167726005,0.022195332926337696,0.023529960223182534,0.024800339840022133,0.026009006272919268,0.027164722672239718,0.028299437348196132,0.029253985032531956,0.030814702840759035,0.031994678910942216,0.032589650828595045,0.032119259602632455,0.0328152290750012
2025-04-23,0.01910182685603146,0.019382698542299796,0.020299343196724058,0.021508613678742034,0.02281541420049164,0.0240534698835985,0.02522947333080199,0.026338203477896182,0.027409304722210297,0.028300573332372216,0.02977478650657888,0.03086048875114936,0.031378294445495045,0.03086129684125074,0.0314768843622373
2025-04-24,0.01887666935521075,0.019191521573212154,0.020122047247070854,0.021318320297298844,0.022611712073630812,0.023841261941261224,0.02501227796768407,0.026131925706683504,0.02721936924959264,0.028139558825407942,0.029657935153088334,0.0308606025004533,0.031551232915654474,0.031112450676596966,0.0318957646411543
2025-04-25,0.018355709739741884,0.018611000458657323,0.019566469156929483,0.02084010915782332,0.02223227726429129,0.023571982127003066,0.024848165406912023,0.0260492786146062,0.027201393167248025,0.028155839189989578,0.029721187562662073,0.030967363276541367,0.031721417659342464,0.03126410652206887,0.032003530015756974
2025-04-28,0.018564716792330682,0.01869309925901723,0.01955984057555267,0.02075613473465407,0.022074494622960572,0.023333561975840484,0.024535000105695624,0.025673007550668273,0.02677789908379966,0.02770142370869593,0.02919703754295418,0.030313240298822798,0.03091372726214661,0.030366002178673256,0.03112072264993291
2025-04-29,0.01916384127199156,0.019093041392636907,0.019830758136712777,0.02096089295814883,0.022236572056625565,0.023461191635484883,0.024626611164193794,0.025756712079828076,0.02688238750147516,0.027827641935857635,0.02933231359268234,0.0304656702704283,0.031112222221724866,0.03052514021948522,0.03141161613311236
2025-04-30,0.01805191549915661,0.017886324908739447,0.018479317485559196,0.019453855584353478,0.020576564909861584,0.021671131069449165,0.022725486249443986,0.02374150776522171,0.024749532916458223,0.025607432288753434,0.02696455200018356,0.027941498258390384,0.02839771525186452,0.027783692056448928,0.02851890680421606
2025-05-01,0.019176801642649014,0.01923892524104735,0.019965576392336835,0.021010299632499063,0.022160513708269807,0.02326089620151758,0.024315220856358233,0.02533341570129213,0.02634573468222486,0.0272109460807031,0.02858830269694368,0.029628144586459782,0.03021898827003606,0.029596984442473207,0.030492097057663904
2025-05-02,0.015214762834043764,0.014393286741944868,0.014632007540341205,0.015381424829329481,0.016449754691424227,0.017627156759342528,0.018855473004709168,0.020047648292405542,0.02119504037161639,0.022195500513311744,0.02388884387647914,0.02538014850267672,0.026597400814397574,0.02651914603382452,0.02742893262247336
2025-05-05,0.015133122934173755,0.014648659455977531,0.01513155907433381,0.0160987732530581,0.01731932582644837,0.01858050249595417,0.019856709827054238,0.02110231178613061,0.022310996878348116,0.02334961284443143,0.025040581041577976,0.026566096637732323,0.027783729340253076,0.02759466660240822,0.028806003651478063
2025-05-06,0.015924517957992865,0.01630802227777001,0.017368938655829416,0.018706889961683938,0.020165105660391133,0.02159409936335581,0.022991327835651873,0.024299794289279173,0.025545144975261502,0.026584425436700854,0.028255875797663896,0.02971967431949843,0.03087911106087775,0.030765543035459895,0.03164828563348117
2025-05-07,0.017393333503761123,0.017589357964673622,0.018517860176208472,0.019751905370904127,0.02110335259864855,0.02238023498176418,0.023619838760574757,0.024803664242171883,0.025952215256655333,0.026925749119316077,0.028454628495184417,0.02965652048185777,0.030487003436276687,0.030062151449821106,0.03093888791126642
2025-05-08,0.014350369025532805,0.014348247111399343,0.015240829831264955,0.016528981816999827,0.017996556986097176,0.01943709500378102,0.020865246120935044,0.022225709481405127,0.023520466701464415,0.02458156421357882,0.026245236756219873,0.02770355243371745,0.028804162174855992,0.028583408219168514,0.02964562102538677
2025-05-09,0.017231878852476012,0.016893113006246938,0.017537545908070575,0.018647404616915147,0.01996636455527031,0.02125454895200378,0.022531798102469528,0.023767965365671242,0.024983070063517524,0.02598202243939354,0.02752276840360634,0.028696749367740942,0.02929159408828803,0.029224930527988944,0.02958944272420295
2025-05-12,0.01465230811141486,0.015000812582245825,0.016055256307989353,0.0174438577277008,0.018935072445509366,0.020320749221630467,0.02164081883868373,0.022890377876995476,0.024096100781833753,0.025047985636689425,0.026461418367344253,0.02747772624687411,0.027926101061000318,0.027463940809913132,0.028117757614043275
2025-05-13,0.016726912661894477,0.0166230652187083,0.017287953364902107,0.018313031472928173,0.019512829197058778,0.020681117265698473,0.02183459316200116,0.02295964285877957,0.024082704736006873,0.025037384844331108,0.026556316885655077,0.027808800669488827,0.028554701330365015,0.028225577294047448,0.02904195999102775
2025-05-14,0.016205387897945577,0.01634052275178243,0.017330681507780377,0.018688942056155563,0.020203120403850517,0.021636914840212483,0.02303122703167382,0.02437348162484298,0.025677349338473758,0.02674612637726493,0.028412285175658854,0.029819078867094267,0.030732716212879856,0.030459417215885767,0.03127016595781908
2025-05-15,0.015668715265425077,0.015810820569409596,0.01661515338068787,0.017709039829500155,0.01896600970688551,0.020202696411891076,0.02143281907055546,0.022617515529809305,0.023783152359483164,0.024809102044647,0.026514717109907493,0.028044871321926217,0.0291470687914943,0.029154434757682174,0.0300091773447474
2025-05-16,0.014570859042261481,0.014998737616036591,0.01604027404099979,0.017320695179739477,0.018722257265353974,0.02006017198592323,0.021372115523876297,0.02262351546773185,0.023832182589031,0.024894588332410136,0.02669087821900662,0.028371525653962268,0.029614147058828946,0.029783697407997016,0.030754125760163495
2025-05-19,0.015750638335552024,0.015868087268036922,0.016747259876036077,0.01795151971856348,0.019299134629081477,0.020570340238523818,0.02180413906891024,0.022985623008371675,0.02414154838105517,0.02514446724780332,0.026783490225051308,0.028153192858903685,0.029019161722595957,0.028896648878586253,0.02974811366785684
2025-05-20,0.016210255964418527,0.016295354816015087,0.017143929734147037,0.018318672335879013,0.019642372728436466,0.02089379289264342,0.022110635503583925,0.023279196559148098,0.0244272943654098,0.025431057476004142,0.02707756992965123,0.028464158535504425,0.029349234534497694,0.02923190456598178,0.03008616510280738
2025-05-21,0.015457502352066213,0.015498569648764844,0.016336463627850382,0.017522045263757256,0.018872035151890225,0.020166566921343537,0.021435419362748842,0.022648369039591186,0.023832263854240563,0.024839847661858365,0.02644323637875201,0.027769507703787267,0.0286204732075013,0.028471445418349794,0.029280257696812875
2025-05-22,0.017203339220806944,0.01730325031063719,0.018115049512143405,0.019244053013463817,0.020531031309800118,0.02177635174080824,0.023005821730321837,0.02419751608338675,0.02537500715629635,0.026389415815071232,0.028033191109200866,0.029466031084625515,0.03040885933973201,0.03030213459217401,0.0311599679004883
2025-05-23,0.015595898590913787,0.01557434497928264,0.01634366325621584,0.017475276606540427,0.01879922397494911,0.02011352363772701,0.02142624201579275,0.022680897885303933,0.023905571284088704,0.02493706307258953,0.026597358181397374,0.028019113974840217,0.028975507867777597,0.02888092627953845,0.029659788126274872
2025-05-26,0.01678538403273093,0.01713736334301458,0.018042447287566286,0.019179007149874833,0.020438082423222974,0.021666751462548477,0.022893972725647388,0.024080191719615018,0.025256084392272962,0.02628066304258885,0.027965327304314554,0.029491528466308505,0.03056743045088244,0.030485937275129146,0.03147257062127467
2025-05-27,0.016351133702209513,0.01665402157510039,0.01766759476408886,0.018982729680035542,0.02043288690039099,0.021832716809937976,0.02321354148012899,0.024535271238136196,0.025822588644317225,0.02689797982892425,0.0286238619636918,0.030091342762983572,0.031092362887008937,0.030978484955563455,0.03171468521031438
2025-05-28,0.015827671990424175,0.0160411253574294,0.01697957023946694,0.01823202578155115,0.019633222563358435,0.020995933421611043,0.022346474031199992,0.023638164392698363,0.02490367748363188,0.025975357111002517,0.027739917806478123,0.029252969306863767,0.03038428069858224,0.030228900079297964,0.03110611188542009
2025-05-29,0.015178454924274033,0.015212980753860598,0.016070569803380726,0.01729057225643998,0.0187044570310536,0.020122205200013614,0.021549808575945094,0.022918469090473625,0.02424485817770944,0.025368503927865632,0.027228463827876997,0.028826695743948125,0.03006573106867025,0.03008392017447315,0.031021740841609535
2025-05-30,0.015372696597258713,0.01555796532633507,0.016449610524422422,0.017649128151494234,0.018988024433006682,0.020318794986984797,0.021648295324438623,0.02291052845693841,0.024145286934216886,0.025204629086673792,0.02694868915409467,0.028399790541619174,0.029454476717326816,0.029345363726123917,0.030292845280608556
2025-06-02,0.017725602689432598,0.0182151031993386,0.019254739895037582,0.020505992991917608,0.02182272957506023,0.023073542627832545,0.02430537904333588,0.025477069683618073,0.026640518740977153,0.02766120423103389,0.02933306019031407,0.030726886405637564,0.03168461654004211,0.031489354080842746,0.032470130444650136
2025-06-03,0.01646304884236211,0.017370164344718258,0.0185445353379362,0.019782854818913887,0.021033297084424717,0.0222514189136577,0.023481733428859293,0.024638745831661604,0.025779157340470357,0.026801603851351816,0.028581608504578596,0.03018208377899892,0.031400676592995044,0.031453316760075574,0.032503780777686994
2025-06-04,0.015326355820385426,0.016125669496635336,0.017310832598192938,0.01862404896207583,0.01995745493188093,0.021240206403586943,0.0225265578171918,0.023736198105029385,0.02491903583103674,0.02594352297909899,0.027660969495222773,0.029125546604988575,0.03021357561306639,0.030186940274294603,0.03109775968372533
2025-06-05,0.013841813813806536,0.014175150660650854,0.015192683934016652,0.016500014060278498,0.01791972457401738,0.019326479606386542,0.020738432238413606,0.02206773723306847,0.023353935340886638,0.024432348188559553,0.02619688483492732,0.02769939033479698,0.028772780451442017,0.0288263861942744,0.0295228889287814
2025-06-06,0.016239766748616612,0.016905108333747414,0.017991377955990918,0.019241792883423443,0.02053275644959909,0.02177380124014836,0.023012612121593834,0.02419217096022497,0.025363594461068294,0.02640160240176987,0.028155432166504932,0.02969321621939548,0.030807690655982843,0.030752463985836004,0.03157811055369226
2025-06-09,0.013903030896937646,0.014785215295962651,0.016178183414946853,0.01774506434865367,0.019321757120860334,0.020797122841673888,0.022242533791546493,0.02359018363360749,0.024880786960680086,0.025950569234919982,0.027679419133175523,0.029163311272554556,0.0301332574791171,0.030008822884890072,0.030830810419458017
2025-06-10,0.018978173123109246,0.019556856940128535,0.02053355303253507,0.021675558788648148,0.02285050183359548,0.023942205514313405,0.025005494716656602,0.026028755885410412,0.027073563797162088,0.028035151449072433,0.029673245198480996,0.031025421926190306,0.03185152256892876,0.03158153201277038,0.03237925101059967
2025-06-11,0.01653164762461816,0.017395498133283248,0.01868920026355799,0.020138130374095373,0.021566890799631224,0.02285853006669583,0.02408595829628005,0.02523870209887011,0.026370396417795785,0.027350612477260398,0.028960100711267853,0.03027000399464691,0.031009084583400286,0.030720453780615206,0.03141164656289917
2025-06-12,0.017133010191230567,0.017927826664684687,0.019149482958219315,0.020523251467630097,0.02187776795840897,0.023080753020144264,0.024216094460861887,0.025278918771554196,0.026333495986868696,0.027256028762506542,0.028789476508335597,0.030044071396054615,0.030889687316431446,0.030529182023646705,0.031407252492167
2025-06-13,0.01597065380257722,0.016737706179776553,0.0179771895176861,0.01939174127422532,0.02080736796635881,0.022088268139469736,0.023306323008779148,0.02444866295673924,0.025575458792868377,0.02655907549359452,0.02819695211036716,0.029639189054772253,0.03072336496845446,0.030538807535426912,0.031409830651794084
2025-06-16,0.016700185004055235,0.017338847769516795,0.018422809922359232,0.019664846683727442,0.020925443308722064,0.02208113931667744,0.023197894787071974,0.0242615979480697,0.025325789993240175,0.02628262625242243,0.027879416514164028,0.029227133075681398,0.030198591136375835,0.030011346756459303,0.03088188032936383
2025-06-17,0.01633558389548566,0.016777464926812792,0.017807484219523505,0.019086139230564715,0.020432623927370195,0.0216815819107023,0.02288386093971198,0.024032953201205052,0.025169795587692622,0.026154336702471102,0.027753915238715735,0.029112065155243384,0.030102922281765105,0.02988460431842167,0.03069739260711538
2025-06-18,0.016565881348725373,0.016920863874308186,0.017893592455558712,0.019121955249585158,0.02044174627976937,0.021697946600455528,0.02292209863410335,0.024091460331131978,0.02525708221997163,0.026298241787878797,0.02803076217476944,0.0295046708817806,0.03077343334338775,0.030740241974646577,0.03166683267242933
2025-06-19,0.016965805948544303,0.01748292913713131,0.01857517915151568,0.01989542081963508,0.021269860241143603,0.02255544590706185,0.02380724072323095,0.02498672969111736,0.02615967179073479,0.02719296531030737,0.028897970846560105,0.030327796489381977,0.03153024854105564,0.031439225256582416,0.03236517944137695
2025-06-20,0.01452745121986582,0.01513833166334827,0.01640229106880684,0.01791330382294662,0.019478303925728305,0.02093197656885366,0.022327378486647256,0.023640552329146292,0.024911398485803173,0.0260014756421325,0.027766757100817566,0.029314142668475172,0.03063389992534541,0.030656294135353934,0.03161544555995968
2025-06-23,0.014662850332596525,0.015224985946499023,0.01643090801566926,0.01788584684184693,0.019391625895284325,0.02079589460872789,0.02215818273260334,0.023431085147915913,0.024674249928549427,0.025750149330923986,0.027540190226963735,0.029113480735522734,0.030513305416608846,0.030551702153445735,0.03141976026700624
2025-06-24,0.014911007069886304,0.015325066164386676,0.01636650644170207,0.017659241476290694,0.019032422553646868,0.02033380143638584,0.021606390564319143,0.022808926265420037,0.023986975164929508,0.025021389644788047,0.026764447769721384,0.028229598650677853,0.029534803282895317,0.029547973381461555,0.030438385411478624
2025-06-25,0.015330195499958952,0.01591003276708826,0.016945151322937807,0.018161837745950423,0.01940864355020337,0.02057568579152993,0.021717857871705906,0.02280417011273531,0.02389128042020067,0.02486420091175233,0.026504026472755748,0.02780759629069136,0.02889332376501958,0.02876384798575006,0.029623471931041295
2025-06-26,0.015597040790666135,0.016216283211315873,0.017373966138025897,0.018708422293556085,0.020066735136952302,0.021325650978514795,0.022566794844705373,0.02375111906438874,0.024919661997145272,0.025942295515425543,0.027642080742275185,0.02902129430137108,0.03020674803392685,0.030180326187938537,0.03112964027521706
2025-06-27,0.014685401040616974,0.015558977417097067,0.01681681951742705,0.01820035171033273,0.019577890401893575,0.02084558794487473,0.022067236820716138,0.02320933323680233,0.024332376312221474,0.025322541543438288,0.026992822773361763,0.02832076212581513,0.029574619816249238,0.029584005728057163,0.030331140974197604
2025-06-30,0.0157894809113309,0.016342340350161525,0.0173847347608022,0.01860010219645243,0.01986493965158079,0.021064312150835554,0.022253598186673523,0.023387293744151827,0.02451853824548274,0.02553427184315175,0.027241818025512256,0.028692538247107987,0.030127526001753314,0.030195903945859696,0.031199217801071627
2025-07-01,0.015116265271230956,0.015515535962526104,0.016500157899714145,0.017730667922130388,0.0190319603118035,0.020261949456610147,0.021468219040747093,0.02261311206487745,0.023749105307472852,0.024737675036255825,0.026341332088446242,0.02761208298723742,0.028897736999847462,0.028865339104385386,0.02992276596570524
2025-07-02,0.01643545415777566,0.01687196171254918,0.017800960011695625,0.018933822320782747,0.02012356544949942,0.02125892493124399,0.0223928460669181,0.023481295344853065,0.02457248627932205,0.025550728786811788,0.027163010415000816,0.02851686053286979,0.02988269302296347,0.029976783237876968,0.030989306468404917
2025-07-03,0.01699303382106007,0.01774133125922418,0.018804459642721323,0.019968777952267928,0.021113696648624485,0.022156086599703913,0.023181290162265493,0.024175147470159156,0.02519671550649777,0.026135139303931666,0.027680670336832646,0.028930357542804198,0.03017998800471098,0.030176673734129057,0.03120744964429824
2025-07-04,0.018234180495700292,0.019043012758076072,0.020173340094774804,0.021399973694236494,0.022577134786560194,0.023605569212240926,0.02458095479084119,0.02551618623174717,0.026481958493499762,0.027379843221002544,0.028835523945582565,0.029903201249346506,0.03094194846178213,0.030732232670363804,0.03183688762990913
2025-07-07,0.017083660238447096,0.017808650162643627,0.018812695600422813,0.019935161153559974,0.021031105227249207,0.022006764294151493,0.02292949005391001,0.023815384939819998,0.02473033069647259,0.025579918610070734,0.02693287103008446,0.027940754892990097,0.02880513974842188,0.02855403073788564,0.029541458244537
2025-07-08,0.017729522496076903,0.018541653760164752,0.01953971556475161,0.020603313446997142,0.021618513304646723,0.022530112898433603,0.023424540850064592,0.02430428236786181,0.025227040050800054,0.026107401369432678,0.027536564836817375,0.028601429783508898,0.029540292164945456,0.02912544286954933,0.030443369331641552
2025-07-09,0.01644398636854664,0.0169270537966881,0.01780289597810471,0.018838497571449262,0.01989208926882965,0.020868128928161814,0.02183386193146153,0.02276278796791149,0.023717390488954132,0.024600218678676063,0.02603651422191798,0.027123758332490224,0.0280732381944549,0.027936892705622163,0.0288383751917729
2025-07-10,0.017977056628706124,0.018618382633605643,0.01951029150673185,0.020496236711610192,0.021466051441264636,0.022353532432746154,0.02323005666477915,0.024079769559729694,0.02497621258847303,0.025849117925124218,0.02731464782414093,0.0284768764627914,0.029539234299400845,0.029395343835234393,0.030400122875759737
2025-07-11,0.01730451872368085,0.01770673277435028,0.018435610059791524,0.019323336280853,0.020230844590315086,0.021084529757721265,0.021932445978163653,0.022749367837740682,0.023612785053674357,0.024450082551412296,0.0258498182353762,0.0269390323662891,0.02792599397692353,0.02778025750937846,0.028575289335861735
2025-07-14,0.018854083807938467,0.019551662377660445,0.020483350779399008,0.02148893081406465,0.022457650614737784,0.023331047299884798,0.02419307116766012,0.025024627275200627,0.025908963654383273,0.02677495316832153,0.028241072878503023,0.029437430924633766,0.030536439201750178,0.03042497290472302,0.03138754618013513
2025-07-15,0.017763571361648745,0.01863882080916897,0.019671627070946874,0.020727860290033134,0.021725686541910087,0.02263956204313856,0.023552672785772513,0.024436553287482968,0.025357295210529325,0.026244183104423436,0.02772858381459405,0.02893849988625597,0.030086995242869105,0.02997302500633711,0.03089883813963415
2025-07-16,0.018157243273919117,0.01885019884164171,0.019713079448152097,0.020665322955886706,0.021573476791236286,0.022380247701709023,0.023154819805362756,0.023901704675195107,0.024713539181346035,0.02552655169939466,0.02689183293323367,0.02792932431631484,0.028871636393744623,0.028747601261647656,0.029601573503667666
2025-07-17,0.01698004779536145,0.017613754832343294,0.018394488932054233,0.019259394824947255,0.020104738032543507,0.02090070574146259,0.02167490037178982,0.022405109613180044,0.02318549838060172,0.023958482401150717,0.025280745673916284,0.026231079448388508,0.027032194948898594,0.02679058135265774,0.027690921511232883
2025-07-18,0.01730402180337883,0.017886802262618604,0.01869861385133658,0.01958869084228507,0.02046814306135631,0.02129965499464804,0.022124968110354228,0.022909255541394825,0.023737684073975533,0.02455629772152275,0.025933522912441897,0.02701604365322235,0.02794425716082329,0.027777570621341664,0.028826809228712478
2025-07-21,0.01807349559486963,0.01867576522552493,0.019474492694863153,0.02035033287598474,0.021209839616589742,0.022010436559160403,0.022802409239933076,0.023564968073692984,0.024385341909035397,0.025199373857480015,0.026564259884765243,0.027650533521240122,0.028556860729387294,0.02836977514186865,0.02937457801920779
2025-07-22,0.018249698982841893,0.018961222075271515,0.019828458188194422,0.020721541426827052,0.021572373396432983,0.02236932509957048,0.023171265284561225,0.023936177896205352,0.024747735065864106,0.02555751018289203,0.02694055124859052,0.028000217283687748,0.02888603321285626,0.028824484486173276,0.029596953254130354
2025-07-23,0.018087800644135427,0.018834826631828692,0.019747063578244975,0.020712053304171484,0.02166105199121897,0.0225664017801369,0.0234671697883448,0.024332404161581302,0.025241275240545525,0.026137489566523325,0.027657600804912908,0.028938628108980548,0.030126728171273903,0.0302087399537405,0.031277614247695984
2025-07-24,0.018272131023547016,0.018607198133322622,0.01936929936816926,0.020266842487206595,0.021197166003337622,0.022090983406336702,0.023007054586532884,0.02389344770515253,0.024818990791452594,0.025709516336360223,0.02718858518834761,0.028407564626647282,0.029517497890048868,0.029557257978026913,0.03069436332501532
2025-07-25,0.01687988455900935,0.017561583838039223,0.01848760091069941,0.01948133352977002,0.020458835578845713,0.021385973182672036,0.022320368438266073,0.023216725908316128,0.02414676705267047,0.025045983720641887,0.0265623312781907,0.027767336756141552,0.028925619196175693,0.028945396004012112,0.03001085971097443
2025-07-28,0.01843206539836771,0.018932377436962022,0.01976703391112741,0.02072035061524917,0.02167913239600133,0.02257153809601128,0.02345626919211953,0.02431843563281504,0.025222786641712226,0.02609460666583928,0.027531809735151444,0.02866784457940431,0.029613407438134797,0.029575418917019463,0.030642917669058717
2025-07-29,0.01707657754794015,0.017758021146461984,0.01868792007186264,0.01969514663602071,0.020683555977149534,0.021618877666437226,0.022554290381757325,0.02345746204172032,0.024397242418648917,0.02529600105787931,0.02679242117788533,0.027945703872997038,0.02897255220476725,0.029026445978002417,0.030105176628934936
2025-07-30,0.017286441779992882,0.017885526064121113,0.018707260471543783,0.019619689846876277,0.020545596810899007,0.02144174630659161,0.022333644648278934,0.023197921086255242,0.02410812433121631,0.025014586975378252,0.02655542269573012,0.027789688808002245,0.02886440381990897,0.02899765233584617,0.029989422206569444
2025-07-31,0.016810484978314288,0.017699163290087024,0.018826121075513562,0.020025661221878897,0.021204073082525997,0.022299010494080604,0.02336318635237821,0.024374405364671774,0.025400271654157792,0.026357599998403557,0.02796593757113988,0.029267830517707937,0.030414831346852304,0.030523585047288162,0.03151075262883598
2025-08-01,0.015399219239349868,0.01623061160169741,0.017225695898962265,0.018277644773131034,0.019320900965224395,0.020340570982045805,0.021378312811373524,0.02237427675810174,0.02338766692955508,0.024353878294426434,0.026045942822584496,0.02751315414850394,0.028826537552877937,0.029107382116059503,0.03019279497945188
2025-08-04,0.015184442327475017,0.01582521037659733,0.016768052329282856,0.01784036583070928,0.01892155056507581,0.01997740333245281,0.02104923815179024,0.022078519392809005,0.02311571525455121,0.024087873416511408,0.025803969748290814,0.02728462583516052,0.02865362929253792,0.028941890958010322,0.03001146912659864
2025-08-05,0.01689800947254438,0.017669408592753278,0.018730592142455545,0.019914697985971726,0.021075344199434156,0.022169801231560794,0.023259657206238706,0.024303822124371224,0.025361534028197248,0.02633242928284182,0.027996036772751042,0.029485703300511645,0.030717448344180578,0.030983707138433732,0.032095876610776695
2025-08-06,0.016042468216483145,0.017259326189959345,0.0185378859616994,0.019818660271184636,0.021003521236030376,0.022089749987079025,0.0231430905800208,0.02414577928608839,0.02516325298850689,0.02610935977929138,0.027724915700751102,0.029124329317419782,0.030314404173661567,0.030470537795098486,0.03162637041398462
2025-08-07,0.015865667067332254,0.0169287540993813,0.0181594131611568,0.019457451443610167,0.020704252181367348,0.021867603225146415,0.022995928417738575,0.02405609909905945,0.025123460795438996,0.026113814071646663,0.027850163700501904,0.02935892549920359,0.03076567417985056,0.031049599886663774,0.03207994842991009
2025-08-08,0.016062955139871674,0.017066478222261976,0.018276557700078248,0.019572562445393436,0.02081548160081261,0.021959346196944327,0.023069774253933077,0.024134629850349754,0.02520711003250656,0.026201487836170705,0.027918838280853602,0.029351784026155247,0.030737257369014965,0.030846016561433615,0.03199252182344788
2025-08-11,0.01669775745046423,0.017797597549866227,0.019096844031895766,0.02046039206522428,0.02175924417466117,0.02295632392028874,0.024114742592021735,0.025212424657267144,0.026310303750785365,0.027317642694441972,0.029087902145012615,0.030600690327021535,0.03206512851536443,0.0323187009619725,0.0333960291603951
2025-08-12,0.015386431051796708,0.016421832807914018,0.017686209062125872,0.019019899170694368,0.0203062553434237,0.021520067954241738,0.02271852885151617,0.023842661336771327,0.024955616443984214,0.025970312996191142,0.027780506555207488,0.029378556076769143,0.030972366266701846,0.03132725350313341,0.03234325768011935
2025-08-13,0.01597243396729125,0.016698232986784006,0.017801056857617514,0.019050721636692677,0.020300612744869276,0.02148005094358583,0.022648008204174945,0.023749968085756013,0.024852147791430614,0.025858227891081387,0.02764558405717766,0.02917344830086318,0.030685315996915107,0.03091295860583129,0.03200729257754817
2025-08-14,0.01484731370301263,0.01574225818126921,0.016974168946490332,0.018316605709109503,0.019636853630100752,0.02089699536128833,0.022151048568778312,0.023309671356608955,0.02444507011750156,0.02546088498256013,0.027282716624076143,0.02888824247402766,0.03055166133004251,0.03086269861244388,0.031877766710400886
2025-08-15,0.016163112346930034,0.01690669445785642,0.018037911774131984,0.01932626369435829,0.02061366624916717,0.021829916420620533,0.02302455063401241,0.02414599805551293,0.02526860789018126,0.02629378186237296,0.02810307969194859,0.029654924741387544,0.03123865298863032,0.0314515400263265,0.03264425296254901
2025-08-18,0.015990102906246834,0.016974491120857235,0.018207861837772486,0.019513000517955095,0.0207697475521557,0.021959387659668397,0.023141773889939796,0.024257385299964244,0.02537095801922651,0.026383439271335254,0.028168868672589872,0.029700116845495207,0.03130876171902305,0.03159146365314861,0.032756210373656704
2025-08-19,0.015385964190102488,0.015975498006768597,0.016938896979847618,0.018062699108258824,0.019204924568654372,0.020319314193175793,0.021441681564372844,0.022486151413687136,0.023538220463918964,0.024507590156905894,0.026264757758825114,0.02774016549978502,0.0292110140057255,0.02947386593233951,0.030496025846329936
2025-08-20,0.01548620000878532,0.016190999669221773,0.017217107341566767,0.01839415582542132,0.019566601224206025,0.020695413550128095,0.02182381872257776,0.022877032530259876,0.023934569501780145,0.0249051218920621,0.026701465217099717,0.028218878987994602,0.029751965391554804,0.029969528242330984,0.03092397066420627
2025-08-21,0.015718966230969085,0.016339263478203855,0.01733264395998751,0.01848599667949134,0.019646708896801816,0.0207669348210147,0.021891393993098085,0.02295624476567185,0.024032918131032838,0.025025774226758862,0.026817942539156255,0.028335378732494955,0.02992414752154849,0.030116523310736037,0.03118799189431998
2025-08-22,0.017030244898981584,0.01820077541499363,0.019444078806360565,0.02069680520072966,0.02185714488239735,0.02292070535918396,0.02396903563827957,0.024971937251708216,0.02599698100732622,0.02694591635692689,0.028645274664051826,0.030076324100491634,0.03145085682307406,0.0316133253881849,0.03260150161953704
2025-08-25,0.01759433746672161,0.01837450429406405,0.019442943738714982,0.020616754460533952,0.021758329503984916,0.022824928577123448,0.023869202537003587,0.024859804758569682,0.02587931956725683,0.02683248216482674,0.028568023024258916,0.02997273941002856,0.03127206618326673,0.03142847879212686,0.032413891399925475
2025-08-26,0.016557980508952665,0.017145327543396885,0.018111020003680568,0.01923435498405996,0.020377623338353103,0.02148059450544952,0.02258041141920092,0.02363122148338054,0.024698184844868076,0.025692076673275374,0.027493840606734255,0.02907125459957636,0.03058231262371672,0.030828323306972726,0.03172263136750536
2025-08-27,0.01679285363108608,0.017753976432050712,0.018893123577664556,0.020103526579539573,0.021252850946611532,0.02232100733166886,0.023360755106273445,0.024340308085648892,0.025343774046362517,0.02628613828088884,0.027993510512253003,0.029438825852941778,0.03074958931341822,0.03088846220350842,0.03175119102388576
2025-08-28,0.0170430419628774,0.01791995820438876,0.01903828176859196,0.020236331172258388,0.02137762451310557,0.022440429571370223,0.023494919112721637,0.02449735880057478,0.025522015517561867,0.026479154024999434,0.028231846525695575,0.029782014547034757,0.031156459383533536,0.03139022767548304,0.03229583005951337
2025-08-29,0.017425244313510935,0.01814836609853219,0.019122767935013548,0.020187192400560373,0.021212933499800513,0.02217903889662462,0.02312870904520539,0.024030308664521233,0.024970107975970057,0.02587652690265635,0.02752387349487812,0.028923829870135215,0.03021132236601497,0.03023564791030573,0.03110556351741073
2025-09-01,0.017150036727033417,0.017817115371695044,0.018917916249439216,0.020197108848674213,0.021451515001681614,0.022593185948308465,0.023691783334545916,0.024755558236117997,0.025841624751393837,0.026833805939753486,0.028550508870318587,0.03006866834813747,0.03147468393235001,0.03163990887133751,0.032381629508640555
2025-09-02,0.01661650222685489,0.017534061198350482,0.018652808645490612,0.019864519340703185,0.021020541824688602,0.022089422278851713,0.023116821551255436,0.024085015768156987,0.025071423997535848,0.025994722229526594,0.027663287231273533,0.02912326471223402,0.03039381820090868,0.030594869005205527,0.03138003583728062
2025-09-03,0.016135667025101136,0.016886119445541907,0.017906327335393688,0.019043733829440815,0.02016509696462475,0.0212344059117473,0.022296171888561936,0.023302877622237185,0.02432771214005417,0.02529942241534564,0.027070159735168776,0.028566605431952045,0.029963180242204363,0.030224524694745472,0.03109178502689864
2025-09-04,0.015515336460143601,0.01633995697277998,0.017400766986918087,0.018554239260337013,0.01966550050137872,0.020726842803605,0.021792385339578575,0.022799835032020738,0.023817035310799095,0.024772275663845194,0.026520520346002826,0.02804887106585687,0.029442486054332258,0.029673068095258957,0.030553553921548814
2025-09-05,0.016242817493228926,0.0171900243297145,0.018291203026290136,0.0194516252986355,0.020530329343838652,0.021527324721610654,0.022508581400286085,0.023438973935328237,0.024393212588316886,0.02529467910611512,0.02692452425266137,0.02837300102346692,0.029692105056916135,0.029796023991474244,0.0305180986245841
2025-09-08,0.01675032213963235,0.017739606071133167,0.01889567782606612,0.020100233912533697,0.02122775861183675,0.02226901056637629,0.023297575550713347,0.024276300020072458,0.025273147304760643,0.02621782867325595,0.027939492984161284,0.029470273413132762,0.030976878253353757,0.03110746267693665,0.03202026236025768
2025-09-09,0.01652007092373938,0.017496986518018245,0.01858757926892157,0.019716677317794556,0.02077754776660427,0.02177468963296443,0.022767636735891512,0.023715637806502512,0.024684173766676858,0.025616352474851996,0.027342566649092827,0.028888645369730105,0.030404838052542477,0.030689714425269774,0.03150280139931456
2025-09-10,0.018166767598298685,0.01896449583699758,0.020084953753848705,0.02130931325220094,0.022497231877668628,0.023599403425645978,0.024691664506565295,0.025740972099702643,0.026807204491994,0.027813519751704555,0.02966674077960503,0.031393604879667907,0.0329858049952385,0.033541409842815506,0.03439922304476501
2025-09-11,0.017082664071518584,0.01773458821278113,0.018679141687427934,0.019745289194712808,0.020814419949337047,0.021863520876866455,0.02293716549097456,0.0239681519256447,0.025014135016152714,0.02600356515661276,0.02785672290022982,0.029552786893058465,0.03125157151278856,0.03184540662789004,0.03254656459968137
2025-09-12,0.01787994301343918,0.018707560563075865,0.019774024575966886,0.020928224515498785,0.022033770472420736,0.0230813334367118,0.0240967411711765,0.02510184377976681,0.02611643784564908,0.02706720319270818,0.028853057058078387,0.030456636616141963,0.03204907001575357,0.03252825662442933,0.033282622862178875
2025-09-15,0.01766630849073068,0.018785438079092026,0.020101741562191022,0.021476412340976175,0.022766806968924597,0.02395689691282369,0.025088728892994166,0.02619829255642707,0.027304075703328552,0.028313580307878436,0.030168633298468358,0.03183368405893556,0.03353118009741651,0.034081689459456596,0.03484876370840069
2025-09-16,0.017954038591438598,0.018854223811488942,0.01997167494657635,0.0211474377756137,0.022285703393644628,0.02336739810721858,0.02442404451863529,0.025474850580533937,0.02652004474151514,0.027500261020955524,0.02935581351027419,0.031063937733670527,0.0327518443473613,0.03347736064422039,0.03417479176116546
2025-09-17,0.017751637610551572,0.018942915770778952,0.020250405264892968,0.02159107305123103,0.022852468138863137,0.024038300808095065,0.025172929599727584,0.02628210233324864,0.02738154687635111,0.028387780300784628,0.03030767970475624,0.03200092763696997,0.033682351905014334,0.034533580433895025,0.03523632469686146
2025-09-18,0.017842521886402413,0.018854501719366278,0.0199863940062611,0.02115085372360867,0.02225649321435828,0.02331100334795393,0.02434043540005813,0.02535323814848787,0.026364071841246447,0.027309286594339472,0.029135844849158835,0.03082604106294501,0.032543055872093864,0.033202713615185814,0.03396337927832028
2025-09-19,0.018446742250867454,0.01950316881891133,0.020701343303758172,0.021921675506462367,0.023076315367252777,0.024170360988792345,0.025235125386542885,0.026290392603185813,0.027345039649224672,0.028323849492583902,0.030177267958393608,0.0318303522373953,0.03356094524669707,0.034204740675600025,0.034936639966621934
2025-09-22,0.01685250051255996,0.017502441297146037,0.018477353108156534,0.019586816479182166,0.02073115388116791,0.02187490039706433,0.023002835340935612,0.024112013041046508,0.02519557418318273,0.02618160440346409,0.02809703312230435,0.029849419011203915,0.0317068480430054,0.032480905738163986,0.03310977340373567
2025-09-23,0.01850736886096701,0.019477669904150847,0.020659662984958003,0.02193757767847198,0.02317355045366034,0.024349834563329203,0.025476485178838115,0.026580426423320893,0.027680856718829014,0.028692137696171037,0.0306116880965574,0.03235877396648352,0.034192407891100646,0.03493297970711826,0.035642659187336216
2025-09-24,0.018069686149888766,0.019063504972756173,0.02021320444110477,0.021424891200351303,0.022595301346671457,0.02373619868550718,0.02485251220333729,0.025955766733482096,0.02705421582557982,0.028073226702584383,0.030015085715815664,0.03180818325901973,0.03371564361556907,0.03465316957561212,0.035266685355686216
2025-09-25,0.01825575908422631,0.01882997576578996,0.01975190518229148,0.020846597537942036,0.021982738166566297,0.023141295528584835,0.024281228876892977,0.025417866879896868,0.026544496620290767,0.027593184110683823,0.02962959388264099,0.031483440185765856,0.03350424545850878,0.034546780278923835,0.03523702587665053
2025-09-26,0.018609569446049187,0.019431306742435192,0.02044186863705308,0.02154471166998078,0.022629795152297048,0.02371147241597148,0.024774262680142933,0.025833960792951503,0.026891652080699855,0.027874658785841645,0.029778985102885982,0.031509388523319325,0.033343396121879657,0.034234807989040744,0.03476940076132586
2025-09-29,0.018934023809728646,0.01961997022147108,0.020565240833515897,0.021619558548451382,0.022692204661650422,0.023782742957270224,0.024881703657768973,0.025988296567582017,0.02709147247772892,0.028125230417401365,0.03012640984379582,0.032006329460038584,0.034023129575017054,0.03505518175626022,0.035761169878970094
2025-09-30,0.019549613380670065,0.02048141059947775,0.021473051174299457,0.022491725344410053,0.023471894716667586,0.02445688644158895,0.02544113020570361,0.026436130938339786,0.027444745839238987,0.028418534504023794,0.030305149495703492,0.031997799260005684,0.03386219103225841,0.03477858905617863,0.03543305373230948
2025-10-01,0.018953563341048,0.01981069698601387,0.020825403179025627,0.02192014545878742,0.023001614442944577,0.02407877985864049,0.025144173973276684,0.026206160213628503,0.027266072789913675,0.02827103179975709,0.03022112728427283,0.031987584656496384,0.033916523397966525,0.03487261075544681,0.03559742522220999
2025-10-02,0.018632758192247263,0.019370305661019806,0.020282007870327877,0.02130410612807904,0.0223273522095887,0.02336686353873044,0.024396867171301642,0.02542155680216944,0.026458485221290726,0.02745182148526276,0.029413364185353754,0.031148420188735655,0.03308662847175187,0.03407275058271899,0.034746211846432534
2025-10-03,0.018541252255846952,0.019133332485845412,0.019879305766052603,0.020726704874440723,0.02159374823082643,0.022509504543877512,0.02344081530522824,0.02438550162532522,0.02535536713324627,0.0263245088073311,0.028252844404631102,0.02998401953917587,0.03189816561734124,0.03290447563633422,0.03345656112632012
2025-10-06,0.018028627410241003,0.0185725767955185,0.01931466905140452,0.02017462241359567,0.02107839372825084,0.02203768325223386,0.023010378492390623,0.023990228599001948,0.024985897789975186,0.02598901768401273,0.028016391020285036,0.02990005297669857,0.03203270470009239,0.0331626307508149,0.033703231098515314
2025-10-07,0.017894799154831807,0.01847820670841047,0.019167975621035428,0.019967700441467662,0.020791801672654958,0.02167175694074131,0.02256002924914301,0.023458742235451073,0.02439002314558229,0.02534210395183495,0.02727804371430384,0.02899799171142204,0.030973166962561603,0.03190938747357362,0.03240425699430717
2025-10-08,0.019064959322270023,0.019638465425393156,0.020363721418938635,0.021214287062756954,0.022080771036729868,0.022981789722802643,0.02387879949405657,0.0247953734398091,0.02574586029462192,0.02669827292441734,0.02859333759297073,0.030359736648708807,0.032468566157623696,0.03329508200361967,0.03384674130363042
2025-10-09,0.01890095502972222,0.01934021251287007,0.019976411804766576,0.02075321342732304,0.02156803422258803,0.02243149068123446,0.023306265313706796,0.024199521702340288,0.02512944400346378,0.026066523650643648,0.027975914511140832,0.029735073218912354,0.0317673946782249,0.032660571462421094,0.03325801064683354
2025-10-10,0.019801458860863753,0.0205891924560142,0.021378204983088317,0.022250184413800164,0.02309393385375323,0.023943186580966655,0.02476735582723066,0.025605829769195888,0.026503337101123473,0.02742542408213981,0.02927202654953628,0.03108534085692824,0.03272695272882579,0.03385547428414016,0.034670874087993735
2025-10-13,0.018968881299154253,0.01980382283432856,0.020657553771368423,0.021547950884190478,0.022411562921031986,0.023272752151751955,0.02411079353911848,0.024954946427965315,0.025822819843550233,0.026688671438990966,0.028440218528457392,0.0300720203094157,0.031978170548925176,0.032449230880448376,0.03292516464558766
2025-10-14,0.01880635455290027,0.019321907435557634,0.019925895171305472,0.0206345195322766,0.02137919528004912,0.022179319191852023,0.022991419409996872,0.02382121758880593,0.024681351588609013,0.0255569363521203,0.027383410179031977,0.029122064239947273,0.0311533073005129,0.031842740294017964,0.032373294623247645
2025-10-15,0.018700065912241024,0.0193255379514719,0.02007812411586597,0.02093480798365992,0.021807134341027996,0.022698055502154948,0.023577465831609412,0.02445840452967384,0.02535828759573216,0.026235219184351986,0.028020060292364878,0.02969725047812283,0.03160917865959873,0.03219114103274137,0.032682821039028885
2025-10-16,0.01908645470927616,0.01961412317080545,0.020247389191496164,0.02098554727663664,0.021742961700402665,0.022534717180592943,0.023327145868543644,0.02413701772698102,0.02498338530905057,0.025834718504524967,0.027561840717490467,0.02919862363726725,0.03100174635977168,0.031599815078796556,0.032117672842647035
2025-10-17,0.019345475207534987,0.01984145849695137,0.02062052119336716,0.021522515345757456,0.022455903816772912,0.023396469081342186,0.02434408728201625,0.02531424669531593,0.026310347962736638,0.027270533351768735,0.02914166792760218,0.030965747310617398,0.03290154361738313,0.03370143171795977,0.034272090596543466
2025-10-20,0.019287348334561395,0.01979283349261598,0.020545877102075474,0.021410697661766273,0.022306222811791968,0.02322315869359916,0.02415172364378793,0.025098208631504644,0.026069211141083633,0.027016191274122726,0.02890500741079298,0.030713131523321956,0.03263499382811569,0.033440707688075,0.03416681827927919
2025-10-21,0.019264329065520027,0.01984428886263006,0.02060163624073016,0.021439494054536462,0.022298338121350198,0.023187979969036706,0.0240911352284925,0.02501098110155365,0.025956186791085897,0.02689878942731265,0.028796982735580668,0.03068550216555572,0.0326357474903319,0.03356527605312238,0.034142235790452585
2025-10-22,0.0186894902300802,0.019303304839801153,0.020046970699301784,0.020866505982376448,0.02169396501460263,0.022546292298024635,0.023407742113220678,0.024288097816222577,0.025199646185669715,0.02611005500198538,0.027947458790322222,0.029714508753677496,0.031601238814283415,0.03243950699203883,0.03298784397854099
2025-10-23,0.0190806811590874,0.019702888795604168,0.02050304546269294,0.021383328360646492,0.022264280425346034,0.02313705904403381,0.02400757666921757,0.024896123838180732,0.025818048752536,0.02673842547368531,0.028571820419176566,0.030329798961900443,0.03219875378165261,0.03293074515952146,0.03354822776198478
2025-10-24,0.019348037913502616,0.020093150344825245,0.021007971071653135,0.022008831365916928,0.022963129092230663,0.02386204677052616,0.024728888888574514,0.02560002500802494,0.026506869919858803,0.02738453678625945,0.02909489922236831,0.030688779315061403,0.032356488433216465,0.03290830493676863,0.03334894875446205
2025-10-27,0.019122699794341946,0.019669593985992096,0.020418571608301295,0.0212720911148003,0.02214688876015449,0.023027340967382317,0.023907377844645413,0.0248132487742903,0.025755790453182666,0.026699213564801427,0.02852802672522687,0.030324192438809128,0.03225474927687684,0.033091796357490225,0.03362654804483533
2025-10-28,0.01915686078267882,0.019675834398836575,0.02042562809844323,0.021293634134548822,0.02217468946261358,0.02304683292095483,0.023902996888756845,0.02476913591393178,0.025669796536914674,0.026552127139661475,0.028286340671561987,0.029921929838114425,0.03159901813698222,0.03221923798501903,0.03269374995434773
2025-10-29,0.019086880804993718,0.019319738190013362,0.019948967349998348,0.02076375728969406,0.021646697013125216,0.02254960448669593,0.023463100610735733,0.02439772986469175,0.02536514512075071,0.02630957738404643,0.028165835333994027,0.02993861273272406,0.03186180068372696,0.03261914057676623,0.033122602389501835
2025-10-30,0.01853457062244589,0.018891366800855305,0.019569627925865005,0.020408096478619932,0.021301720226505217,0.022234349424261033,0.023164349503929173,0.024097067552968802,0.025044569347637373,0.025984529732944142,0.027860267041233937,0.029631489238378623,0.03157686620190582,0.032438184321762924,0.03299028498674609
2025-10-31,0.018628442678973952,0.01920730637917693,0.01999994075157221,0.02089218087711458,0.021802618499262905,0.022730366030144746,0.02364073107529008,0.024545176755804612,0.025459665563099178,0.02637497095833828,0.028246939812323915,0.02997302590371717,0.031891435976910916,0.03270615456993453,0.0329899636626121
2025-11-03,0.018019504711475284,0.018617266929396466,0.01947049228119081,0.020430451341681956,0.021408319124897938,0.02239550867056616,0.02336184759730297,0.02431993965666569,0.025274449550272794,0.026210021025009266,0.028107512764394518,0.02985464022880045,0.031764806292028075,0.03268603611327974,0.03292401790600008
2025-11-04,0.018517841251984257,0.018952751099913404,0.01977433583712101,0.020780844418244928,0.021834833975018453,0.022889746198126882,0.023917939081132537,0.024930819148101482,0.025930534174662078,0.02688014628560828,0.028763988408442995,0.030527479122106942,0.03244457016983192,0.033356956017501785,0.03352719013954348
2025-11-05,0.018144655561999224,0.018768597117452258,0.019664751129624,0.020681908467644977,0.02172260633033979,0.022770568207321134,0.023790658959987877,0.024785886341771094,0.02576484822137047,0.02671504829698957,0.028633810571756728,0.030415166701592257,0.03235795020403016,0.03333491163896084,0.03359264873446762
2025-11-06,0.018093334935892602,0.018308161584944128,0.018959612975123004,0.019824109380950437,0.02076271621051014,0.021743151456209794,0.022720665314125203,0.02369977700936535,0.02467612709983912,0.02560827789185931,0.027456332629228166,0.02913410841814921,0.031010877329789924,0.0319243669956629,0.03202763962421725
2025-11-07,0.019356810223662226,0.01978445235867925,0.020579046411534112,0.021533805687660775,0.022524294398875298,0.02350513535461486,0.024462957866450953,0.025422705474853192,0.02638587288248324,0.027312793498876425,0.029164517995307823,0.030851033289864188,0.03268043686895759,0.033496344302933925,0.03380429938619108
2025-11-10,0.018299193514088107,0.01883639123349401,0.01965236443303696,0.020585195756153165,0.0215698249954123,0.022557849265026925,0.023521407948491065,0.02447590419847711,0.025427637171239543,0.02636400764572262,0.028245518144591423,0.029889487410456633,0.03170461336600461,0.032482016705180305,0.03259688951162913
2025-11-11,0.01817060274516486,0.018533790418877108,0.019199787887393464,0.020001160578222613,0.02090564822109467,0.02187453894885499,0.022868138791031938,0.023869070886214178,0.02486848917838011,0.025852734872031543,0.027832431932172903,0.029666004339888464,0.03168314294763879,0.03272899919064343,0.033063123881796476
2025-11-12,0.0186375266101402,0.019082262573425463,0.01978646135907582,0.020633723459654814,0.021530926241081254,0.02245590321140721,0.023374862026685775,0.024297813863919562,0.02523259827949234,0.026153513444669135,0.02798465664354688,0.029605758316177552,0.03128563575331724,0.0321810871342245,0.03247402230098307
2025-11-13,0.017756714736194022,0.018319575417486966,0.0190217587018878,0.0198087178884122,0.02065054402150863,0.021544168477321626,0.022442369006988424,0.023339072403930662,0.02423754340887983,0.0251462080738574,0.02700810305443152,0.02861252459020032,0.03035870152328864,0.031235517954113036,0.03154293956220261
2025-11-14,0.018022759278706495,0.01868081509059953,0.019517321190727244,0.020379604232396126,0.021293439143008557,0.02223494304043559,0.02318347380803709,0.02412975519470881,0.025082449997062,0.026021705489658986,0.027922072314651502,0.029616150557621533,0.031412534674227194,0.03236730157325149,0.032766761100908905
2025-11-17,0.017292856735753575,0.01787919279123123,0.018671587766601955,0.01952111927537418,0.02042674648956231,0.021359281428445617,0.02228458539572394,0.023201658673171522,0.024123653217281882,0.02503180259793861,0.026884774587610315,0.02848056398497321,0.030147588714363672,0.03105325903039189,0.03142233770060863
2025-11-18,0.01733479380959084,0.018027057307275548,0.01889236206592136,0.019794226441868807,0.02074179360481121,0.02170626846406912,0.022650038647482093,0.023579113512633816,0.024507668587229626,0.025422240547943398,0.027303240744160125,0.028932411470539234,0.03061973552494699,0.03155587697734369,0.031892840156131
2025-11-19,0.017320933251646943,0.017908775722699468,0.018716147757462158,0.01958701816892261,0.020515461007842593,0.021453603085107718,0.02236466700395493,0.023262810068488748,0.024169644331044095,0.025059450979860093,0.0268771490225347,0.028423096395370624,0.03002388954957965,0.030810906997801365,0.03112889702051288
2025-11-20,0.01829767561739201,0.018705909589672123,0.019429334238927374,0.02026098440694206,0.021179770762710437,0.022123469568477716,0.023051660246897865,0.023983574261817898,0.024926677267337712,0.025838953809577913,0.027659743442748387,0.02931414092104311,0.031042599679749185,0.031875149778313974,0.0321870535840517
2025-11-21,0.018499659456101904,0.019096111763782044,0.019925680525699034,0.02082218621616713,0.02177738007665539,0.022741988807831893,0.023678434948220636,0.02460976095056484,0.025549813676571033,0.02646877604369862,0.028302632659130297,0.029967640308148677,0.03170546717564622,0.03246986766973999,0.03294334544557774
2025-11-24,0.01859065638579875,0.01932865998407403,0.020248601367162708,0.0211912784830657,0.022169311203894544,0.023142789684128775,0.024089226803637755,0.02503206027930939,0.025980829448213554,0.02692295559041266,0.02883746788960577,0.030636843196866072,0.03255995310010089,0.033588564856499976,0.03404290038395954
2025-11-25,0.01867863115025151,0.01945487214122697,0.020412680672358328,0.021405961776053334,0.02240010247540048,0.023360369566446364,0.024272156490855717,0.02517080995330577,0.02608381193311179,0.026969998531023415,0.02873589026133072,0.030294836013735667,0.03193969558712849,0.03266821058025123,0.03301316910366904
2025-11-26,0.018937317737973587,0.019568773221606398,0.020418902608679276,0.021321031805623027,0.022268199722951285,0.02321274446352129,0.024124346664061876,0.02502894247360202,0.02594177743263509,0.026841359479251127,0.028644552625399354,0.03030418870467204,0.03205609413887111,0.03293649072480405,0.033234423974869774
2025-11-27,0.018452640683842513,0.019143319475159418,0.020050763027489465,0.02100464237581137,0.02198789712768582,0.022953486399298235,0.023883741963100554,0.02480149356830084,0.02572245878189988,0.026618498213310263,0.028398696765091276,0.030062347352151787,0.03174404713796071,0.03259264228483873,0.03279184997671066
2025-11-28,0.018955235026557767,0.01967225694675398,0.020603685912382534,0.021578573283024146,0.02256785713114419,0.023532462389831133,0.024451764411712144,0.02535087958968839,0.026245469716655423,0.0271097630616177,0.02881003606632448,0.030378486794690615,0.03196541893791347,0.032754297676994865,0.03286508765818257
2025-12-04,0.018711498538911513,0.019221161876130776,0.02007649482119305,0.02103536045897693,0.02207072339536911,0.023111298656193293,0.024126847175144465,0.02512318566219881,0.026108363948507404,0.027056012187851253,0.028959293913292373,0.03070536883415535,0.03251857463209401,0.03354809449970811,0.033795394566989066
2025-12-08,0.0190285561041866,0.0194813046657244,0.02037479823504195,0.021419522006242704,0.02252912170868554,0.02361554534912128,0.024662269616055603,0.02570177322863111,0.02673792978462569,0.027708524725946936,0.029590345031106538,0.031310578757697716,0.03313622381660726,0.03421691242204891,0.034350179681976824
2025-12-10,0.01858993850127598,0.019140445791478087,0.01997790298698767,0.02089621459030672,0.02187128873762317,0.022858590519058412,0.023826116030588818,0.024786101154873088,0.02574628871726755,0.026673928339198294,0.028529412944819574,0.03023326941577351,0.03201764519429747,0.03310291353065348,0.03325389253281513
2025-12-11,0.018189074511419826,0.018498958253191002,0.019277838849745824,0.02022177131125466,0.021263112405133535,0.0223223323932991,0.02337082713471374,0.024415512829194044,0.02545115943229279,0.02641190820242469,0.028276693943855055,0.029994892383762586,0.031783936209413485,0.03286744598720859,0.03310524527501058
2025-12-12,0.018231264946988752,0.01883282037006596,0.019755755901116778,0.020762546596370463,0.021825247793176107,0.02289401006182061,0.023938088997793018,0.024963387138581913,0.02597885220842528,0.026953178368585153,0.028897697814045744,0.030665663738068574,0.03260677456379132,0.03370508777697295,0.03400294224481019
2025-12-16,0.018726359579524156,0.01911267065186247,0.019888363856263667,0.0207925386394058,0.021784597570692683,0.02280432638176648,0.023816768712613283,0.02482237859007993,0.025831845453032562,0.026796220501407158,0.02869296164516124,0.0304039138587746,0.032292728820084285,0.03333752484042444,0.033616803411588896
2025-12-17,0.019688426721551272,0.01995095235274306,0.02064420524645461,0.021493967946198723,0.022445695527906324,0.02342521570701842,0.02439334350047248,0.025361946390869815,0.02634267958419584,0.027288541503121183,0.02916579896661821,0.03085060962901499,0.032773272941760634,0.03378292111584165,0.03405697167613071
2025-12-18,0.018466395716522394,0.018871321185221807,0.019675111811166456,0.02061102690983346,0.02162823238324653,0.022661347270402497,0.023669352235315393,0.024662575486876788,0.025654114202722154,0.02660385257979802,0.028468004275016917,0.030114026669439856,0.03198375610341048,0.03300159828635823,0.03320554609168057
2025-12-19,0.01881675391922384,0.019145844146151062,0.01989473434027765,0.020783590465237655,0.021763275242842606,0.02276555694793358,0.02375489607832195,0.0247377464123617,0.025728383980396792,0.026686377873864357,0.028571220720907932,0.03018896676070043,0.03212743851916348,0.03312547245920474,0.03338248642354966
2025-12-22,0.01980361650048624,0.020144583448494322,0.02090030294393724,0.02180240522344234,0.022791439475143453,0.023784129902496617,0.024754221016010117,0.025740873967361036,0.02673343090823211,0.02768663289034009,0.029548846607594388,0.03122620593294705,0.03323692117106964,0.03420552955698859,0.03451268446927518
2025-12-23,0.01933698363780199,0.019740916860756685,0.020535159917675832,0.02146579240804829,0.022477696170087894,0.02350013933529969,0.02449498963583656,0.025497752823383187,0.02649527570533728,0.027439320423435602,0.02927822918043204,0.030893523804133956,0.03285506359848871,0.033906905272797584,0.03417433968947641
2025-12-24,0.019935416956902884,0.020216548584480763,0.02090139254612761,0.021730072761254802,0.02265989182449015,0.023621205837086975,0.024569115511875704,0.025538064345093373,0.02650650036251641,0.027436431465630122,0.029242643654908595,0.030867109117836338,0.03279603622212432,0.033838224297737675,0.03416806171278935
2025-12-25,0.019821796315303997,0.019933856426720752,0.020515826576015264,0.021276575960845617,0.0221783714847853,0.02313633736705704,0.024103419721155185,0.025090650484237195,0.0260750421952084,0.027021722116635016,0.028886584761251426,0.030616538256390997,0.0326820130881369,0.03378841987382095,0.03412720210172955
2025-12-26,0.019550821464571003,0.019952839088257433,0.020781357022925395,0.021747965731648236,0.022802157113283816,0.0238649267109087,0.024913483592495206,0.025967278202908835,0.027010439089015913,0.027997592007212902,0.029910969128260818,0.0316522038264858,0.03372595265768106,0.034873375731917476,0.03528200454164949
2025-12-29,0.018705176683216793,0.019214163771208888,0.02009347423342224,0.02109413178190024,0.022174376187477224,0.02326120213554043,0.024314181752236392,0.025361925670859042,0.0263923423824028,0.027389390584961697,0.029347970832460747,0.031064613681024887,0.03303663483740503,0.03428680237512501,0.034622109871180445
2025-12-30,0.018570959623958296,0.01896849995529331,0.01976260695165676,0.020697015886678917,0.02172011444118436,0.022763210491360934,0.02378857081758809,0.02481392573439449,0.0258306163737621,0.02681459958215954,0.028754828368966572,0.030509887658338123,0.032458982917653596,0.03367148007338078,0.0339066325985851
2025-12-31,0.01856875205557417,0.01887469597383917,0.019589768426408638,0.020464908424160988,0.021441283023204992,0.022443032159929523,0.023416748528900647,0.02439235379999039,0.025367017941685707,0.026322602853120138,0.028232590586983457,0.029897535897916307,0.03183196524412631,0.03294852816485826,0.03310592800983842
2026-01-01,0.018590665632054415,0.0189559645139663,0.019655007200186793,0.020465669240628155,0.021374646900832094,0.02232603369012286,0.02327200905239906,0.024227258970900237,0.02518825596312876,0.02615468243898046,0.028116329327181257,0.029863080114172193,0.031963307285371265,0.03326052022490611,0.03346820538019632
2026-01-02,0.01786399326882853,0.01837550123483268,0.019124827725329262,0.01995106799714866,0.020861765282421382,0.021818826763051656,0.02276476970977768,0.02370964840509942,0.02465030802236072,0.02559637996588187,0.027558410013282825,0.029298120807181208,0.031398958274779606,0.0327474124235007,0.032741283935940196
2026-01-05,0.017826025283248385,0.018320322706592035,0.019052259518213717,0.019850877242631352,0.02072279215584745,0.02163716997211156,0.022553899738395507,0.023480092240443763,0.02441531995339781,0.025366059258600953,0.02730767232179289,0.029049315952982872,0.031197587879163262,0.032503704532629095,0.03246148858972823
2026-01-06,0.01814651181780008,0.01859810141314828,0.01935879430794972,0.020220638112064922,0.02116209094503972,0.022133058664598148,0.02309468379556818,0.02406609365577105,0.025045377522787078,0.02602073616119979,0.027990691216596707,0.029822016884436975,0.03202535773477238,0.03343173993784586,0.0333806003139959
2026-01-08,0.018623373320127774,0.01932649088376085,0.020277502598295794,0.021284817401989557,0.02230800951376536,0.023308625989522488,0.02425762374915667,0.02519795154045261,0.026130325989762452,0.027043158311309087,0.02887566515786689,0.030582999480177345,0.032580490701522864,0.03400609181060868,0.03376339844842809
2026-01-12,0.01925366290451987,0.020210896601452283,0.021352279461480925,0.0225108404875315,0.023619393665557663,0.024646490313055592,0.025587764105424453,0.026511262323062997,0.02742919736972488,0.028321435069648324,0.030124713325215338,0.03185454554172926,0.03398358375725103,0.03518990517054748,0.03486035785250728
2026-01-19,0.018781118809768026,0.019595562338679994,0.020625408450839322,0.02169613231300478,0.022756401901248904,0.023776696638261062,0.024728182807614962,0.025665404757497377,0.026587163728835468,0.027485623005597655,0.02930727910818248,0.030950801909200056,0.03290599914053628,0.034083235535660755,0.03383208832666203
2026-01-21,0.018648609609925072,0.0194112732232295,0.020354858671999453,0.021331338989513265,0.022312882143825832,0.023288595473560738,0.024225708927065305,0.025157174334491116,0.02608345614038606,0.026999057853702307,0.028881491672427113,0.030658442085674434,0.03270409882989648,0.03410507115306921,0.03398360790244623
2026-01-22,0.01827267011132374,0.019216971980739787,0.020357439729190515,0.021506954719040954,0.022625255322878145,0.023706335016605965,0.024736410399388016,0.025749688656003737,0.02673357818433002,0.027681051661349727,0.029601138927251327,0.03139446228282996,0.033390688426388974,0.034791795925513576,0.03472938472964992
2026-01-23,0.01837337544229478,0.019229810691823064,0.02025750965395613,0.021307687351929113,0.022330963176698908,0.02333077677316539,0.02428856506238955,0.02523795319923259,0.026178971769317577,0.027099905404518166,0.028978691845754707,0.030636458252688722,0.03263348927643293,0.03387041059834715,0.03375133924056673
2026-01-26,0.01808724573875081,0.01895793651512222,0.02005113577915203,0.021187850382461005,0.022296505790403452,0.0233693040620776,0.02439686025317563,0.025409277717044886,0.026406534964312216,0.027358740231801952,0.029254815098746407,0.03096301100448761,0.032977972171173285,0.034293153861161885,0.034238798033012
2026-01-28,0.018625818470091114,0.019492133677740595,0.020563946527429725,0.02167196402502477,0.022769513325044215,0.02384994102811317,0.0248913368325978,0.025920995390074746,0.026934743353418483,0.027912648081271734,0.029857654719065554,0.03170051005418937,0.03398548408467425,0.03529683402068204,0.03520880701144557
2026-01-29,0.018686614817515983,0.019720208657673592,0.020931997287394106,0.022156190352436777,0.023336094067529213,0.024469778376782013,0.025551422050301288,0.026612848580903584,0.027652411854944627,0.02864424225618358,0.030617105020603583,0.03247952157828689,0.03484207011382785,0.0361862906992946,0.03604046496943536
2026-01-30,0.018401120757930555,0.01946103877302499,0.020733699901025256,0.022037922916092814,0.023281452852383144,0.02445486101325406,0.02555513227066249,0.026626261147596038,0.02766716992969907,0.02863789563293789,0.030536987730187586,0.03229403117287559,0.0344620891157797,0.03568784921400048,0.0355071464298751
2026-02-02,0.018413515334848474,0.019282467581359763,0.020341236987399078,0.021434487110370985,0.02250666628631867,0.023554748024793636,0.024552879702105294,0.025534775273106092,0.02650247664211592,0.02744111787312039,0.02932974630863223,0.031066534114734083,0.033151172000420864,0.034426574242199005,0.03430139017707608
2026-02-03,0.01865283751412471,0.019508916376009343,0.020624192960290662,0.02178877175273336,0.02293701310017551,0.024051045755445928,0.025120061459140763,0.026172205167192097,0.0272034577822697,0.028187734447596743,0.03012804457700629,0.03197591484332592,0.03425597993499184,0.03549709673906374,0.035390470264786894
2026-02-05,0.01883874301566709,0.019663670067572053,0.02071666723400159,0.021814738838358126,0.02289061269199121,0.0239353499539808,0.024935187658839314,0.02592285780705777,0.026898446741167013,0.027839944902032142,0.02970365491078579,0.03145398306607128,0.03360219076125652,0.03474211978485876,0.034590100831600495
2026-02-10,0.01891003869260892,0.019742812538189103,0.020793033224252855,0.021878302380126995,0.022947737223663247,0.02399513588446176,0.025006129209756704,0.02600745006237609,0.026996656129604325,0.027956324686069595,0.029863720938351154,0.03168146039995024,0.033917358296549384,0.03514430257797922,0.03502015137663613
2026-02-11,0.018595900863770866,0.019312527817311728,0.02027636133095913,0.021294815680521134,0.022320259283922624,0.023345217288193238,0.02434070069283695,0.025332739928458976,0.026311668349348432,0.02726332824636466,0.029174351449689787,0.030955460752205736,0.033147884808016566,0.03444893298469178,0.03426353795844951
2026-02-12,0.01926321390825341,0.02010643267882334,0.021193898291528217,0.022325458087334184,0.02343514385033237,0.024517915791670265,0.025558776934483312,0.02658915984088594,0.027604064537893356,0.028569437570805472,0.03046928027587166,0.032252571319813635,0.034394420219286924,0.03567977788850461,0.03562829356324884
2026-02-16,0.019408657886216145,0.02015457464612321,0.02118637130537249,0.022281271587753095,0.02338647000076065,0.02445742063705729,0.02547321935501497,0.026471651449131064,0.02745953271466295,0.02840883414861243,0.030325006010040012,0.03208846064334697,0.03426787483490913,0.03548706449708839,0.03528437970079075
2026-02-17,0.01953740588809558,0.02029866879697737,0.02135237394585906,0.022473776757564064,0.023596190960779216,0.024672724418758778,0.02568533022356448,0.026678423240015518,0.027661136504679287,0.02860001568007274,0.03048602632916484,0.03220426892538174,0.034321401502820856,0.0354820273813755,0.035256700802876594
2026-02-18,0.01993552796016354,0.02078993734670778,0.02191849199911099,0.02309533331195848,0.024265721099344308,0.025389794203173655,0.026454977249422966,0.027515363780815098,0.028558270219225444,0.029539379979655434,0.031457013693603555,0.03320996324173098,0.035357025324928334,0.03665094846070415,0.0364494236777731
2026-02-20,0.02028556208793671,0.02104304672526246,0.022099597328814852,0.023227270401638973,0.02436289774680274,0.02545689746296901,0.02649334891373821,0.027525458591234293,0.028546460139606614,0.02951427172800899,0.031392532148934255,0.03313569747356282,0.035310278876447825,0.03656601990942394,0.036280482282481444
2026-02-23,0.01927497756852678,0.020024258023719023,0.021096724777721183,0.022244654759253805,0.023417383165925166,0.0245597316095325,0.02565347739648976,0.026735027612838747,0.027790158261562434,0.028781595174863527,0.030712261669008544,0.0324997819257767,0.03484880964543087,0.036236305158594675,0.0359332951027508
2026-02-24,0.019689511357755436,0.020233291508487072,0.021129813817431096,0.022136292462331154,0.02320407455345626,0.024270608631365653,0.025296858369460093,0.026320204982852088,0.0273368546586665,0.028324049372611057,0.030315462184200625,0.03211524691703838,0.03437183765206622,0.035780802275403374,0.03541585216770332
2026-02-25,0.01914229417038559,0.01973701473069419,0.02064912079689299,0.021653423878005913,0.022710829543004837,0.02376606393069022,0.02477891026079515,0.02578320700482347,0.0267744933330252,0.0277429255088025,0.029745151117320612,0.03157702032630565,0.033915529676618386,0.03528130530490592,0.03494672013835968
2026-02-27,0.020445446666229036,0.02111853284093598,0.022102282408547357,0.02316827355134133,0.024268526041454717,0.02534657767552927,0.02636933931279655,0.027388229005445585,0.02840307758704372,0.029395019716065764,0.03142295172136541,0.03337838126540083,0.03572932439021457,0.03708613853877145,0.036950820104715607
2026-03-03,0.02095705547953227,0.021840769564263788,0.022995480013329118,0.024223342210645704,0.025441026604895115,0.026602160859595318,0.02767623943671725,0.028734222653331316,0.02978224402320538,0.030778756225620874,0.032772285107685255,0.03467600128231926,0.03699964115568306,0.03829177010514596,0.03810517400579351
2026-03-04,0.021394316789124096,0.022279922752824602,0.023307936753100434,0.024351386200369113,0.025374266045884147,0.026363321278767785,0.02728830809630152,0.028212737693784507,0.02914599977710421,0.03007257615503859,0.031957494140039164,0.03378069934106872,0.03597510838290589,0.037172153482363184,0.03703764867320518
2026-03-05,0.020873098607772363,0.021826075809894808,0.022898694544537305,0.023974876161404,0.025014453537681947,0.02601352839832308,0.026937373216141654,0.02785757056606145,0.028787397758611832,0.029714291118857178,0.031597484682475835,0.033401803221270995,0.03565170697085067,0.036785845530387315,0.03662196433195183
2026-03-06,0.020445241028249773,0.021203706114488966,0.022127148486205422,0.023085634652596096,0.024051318504030555,0.02500485081813892,0.025898854833832013,0.026796475292995243,0.027703860282896224,0.028617996122516382,0.030487141897290373,0.03230368548561758,0.034541823515400874,0.035674572156860165,0.03547641623127645
2026-03-09,0.019617398041908176,0.020431034568170903,0.0214663932062965,0.0225573420753345,0.023659979093346745,0.024739782817101024,0.02576314118866072,0.026779647343467976,0.027788954543753252,0.028765169601908856,0.03072019952401587,0.03264376921156788,0.035008705359728935,0.03642225710947923,0.03621424480825017
2026-03-10,0.019090522918197593,0.019826615403826603,0.02078367434206597,0.021799115776911154,0.02284958187376401,0.023905928079437845,0.024919986487941602,0.025923702090480383,0.026916531128558352,0.02789920071139877,0.029914160347170794,0.03186906701823273,0.03432846479158949,0.035829340067910234,0.03559355535162837
2026-03-11,0.019319337476511746,0.020126224348071944,0.021150601051994896,0.022220237432372374,0.023318057528140586,0.02441625850623987,0.025479487414386943,0.026534062876306958,0.02757365612512116,0.028590586325545193,0.030653800824746315,0.03269184410604604,0.03522198591238226,0.03680902428414627,0.03649128873691818
2026-03-12,0.019596382813561058,0.020678075694997786,0.021898965965900505,0.02311954165528464,0.024324055632289766,0.025491096828259875,0.026592162265551108,0.02766475135311067,0.028700024935363153,0.029705608587240452,0.031777283130775755,0.033821105206276646,0.03633590293171301,0.037780742400663606,0.03756611252818924
2026-03-13,0.01901255606414539,0.020254721424591456,0.02155069579556629,0.02281238404726624,0.024029193299124108,0.025200085047759304,0.026294271661431907,0.027356592328781217,0.028381620631229055,0.029385160549223525,0.03144854639513243,0.03340941997052238,0.03601653237157738,0.03737224873360862,0.03726087437934738
2026-03-16,0.019027147215519482,0.019843455198735243,0.020902630098249952,0.022031075363394974,0.023180914836984735,0.024316989293223068,0.025404048147183004,0.026473345950716702,0.027517642551732842,0.02853059552804697,0.030642040917546316,0.03264647154452563,0.035173344035012113,0.03666784531298784,0.03649931453908926
2026-03-17,0.019125240616201956,0.019923875014093997,0.020937958353297766,0.02201235555732957,0.023120386114825454,0.024233152114052227,0.02530852877650368,0.02636606183629364,0.02740431149050624,0.02843272329080272,0.030600032566250653,0.032646024362400175,0.035284995272610385,0.03685542402728459,0.036602766762979064
2026-03-18,0.01945333927423258,0.020379853688315974,0.021440106864712188,0.02252506166781856,0.023607882513995725,0.024681230833896832,0.025706349343342733,0.02671300045648403,0.027702647682295432,0.028685931542444063,0.030769215141995345,0.032740480189686894,0.035266168453283196,0.0367394755581387,0.03650518833047272
2026-03-19,0.018879397469482237,0.0196627441415907,0.02061410834013941,0.021641086284801516,0.022687356452589295,0.02372678835837003,0.024727968305063824,0.025724887065464216,0.026688485721128908,0.0276709458121661,0.029732819440197553,0.03167958877803209,0.03419123761231141,0.03564747873957312,0.03539598416898284
2026-03-23,0.018657792403046883,0.019373522310344723,0.020284182491470543,0.021279518601648468,0.022320131288744664,0.023370836717900786,0.02439400312967193,0.025413683706506193,0.026399392288632088,0.02740392977511208,0.02951068839485242,0.031544145718032685,0.0341273858519952,0.035641786961598344,0.03534712793534818
2026-03-25,0.018832509742491378,0.01966365316295555,0.020641677810805777,0.021687070179961097,0.02275111368646257,0.023810122462604364,0.024828982949537115,0.025841588432303345,0.02681787544698189,0.027805903749699927,0.02986012720273621,0.031842934897486096,0.03430870418580835,0.035711850504846286,0.035459185886484834
2026-03-26,0.01898405616595297,0.019595814764935913,0.020382531895089293,0.021261784974351217,0.0221969057639074,0.023161545683604245,0.024108679800028097,0.025063802323543275,0.025995137789818382,0.02695125551458411,0.028961274994108686,0.030973615390175065,0.03342662759027105,0.03486109930245115,0.0346039899324872
2026-03-27,0.018709952755531008,0.01944285774761854,0.020315847170290287,0.021258264316917776,0.02223519694152139,0.023228456158199472,0.02419377436874432,0.02515771173602439,0.026089131018624322,0.027034012712456534,0.02903173663018035,0.031022017765424466,0.03347756670771499,0.03493868385214357,0.03479274590861797
2026-03-30,0.01840884805758341,0.019079869865264446,0.019901309482039255,0.020796511732358584,0.021752030272979787,0.02274002000389149,0.023708359823092485,0.024678801094213457,0.025607761029621194,0.026555104669513586,0.02856362743827582,0.03056525559062097,0.03300206944951569,0.03458232073290583,0.0344487473540267
2026-03-31,0.01879452388736149,0.019467727459582584,0.020280599236053663,0.02116855332971116,0.022115873004173572,0.02309793182294127,0.02405717424132173,0.025019567313123558,0.025942006357342354,0.026882084041976968,0.028869732714696093,0.030871534293726133,0.03329931968334153,0.03488867107114003,0.03474698456584804
2026-04-01,0.01899025914707953,0.019613835188375662,0.020394768603119378,0.021263253522734896,0.022202465759561186,0.023178501456217738,0.02413579548081313,0.02509556031853857,0.02602467468582958,0.026974019408942732,0.02898015025144199,0.030972831593191502,0.03348585341283866,0.035048199791679294,0.034858965720612506
2026-04-02,0.018488059440933003,0.018882799392948058,0.0194903749409831,0.02024159039790144,0.02110290366407427,0.02203445125534411,0.022952008239437858,0.023877917704233656,0.024772070911972616,0.02569532141170452,0.027668823044606095,0.029573128921948775,0.032093973657619165,0.03357374343373479,0.0332043779614815
2026-04-03,0.021815683086600087,0.02241855250040782,0.023036971207976965,0.02368213983351761,0.024358515121763333,0.02508044078314828,0.025802431492018607,0.02656149828612623,0.027332470110057,0.02815738871565939,0.029914398842216822,0.031571281630798434,0.03348786724598296,0.03484327352315465,0.03427089121053124
2026-04-06,0.019212532694172318,0.019661225786535626,0.02030114325541848,0.021041657661075436,0.021892987727079247,0.022822572984537763,0.023761240952320822,0.024719473610348205,0.025650653661560826,0.02660399643716507,0.028607154349495678,0.030558432068977365,0.03294362788311412,0.03458211655729859,0.03441537371812554
2026-04-07,0.02148666173605806,0.0222339706207857,0.023026950811517663,0.023848033198432768,0.024664417608647196,0.025474434393545173,0.02624700525073761,0.02704850378260857,0.027862123203751914,0.028720798381309535,0.030489642970956306,0.0321010745294132,0.03399527183746986,0.035027216945939084,0.03479958018826936
2026-04-08,0.02296892902102532,0.02351042732731649,0.024083602294205083,0.024695227354261873,0.025349883377101336,0.026058583030042982,0.02675164675925922,0.027491817324252456,0.02824645052233012,0.029045769798340282,0.030693329896396674,0.0322000109370272,0.033977494097858225,0.03470288655043948,0.03448829729335546
2026-04-10,0.023392941913136338,0.023789534071227858,0.02422870104378865,0.02471910796313975,0.025284787486627613,0.02593191139897506,0.026591349258854077,0.027303929902334493,0.028034047929246214,0.028815821969623404,0.03047552251718378,0.03208968191454971,0.03388850609098628,0.03459503804645938,0.03453751111886249
2026-04-14,0.021684499947231768,0.022089583337369618,0.022659776823007793,0.023327070924793584,0.024092048823235283,0.024928994229280865,0.025762231708673197,0.02662514026219009,0.02746565357003362,0.028330991951817736,0.030165873969434757,0.03195479606237983,0.03331742658083406,0.0348895135558401,0.03499685074486183
2026-04-16,0.02412349715492149,0.024599594729756927,0.02506527650588252,0.02556075249578758,0.026110664490395938,0.026735320139999755,0.02736664015982625,0.028049370999258024,0.02875323375990175,0.029518582101150992,0.031188809850936593,0.0327417828780977,0.03374859390480212,0.03486854260565359,0.035183721399218326
2026-04-17,0.02404082218037661,0.02412613563281287,0.02438456322400558,0.024746575184157054,0.02526314471912796,0.025908125047723534,0.026597906922157778,0.02735422381966669,0.028118431043177804,0.02893332962810122,0.030691208212755894,0.03234953415973642,0.03425500066484819,0.03468527241640799,0.03527291793887749
2026-04-20,0.02421646159542551,0.024272460968342194,0.02451324562061236,0.024882392804268638,0.025396636955655347,0.02603395681088839,0.026718500647571346,0.027472454793392137,0.028242298943103133,0.029044209192315387,0.030748352299153722,0.032314737127777986,0.03414327759063719,0.03445987988205378,0.034868488597827325
