FORECAST_DATE,ZERO_1Y,ZERO_2Y,ZERO_3Y,ZERO_4Y,ZERO_5Y,ZERO_6Y,ZERO_7Y,ZERO_8Y,ZERO_9Y,ZERO_10Y,ZERO_12Y,ZERO_15Y,ZERO_20Y,ZERO_25Y,ZERO_30Y
2014-08-22,-0.00011511082228976479,0.00010605907310478366,0.0006995142286000857,0.0017277006304158063,0.0030885123635930023,0.004745560461630375,0.006541069150770511,0.00839854262246454,0.010266978627236105,0.011971239003958566,0.01540651860086411,0.01722248842969772,0.02031941978897321,0.021375042711568554,0.021734438491966726
2014-08-25,0.0012207045021078093,0.0010921182829714173,0.0013278740593078932,0.0019774921473839904,0.0029957467712293205,0.004344271571652091,0.0058690529050028665,0.007507600456531372,0.009198514747615799,0.010783453451762725,0.013953413794321261,0.01575442841563087,0.018546030787588843,0.019478552960218273,0.019803348605906584
2014-08-26,0.00013864435033587673,0.0004740921823970436,0.0011390399859850435,0.0021982440516341117,0.0035418477383178885,0.005140959582654617,0.006858880540637455,0.00863646629362867,0.010436196831033731,0.012085486905005705,0.01541132754152114,0.0170399953674963,0.019729785379450075,0.020653566526772353,0.020931114668658657
2014-08-27,0.0014057113602955647,0.0018779691533235296,0.002637785322227782,0.003742169900761463,0.005066830936915011,0.00658594675504184,0.008208052772391923,0.009900376045329978,0.011627608897112932,0.013233452306415679,0.016455309861063354,0.018146063626408963,0.02055591455119926,0.02131276053832848,0.021516423942729266
2014-08-28,0.0004961968351151664,0.0007393749707459223,0.001326854762476959,0.002313423909430102,0.0035908833089733985,0.005123450975864024,0.0067789580607003335,0.008501504311378565,0.010256306910129808,0.011873667440033682,0.015118533417286478,0.016396118922310077,0.019210167586820672,0.020219204980486953,0.020506154285865733
2014-08-29,0.0002022514403717467,0.00011164727638525256,0.00041792974043393535,0.0011679328346203685,0.0023001841318671017,0.003772283472195729,0.005416748125634025,0.007153286045911765,0.008927781430356482,0.010559109117219967,0.013834539974597,0.015065678982242032,0.018050556791241797,0.019172363367531094,0.01950654886487899
2014-09-01,0.00048356914075139556,0.0006555143713401265,0.0011903377032645485,0.0021138845893323606,0.00344078679559277,0.005037116930935177,0.006803435579243993,0.008657479326658994,0.01053553451654954,0.012260366477785643,0.015752702998095634,0.017735252302670576,0.02077828769349392,0.021821411466302187,0.022129446272742128
2014-09-02,0.0005654410042536715,0.0005730122261343627,0.0009387541493693177,0.0016893953059749617,0.002859335555998191,0.0043149742786759435,0.00593766065083103,0.007653843528942874,0.009408887433288717,0.01103765856716299,0.014324752868209903,0.016066096137504447,0.018931229778610836,0.019922244129101704,0.020222288899974194
2014-09-03,-0.0004009541422706699,-7.504854858263296e-05,0.0006171949604285124,0.0017074191683337013,0.0031701015880633223,0.004878349879018894,0.006720617340690883,0.008611353516064438,0.010514812884085196,0.012236337375706938,0.015731092939089364,0.017281094290734548,0.020218064348296646,0.021283026822840515,0.021532736402389223
2014-09-04,0.0007175886190744666,0.000832894783874493,0.0013039102094047693,0.0021620918960113776,0.0034126156025987764,0.004915159254924939,0.0065763199821908536,0.008319687519829835,0.010096369901268065,0.011735346237261189,0.015053516147283504,0.0169493309423953,0.01970679238390465,0.02066575501584097,0.02089058260087399
2014-09-05,0.0009988664675811725,0.0009043248328388237,0.0011898291895126845,0.0018733780737929455,0.0029758545235274467,0.0043536040350027625,0.005909812717604165,0.0075686413664299065,0.009273536961837319,0.010858616654138818,0.014045908606867514,0.01576080450780909,0.01872978860095225,0.019752278961865297,0.02004075470421464
2014-09-08,0.0002672834702587045,0.0008485592786291293,0.0017525354123436336,0.003013910108302231,0.00453891393119113,0.0062029506791232165,0.00795017263777761,0.009727870719464755,0.011517369818141995,0.013127313975227137,0.016362212536413984,0.017558476025585523,0.020420496277819163,0.021411368600425397,0.02161561449552379
2014-09-09,0.0003237456267363233,0.0006949541073887659,0.0014351042661571527,0.0025653617859292153,0.004015603207922918,0.00564866729382138,0.007396642295705379,0.009190483956148306,0.01099807393623184,0.012624820849899309,0.01590045486481722,0.017366867048089523,0.020412280349484,0.02147997251348218,0.02173588774452123
2014-09-10,0.0005172479736355417,0.0005951152787926435,0.001051993253478492,0.0019049072864564573,0.00312580313168637,0.004575679099490666,0.006165050769067108,0.007829932712423805,0.009534170294978687,0.011093715843186067,0.014216083487630468,0.015395700306730578,0.018308946397613816,0.019402424565347173,0.019662421052716466
2014-09-11,0.0005509948948645174,0.00029104547457901094,0.000408676035202504,0.0009535992114674194,0.0019807249808158588,0.003331148768063775,0.004881409304756766,0.006538468353391476,0.008244025452349046,0.00982361360004789,0.013012345944890282,0.014839492094036458,0.01781046461347494,0.01895605426670646,0.019251024599777438
2014-09-12,0.00046683033119214684,0.00033309061250449317,0.0005165154697921241,0.0010843941417651222,0.0020762341758393697,0.0033613467907988074,0.0048282712572802625,0.006392874452036656,0.00801381403387426,0.009511362077321645,0.012508703215629143,0.013882086467205552,0.01666237190128424,0.017743520152096827,0.01801567499457333
2014-09-15,1.2388764776927392e-05,4.0725532555782324e-05,0.0003709040443833715,0.0010839974127400545,0.0021888275942623576,0.003561088890607416,0.005094725599488236,0.0067061141303232,0.008359590917934447,0.009876854383374222,0.012925718068625764,0.01435845585481356,0.017178289515161385,0.01825390288599939,0.01852793834238356
2014-09-16,0.001115023032424441,0.0009876302888161975,0.0011694111586173297,0.001713975435196535,0.0026445541868604,0.0038394788645042693,0.0052103145558374895,0.006685242830033616,0.008230408380628669,0.009675693560630728,0.01257030588235153,0.014245907474815512,0.016587065040013213,0.017454740082375957,0.017647127726892455
2014-09-17,0.0007091933441184861,0.0006147453999089539,0.0008335826334668113,0.0014385841803157971,0.002447626763655923,0.0037355297922363863,0.005205254908342167,0.00677852649131482,0.008409251327692336,0.009933477398038036,0.013007679689128816,0.014852230455319769,0.017441952204915095,0.018398962895543953,0.01862428812674501
2014-09-18,0.0003902448328723388,0.00026416220451706677,0.00043668304349817153,0.0009939727842062664,0.0019658814100243106,0.003221505507573329,0.0046534721105526995,0.006185326129233199,0.0077816869896346575,0.009280602132329833,0.012301383068077296,0.013718489606491092,0.01625806293448544,0.017241599545712076,0.017478485376026042
2014-09-19,-9.576542589173989e-05,2.2051580149259832e-06,0.0003936241734684027,0.0011664923387042696,0.0023051150310193546,0.0036919407959452584,0.005228858258949698,0.0068395898290661925,0.00849764761802941,0.010029420490479264,0.013118030394168029,0.014238563981144241,0.016905190056906917,0.017956129464610858,0.01820425112978645
2014-09-22,-2.0301718002347892e-05,0.00019704724958342082,0.0006986062917961043,0.0015792073621485139,0.0027993664161438544,0.004240493624455503,0.005816984304517381,0.007460483213620918,0.00914671866862459,0.010699830368622215,0.013812737414949323,0.014636632570219126,0.017515309121654336,0.01862144028242184,0.0188988911138824
2014-09-23,-0.0009655210913318616,-0.0012022437539671563,-0.0011157865829455533,-0.0005987261398718058,0.00038797310894790604,0.001717028283560081,0.003242963252725608,0.004862440125199372,0.006536751146763215,0.008109663193389714,0.011315469255549507,0.01268664447935428,0.015487243176145016,0.016659303527894687,0.0169363471530423
2014-09-24,0.0002988768679891427,0.0004934022721549708,0.0009271060704538006,0.001700075196353362,0.0027864376366298583,0.0040804371559484505,0.00551663246427111,0.007038008640349174,0.00862686076934216,0.01012620102706635,0.013142229228549398,0.014288502679432411,0.016824357836067547,0.017781041170745672,0.017992814074533264
2014-09-25,-0.00035007656412356465,-0.0005379619798965608,-0.00046939943937424457,-1.1224148257671927e-05,0.0008977473077395358,0.002128571410063188,0.0035591374921158025,0.005093998843236325,0.0066972163976847365,0.008220700782106936,0.011323822769398313,0.01292531027326386,0.015647131541844033,0.016752460460482045,0.01701076043938086
2014-09-26,0.00018976009280873468,9.940096112931993e-05,0.000273146109780145,0.0008204193800243243,0.0017542966267148836,0.0029566714538900116,0.004340258959885254,0.005824802877058006,0.007377189121975516,0.008849703810678932,0.011822280391119707,0.01335420624528742,0.016150141719622518,0.017272029447112768,0.01756655843779618
2014-09-29,0.0012300422856267054,0.0013685352036993895,0.001736404985554941,0.0024217183262146636,0.003389144290790227,0.004531227645572774,0.00582023149448969,0.007208358632714296,0.008678307215587518,0.010079854221895501,0.012875861490228317,0.01433164097496083,0.016792811517623588,0.017711467407957485,0.017922231640879978
2014-09-30,0.0001962512336574959,0.00010549570045739027,0.0003042081900802282,0.0008767152886134531,0.0018060638504385268,0.002984022826422299,0.004333641763093128,0.005781135456592331,0.007305615453967629,0.008757146231808824,0.011685916804372965,0.01326885916484401,0.015852172560583952,0.016944576224550142,0.017193125375483197
2014-10-01,-0.00016263012322497935,-0.0003446382996337595,-0.00022716411484898798,0.00029206681709975006,0.0012319646888464693,0.002474127815870733,0.003913625939125833,0.005455862854775976,0.007071339622531373,0.008603835355676624,0.011711462623141669,0.013235394834427528,0.01602128368382926,0.01725145411862646,0.0175663544407736
2014-10-02,-0.00025407566147215763,-0.0006492371636851954,-0.0007343258491992855,-0.0003942738465322435,0.0004401163867604614,0.0016354698786828672,0.003032851793760179,0.004584534056774245,0.006213379551474624,0.0077950458360726395,0.011025003102153099,0.012661134211312658,0.015447819494240808,0.016735079921345184,0.017055644035065497
2014-10-03,-0.0005475016581866053,-0.000712899909507373,-0.0005911073688427887,-5.27108736240226e-05,0.0009950810386751823,0.002417913390011002,0.00406456991415588,0.00586934395648511,0.00771168038953658,0.009445050104051386,0.01297998850114734,0.014813121986959329,0.017965661395205192,0.019470992901955787,0.019822972434023273
2014-10-06,-0.0005186129077638674,-0.0004621487284668435,-0.00016761361744175554,0.0004859771928513269,0.0015600995592648832,0.002946335193044762,0.004527855088435484,0.006265001961777478,0.008057959495376363,0.009767595150448243,0.013235177380790615,0.014698014853829985,0.017868667935819288,0.019350432453881863,0.019818314358552684
2014-10-07,-0.0014918169044515997,-0.0018757160555838914,-0.0019820426650391447,-0.0016767677338459922,-0.0008105134655805779,0.0004980603639132238,0.0020637487192905896,0.003808305159973207,0.005611611121961058,0.007349793234029988,0.010926496373995518,0.012768104666073643,0.016007661302031517,0.017584795560585995,0.018097444798601224
2014-10-08,-0.00048276063982965827,-0.0004467854417762689,-0.00014320825004128773,0.0005252857943133795,0.0016094169188349435,0.0030070553440693336,0.004590206512803198,0.0063252344319435225,0.008105342672834935,0.009797906077208911,0.013221283475746826,0.014374906202011085,0.01751380635713947,0.01903022537547757,0.019515752121038975
2014-10-09,-0.0006125310898986287,-0.0005791868099258754,-0.00028615908319095843,0.000385813357446051,0.0015064079130233886,0.002960605618320979,0.004612284945767397,0.006410933386729303,0.008241929860658526,0.009968546773034825,0.013471679492602853,0.014710948274284673,0.017946882755897828,0.019517219063260618,0.020025137863417263
2014-10-10,-0.00096476690111152,-0.0008732747069191589,-0.0005239892540799047,0.0002018758195024113,0.0013676306359971242,0.0028657782827586236,0.004551412875674697,0.0063726897615003315,0.008215238873235503,0.009942016730650082,0.013450666625162894,0.014520669334653818,0.01765052827332058,0.01919499345611695,0.019720480525546903
2014-10-13,-0.0009900211557116395,-0.0007437117763034047,-0.0002365635500763339,0.0006508659130237181,0.0019629532045102134,0.0035919612049700855,0.005398982465967304,0.007326178408279959,0.009252841360206859,0.0110342195145711,0.01467150228350828,0.015846399856162808,0.019061931011075728,0.02062966217527026,0.021133504155766668
2014-10-14,-0.00011095513969178834,6.811249858257686e-06,0.00037910777068665355,0.001127983536316916,0.0022931122245896107,0.0037645623258949746,0.005423015380938568,0.0072253605936104396,0.009047749849578238,0.01074549277513999,0.014168899343266445,0.01512863111972514,0.018373271793960894,0.019914127595856895,0.020421939184174776
2014-10-15,-0.0007118151353428918,-0.0005976898521695229,-0.00021368597861693632,0.0005767964772924819,0.0018207889112702635,0.0034054679107514535,0.005184466343871636,0.007095568721105429,0.009003027978515883,0.010759025880632805,0.014330351927358329,0.01583841789935579,0.01931331921978268,0.020944210992980074,0.021506156963509274
2014-10-16,-0.0013213278824615573,-0.0012043682383970408,-0.0008424120837375466,-7.36640850079257e-05,0.00114646390977527,0.002703226298408743,0.004441368034457392,0.006294672091746834,0.008159647997808986,0.009879136246710366,0.013384333384103579,0.014587438578857014,0.01775379343094756,0.019303758140821355,0.019805018151779527
2014-10-17,-0.00022005048058942596,0.00014204976329904777,0.0007609742901238106,0.0017579362379364799,0.003099972884399123,0.004685532513700065,0.006417233506621828,0.00825402897141399,0.010100547771039744,0.011793735735875773,0.015210324330976242,0.01640839755786278,0.01973384273506193,0.021237026570179774,0.021769974314468234
2014-10-20,-0.0010070923532671482,-0.000741258923741985,-0.00021564177022457924,0.0007119898689846814,0.002058718204153022,0.0037091788726576628,0.0055339932443019945,0.007466033271003283,0.009392734671221724,0.01115669970136299,0.01476046194290849,0.016427609625610944,0.019799065830034546,0.02135450770470337,0.02187610763003605
2014-10-21,-0.000599658933601217,-0.000458367886606059,-4.75009240077829e-05,0.0007646811348097773,0.0020036458720200188,0.0035521458390502434,0.00528494437919008,0.007142255870032107,0.00900917226147555,0.010739404008897111,0.014277030828697454,0.01615978829340057,0.019506973002973035,0.02100542457148467,0.021524344098975818
2014-10-22,-0.00034105064562745294,-0.00012418902056791085,0.0003136034649344966,0.0011068487722799723,0.0022656841810400844,0.0036866346020964893,0.0052639052742582924,0.006961092120870164,0.008697184320313193,0.010335974906868323,0.013674055949802897,0.015193280744905282,0.018068263155775345,0.019380421822595924,0.019816303082028724
2014-10-23,-3.0005007745921033e-05,-1.1325138018266159e-05,0.0002483673788165364,0.0008851658358596735,0.001923981699588852,0.0032439658829076074,0.0047379439734023514,0.006367184145988922,0.008050739075636582,0.009655712315143672,0.012903163052233421,0.014311046065743061,0.017328487403815818,0.018739397308638918,0.019221014967531824
2014-10-24,-0.0005754679992314561,-0.0002443428879393846,0.0003039980577254362,0.0012272531150496434,0.0025323364438992113,0.004091448853008805,0.005803514642778101,0.007618404858997518,0.009451234316218662,0.011165089990496197,0.01467616696585776,0.016633158450284936,0.019576006297753537,0.020923551477989757,0.021376718325900074
2014-10-27,-0.0003503615686619376,-0.00014463530193654245,0.00027794729210875154,0.0010756815359217542,0.0022617145677284235,0.003710915420782633,0.005320371213289892,0.007047755971481063,0.008809189385708873,0.010461885358043875,0.013816360295564791,0.01524203410627515,0.018273557983880417,0.019634939125964212,0.020144136300897224
2014-10-28,-0.0005741116277562794,-0.00042591669700727745,-5.1000967184287676e-05,0.0007137762481711038,0.0019123188862254998,0.003405657706994926,0.005077100866592796,0.006866073285573968,0.008677468226942887,0.010381530014243669,0.013871729368027762,0.015747669981860144,0.018737426009463126,0.02009044603525729,0.02058313806336126
2014-10-29,-0.0010160397059213785,-0.0008892111487702207,-0.0005423381896458939,0.00019950604882215282,0.0013753011099886842,0.0028513653965409904,0.004495839371532705,0.00625293236841615,0.008037332582249392,0.009717653204429688,0.013161279420628324,0.014717880584898676,0.017572911905734553,0.018999801990843404,0.01947254699338472
2014-10-30,-0.0003507369976253233,-0.0003387739684890766,-0.00010318923000834706,0.0005179019325141333,0.0015120262933467337,0.002814292391224443,0.004299057450769671,0.0058913366834792025,0.00757531497538119,0.009244063839731682,0.012611447190897837,0.013544121730965203,0.016512445813325328,0.017965877118317604,0.018490793473324364
2014-10-31,-0.0013829517191227838,-0.0014376163567670682,-0.0012689028078884865,-0.0006895249613553319,0.0003183597135598872,0.0016844610799255566,0.003246687490307273,0.00490672115092234,0.006649375698809571,0.008371810457460653,0.011905463683404968,0.013140500806792839,0.016010766081930698,0.017525658034838517,0.01803660004536837
2014-11-03,-8.983596192140746e-06,4.039004223083028e-05,0.0004934599229685847,0.001453041749984936,0.002755930168578019,0.004295505569871603,0.005972112782942974,0.0077131236624770685,0.009511723463282138,0.011253383268184449,0.014809901817823296,0.016077655992301987,0.018966843874113633,0.020334451872297633,0.02080157446552737
2014-11-04,-0.00039999413075028986,-4.479208913902124e-06,0.0005675849680790727,0.0014961353220527018,0.0027031306199602535,0.004122617948715153,0.005666516469028145,0.007272933205733436,0.00895189180664576,0.010591365734540455,0.013903492657199082,0.014748626997518024,0.01757932484553722,0.01902188646666336,0.01950548206215939
2014-11-05,-0.0001528154550916178,-0.00019991946328538752,-4.215301097256526e-05,0.0004974666297413651,0.0014246448061418157,0.002645887531267705,0.004047055984634502,0.005551462326849708,0.007152447338525157,0.008758807604615117,0.012013292245580415,0.0132077157211745,0.01615348452493898,0.01769275930709958,0.01823437699648249
2014-11-06,-0.00047824585211385677,-0.0004590575590117715,-0.0002638141281445736,0.0003053321840604352,0.0012533746912289983,0.002498806109321143,0.003916464313465951,0.005428215200720929,0.007041102299764154,0.00866014223225,0.011949333564516789,0.013041269858254732,0.015741627045782667,0.017192915896721846,0.017669351231729684
2014-11-07,-0.00038399520368534326,-0.00011584188903768135,0.00028244594891658115,0.0010755647692545422,0.002099010752144216,0.0033802967513087427,0.004820165901723701,0.006342566876256074,0.007959345340064448,0.00957365167349509,0.012836979150239495,0.013678118577734499,0.0165864031852052,0.018144352021130343,0.018705180707877272
2014-11-10,-0.0006684299642670426,-0.000847733933587293,-0.0007731431935398695,-0.0004338197229682827,0.00034460135475291524,0.0014886353457069833,0.0028487868758888726,0.004322981112116979,0.005905708530049054,0.007509849306535179,0.010777282144940847,0.011841720830570907,0.014755503193110189,0.01638358487336,0.016971057136245603
2014-11-11,-0.0012731132668610604,-0.0015126105427086924,-0.001524709596078059,-0.0012579852345761234,-0.0005113938229811811,0.0006392280383536503,0.002017100879242962,0.003508937765567777,0.005107275675688331,0.00672869313591099,0.01006473699268604,0.01137444781325055,0.014415243007529877,0.016169764778045607,0.016786136616611002
2014-11-12,-0.0011975692084251902,-0.001033457304870426,-0.0007365672053119003,-0.00022738246779910733,0.0006273146690480121,0.0017895502060727968,0.0031333721338631993,0.004577168360007709,0.00612524289177842,0.0076945543930121985,0.010902827693114736,0.011770941908842435,0.014964824751701064,0.016837275504795628,0.017521432931059372
2014-11-13,-0.0005582327843930291,-0.0004811516765542324,-0.00026789442363547194,0.00014743111643771413,0.000893548050858425,0.0019313578989229331,0.0031573450276850086,0.004498943477259055,0.005961682104292504,0.007469968392248115,0.010549148949746718,0.011531088015860492,0.014402389693506362,0.016122155860544385,0.016706174596971747
2014-11-14,-0.00035080181686315956,-0.00030117226011472083,-8.148071466258406e-05,0.00034815847167180567,0.0011025327134315398,0.0021348110923490684,0.003347728514009333,0.0046828202323268035,0.0061361884971792464,0.007629919513517191,0.010665467504854646,0.011618134776172568,0.014672488237557582,0.016533708651313473,0.01714698232655577
2014-11-17,-7.831084270807471e-05,0.0004056400677316094,0.001041306618300862,0.0018530724163894024,0.0028877470327471075,0.004101092933879898,0.0054290938240236526,0.006828910470683796,0.008322317339891496,0.009826684316479359,0.012863945960956389,0.013641315377481837,0.016553065896856144,0.018415425737431747,0.0189765861900931
2014-11-18,-0.0005315453141123045,-0.0004287674442323,-0.00018821884287501455,0.00024210588929782627,0.0009835742537680754,0.0019964216852820693,0.003175710495654358,0.004452224483699033,0.005846292211305147,0.007280031363186775,0.010169447581835467,0.010524695268333172,0.013468506535282594,0.015481227344109194,0.016084576522873248
2014-11-19,0.00021678952900168323,0.00014796124349333522,0.0003172239465182747,0.000732063024773223,0.0015319065104277471,0.0026438158353387824,0.00395418574757379,0.005363840655783152,0.006876988843241981,0.0083936856579226,0.011461640000189474,0.012577586712014125,0.01516668400815692,0.016838102955914293,0.01726374159829145
2014-11-20,-0.0007420543093542684,-0.00031014612979193205,0.00026052827522653345,0.0010314297198941572,0.00209827834403351,0.003412253885313219,0.004874775002637964,0.006389394071169575,0.007981578728052025,0.009548768162133667,0.012745897449392822,0.013646999662680324,0.016239298639471513,0.018020805165055637,0.01844955743705076
2014-11-21,-0.0010069599793027517,-0.0006462146798427678,-0.0001382744282527291,0.0005743759877054381,0.0016132103597191116,0.0029289676067295553,0.004415707672812672,0.005968679776435836,0.007586444981795225,0.00918116544024168,0.012455241199205307,0.013578379564451348,0.01657628957210633,0.018597087310469954,0.019029296510476218
2014-11-24,-0.0005320038468570374,-0.0007513954346445776,-0.0007310211119533826,-0.00044031826117096906,0.00031061668417937775,0.0014463137765359326,0.0028134534695992497,0.004279794168693375,0.005839372756377914,0.007395470515797508,0.010579838399016564,0.01183356126465994,0.014508659686193972,0.016333103254101297,0.01671905366607717
2014-11-25,-0.0006677064441358302,-0.00035876342526403927,0.00010732695598085945,0.0007817971629018229,0.001774980690100392,0.00303734458852273,0.004467342096343747,0.005966818086760887,0.007541542156636134,0.009109799246984393,0.012319963773910515,0.013406577872425168,0.016269936743276855,0.018199141164906934,0.01872317682005768
2014-11-26,-0.00025203443909312334,-7.709692597266462e-05,0.00029568808564479936,0.0008929219708550694,0.0018247930880785235,0.0030364431897762696,0.004426615374023162,0.005894169170489356,0.007443336274089101,0.008979582671026085,0.012109150061412818,0.013150697970845324,0.015937569144264817,0.017798205187778013,0.018291906721487408
2014-11-27,5.3442628817051605e-05,3.3764534290233025e-05,0.00026998141857606777,0.0007715897908971638,0.0016767301980881002,0.0029106958995594907,0.004350973592753614,0.0058728891203006645,0.007476474669954477,0.009045356141230776,0.01223701655796653,0.01348840713715347,0.016045387684367276,0.017738998782164755,0.01811675640087061
2014-11-28,-0.00027468568146732885,-0.0006021518486156758,-0.0007018965295637286,-0.0005391850875091568,7.530380045221588e-05,0.0010755458178044724,0.0023147643766197913,0.0036669829765077406,0.0051275995693416156,0.006599703231555728,0.009596633825919756,0.010548967327498868,0.013155631981825249,0.014955540877534165,0.015416516684207382
2014-12-01,-0.00020505819886838746,-0.00011286545424700711,0.00013280500590286807,0.0005812422548716439,0.0013588410292288732,0.002427985973798624,0.003687041191372441,0.005037768802945305,0.006486718064751706,0.007945919764182413,0.010904248065624289,0.011576381579033025,0.01440003581952872,0.0163641276318533,0.016891273741499346
2014-12-02,0.00018004094228167631,-6.858474333785528e-05,-1.3141037707429588e-05,0.00034616225811808865,0.0011535476130530983,0.0023251418193853297,0.0037257022263314146,0.005218548814718446,0.006801897045490171,0.008345991370152179,0.011448628561419597,0.01252598232656208,0.015073705929184993,0.016742623922577842,0.017102090399734184
2014-12-03,-0.0007431234834107262,-0.0005021296662207932,-0.00016463834498691202,0.00036046731120712675,0.001215026338411107,0.002365091563331603,0.003710971524407951,0.005144224542593399,0.006659259360330667,0.008198842682371386,0.011397921844965308,0.012798881395250424,0.015647606532950834,0.017571447230745794,0.018076916963091716
2014-12-04,-0.0006835427204799533,-0.0009916262260219796,-0.0011255593097639056,-0.001014378088984703,-0.0004510161531727343,0.0005094691340834275,0.0017278221559176273,0.0030750700709254687,0.004539177098677707,0.006045992105471684,0.00915225056204942,0.010384377071921235,0.013178213860859914,0.015114307367186693,0.0156347960602793
2014-12-05,-0.0006511624163083639,-0.0009099354928306358,-0.0010092666140024524,-0.000870415099911975,-0.00029333500710880967,0.0006761180084339921,0.0019074897254791055,0.0032697724097474614,0.004754963999864761,0.006289280758191492,0.009455142685361422,0.010691344960373389,0.013541024598081961,0.015455743663448623,0.015952252785714664
2014-12-08,4.8595231643365695e-05,-0.00031397894749388226,-0.0003864283674761877,-0.00014672156405407883,0.0005606670505577564,0.001661655385604369,0.0030267989095410113,0.004521075621857772,0.006128245596775009,0.007735529845521101,0.01097747620132719,0.012025992689322728,0.01484425784846044,0.016608976917396705,0.017064892790388888
2014-12-09,-0.0005861580334155221,-0.0007782884552501471,-0.0007896645554773953,-0.0005647974221986287,6.171988649404203e-05,0.0010485098988679913,0.0022777044176061287,0.0036365567940244235,0.005127460578438988,0.006671394660716376,0.009836415620924058,0.010768801432899246,0.013384885289391246,0.015174590569934865,0.015688349973673195
2014-12-10,-5.164063792535329e-05,5.143862547971176e-05,0.0003509813359403722,0.0008884490764416648,0.001773860916789131,0.0029568881900677467,0.004348542634325169,0.005837968414451765,0.007428592626482915,0.009023516758853621,0.012256293907507036,0.013206402695708995,0.015880276364035672,0.017569425941010124,0.018033189055378214
2014-12-11,0.00011271004264746612,-0.00027509208666158817,-0.00043689046899686825,-0.00034153392390898034,0.00019595224144344564,0.0011207898076338876,0.0023105871565026756,0.0036443043453815065,0.0051087178132268075,0.006620263562838102,0.009681068744527416,0.010627909770368555,0.013310175221955708,0.0150277344378217,0.01554382867439571
2014-12-12,-0.00039380511607798804,-0.0007548198212564204,-0.0008969897114180808,-0.0007604627547894811,-0.00014762145836825732,0.0008812526803595815,0.002179462791830694,0.0036036121158129443,0.005136659531286071,0.006695335543496568,0.009880376564411542,0.011054919596134184,0.013858191626739623,0.015636173708299655,0.016177054213723216
2014-12-15,0.00027732434101038374,-0.000167168592155226,-0.00032884243801885115,-0.00019052906073017115,0.00042111790790781006,0.0014375149191051143,0.0027432091495401788,0.004198206652246311,0.005774817058802575,0.007369501159672716,0.010581313085127487,0.011636460651305101,0.01444930770328401,0.016117409302742372,0.016594758532466242
2014-12-16,0.00019825536996514903,-0.00042052473263891186,-0.0007308819668067674,-0.0007231438470008784,-0.00020684137443383456,0.0007417070957675433,0.0019995328574355813,0.0034224901966807193,0.004982041738354839,0.006569345275577652,0.00976353793048488,0.010774761229078013,0.01350920374031553,0.015145986022465106,0.015611916271532208
2014-12-17,-0.0007996376259299043,-0.000696216449604375,-0.0004270529253460429,7.290226986118799e-05,0.0009291213867455296,0.002099395090242857,0.003500882852817433,0.005013482174882654,0.006636477399947971,0.008286747127721848,0.011693867189867365,0.012828194537923724,0.01558298766592008,0.017333561923479613,0.017843425899251975
2014-12-18,-0.0002147575614298555,-1.056843554109036e-05,0.00032555828752962624,0.000839070519481759,0.0016535980607807505,0.00273762182132101,0.004046419130004828,0.005483863702559091,0.0070356234773243645,0.008647507442887685,0.011971948201216893,0.013274181233452477,0.01613510068630565,0.01793651019424771,0.01837125367167884
2014-12-19,-5.658711682445406e-05,-2.187241107436523e-05,0.00015995451309192612,0.0005354636289447792,0.0012455701218423553,0.00225010206764559,0.003494176853195539,0.004875964798294687,0.006381335821888704,0.007956381702105225,0.011187084923131302,0.012424734899450918,0.015227679836931894,0.016952692548952243,0.017501912822825743
2014-12-22,6.928385164897607e-05,0.000157067115448868,0.00040372434372514177,0.0008474689240692767,0.0016036930246653522,0.002629914485613849,0.0038754222521991425,0.0052450495888098116,0.006737704647207403,0.008283593772750175,0.011422233845402825,0.012583341721399216,0.015253571948192048,0.01688002537159345,0.0173967074494788
2014-12-23,0.0003545840527057882,0.00020440880329117156,0.00023346408269330998,0.00046575552954273826,0.001044494779336308,0.0019270747574701766,0.0030598042915245477,0.004354260667632087,0.005798123987620212,0.007332841971506046,0.010434664299758903,0.011437158050514769,0.01409926003256388,0.015721097078371032,0.016221287583056725
2014-12-24,-7.993739909817668e-05,-0.00035481373588232675,-0.0004499539463651941,-0.00033328527715250776,0.00015130401345391073,0.0009613458987624314,0.0020239089139690108,0.003255615048119945,0.004651444233532471,0.00616900380208618,0.009253097574632435,0.010228420583875205,0.012876694823338409,0.014523099980079284,0.015030397185715801
2014-12-29,-0.0003249751939308296,-0.00018860405602598006,-2.7006881471265735e-05,0.000232545192122646,0.0007393480684223363,0.0014925412232845753,0.0024644844577730216,0.003609525377759166,0.004918363024885788,0.0064114049276908,0.00949984286083237,0.010670928139957703,0.01347008331385835,0.015298246362843233,0.015913148859220953
2014-12-30,-0.0007160354227397176,-0.0008141977065871295,-0.0007960302661311218,-0.0005977737711732942,-7.603673151702667e-05,0.0007368417138166217,0.001778689442907396,0.002991197480439237,0.004364235480843314,0.005901826453694896,0.009072787425138168,0.01020948175096454,0.013078587592691909,0.014850264552944609,0.015451767138373887
2014-12-31,-0.00035916464660998033,-0.00045492505991750543,-0.0004148500713985145,-0.00019171553331818033,0.00033841558066564985,0.001134872609579714,0.0021566735158272503,0.003348439531093226,0.004707467793865508,0.0062222199295866604,0.009326373250479383,0.01030201990875544,0.013082718852273896,0.014778840566529037,0.015344924702100037
2015-01-02,0.0007690961036349444,0.0008098765257697657,0.0009792375014176424,0.001295148321013185,0.0018254493643173639,0.002563934686310374,0.0035016621108213113,0.004611971256076633,0.00589499791229002,0.007349315617335504,0.010292933620165472,0.011123079753123745,0.013820477263882682,0.015420569560630148,0.015989914880846934
2015-01-05,0.0002795331646847398,0.00017466089424795274,0.0002887865631514158,0.0006275896746559153,0.0012645991611375939,0.0021289862920867574,0.003172460374714215,0.00435369833020703,0.005694798784289566,0.007174129341219485,0.010151225324115172,0.010737326414252285,0.013289815979228965,0.014815063916887073,0.015328502241307473
2015-01-06,-0.0008134342165722153,-0.0008475946284234195,-0.0007055798045428795,-0.0003238382644981108,0.0004205521351633699,0.0014499443241143596,0.00268484078155093,0.00404822020567645,0.005543058090831869,0.007158003586951649,0.010470343065175927,0.011190714800430228,0.014038178246474535,0.01575635853515451,0.016314440313699417
2015-01-07,-0.0008958502443620067,-0.0009429351563076375,-0.0008173922733414036,-0.00045430078251998277,0.00029450784442982387,0.0013537104430093256,0.0026348244001808815,0.004051362925795052,0.005592081191176627,0.007266389631391779,0.010702901100008985,0.01133021880288863,0.014215059356709556,0.015961606871198367,0.01655198173228118
2015-01-08,-0.0004739854192938532,-0.00038408229410796086,-0.00014264501070320758,0.0002993145779228428,0.0010619667445740317,0.0020854329752555195,0.0033068113781557383,0.004665938841763046,0.006157573332073392,0.007799049359304771,0.011156809776220264,0.011540692256846594,0.014359699493174454,0.01604386381011262,0.01662424112175159
2015-01-09,-0.00045236245989168375,-0.0005674440484772269,-0.000450773406537413,-3.974216546489271e-05,0.0007696548682086777,0.001885870266522188,0.0032047714052471634,0.004629356537592375,0.006173345151059379,0.007795347069161577,0.01107534940936395,0.01151985039550533,0.014194740060946438,0.015711227473388992,0.016195978746955435
2015-01-12,-0.000362697917626474,-0.00046338099236376863,-0.00041260926370898486,-0.00012117815667613723,0.0005252729625139767,0.001458315392796873,0.002563182605995812,0.003769842601805258,0.005098828865121815,0.006549554373697332,0.009482187030907302,0.01000264859629267,0.012424306287045037,0.013932851704004403,0.014483416882763552
2015-01-13,-0.00024596478760802545,-0.0003204826434504631,-0.0003556517314781814,-0.0002403828683255596,0.0002185070928746144,0.0009802947595681064,0.001956564240907499,0.003086474115530857,0.0043355383095479965,0.005766180188946975,0.008703244022300194,0.009896738497497837,0.012784096703561152,0.014511706485987819,0.015208195377028628
2015-01-14,-0.0016588236793775046,-0.001746140816613876,-0.001735781437987454,-0.0015020135317507194,-0.0008586411828456007,0.00012904002623993533,0.0013157008872797255,0.002611382161555492,0.00401235417921828,0.005547832218989589,0.008714285622331414,0.009320610198433086,0.011856893182586094,0.013432558963889903,0.01402031056827646
2015-01-15,-0.0006754452735156058,-0.001146284859642373,-0.0013889819610056343,-0.0013217238353746877,-0.0007768283493359226,0.00013860670564937345,0.0012831080211346128,0.0025714685213210696,0.00397778955532914,0.005505091358393585,0.008585933594654094,0.009345171758772376,0.012093066011361227,0.0136287154471454,0.014207652567893485
2015-01-16,-0.00045233654839380987,-0.0002535024963522537,9.736134962674096e-05,0.000674079985776482,0.001502944457047873,0.0025154455773656686,0.003645362771934479,0.004856638482384382,0.006188249398915365,0.0076226567851370415,0.010498138542994032,0.010621782342924137,0.012828682122343142,0.014176765328031676,0.014662448377005468
2015-01-19,-0.00018989607100154335,-0.0012523382277462522,-0.0018672550228421598,-0.002048759645497014,-0.0016754619848254556,-0.0008936826992185535,0.00014126653058604876,0.0013451591585781576,0.002711849302498856,0.004193264055392229,0.00711037805857748,0.007131008167877659,0.009460229856538046,0.010759586462903002,0.011234192719184412
2015-01-20,-0.0006156881755400533,-0.0006158496427012136,-0.00046682898657654656,-0.0001241526344998789,0.000497329538469129,0.0013443261660340462,0.0023555097370126198,0.0035155534004865916,0.004806076613848702,0.0062724596688605,0.009228299306607582,0.009463731277740991,0.0119983676553432,0.013533323455108876,0.014150313785580931
2015-01-21,-0.0017279892066028335,-0.0014860158242820597,-0.0012601701179716432,-0.000923876223598943,-0.0003314243458458011,0.0004926274243297953,0.0015039025831331016,0.0026697152085767943,0.003966557763451437,0.005493640864049124,0.008684194444909674,0.009528846947416222,0.012531683153052302,0.0144487213304195,0.015223480827176552
2015-01-22,-0.0008685806336589997,-0.0013091257096509402,-0.001575151524676898,-0.0015946186039738157,-0.001233096274718938,-0.0005545369317773233,0.00036050522229658837,0.0014695836470145268,0.0027501306936933575,0.004218782743492126,0.007174286832059974,0.0075371789561573645,0.010097374757824585,0.011767323169556214,0.012428576642878568
2015-01-23,-0.0003906139732841749,-0.0004056442751851657,-0.0002836608732071624,1.4524504163042611e-05,0.0005657419086478086,0.0013344645378105524,0.002289632851234397,0.003409114215659042,0.0046836475442668946,0.006118052729812617,0.008977183745077564,0.009061614507244894,0.011370738734913644,0.012902991241050855,0.013510128344483414
2015-01-26,7.153781622263157e-05,0.00017524587709219844,0.00038314990515300696,0.0007334922114823106,0.001281324350563601,0.0019987996377500658,0.0028945332065101917,0.003962592062447676,0.005187355150217606,0.00659144424235825,0.009388681075976018,0.00981490360325297,0.012340037224216345,0.01390131695049785,0.014548635805613809
2015-01-27,-0.00021417524506077293,-8.257559054400312e-05,6.019152252493648e-05,0.0002574098037694243,0.000616782604292431,0.0011647540707240248,0.0018958601438638022,0.002795503712119456,0.0038600573372757387,0.0051606784458486585,0.007769085963790386,0.007984873809801313,0.010077654150319047,0.011615137798853262,0.012306105852995254
2015-01-28,-0.001370133772094093,-0.001345176215871293,-0.0012895417614670853,-0.001081359416988811,-0.0006119665711669472,9.178026381508877e-05,0.0009894104892131032,0.0020425448303324034,0.0032547676504707233,0.004644186512232293,0.00746728037099543,0.007670043611276774,0.009966710022339675,0.01158432688719611,0.012225666987249063
2015-01-29,-0.00023761093086306683,-0.00035457068122994617,-0.0003595117806684826,-0.0001960857569458885,0.00023278928436917714,0.0008956394778674652,0.0017716087471842878,0.002834937925556414,0.004056799104758793,0.00545140620434308,0.008219542072282166,0.00848374910780312,0.010856328029421646,0.012434354125077008,0.01306844277497421
2015-01-30,-0.0011237222064654432,-0.0010103014090646462,-0.0008221371870385788,-0.00043524665883691637,0.0001697319316207712,0.0010229510955451157,0.0020374445819176445,0.003205952872640484,0.0045303219419143715,0.005993509275996253,0.008967911957511258,0.009380870147907927,0.011720786014988632,0.013321514977080246,0.013927642620063303
2015-02-02,-0.0006174910958469367,-0.000530241714557036,-0.0003230466862261237,4.9193455198704794e-05,0.0005570239784939892,0.0012435506977683361,0.0020742402490927124,0.0030812760216171802,0.0042852197798015305,0.005648375108348723,0.008397729930137753,0.008743027948354104,0.011202296111748852,0.012854110282913082,0.01349514995812858
2015-02-03,-0.00109464779147071,-0.0006544330841447114,-0.00032890766642373263,4.6215304513802036e-05,0.000495637534576611,0.0011067062205145002,0.0018463719001925213,0.002754034019742749,0.003862579342214829,0.005215162081614443,0.007999054439527678,0.007939237120927395,0.010361628556723195,0.01211967027484434,0.012830654451600249
2015-02-04,-0.0012926241918489127,-0.0010729654259064784,-0.0009420851810514037,-0.0007482473875793347,-0.0004639477912329414,-1.1497377296064036e-05,0.0005658322405687168,0.0013133709905878102,0.002276946815776501,0.0034732619630462587,0.005927885744579683,0.0054163294548877205,0.007530890040960163,0.00922816385538389,0.009898703396182705
2015-02-05,-0.0007560290195107453,-0.00103174753429548,-0.0012756704925685437,-0.0014005757498134004,-0.0012935871852371135,-0.0009234187367414101,-0.0003539768306017356,0.0004373409125382837,0.001441242026822258,0.0026878350424141195,0.005210411258451254,0.004956574688232487,0.007304710019666325,0.009128689148068414,0.009821167837282783
2015-02-06,-0.0005833255375628469,-0.0007256756278466408,-0.0008132724982331328,-0.0007522072960600475,-0.0004927966813990186,1.23762344955247e-06,0.0006771160523145755,0.0015627465535042095,0.0026841013014780616,0.004026198322337947,0.006705531482536171,0.005941438852722879,0.007920273479805336,0.009676815130729405,0.010312829557088723
2015-02-09,-0.0012113388568328056,-0.000885355093810897,-0.0006115202410389717,-0.0002658030254576837,0.000164489742356689,0.0007469390565151225,0.001482092882760177,0.002394673167320332,0.0035119661793643884,0.00483377846924876,0.007551783432539243,0.007739289333432408,0.010047629493494949,0.01187102695066356,0.012594508686186794
2015-02-10,-0.0008567865080609137,-0.0006356500532416668,-0.00037515574632524017,4.252768490225394e-06,0.00045531361612906665,0.001021077293983081,0.0017042285073536286,0.0025556054349431647,0.003650447120325018,0.004975574859822467,0.007637500001836654,0.006807181172903305,0.00843290936052936,0.010027232676813195,0.010659618152991811
2015-02-11,-0.0009607330467077137,-0.001414325385923402,-0.001631496373195065,-0.0015706409055748962,-0.0012511905981517101,-0.0006838323839640542,5.61321803128691e-05,0.0009801854764328816,0.002152719448917033,0.003494693923667868,0.0061268805378182625,0.004906016878837546,0.006168504663398091,0.007641211961674495,0.008174534455367482
2015-02-12,-0.001245388815692802,-0.001200782727647186,-0.0011682110949361125,-0.0010254564547285063,-0.0007484008097892401,-0.000292843614617783,0.0003048658637172935,0.0010774118985167366,0.0020699008490875546,0.0032976967101719847,0.005789994602774741,0.005626107351339773,0.007550641567861665,0.00922225903595518,0.009894511691849753
2015-02-13,-0.0008772230048671606,-0.0008566047763764327,-0.000748925325366202,-0.00045892746012776904,-1.5344885679231162e-05,0.0006029902962927195,0.0013626075442320605,0.0022792708118576878,0.0034098237385703422,0.0047256943819638415,0.007335833800241087,0.006951060677649619,0.008733829175511241,0.010311688768205247,0.010921284749615071
2015-02-16,-0.002784228887755706,-0.00246382994428049,-0.0023044076137648138,-0.0021267737008709886,-0.0018252208619109014,-0.001346074323226394,-0.0007401541647145646,1.327107326513715e-05,0.0009303716163431711,0.002127285590677483,0.004681245433021666,0.0056979291248477875,0.008262442122797625,0.01026306875131905,0.011091014903789892
2015-02-17,-0.00170468562123642,-0.001610296618541862,-0.0014267563866926173,-0.0010562041807487212,-0.0005402464868964483,0.00013657717144430074,0.0009089451127182,0.0017972146637804667,0.0028615098872988784,0.00407396333969297,0.006497746714245026,0.006398942951772939,0.008051611684953002,0.009628594209721371,0.010221930267080914
2015-02-18,-0.0016683955746522557,-0.0019162073479252486,-0.0020496953412182093,-0.0019650500260912675,-0.0016381512783836829,-0.0010781163509071185,-0.00037457338688782604,0.00047259029196069846,0.0015098011638052424,0.0027442817498556874,0.005221213170435891,0.0055401571665100015,0.007434036948675828,0.009030708338189898,0.009683430461685853
2015-02-19,-0.002490339707301467,-0.0014972137109355444,-0.0006085326196509679,0.00027925221959212326,0.001055236895387176,0.00178843932844236,0.0024969705476531046,0.003258522490804257,0.00419900581637141,0.005365537615374399,0.007772772485082599,0.00738700454660073,0.00868171883653439,0.010048046774814502,0.010646315980239102
2015-02-20,-0.0015224660909884313,-0.0011002457236793787,-0.0007469790068414298,-0.00036437492328759654,1.2782197943394993e-05,0.00043162618794858644,0.0008856101831641772,0.001451402845399097,0.002214075651558414,0.0032182473578976105,0.005245348728206176,0.005721619103167064,0.007212610604442097,0.008668271677512157,0.009324906623642775
2015-02-23,-0.0019965607433972458,-0.0019800177932131854,-0.001891494138846071,-0.0016566073586133673,-0.0012934200152598923,-0.0008075956681457969,-0.0002451713054163264,0.0004203559561600607,0.0012734845757730578,0.0023397486231238047,0.0044921112973552065,0.0050031208122397215,0.006710512733898794,0.0082766776378683,0.008908459692058616
2015-02-24,-0.0018818757278762743,-0.001876636993298049,-0.0018331949339753853,-0.001649408703730418,-0.001348919077867431,-0.0009380305447443728,-0.0004786600649147337,5.9702507758738096e-05,0.0007816041169757084,0.0017214320814964174,0.00362073586938132,0.0038526746629369037,0.005414237014344864,0.00697911002219298,0.007599934537994717
2015-02-25,-0.00181845567402371,-0.001567886621673831,-0.0013158847754237576,-0.0009399182568697738,-0.0004981747141144547,8.673869501854255e-06,0.0005059872836644147,0.0010428670875202123,0.0017156786900577733,0.0025750397069002067,0.004317966200393756,0.004743341493275771,0.006285463060320845,0.00782889483956263,0.008449992944732605
2015-02-26,-0.002520392968589595,-0.0025194999176552475,-0.002507155968562665,-0.002353671779350331,-0.002027067353595145,-0.0015488308709918762,-0.0010397999265692114,-0.00047536854383532735,0.00018610210138166825,0.0010395639667694979,0.0028126256120894902,0.0036343570442946014,0.005409702867601247,0.006790352261323247,0.007792670727745176
2015-02-27,-0.0025676030179268045,-0.0029251256420343365,-0.0031582310295580826,-0.0031447550255561934,-0.002859190111080149,-0.002343606003471676,-0.0017494152569267917,-0.0010878205931273669,-0.00029883324762776625,0.0006543035474801374,0.0026150262031154796,0.003232921843151223,0.005010864603167314,0.006693779511347038,0.007345118607207414
2015-03-02,-0.0023499219081420802,-0.002416339649940275,-0.0024762426837921193,-0.0024030035808397673,-0.002194046448995716,-0.001856437181913093,-0.001494817069386871,-0.0010833588849526086,-0.0005373241548069167,0.00018787053561692413,0.001672993222254969,0.0017712246749344816,0.0030628388338141133,0.004514535608462883,0.005124412739026779
2015-03-03,-0.0029390556944092518,-0.002813454233901779,-0.002642247376633817,-0.0022589953115083267,-0.0017030025473805336,-0.0010029564011095721,-0.00027508454333147073,0.0004751790414381598,0.0013581175492644378,0.002365862534303686,0.004280486750143055,0.004783017539437699,0.006569802542741329,0.008149855652042317,0.008791694753475809
2015-03-04,-0.0012749632362649597,-0.0017029509038161404,-0.001972482052182091,-0.0019827262105995037,-0.0017576448441030657,-0.0013384960301942347,-0.0008382980091368321,-0.0002569174485292701,0.0005085905266021605,0.0014000977683904367,0.0028955041873148296,0.002813476442728157,0.004085674405863831,0.005426762238981145,0.00594958552497423
2015-03-05,-0.001803606031896935,-0.0016396980367789577,-0.0014428036935802294,-0.0010687998794523365,-0.0006186024058175198,-8.776604994078238e-05,0.0004493191260606463,0.0010270097409956435,0.0017811911887557347,0.002664474531259781,0.004117508866119861,0.003695663472797549,0.004645103504331715,0.00588559486358449,0.006370057215554319
2015-03-06,-0.00331395013030872,-0.0026931425538687568,-0.0021884638114232063,-0.001589969725497213,-0.000994849349612777,-0.00037093862542785666,0.0002120091720627123,0.0007860173717674692,0.001505957294585222,0.002364383110097244,0.0038831399905427093,0.003623385867061401,0.0045904600424809,0.005898611580678237,0.006393567878136672
2015-03-09,-0.0021658836280200496,-0.0019059874088870712,-0.0016247126894693815,-0.0011969560680623224,-0.0006671351527086514,-3.2282114640861054e-05,0.0006374071751719755,0.0013510460867046678,0.0021935736343134896,0.003149723419344135,0.004774239876732011,0.004935333873735694,0.006311799150848378,0.007610347952938587,0.008124163531120636
2015-03-10,-0.0024779285982419663,-0.0018920378248576699,-0.0013477888115386392,-0.0006736830152226309,7.125299294027032e-06,0.0007126894930013238,0.0013913216935890896,0.00206849518027775,0.0028771527795455176,0.0037879127414113395,0.005348649521121455,0.005151995272393473,0.006226527774130481,0.007453657064566176,0.007912239112614357
2015-03-11,-0.0031360152674008448,-0.002939891922912459,-0.0026316640219018715,-0.0020863747724832117,-0.0013855677311335524,-0.0005574382471944617,0.00028310657530224067,0.0011266765565143351,0.00208358522829466,0.003101483121863974,0.004842702701567364,0.0043955960476070085,0.0053356693916334205,0.006533231543420598,0.0069259101834060685
2015-03-12,-0.0015739298671336983,-0.0013146617652717726,-0.0010463324905898535,-0.0006620347727884853,-0.0002287313372609269,0.0002557527653016241,0.0007446991808959382,0.0012761817878424548,0.001942889293905811,0.002739907050021251,0.004005851744827175,0.003886363996252857,0.004919711782815105,0.006049071176127294,0.006478646432301242
2015-03-13,-0.002134456521791576,-0.002197049523992631,-0.0021570011926251203,-0.001895597441386746,-0.00146271548497486,-0.0008914924642876452,-0.0002780899529869531,0.0003857738665249541,0.0011654913316510593,0.001938136548068652,0.003540728591257853,0.0037125206281111707,0.004961695286855736,0.006170964391667102,0.006625318616361404
2015-03-16,-0.0016300816575462328,-0.0014319211460590512,-0.0011499368389080989,-0.0006953995822480429,-0.0001495970258642719,0.00046771201582920504,0.001093347906330241,0.0017647613741009855,0.002548607149288925,0.0033419525028664265,0.004982388821201802,0.0049840607515772035,0.006113322048947496,0.007203561386157789,0.007615149064829717
2015-03-17,-0.0017855697557897913,-0.001890350552533016,-0.001860862251872084,-0.0016107117223341971,-0.0011620967575696447,-0.0005630210959427259,0.0001014891337155771,0.0008365773416935896,0.0016869213714936083,0.002551774318137488,0.004337361581331883,0.0046952235756778735,0.006135082105443113,0.007357324652730441,0.007802839850077032
2015-03-18,-0.0016407290847621574,-0.0016384989650656283,-0.001498383229638969,-0.0011678533861819683,-0.0006557191367494051,7.03839105144937e-06,0.0007418241100478757,0.0015534491945284434,0.002470382892393283,0.0033810010520367636,0.00523978661124555,0.005474206230355,0.006835880714314611,0.007980156825707293,0.008390692004198322
2015-03-19,-0.002064254968673473,-0.0019969711293507794,-0.0017784261662870471,-0.0013218196522208148,-0.0006908458913051708,7.884443428327813e-05,0.0009003885456284248,0.0017735124751198316,0.002757828789973855,0.003718051341181425,0.0056933655073258685,0.00589630221877682,0.007267580880334063,0.008477559443458176,0.008881862354961035
2015-03-20,-0.0023776374277717093,-0.0023851338881610224,-0.0023089117655856234,-0.0020057768620210066,-0.00154930347319659,-0.0009050744336063273,-0.00018169795233693303,0.0006148214327213136,0.0015352100590815792,0.0024630503381299815,0.004419423693879663,0.005100967425520965,0.00676953839990932,0.008129328534637294,0.008640951341028042
2015-03-23,-0.0016109946547930441,-0.001622452888399445,-0.0014079977949685134,-0.0009718750333111289,-0.0003409118102915545,0.00046078249366014084,0.001340458874553081,0.0022920820207458377,0.003365385882240622,0.004419993164458154,0.006574671221709859,0.007148025405891292,0.008852414226069845,0.010094928550270239,0.010551546003861137
2015-03-24,-0.0012453684569799688,-0.001495660648581375,-0.001492724969889374,-0.0012474123265429895,-0.0007862124903023177,-0.000138059731613479,0.000602007010681525,0.0014381642584528607,0.002424573148052628,0.00341343371700137,0.005409029854857868,0.005922972586180351,0.007500328727960479,0.008711409350929036,0.009161024440664297
2015-03-25,-0.002666543750969029,-0.0025397152942026537,-0.0023118323485991936,-0.001925319974141381,-0.0013630146949502012,-0.0006338513272414828,0.00016948066368795646,0.0010480123132970418,0.0020550257872864065,0.0030919716773265154,0.005296195155655268,0.006295024158641901,0.008321025781020654,0.009692392467040716,0.010254572274861075
2015-03-26,-0.0028865080766715834,-0.002885902579429496,-0.0026916352508972105,-0.002261542650980754,-0.0016151148836067507,-0.0007858331243090759,0.00011706029517079817,0.0010793515784334518,0.00217920859573131,0.0032877847640958653,0.005610179681204159,0.006095508511502864,0.007832760621008347,0.009048254175301229,0.009524910427726649
2015-03-27,-0.0017236945895789456,-0.0022716262480303702,-0.0025741118939652473,-0.00263758732866075,-0.0024441429659969273,-0.002026435573574133,-0.0014824661765713964,-0.0008120702726309682,4.813886328199979e-05,0.0009635949650901813,0.002842233544060462,0.0033717216933544726,0.004942771472184429,0.0060734589811206555,0.006568342070218506
2015-03-30,-0.0017519367288789422,-0.0017960911409019287,-0.0016780218203462727,-0.0013929602595587516,-0.0009485390295409287,-0.0003627484474681152,0.00030871790024451844,0.0010786177030294402,0.002015010628979791,0.0029928277391966657,0.005023153737967802,0.005553039193828881,0.007278686936169269,0.00841356860837911,0.00891371038539868
2015-03-31,-0.0015923942237331531,-0.0015173829135163705,-0.0012153818036795582,-0.000700293671546125,-9.573425119744445e-06,0.0008166054915862221,0.0017201966918285374,0.002707363201773434,0.0038348547107467414,0.0049767429509861355,0.0073198013506802695,0.00799496505552609,0.010003300751482275,0.011220454088244496,0.011720295276362234
2015-04-01,-0.001802127298188778,-0.0022982810695677813,-0.0024367516489930286,-0.0022406835503099784,-0.001716290476588445,-0.0009402606050929709,-3.9602978127741906e-05,0.0009592376080279884,0.00211107004221117,0.0032392636835541794,0.005530295040854303,0.006031768887202716,0.00785437518571308,0.008996019945062458,0.009454860177924922
2015-04-02,-0.0016572236539948576,-0.0020136920688829515,-0.0021328473562017393,-0.0020317999738431267,-0.0016564521110381935,-0.0010492267119501803,-0.0003040323796260811,0.0005628841325937281,0.0015770197942955463,0.0025899682277134885,0.00468015326586394,0.0055404240532676225,0.007516351626086619,0.008765434826547593,0.009308712555990816
2015-04-07,-0.0011242731107162624,-0.001193103009179527,-0.0010747821239239274,-0.0007687668026851321,-0.00030123370304177154,0.000326903216497848,0.0010496212356227645,0.0018666827916988134,0.002841121313243448,0.003777292758952145,0.005662819326601196,0.005758699074804672,0.007162607005818442,0.00815888170348592,0.008605232797960431
2015-04-08,-0.001441730479856585,-0.0014342849734708704,-0.0012201068155491342,-0.0008157745208036439,-0.00019650764988014802,0.0006296307261871321,0.0015792817876904156,0.0026236752796533576,0.0037570402540365237,0.004816658290829516,0.007000668390382799,0.007655573132476031,0.00959078810653011,0.010755822801771868,0.011197110554952575
2015-04-09,-0.002328490283073645,-0.0020957192171392543,-0.0017630514306830856,-0.001306585178568935,-0.0007536874399072819,-9.035529247232899e-05,0.0006324299774796794,0.0014160110220083379,0.0023207697667169563,0.003199627251247998,0.005066040122679224,0.00558686155374399,0.007267234316901627,0.008547168306078547,0.009004383493127453
2015-04-10,-0.0019254907728245168,-0.0019399317462040532,-0.0018260039276906807,-0.0015828200461789096,-0.0012448624366830927,-0.0008121436868521123,-0.0003092412537785121,0.00027535703629682096,0.0010223278329762823,0.0017711481321004367,0.0033354334255567717,0.003671978903318717,0.005122260607812481,0.006159901207179175,0.006611610847142772
2015-04-13,-0.002222612365423645,-0.00236169595028625,-0.002320035518882022,-0.0021016968960114717,-0.0017265781093130112,-0.00121251845298597,-0.0006093251055582203,7.505158856528876e-05,0.0008981037709514025,0.0016937948753194534,0.0033609650708816205,0.0038464560858947113,0.005368617564375346,0.00639857875762953,0.00684068377836787
2015-04-14,-0.0024019233154244975,-0.0024214496406669206,-0.0023016164651662873,-0.002050267408975925,-0.0016646972111801267,-0.0011439466570332764,-0.000539596004351196,0.00015029271317599455,0.0009701098226424898,0.001752397349486645,0.0034049713364882207,0.003589302217914897,0.004840460019229302,0.005739013104698331,0.006147583217932686
2015-04-15,-0.0020360437428793166,-0.001978877198525723,-0.0017617439114280711,-0.0014074093052741394,-0.0009773864579373979,-0.00047194816442491897,8.135063339013868e-05,0.0006988257443028357,0.0014622185861555895,0.0021846242596397915,0.0036839122796091034,0.0036178759594478788,0.004565504337159504,0.005352846535263554,0.005677762557815879
2015-04-16,-0.001683718301236519,-0.001796049426900028,-0.00166110881795593,-0.0013426305388580188,-0.0009185435182058358,-0.0004159170789186944,0.00013606437520917458,0.0007588149488281774,0.0015455330320357492,0.0022747175825830147,0.0037530139809988155,0.003170284588726324,0.0037661211802797567,0.004269688008288252,0.004515617067314443
2015-04-17,-0.002296102044193174,-0.0021847613411568488,-0.0019798433247657826,-0.0016939545146708829,-0.0013879524919625142,-0.001060162044894301,-0.0007203960102912306,-0.0003244520294498512,0.00024362642255862377,0.0008280679224600674,0.0020696354856020098,0.001644193204461731,0.0021606217067246932,0.0028017335655999283,0.003084217746112104
2015-04-20,-0.000664530563894501,-0.0012010068414112026,-0.0014254109368317337,-0.0014154354249212781,-0.0011855884072224088,-0.0008020989329795729,-0.00031862232244716246,0.0002711087872084414,0.0009896787169828918,0.0017165818909549008,0.0031360033907612255,0.003659134370706583,0.004851284609426205,0.00555606387495316,0.0058458164527233555
2015-04-21,-0.001551760295641534,-0.0014863228404136705,-0.001218196714006169,-0.0008132046077747594,-0.00034833867416072064,0.00013731134579787925,0.0006235380645913569,0.0011562550954450712,0.0017968004275168688,0.0024674777534816577,0.003826986669844816,0.0040870533853293,0.004946497273316322,0.005616403143049237,0.005876168468891408
2015-04-22,-0.0011591543827713384,-0.0012688366524174445,-0.0011715217292261665,-0.0009498842276314008,-0.0006402664464940546,-0.00028467387224808023,0.00010210785999244286,0.0005639079359910913,0.001142011543923168,0.001761143132255674,0.0030067540813283225,0.003372213146991174,0.004313601551500708,0.005027970719134233,0.005325710638964622
2015-04-23,-0.002806678224753008,-0.003099041004375025,-0.0032395252868195838,-0.003234239351582557,-0.003050891103838691,-0.0027390850702037816,-0.002365722920817144,-0.0019148374384996619,-0.0013315260199945173,-0.0006772061483723726,0.0007309089869611198,0.0014053894097373959,0.002524539887167064,0.0034485645037112354,0.003805863250639127
2015-04-24,-0.001878851983360752,-0.0018774008409936447,-0.00173967346151041,-0.0015121407697428438,-0.001222266033189312,-0.0009036106748253536,-0.0005849456012495746,-0.00019521204563117663,0.0003337030200344627,0.0009509351281173986,0.002244957438764378,0.0023126405484040586,0.0030394947610042178,0.0037273457790248147,0.004004807894790598
2015-04-27,-0.0018262795053867933,-0.001948582725275537,-0.0018910681265476162,-0.001706300235591457,-0.0014117902004918935,-0.0010630804084367006,-0.0007021628794543309,-0.0002671177462987319,0.0002933378567166418,0.0009322580377218071,0.0022536895982580513,0.0026324001731159443,0.0035181938348655068,0.004217783328616744,0.0045051427245091395
2015-04-28,-0.001387458578114728,-0.0016705540575177964,-0.0017542703014417895,-0.001704728465529046,-0.0015508834690920177,-0.001344718444885163,-0.001119814097497513,-0.000804760698509632,-0.00033836523974167115,0.0002103372392137713,0.0013107845548405816,0.0013646137520231653,0.0020068666913549077,0.002651080297360625,0.0028844348640954037
2015-04-29,-0.0019526816598910489,-0.0019788731083224508,-0.001917057103842097,-0.0017808260302097523,-0.001565929757950352,-0.0013023548017712543,-0.0010242057522824493,-0.0006633251605585723,-0.00017811178436717863,0.0004157231860981948,0.0016601486316203061,0.002255745633133932,0.003345909519242624,0.004190232662131564,0.0044450383547572055
2015-04-30,-0.0022455113237705325,-0.0021227003025176246,-0.001888625967774071,-0.0015711011180704697,-0.0012387782739922228,-0.000916222697353713,-0.0006169844016553678,-0.00025691956539319796,0.0002580706442060118,0.000862284645804109,0.0021328810545249407,0.001976726296184504,0.002624542306524018,0.003299208279378362,0.0034869229944272497
2015-05-04,-0.002214472287749593,-0.0016153974684393721,-0.0009766714098903356,-0.0003252855122746099,0.0002554885135426315,0.0007492909083931416,0.0011796314945426334,0.001639215294500081,0.002194650671213433,0.0028297183338840846,0.004187271424664659,0.004591080193092194,0.005649704444137807,0.006447067869715917,0.006686207508129054
2015-05-05,-0.0022833019629031116,-0.002419539920973868,-0.0023531665377255822,-0.002164340598570357,-0.0018689724432199445,-0.0015296788746416174,-0.0011796686199755254,-0.0007654073153328242,-0.0002366763850480056,0.00035594445909604885,0.0015677139577190747,0.0018204772223369488,0.002604887422923633,0.0033507958461375365,0.0035276418627317647
2015-05-06,-0.002636364591708272,-0.0023696757276709906,-0.001981234589290418,-0.0015307895582744881,-0.0010592066515632608,-0.0006041884784031547,-0.00017834583367340527,0.0002842987620193968,0.0008419645333290345,0.0014700502461590403,0.002807044180826726,0.00329703537034531,0.0043388676689128155,0.005253754983751744,0.005474661504247356
2015-05-07,-0.0025350308165308887,-0.002632624333561963,-0.00247142271186694,-0.0021345774312865537,-0.0016205083503029545,-0.0010203579877423922,-0.00038956295957937384,0.000302455669296193,0.001068542203390637,0.0018714612838103904,0.0035319322296300153,0.0043676342232292185,0.005910470091641916,0.007021455907232491,0.00724660775430248
2015-05-08,-0.0021162261389976685,-0.002012286709116631,-0.0016728426114514835,-0.0012017191235537449,-0.0006031397418313198,4.629863044331188e-05,0.0007037259613425302,0.0014121828022188672,0.002170084703859484,0.0029703467519956554,0.004596163313001274,0.005432205047797245,0.006942044825259481,0.00801824276183314,0.008223748960603523
2015-05-11,-0.002909946499873297,-0.0025562905115500342,-0.0021215328286941677,-0.0016490107425495973,-0.0011969967857032313,-0.0007823045400177763,-0.0004189214102410569,-2.7982674793567233e-05,0.000466650156622235,0.0010423392852260101,0.0022760916211140535,0.00262314279483374,0.003509960207402266,0.004514897011074493,0.00465787530677394
2015-05-12,-0.0035212069436890764,-0.0035406503698453802,-0.0034286701484958684,-0.0032278386765453434,-0.002934391406320338,-0.0025948003309757372,-0.002264404032668614,-0.001882326296750913,-0.001386431729205253,-0.0007931380734634676,0.0004945475027669298,0.00075626630191558,0.001700630256082279,0.0027605130897139455,0.0028835144418264988
2015-05-13,-0.002675678190989817,-0.002723219531150011,-0.0026319735979908115,-0.0024607635513643556,-0.002220350045728268,-0.0019522466808437164,-0.0017026346911183407,-0.0013898012432382325,-0.0009573705683414975,-0.00042781655839791376,0.0006862880854823501,0.0007288811962218931,0.0014534098326662126,0.0024243939736439037,0.002506996314197708
2015-05-14,-0.0025026208543096444,-0.003113532844473835,-0.0035318118872819486,-0.003818678507247781,-0.003895717328141056,-0.0038307375652996563,-0.003702506855839299,-0.0034601325266152313,-0.0030847967252983543,-0.0025995408403259664,-0.0015874802501065245,-0.0009997536813876442,4.852304329457102e-05,0.00112939446191771,0.001293787356871834
2015-05-15,-0.0025639751458744657,-0.002630042397474797,-0.002506626072933742,-0.002248138854886446,-0.0018987754661440577,-0.0015182956368041556,-0.0011590861741695236,-0.000749786039563255,-0.0002197821148507052,0.0003867008104049912,0.0016306279742564077,0.0014767207745578176,0.002176219394937851,0.0030355712392324766,0.0030970939612386026
2015-05-18,-0.00301419328206887,-0.0032865328324051565,-0.0035298403661061907,-0.0037729710720379355,-0.0039538999392539475,-0.004099515093320671,-0.004244035841009175,-0.004286721894629211,-0.004172987882545813,-0.003860856900532398,-0.0031554209529545255,-0.002563951324729933,-0.0017255449191366057,-0.0006592205562245437,-0.0004657347924028562
2015-05-19,-0.0032269767266005908,-0.003159452674402538,-0.003079894696544899,-0.003009417689140007,-0.0029091846394499474,-0.0027995652774080245,-0.0027065751928062607,-0.0025428396230426703,-0.002255000467370025,-0.0018140852383529004,-0.0008322833931175418,-0.00036995754347825857,0.0004855105085411908,0.0015583322616848749,0.0017413205696625135
2015-05-20,-0.0026473572511339044,-0.0028063211310210417,-0.002805359672029388,-0.0026965059559295197,-0.002478951371695554,-0.002206450860305193,-0.0019271057770009674,-0.0015769995441812738,-0.0011062374500907166,-0.0005391449094392063,0.0006312071354360836,0.0007406383230557827,0.001517757483600627,0.0024451916939589634,0.002558803866376381
2015-05-21,-0.002711997064138753,-0.0024587754864444328,-0.0021689770107712375,-0.001888332322379123,-0.001621618832094005,-0.001377172351364957,-0.0011531380533317441,-0.0008687424609331969,-0.0004744534066758679,2.0396869676565462e-05,0.0010883584949082173,0.0013896951191317726,0.00228906791524888,0.003297048505186555,0.0034357450460763923
2015-05-22,-0.0027613733410597903,-0.0027843055582605003,-0.0026102062099793107,-0.0023272773295013142,-0.0019433442507532062,-0.0015132895576736019,-0.0010731280344921075,-0.000565286369046442,4.8128480155651496e-05,0.0007190964295300376,0.002128568011041282,0.0021856543164857026,0.003149355860646323,0.004173237729144418,0.004295159625586545
2015-05-25,-0.004051161185947382,-0.0038226734594882478,-0.0034153003315386243,-0.0028572458960270278,-0.0021739692779983227,-0.001427115823387685,-0.0006903070869819089,6.0878865151413206e-05,0.0008701638921369011,0.0016728026336900507,0.0033906798085053163,0.0035790693634531233,0.004743171078876219,0.005895864180391925,0.006016013824439188
2015-05-26,-0.00296141369120636,-0.002757016169688642,-0.0023638732897365605,-0.001853374321540317,-0.0012650790353642097,-0.0006505400211559124,-4.1852399494695454e-05,0.0006025152188176117,0.0013133582882962516,0.002051504979175141,0.003594759537857574,0.00413115153161666,0.005453166375075862,0.00662683922876597,0.006791152682297589
2015-05-27,-0.0034230079359931637,-0.0030569407437128163,-0.0026547773193179823,-0.0022467147010409028,-0.0018500746432943168,-0.0014766491072747041,-0.0011366310476980898,-0.000762368005022576,-0.00030629002586739077,0.00023370569879307306,0.001421443365962865,0.00206858147761724,0.003221770041568188,0.004456886769686183,0.0046778562997371095
2015-05-28,-0.0026450443293991265,-0.00211405898098547,-0.0015617916497024597,-0.0010352583332326544,-0.0006037912093366506,-0.0002506351583667608,4.100879540176912e-05,0.00035942686819904704,0.0007732471583823766,0.0012688422136578354,0.0023255258681199424,0.0025497286352356226,0.0034023152675615636,0.004486175087213475,0.004682314407973681
2015-05-29,-0.0030950976833997515,-0.002605495516111621,-0.0021061586529332686,-0.0016328442894600797,-0.00121312120414666,-0.0008337777915455151,-0.0005005051046030619,-0.00013451008595587394,0.00033411576559047324,0.0008676656159027196,0.0020381132290287285,0.002174137191890779,0.0030620545797029105,0.004307571159653018,0.004537937520157403
2015-06-01,-0.0019516714723666927,-0.0017263734001661754,-0.0013314171815923222,-0.0008827939939610289,-0.00040816116023354343,7.046287197761672e-05,0.0005453812891040802,0.0010771708903794903,0.0016950535532929425,0.0023149681656023397,0.0035952743716226076,0.003728012328191914,0.004768359375335025,0.005941778831179499,0.00619226702795937
2015-06-02,-0.0028897722131053906,-0.002327967902313318,-0.0016720828550817056,-0.0009967595273362667,-0.0003382516470774371,0.00029725269866041817,0.0008950617990521638,0.0015164558351416077,0.00220133600419179,0.002868007302908135,0.004307017824917963,0.0045048175890316285,0.005607251563805307,0.006958776020159755,0.007226306978147079
2015-06-03,-0.004089027402967982,-0.003170868573414764,-0.0022219785991565697,-0.0012640505675534312,-0.0003246674805353748,0.0006001353315143142,0.0014742535703063382,0.002335378334348273,0.003223114657510794,0.004035763382042033,0.005865330230351277,0.0061582017536550675,0.007544074610447443,0.009028053084229083,0.009361454452394566
2015-06-04,-0.0016845811096410255,-0.0008367164010217552,0.00019089692700742403,0.0012682102446702657,0.0022545756150403897,0.003149260205954726,0.003965553295639256,0.004782758280024307,0.005665070460177126,0.006441911082357253,0.008048019224186749,0.007435257144581572,0.008126644049876095,0.009203249974791675,0.009325981463504324
2015-06-05,-0.0021302972192475795,-0.0011051075148477553,0.00016564023212993874,0.001556142891796262,0.0029249290117167328,0.004240736414844772,0.0055012957952816546,0.006745861353893115,0.00800395868460612,0.009105710658614749,0.011398304755225777,0.011513602318836833,0.012892199345425468,0.014040789950107135,0.014271085257472945
2015-06-08,-0.0025266140482979407,-0.0012304053023442286,0.00016408675475019369,0.0015966486136560155,0.002971448663340419,0.004290014877482186,0.005558520157048162,0.006806269217313312,0.008038529619234666,0.009143825308279438,0.011500993457631567,0.012488911621947898,0.014528791821011333,0.015927357005874554,0.016229912424386008
2015-06-09,-0.0032866673412110456,-0.002295397836473311,-0.0010149748311773083,0.00046890315859547736,0.0021048807519204477,0.003823461072060679,0.005559069929175922,0.007271116417731717,0.008919431855707713,0.010353875226365085,0.013389026084259473,0.014659933908732905,0.01724962118946215,0.018845359292612125,0.019229295317762015
2015-06-10,-0.0012374695132111732,-0.0002649184317489124,0.0011333738803284842,0.002779467113165003,0.004464676853445893,0.006137841907847693,0.007768439461565624,0.009357723200202369,0.010936801141621655,0.01222814426297693,0.01484493328350366,0.01420211011285324,0.015295723558266434,0.016207774601986982,0.01632192039805404
2015-06-11,-0.001284951324337502,-0.0011281838310016397,-0.00047536337394331535,0.0005113498059276756,0.001823761262269557,0.003363210696724908,0.005024840190320548,0.006730167571355309,0.00840861638304054,0.009801679013842962,0.012633246422022164,0.013395277309627751,0.015600261418344988,0.017003965086748354,0.017286663067307487
2015-06-12,-0.00025593877989468013,0.000502948233635152,0.0015014929593396215,0.002584475847478983,0.003658086391285435,0.004712303679400035,0.0057651893109920355,0.006849820488986362,0.007963221253533952,0.008931861750770362,0.010896569965003832,0.011376325710345025,0.012862731834563738,0.014000546116461416,0.01425539629806814
2015-06-15,-0.0014642928432472414,-0.0012376949636002158,-0.000534200579330445,0.00047183618731669167,0.001699907839333996,0.0030563830861915905,0.004465751086977072,0.005902434634361791,0.0073584086952467355,0.008589548951205648,0.011091753098430598,0.010990122929908395,0.012390228137323787,0.013419942232730558,0.013646162856740338
2015-06-16,0.0018840783777485065,0.002107098145882014,0.0029985485522536926,0.004248584274340187,0.005691011685889936,0.007220601482324266,0.008823747910891574,0.01048552842392397,0.012145232397005821,0.013508865703490741,0.016097878136630675,0.015977199362545248,0.017645165720456112,0.018461231246359604,0.018561277077983468
2015-06-17,-0.0011095323979066548,-0.000589307009040779,0.00018042269973626932,0.0010741058467076475,0.0020214726916691268,0.0029937227242196104,0.0039743458929025815,0.004991733489324914,0.006049618788348514,0.006981166523193547,0.008894821324760004,0.009151392400783241,0.010431784835868756,0.011374483217307326,0.011619795775610519
2015-06-18,-0.0011029910184465353,-0.00045771549748866987,0.0008080735652198481,0.0024761951903423847,0.004398894183197084,0.0064431970553915,0.008538282116788563,0.010608309541513665,0.01258811276211701,0.01420041736797906,0.01744844734925549,0.017802339333017128,0.0199885075885008,0.021055527676457873,0.021213254238018717
2015-06-19,-0.0017814789725996592,-0.00016091930056281426,0.0016989444128650188,0.003671561612418472,0.005599079935928369,0.007448643939911995,0.009246340110284634,0.010983543425469556,0.012616255188346331,0.01398425792335043,0.016856673959289657,0.018091713180918293,0.02062289151493292,0.02201564059150072,0.022329913307638314
2015-06-22,-0.0015595034310319643,-0.0011349866932346604,-0.0002772107762007357,0.000847667648202356,0.0021798190647862765,0.0036216025045388255,0.0051246768192665625,0.006651653883038554,0.008153777532762899,0.00943403562594981,0.01206223642697167,0.012906194473830025,0.015069581482183247,0.016345721289339338,0.01658762420932235
2015-06-23,-0.0027746696060711572,-0.0023996408008733717,-0.001828437643440244,-0.0011370804507035994,-0.0003226264542509354,0.0005706319455054641,0.0014955658997456286,0.0024600258237292803,0.0034578087393949027,0.004356821254527961,0.006303734377556096,0.007156742269890824,0.008814749554135061,0.010114675377298987,0.010454704953793192
2015-06-24,-0.0024969038499708515,-0.0014339559988489872,-0.00018851553656982394,0.0011662090232345242,0.0025769391544371023,0.00400584386146445,0.005446697856735802,0.006881416322483923,0.008263402460485828,0.009486187657687438,0.012085958082396566,0.013863419775421082,0.01652755398539105,0.018055979793272166,0.01849990999177388
2015-06-25,-0.0028732578405473437,-0.0020448605750725064,-0.0008714436319779881,0.000551100657918055,0.002105877145380701,0.003708922309993778,0.00531445288369306,0.0068953180032622395,0.008458771639195744,0.00981718314354901,0.012662416569664216,0.013160378066931547,0.014876421843944124,0.015938653355356464,0.016250386471990872
2015-06-26,-0.002403311832857827,-0.002001779250234174,-0.0011779159574708158,-5.6539365925861425e-05,0.0012612994784565964,0.002672537251320258,0.004127741580982476,0.0056066681056397265,0.007114941458969392,0.008449231368947669,0.011210009863671464,0.011647035587298696,0.013187959968855158,0.014122986930573893,0.014450703736985603
2015-06-29,-0.0019816052332919556,-0.002494177235799815,-0.002530652424479735,-0.0022127532174320997,-0.0014926155832888266,-0.0005189066551785503,0.0006242428610363994,0.0019016276558938149,0.0032581963426425386,0.004500223694903882,0.0070458716422156405,0.008232085841546775,0.010197018093347034,0.011291574565848669,0.01170984952492697
2015-06-30,-0.0024119583085173814,-0.0015194109560727372,-0.00040126957047005975,0.0008850921540578729,0.002195247617973676,0.0034760180592348696,0.0047505560637664136,0.006057548371345502,0.00741944835776288,0.008656973246744777,0.011281181799924695,0.012052868790000584,0.013813032574972661,0.014831042757040686,0.015245832835688642
2015-07-01,-0.001629060956444388,-0.001257875528014325,-0.0003997576336433427,0.0008210916825939595,0.002250698920758413,0.0037665312416299435,0.005341645330853495,0.006972187604632369,0.00867007443834919,0.010089388906286316,0.01304497124466222,0.012831248826161044,0.014265874146192086,0.015138979241690609,0.01543983639337124
2015-07-02,-0.0022205858781143,-0.0017538237188532162,-0.000808001087172884,0.0005122095757541065,0.002068823672129381,0.0037348077696608938,0.0054576065854996655,0.007229817597174634,0.009060233146779409,0.01055661501150161,0.01374393790479691,0.013332478483188899,0.014862153973810802,0.01594536706988524,0.01624029262643982
2015-07-03,-0.002573871782936977,-0.0015056119836908022,-0.0002244028028566734,0.0012432851063839268,0.0027609013223354457,0.004256046443600106,0.005730414504799887,0.007219599494868982,0.008739296103723383,0.010028812320984114,0.01284513160950227,0.013496179615368208,0.015401721458464086,0.016566592218843792,0.016998731301818327
2015-07-06,-0.002189868866759946,-0.0019660075789535263,-0.0012899888717202788,-0.000234240159793902,0.0011251757557882512,0.002636904425329279,0.0042187961567090974,0.005850922206218183,0.00753950760552698,0.008969738050605927,0.012004014272987244,0.012490480471762003,0.014335952829250567,0.015515241141044408,0.015909176149290202
2015-07-07,-0.0023115982005109744,-0.0013876792174017105,-0.0001962105593644129,0.0012360820546053648,0.002751936752576985,0.004247737527300377,0.005697698608518539,0.007141599601713721,0.008635378456115074,0.009915235060495048,0.012690707061699849,0.013029296030013859,0.0146047236240397,0.015625742066781675,0.01603129730828965
2015-07-08,-0.0033777799332794026,-0.0017987225970835725,1.8744231727722198e-05,0.0020915551074102766,0.004251474910052094,0.006387079140043266,0.008444177007229603,0.010417074570721047,0.012324493172423717,0.013912296754728113,0.01739253673703695,0.018323114081967844,0.020577275047214957,0.021902262393053172,0.022330001730362235
2015-07-09,-0.0010762374571993143,-0.0005500233045415963,0.0004148492551209108,0.001723852176521873,0.003234054751387572,0.0048056332983189825,0.0063735617235530385,0.007966107204864143,0.009596516539216466,0.0109662109182062,0.013855180413852182,0.014116279434486683,0.01566501590428438,0.016571821591790915,0.01692021565096279
2015-07-10,-0.002492062041114033,-0.002409726090999064,-0.0018550475740333988,-0.0008692202800337694,0.00046600608866361436,0.0019750000578506897,0.0035126409585965104,0.005084535025478568,0.006711293080331136,0.00812866869420044,0.011143243378920892,0.011534010110040994,0.013135940647647044,0.014154174647695767,0.014571090095520423
2015-07-13,-0.0022568570035893624,-0.0018510475516619433,-0.0011438244892320976,-0.00016920333552645345,0.0010215735432604184,0.002302245733535847,0.0035987751925959407,0.004933823170505735,0.006307768933238499,0.007552145221107353,0.010220378470637594,0.011679357744513917,0.013697141201947248,0.014876266998092587,0.015324076760748862
2015-07-14,-0.0024827433971796736,-0.0022147448746235522,-0.0016609141532660562,-0.0007952303680751078,0.0002444641727207394,0.0013233206404106531,0.0023488775872717127,0.003400990263822826,0.00455857202106733,0.005645979078563017,0.007983482882874893,0.008258869299424794,0.009242513113938521,0.009955598171937682,0.010352588267277803
2015-07-15,-0.0022950717363885128,-0.0018556790983255144,-0.0012173808623932364,-0.0003463142019492502,0.0006378378732249683,0.0016304936767781572,0.002569507989041135,0.0035373670463072797,0.004590614097980918,0.005600763588310552,0.007778239973629214,0.00864978141310868,0.00988060489315323,0.01070516907327389,0.011126994750759324
2015-07-16,-0.004063265266020696,-0.0038936617085061015,-0.003430503748408716,-0.0025821348231748814,-0.0013654806446378506,5.835771775686716e-05,0.001511304295135944,0.0029825870834248964,0.004477653714984268,0.005826901340755845,0.008764599130205514,0.010003808273907424,0.01192113736103603,0.013110745121074473,0.013568309953825866
2015-07-17,-0.0020586215368002207,-0.0014654310226767519,-0.0005613467395199975,0.0006674962800019303,0.002068187738943068,0.0035138595817554227,0.004919167474134669,0.006326238378765944,0.0077611494103335945,0.009042326045450128,0.011747678502890397,0.012464529447086684,0.01401935583490194,0.014856219620241478,0.015231422778789324
2015-07-20,-0.0020517922753684743,-0.0013427654542297477,-0.00038036817566297306,0.0008647477328032366,0.002310627636460619,0.003841446819705236,0.005371238165419892,0.006904128771402954,0.008414923254750153,0.009763232937637716,0.012593079901432692,0.01424682428931547,0.016496930273565996,0.01760465442710536,0.0180186169884232
2015-07-21,-0.003024070487310621,-0.0018935288201844945,-0.0005904656778577176,0.0009604311097672256,0.002595713088116324,0.00421592062973403,0.005744015528326273,0.007234028255980956,0.008726280071714627,0.010047452235846261,0.012928456806745748,0.013746837205466496,0.015460344980826112,0.01645627468755299,0.01681810195077249
2015-07-22,-0.0022390326210559954,-0.0021613126934421733,-0.0017329238664505484,-0.0009310204646571475,0.00018297269429058032,0.0014667935529039762,0.00278639591677474,0.0041642897051940185,0.005599263596101176,0.0068929967984527945,0.009629825296990715,0.010575174424684697,0.012289770625478456,0.0133631678433383,0.0137501267575163
2015-07-23,-0.0034301561558130007,-0.003441293174286079,-0.0031341720461034103,-0.0024335595220296912,-0.0013756645237427189,-0.00010887973726371545,0.0012015162016386248,0.0025705067138084257,0.00402029437062864,0.00534241471331351,0.008197314940548161,0.008953126279142194,0.010629701282827522,0.011773087125136047,0.012128370996836023
2015-07-24,-0.003098777551723839,-0.0022011279221791544,-0.00106033668405173,0.00039204531607589293,0.002051209059503632,0.003811699792992597,0.005565055680762281,0.007310749211990386,0.009040898769017569,0.01056067776578329,0.013829083362361737,0.015330196131131403,0.01771095991738481,0.019106192050156356,0.0195333253279608
2015-07-27,-0.0019080786544994992,-0.0009264367001500372,0.00037269328063956736,0.001992253899981037,0.003684443112899001,0.005354074028848054,0.006944190296279493,0.008509228476234459,0.01011100845482148,0.011502736160734927,0.014473132404864902,0.014695207337078457,0.01611525221163839,0.01700215951805918,0.01737687091786117
2015-07-28,-0.002720531213646669,-0.0024506902315397042,-0.0018521012470039085,-0.0008863506731970805,0.0003235807673399025,0.0016538930153812367,0.0029911461476081038,0.004362742064184211,0.00580010592948366,0.007114101001507972,0.0099045855794547,0.010845608315883843,0.012628877102120283,0.013732880926499453,0.014115929519071667
2015-07-29,-0.0036682222101183937,-0.0026354978412008578,-0.0015433664980129885,-0.0002706541347413118,0.0010395143823830114,0.002328108869105135,0.0035409151948863414,0.004733606070092933,0.005973250407033831,0.007162391224541826,0.009778610253110068,0.011125888514700682,0.012935182359651456,0.014058736381452039,0.014464780632082463
2015-07-30,-0.0019049036033622654,-0.00181138145069067,-0.0013510627529038648,-0.0005575524172159892,0.0005202022542812712,0.0017397760040917501,0.003020265338483338,0.00436593820093098,0.005779547482960899,0.0070588297877375245,0.009739430190328146,0.010956473522283518,0.012875126804692551,0.013908778483527328,0.014341074710415062
2015-07-31,-0.002992674270517784,-0.0026119207769413743,-0.0019649993497054246,-0.0009737475446327076,0.00023576327450016712,0.001622628771002068,0.0030614801599625936,0.004558531181875108,0.006095516057388244,0.007473366721784535,0.009036965794929375,0.011988234944170006,0.014245090034342354,0.015570200223828799,0.015993339603194708
2015-08-03,-0.0034684568653298056,-0.003117682039136571,-0.0024044678367709615,-0.0012615340596175359,0.00016182212754113404,0.0018002550199442136,0.0034931368588276748,0.005222906955757975,0.006978570082020024,0.008510426755528004,0.010429125937343077,0.012949402237339893,0.015188152021794086,0.016515373489745862,0.016946979171875272
2015-08-04,-0.0024033701276054958,-0.0016446036296043339,-0.0005570854485458581,0.0008928599287160799,0.0025054692849426734,0.004245663252008361,0.006014914246323255,0.007807410163320451,0.009604488765223546,0.011161775027344346,0.013052654603986023,0.015846234010174355,0.018257192784749823,0.019609422123457954,0.02001513390841722
2015-08-05,-0.0031540948478607613,-0.002351299287498776,-0.0013348123188691103,-3.207736195467905e-05,0.0013346558329369379,0.002755444723816623,0.004153160220493738,0.0055612808495776635,0.007013889835405122,0.008349308004584029,0.009955271769018132,0.012641506431871759,0.014783339350072651,0.016022482607684407,0.01644878035584913
2015-08-06,-0.004231122615776928,-0.0035812405023332794,-0.0028400797318803,-0.0018744101131333397,-0.0008572254218843454,0.0002084891518699403,0.0012334958683287377,0.002273964474421488,0.0033883775186410656,0.004466860789273117,0.005437695033271088,0.008314682530185217,0.010042820520549826,0.011074714757520317,0.011517725492723301
2015-08-07,-0.0035378452449844238,-0.00284756760069882,-0.0019570507149920886,-0.0007710637422945219,0.0005351216123260856,0.0019375692638907219,0.0033371418253595976,0.00475912594943049,0.00621551254708461,0.007527073947347115,0.008870646249971838,0.01190140279270099,0.014008168356801649,0.015277256021495189,0.01568457910571781
2015-08-10,-0.0023314220401085377,-0.0021087075946936095,-0.001472271770135134,-0.000409304529078108,0.0009266798993197301,0.002445034352233225,0.004020630795786852,0.005659905729815935,0.007368740022104184,0.008840233471699804,0.010361113375775579,0.012635014399545924,0.01456979486245713,0.01572199122874795,0.016092361046436805
2015-08-11,-0.002842590552843296,-0.002274289172368552,-0.0014171919786158864,-0.00021857634333606423,0.001149066352868531,0.002642335401223,0.004159825028819424,0.005721997613619592,0.007341358761398455,0.008752352232549188,0.010162502327812574,0.012876629398395222,0.014953295121584685,0.016326166930982888,0.016703217878936038
2015-08-12,-0.0016268170467534653,-0.0009874758229899085,-9.325037041977191e-05,0.0010754323899979975,0.0023196595215103956,0.003630478359620136,0.0049610928062950805,0.006355476905259647,0.007818207527114514,0.00909872242292091,0.010189244534466395,0.012957239340976307,0.014976974916445984,0.016206353142189194,0.01657809618902195
2015-08-13,-0.002937589469108685,-0.002431759529089519,-0.0017347199805135022,-0.0007646861655851522,0.00034828443856682053,0.0015948851181174274,0.002889342244585396,0.004251859380826466,0.005679918691161449,0.006961520550095177,0.00802618312233624,0.011395974913473939,0.013750168486645932,0.015291320962258933,0.015668872956758007
2015-08-14,-0.0023641649126747806,-0.0019010001243546636,-0.0010993243244524708,6.195659961613024e-05,0.0013785070698663828,0.0028060508423665646,0.004254314326516818,0.005752077645579756,0.007326064941135019,0.008705867201988505,0.010127240801205115,0.012275959554732385,0.01418111159683728,0.015441576339511195,0.01582160837472436
2015-08-17,-0.002479016447378591,-0.0020471534156379133,-0.0011996231831406655,7.956327685537353e-05,0.0015568380482376281,0.0031593805419676832,0.004774958788117409,0.0064203160382697265,0.008140545668393421,0.009628016586416134,0.011404314405914155,0.012799133043458626,0.01446811408212546,0.015681590031142646,0.016020827084542763
2015-08-18,-0.0034211959500703238,-0.002720455981674391,-0.0018635781647175667,-0.0007340662707594214,0.0004921744958375507,0.0018067991427950048,0.0031212675267674743,0.0044648110642376395,0.005868680885160859,0.007119158059466128,0.0082238963163883,0.01091304140072189,0.012937312121493197,0.01442027090150982,0.014824003738947756
2015-08-19,-0.002322860250157141,-0.0025235768900661597,-0.002327777221984199,-0.001702243892648084,-0.0007696412702769403,0.0003909461490355687,0.0016412622948397174,0.002987138743704574,0.004435371201578987,0.005718112586222142,0.006993883247163604,0.009103215965506319,0.01096754572394242,0.012368678832104088,0.012783280773483162
2015-08-20,-0.0023500381034915405,-0.0017581313180471516,-0.0009431140744431178,0.0001608314767180452,0.0013443552765134677,0.00259805366784682,0.0038589507320095327,0.0051732237797414305,0.006571194733895749,0.007819367159040835,0.00883579111609599,0.011399619103885837,0.013365264324072049,0.01482236544364453,0.01520345435265241
2015-08-21,-0.0021284139281349287,-0.0017486621104701888,-0.0010583038735779177,-4.111614966043151e-06,0.0012337711808000909,0.0026212024965432015,0.004064939731508663,0.005580807045112098,0.007175354215141904,0.008560198856930176,0.0098263568942259,0.012311259116852871,0.014446780254412983,0.016007644180589434,0.01637951509458181
2015-08-24,-0.0012185629233445394,-0.0012009161587095982,-0.0008202188629667546,-6.690366668298062e-05,0.0008888199649276856,0.0020067053783539733,0.0032111738991919382,0.004528506280909467,0.005953640503998983,0.0072196580903768365,0.008233594842857241,0.010760825293744598,0.012843714894555741,0.014235848275783548,0.014630471477379253
2015-08-25,-0.002280259194878961,-0.00175820968591601,-0.0010728275608463968,-0.00014235683337982907,0.0008286367216600728,0.001849647616809574,0.0028795795084454257,0.003978269460344137,0.005188356717767705,0.006294239001461349,0.006961161646596506,0.00964979030477112,0.011584100905291753,0.012998851208034566,0.013412337069945147
2015-08-26,-0.001042057545239284,-0.000700456144564139,-2.9269155855526138e-05,0.0009718607981032781,0.00208130452532452,0.003281161123839798,0.004531919689637237,0.005873146965774701,0.007311113243269876,0.008561798433429595,0.009441820561919428,0.011915778897745824,0.01396598785579584,0.015389840877570945,0.015789328816033774
2015-08-27,-0.0017516308118387058,-0.001673978970321519,-0.0011488005258035216,-0.00017872057384095744,0.0010535328728545272,0.0024798792685795995,0.004002190664627923,0.005618830633127592,0.0073203714708593975,0.008762197065291005,0.010044777195057444,0.012372644511628613,0.014659889494202017,0.016244185079880853,0.0166619789369356
2015-08-28,-0.0028691606798369406,-0.003072823521763134,-0.0028587722910946747,-0.0021726908859936917,-0.0011940857349387627,-1.828144506919383e-05,0.0012264438104739382,0.002554324939545702,0.004037213224421833,0.005363940242467258,0.006664975631755469,0.007989183724846787,0.009647841544333353,0.010961446450759627,0.011385561099961992
2015-08-31,-0.0016084417305900814,-0.0013774574116035285,-0.0007798249645407096,0.0002074000873974731,0.0013559157874155326,0.002617483235310282,0.003925697737529576,0.005311162265394163,0.006817058134312001,0.008123824040347689,0.009186174830800304,0.010965370674741633,0.012722859459300444,0.014055434552280383,0.014445210548082994
2015-09-01,-0.002699026861484444,-0.002539035381239782,-0.002097612122515475,-0.001295083357803975,-0.000295967313356231,0.0008116445716531377,0.0019585128181292466,0.003172679514574061,0.004506421145783081,0.005771337317101123,0.0068480953516003445,0.008531324864596563,0.010117468851507081,0.011457875846550364,0.011879623132448
2015-09-02,-0.0017741881266672655,-0.0014616088755254712,-0.0008433056393363509,0.00012630691660882754,0.00123716010464273,0.002421217528238132,0.003633337980331618,0.00491028301203971,0.006298409873691695,0.007589956150123524,0.008769494588734654,0.010252669714421011,0.011754078272170098,0.013031174447864467,0.013410273421626508
2015-09-03,-0.0024651337249068594,-0.0023471367644777334,-0.001945394696170321,-0.001174708941066016,-0.0001620504243302662,0.0010148996335593208,0.0022804428176398804,0.0036445281589938083,0.005117410811854628,0.006486711399736771,0.007588562837390682,0.009871752045687633,0.011733702305057827,0.013259938099210498,0.01368903223511268
2015-09-04,-0.0026575713129450853,-0.002460721379035392,-0.001986861781328071,-0.0011428749565633267,-6.104743742157615e-05,0.0011898521447170653,0.0025323772909824774,0.003973092411164855,0.005530741794451269,0.006979794301849926,0.008241876440803268,0.010765027261918525,0.012826728835759754,0.014488780961781413,0.014930216461863354
2015-09-07,-0.0025515501455828098,-0.0024827212126005966,-0.002212688209079949,-0.0016409881754751614,-0.0009184732356644957,-9.25854944051305e-05,0.0008001435727373999,0.001806593525802833,0.0029875725111794286,0.0041716044812762035,0.004980829915349399,0.007309662806761607,0.008900113026996625,0.01027153343791425,0.010711468974744443
2015-09-08,-0.002434236384936789,-0.002437844973524277,-0.0020754580700569456,-0.0012930422607177723,-0.0002570705244641885,0.0009376520766921008,0.0022246892061586216,0.00361679455752386,0.005152034435553275,0.006588393820283138,0.00783829166011651,0.009872534703286084,0.011601877232592109,0.013031036657850858,0.013453517431238675
2015-09-09,-0.0020934840087445724,-0.0019419083825003441,-0.0014245317171221999,-0.0004866007323302778,0.0006983616010194005,0.002056247284637565,0.003521983498150444,0.005098865208843371,0.006805437442853967,0.008367018823473345,0.009721702034046216,0.012240337439086212,0.014309459058791156,0.015884777730168786,0.016334219850409216
2015-09-10,-0.003115467516997895,-0.0028906511628380865,-0.002402980144661878,-0.0015393706958835873,-0.00047377356915113316,0.0007345098365419281,0.002019835392494706,0.0034011656355301093,0.004929697710817712,0.006381454003621786,0.00761827061085911,0.010342820219462714,0.01234159307943632,0.013931057480468356,0.014391902442021511
2015-09-11,-0.00262596148581068,-0.001989164159017646,-0.001200393499376783,-0.00013901821786667964,0.000959572932014933,0.002081748845802798,0.003218419476536315,0.004439868927654373,0.005802434362018221,0.00674498133243533,0.008066651372391879,0.010669819511091328,0.012339364848375138,0.01371828421642991,0.014178960662168779
2015-09-14,-0.001990824044898013,-0.001856437897505409,-0.001383662102668514,-0.0005249461257277159,0.0005164789224461595,0.0016470671663269191,0.002820026538374638,0.004094033127720874,0.005518119881235862,0.006521022754674338,0.008088091280444661,0.009862683137310832,0.011233731347377932,0.012413893939099151,0.012844267850940047
2015-09-15,-0.002493235755161346,-0.001888503394654332,-0.0010292626605878823,0.00017625201914657843,0.0015270395456665514,0.0029416136967812005,0.0043671929353742865,0.005849127439151157,0.007435758789929194,0.008568130990105435,0.010394473715415279,0.012302615100664636,0.013859754009879603,0.015162649319154061,0.015686093608407004
2015-09-16,-0.0023684749320160682,-0.001965178607389287,-0.0013907189570578353,-0.000527722667090514,0.0004792770202242287,0.0015753943027191648,0.002707164380453128,0.003926621595838435,0.005263336863290149,0.006222493730467918,0.007648691045355657,0.010118331512925361,0.011753324005192904,0.013130360487686024,0.01370463011991799
2015-09-17,-0.0024470543907368428,-0.002348785635406192,-0.0019109861656001637,-0.0010423044278700798,0.0001566595348955267,0.0015713696505561042,0.0030884717678455946,0.0047025180766691,0.006414786484968007,0.0076530291237204085,0.009697633033521667,0.011947822858741757,0.013872163030838587,0.015392421039938674,0.0159859720981297
2015-09-18,-0.0027301471205338048,-0.0020202631061844198,-0.0012392068050669338,-0.000232381606446144,0.0008687900352334198,0.002048080948711374,0.0032578110608296167,0.0045454863522627655,0.0059293164661198185,0.00692692794967986,0.008363106601938354,0.011309669027119943,0.013216038201143879,0.014742808627740796,0.01537057006771348
2015-09-21,-0.001988682238300671,-0.0017560301105672932,-0.001282363296704734,-0.00048363344658627276,0.0005058916537809583,0.001626426638221224,0.002814194585599365,0.004106815802964231,0.005527227506897505,0.0065384373907799425,0.008104374439103796,0.01011987314477939,0.01162654120675207,0.01285202871712138,0.013487147774478172
2015-09-22,-0.0030971276858108563,-0.002886206440583506,-0.0024897415599573454,-0.0017736463805233349,-0.0008349939740537691,0.00026117881498909003,0.001424796382023996,0.002682507254347411,0.004064976646728376,0.005065748441127921,0.006642043859710444,0.008903620139072066,0.010464885761927441,0.011773983605195451,0.012502408827452294
2015-09-23,-0.0019160987853919513,-0.0013097964402086959,-0.00044137296613347237,0.0007509133471257691,0.002101834681385977,0.0035454318758853854,0.005026091393265482,0.006575522490919612,0.00820992143687083,0.009317216232676916,0.011059099816627086,0.012879503649329955,0.014358470800535806,0.015589654705023959,0.01628104812872705
2015-09-24,-0.003093506833307059,-0.0024681366175174886,-0.0016803682794371186,-0.0006075266824078292,0.0006408855771374332,0.0020135834465061114,0.003430200097530461,0.0049159366045630525,0.006475570201976966,0.007536416164103919,0.009146002394064254,0.011609136825176721,0.013315080751394036,0.014748000470397754,0.015478295118149871
2015-09-25,-0.0021026236470619974,-0.0016981459981761432,-0.001083812910487519,-0.00016138515815940463,0.0009655284132783781,0.002241923108173302,0.003588963607861556,0.005034655824172733,0.006574996015350279,0.0076277161330222595,0.009246860646837909,0.01156473097688327,0.013233489810934043,0.014756216819568782,0.015497735691773174
2015-09-28,-0.002897040734882698,-0.0022869653157187968,-0.0015227060329239233,-0.00048283421396652643,0.0007002562638243172,0.0019733322305418304,0.0032625404704116952,0.004616682062828423,0.006084033652888036,0.007103505119357198,0.00876318497678605,0.010597429090606547,0.0119856109487424,0.0133500965237334,0.014022925342817507
2015-09-29,-0.003001272903367579,-0.0028050763033403156,-0.002390598409113396,-0.0016309062805357057,-0.0005763556591985505,0.000670954516578462,0.0019932966130771657,0.0034063354709573013,0.004929270065174646,0.005987949368200522,0.007720445928835869,0.009878455602188415,0.011535669259310932,0.01309263579013464,0.01379081861572668
2015-09-30,-0.002130967879650159,-0.001360988760861466,-0.0004766294363656655,0.0006181795579010435,0.0017802365117396105,0.002996533113030357,0.004209980081964342,0.005491667159028657,0.006842499653620002,0.0077376071072594015,0.008979722732652014,0.011505168808050354,0.013148937945436609,0.014637567062611212,0.015324842434069525
2015-10-01,-0.002917499208023437,-0.002161174695863403,-0.001302381065620805,-0.000209650578557478,0.0010403910539909863,0.002418372014743383,0.0038290026823552432,0.005310854669170051,0.00684390495827495,0.007857374717392174,0.009291995120373039,0.01226154223111723,0.014284457653027424,0.016018238342062258,0.0167143558874503
2015-10-02,-0.0028682889843349023,-0.0022387795476426107,-0.0015420429806166456,-0.0006419494879246617,0.000395347013152047,0.0015503683269406585,0.002758841057875776,0.004047534015441977,0.005406782560724566,0.006307273852856402,0.007515563022791146,0.010636714694189389,0.012625233120804068,0.014372664379632723,0.01507721446502196
2015-10-05,-0.002485143376512925,-0.0021010445652202385,-0.0015283688557921225,-0.0006868055396703571,0.0003148516282392835,0.001434143297410017,0.0026088278319021346,0.00387753750372905,0.00525257900118768,0.0062139294662574285,0.007663132487088733,0.01008255364209507,0.011835607847841292,0.013369554247441013,0.014071799507595288
2015-10-06,-0.002207468706008368,-0.0019728364231572895,-0.0014926609467284752,-0.0006991328599101683,0.00033493169671312107,0.001546316504565709,0.0028498347101714285,0.004257436968565243,0.005768525341524566,0.006830012428597118,0.008544286172452896,0.010703440630848146,0.012487594896330665,0.014011487132157113,0.014715750350824796
2015-10-07,-0.0020943329623209217,-0.0017827791316526983,-0.0012424863888383251,-0.00040851848045902957,0.0006496645759742363,0.0018743296450637612,0.003192608310324261,0.004618987070254815,0.006150927488465098,0.0072241568031152234,0.008900204311735741,0.011329906600989826,0.013289597651637976,0.014914249320124504,0.015646695065629265
2015-10-08,-0.002161548285111556,-0.0017748157735663832,-0.001185558302131926,-0.0003152169485250354,0.0007642218240753457,0.002005675976246276,0.0033400757967623346,0.0047887635073569305,0.006349481347405306,0.00742096148293442,0.009050092687922694,0.011559526967401123,0.01354958998232476,0.01518334753513985,0.015916846417494832
2015-10-09,-0.0028935230246644648,-0.0024363378520852125,-0.0018270402423878663,-0.0009506708909485199,9.124370657059735e-05,0.0012580911513105546,0.0024820890573319853,0.0037988812242048284,0.005255550157039545,0.0062703811262674325,0.007908073148912214,0.009945426759342601,0.011620162169037825,0.01313441163786651,0.0138618444541019
2015-10-12,-0.002456938240475227,-0.0022867827548942077,-0.0019696618765534623,-0.001413629196941128,-0.0006955563792084383,0.0001484273298178445,0.0010688465748227582,0.0021122216542897774,0.003327080057957543,0.004215222046854367,0.0056275948222353905,0.007758795437934388,0.009316990528078026,0.010796697075244397,0.011533777095918421
2015-10-13,-0.002319532288102073,-0.0019806370630856013,-0.0014604983097009636,-0.0006543246605989766,0.00034726733947978126,0.001502294301920417,0.0027518875139658497,0.00411365950478624,0.005606833372722087,0.00666367581941533,0.008362697436603676,0.010686318581679094,0.0125706327881243,0.014192886276265571,0.01489879440144153
2015-10-14,-0.0038182460418489696,-0.0035256363481833254,-0.0031121607534732977,-0.0024132402761845853,-0.0014981630637810018,-0.0004177288859361769,0.0007438821846750487,0.0020053106265675857,0.003405009906240871,0.004380544991651102,0.005981086903512358,0.008385150373546665,0.010157298568470523,0.011798758697919508,0.012520741179979184
2015-10-15,-0.002215228033439191,-0.0020562937034092343,-0.0016051164570508878,-0.0007876545649282355,0.00029390412550396074,0.0015601800496225888,0.0029329353569596513,0.00442584377705725,0.0060690007543215164,0.0071886948536227565,0.009039962092312328,0.010780737881782533,0.012432196907866244,0.013891436691435232,0.014600344299519823
2015-10-16,-0.002527674362602337,-0.0022930169134013243,-0.0018357930704900878,-0.0010547255318621345,-2.9660025759841672e-05,0.0011504471307078245,0.002417462253399885,0.003798933299628302,0.005339764438109869,0.006385656749133542,0.008088555940571614,0.009908021617942162,0.011480997828266577,0.012935613429549473,0.013642954279526208
2015-10-19,-0.002539172182203652,-0.0019759199584377858,-0.001309298043585009,-0.00041587529845913426,0.0006233701844280347,0.0017594084929369422,0.0029561012095833915,0.004252060937005147,0.0056626845969044515,0.0066196192602805855,0.008010467391606487,0.01074650037845696,0.01262587648228148,0.014299167635982076,0.015027702897060184
2015-10-20,-0.002201658616205884,-0.0017642369005003164,-0.0011716090787223937,-0.0003218753199342349,0.0007032552337369916,0.0018433826918542173,0.0030566112503388303,0.004379431709440333,0.005819271488735651,0.006796891157925504,0.008252170167882935,0.010845521921623627,0.012692422548804101,0.01433902053737226,0.015053405962988313
2015-10-21,-0.0031256751476133266,-0.0027483398666024233,-0.0022443152563206637,-0.0014749227751284994,-0.0005178841926867095,0.0005589532110505674,0.0016991769471746648,0.002937578843492148,0.00430048245858183,0.005266023756799654,0.006746211442732198,0.009383106925180733,0.011178952111577548,0.01285540494115581,0.013587376723446334
2015-10-22,-0.0026419569915653723,-0.0022621576296893466,-0.0017441255224964567,-0.0009630515718753836,-1.3401381185161143e-05,0.0010372730147158386,0.00214007311711693,0.003343137163255393,0.004681040671756034,0.0056227166678693595,0.00708532579069398,0.009379513544287192,0.010992005146246287,0.012513004056558317,0.013233896700547648
2015-10-23,-0.0028069333675324534,-0.0025205979434084124,-0.0020995324059224665,-0.0014045043570712658,-0.0005140007995625355,0.000501486737103426,0.0015846324480058441,0.0027758539440302615,0.004104611204842694,0.005038339478403115,0.0064637366068161055,0.008888455367391293,0.010570674544211307,0.012138935412264337,0.012865438920942515
2015-10-26,-0.0020855590268302306,-0.001712064901315547,-0.0012186604617823765,-0.000493126154762027,0.00037300061600615506,0.0013227685705552888,0.0023298189397278823,0.0034533721501442353,0.00471854505570026,0.005576195804471005,0.006801990270741181,0.009214544334607,0.010818654592289593,0.012310074649671477,0.0130350856820502
2015-10-27,-0.0023172283598809846,-0.0019489322482070554,-0.0014116604802678545,-0.0005938652345685727,0.00039422576618267427,0.0014836315004694667,0.002632769608050888,0.0038873300458842712,0.005276462083353969,0.00624630556690392,0.0077519040697877455,0.010060540537577978,0.011742032638463561,0.013250020672185872,0.013963590782674852
2015-10-28,-0.002826394019431302,-0.0023301103694583804,-0.0017041854276930893,-0.0008110917582376425,0.0002498594216202637,0.0014239095197934753,0.002660846495391579,0.00399411253545065,0.005443791893971353,0.006465746305497056,0.008052748693225777,0.010796587471928543,0.012660101472366046,0.014330451354613862,0.015083590284797894
2015-10-29,-0.0029040005846901517,-0.0025527161730774326,-0.0021002167386015287,-0.0013927265974529265,-0.0005213700304933597,0.00046558867927218154,0.0015178949541368358,0.002682689140107556,0.003985615539020343,0.004906860494212108,0.006312682233932333,0.009077395285745436,0.010857175509860819,0.012485310837838598,0.013225322792781467
2015-10-30,-0.002772104732193547,-0.0023810215695637188,-0.0018608100946083544,-0.0010741493801101176,-0.00011736075670741326,0.0009465792117026059,0.00207200862941221,0.003301846669630414,0.004672305842007842,0.00565163395482878,0.0072175441227561084,0.009606182068679114,0.011333652890931882,0.012880371478645972,0.013581593416215131
2015-11-02,-0.002839978051519873,-0.002512849784432365,-0.0020796723738586605,-0.0014003003859447464,-0.0005474633341242276,0.00043042206801796297,0.0014868538273217643,0.002665115232386358,0.003988085977971784,0.004924117686577011,0.006362768992911457,0.009020931537004093,0.010842672047687263,0.012455621458109602,0.01315789343473845
2015-11-03,-0.0025951463148874898,-0.002287425435216993,-0.0018705639031456655,-0.001216359881020299,-0.0003916301701165308,0.0005521597552326638,0.001576102657240504,0.0027257351646388824,0.004028267404869937,0.004933981982896183,0.006352970180398949,0.008842337494293183,0.01056453713260234,0.01209491361770203,0.012787596578214551
2015-11-04,-0.002566780062269058,-0.0022997486772928333,-0.001913158221335198,-0.0012832100324502499,-0.00046491323537981233,0.0004875753053733206,0.001531167973218381,0.0027097010672244843,0.004047523896286245,0.004975229185282005,0.006429083300327179,0.009043102565291863,0.010853224361930083,0.012425739814922041,0.013129708018535352
2015-11-05,-0.0026243295730857016,-0.0022918228897021295,-0.0018583010131390685,-0.0011955294464640375,-0.0003670420436232445,0.0005821328593092148,0.0016159125094856782,0.0027841693441235734,0.0041142332796178845,0.005031877534780989,0.0064397126810620525,0.009088015945107334,0.010908245724018925,0.01245200156078322,0.013129498594045639
2015-11-06,-0.0026685290598351752,-0.002337127222408537,-0.001890368151954806,-0.0011747615619586134,-0.0003547878816487195,0.0005987710947142084,0.0016277894538703082,0.002788719631974086,0.004120160516392582,0.0050367192424100125,0.00648727254416767,0.008926519039950525,0.010624750226179792,0.012079745771685796,0.012755694935517259
2015-11-09,-0.0026269100357008777,-0.0024729909072868403,-0.0020825642086529533,-0.0015047828833331988,-0.0006800471469057339,0.0003359358873073395,0.0014656361264887567,0.0027408507153407055,0.004175299555593008,0.00514685990317409,0.006686057192574652,0.009269910439081638,0.011185851209196965,0.012725640247870316,0.013405146534836354
2015-11-10,-0.0025003990514215714,-0.0024932361888097957,-0.002281614837768511,-0.0019048936488235005,-0.0012911988659618729,-0.00048071679930414095,0.00044948725751406903,0.0015459485965543356,0.0028221238838274758,0.0036857327911648478,0.004994255358151474,0.007599882210132037,0.00945297632956654,0.010931042550157456,0.011602766960036242
2015-11-11,-0.002601430463664424,-0.0023444282087112817,-0.001902648878665116,-0.0013121399132092872,-0.0005383107431065706,0.0003871451142757904,0.001402871911724865,0.002558618514397406,0.003885624253961866,0.004781835778273204,0.006197491384661838,0.008640275518689145,0.010438123360267403,0.011918129196524024,0.012568208405577297
2015-11-12,-0.0029000822273317927,-0.002763221255400972,-0.0024353939520506346,-0.001929789061669946,-0.0011850884676486428,-0.00023358330962202977,0.000839760739556773,0.002061123502832554,0.0034515403443534987,0.004412568169820795,0.005963483210572249,0.008593537203254268,0.010569453553208843,0.01211185100815484,0.012793491225340535
2015-11-13,-0.0024772403955483713,-0.0022000324982096543,-0.0017487219030478058,-0.0011686467477483521,-0.00040328008445090287,0.0005209578031135474,0.0015390552920677089,0.0027084017102503412,0.004049980948436933,0.004961842041319349,0.0063564598723396685,0.009022577533699153,0.010970736201243786,0.012456594484113868,0.013113343448687032
2015-11-16,-0.002572203381428922,-0.0023165841114854515,-0.0018827317845293797,-0.001319997893085885,-0.0005920399400161358,0.0002707260585578337,0.0012128468099222222,0.0023013805790714817,0.0035753533519074336,0.00444071003759886,0.005774186224320644,0.008227939803923225,0.010013206114229943,0.011397118250906214,0.012062789846482697
2015-11-17,-0.0028920317452728055,-0.0026361534545530007,-0.002207452546934853,-0.0016353797396789728,-0.0008720671855335495,5.402168245121418e-05,0.0010719886053494631,0.0022358068993214783,0.0035769782780422396,0.0044747723922928,0.005873206376100277,0.008459260755145366,0.010327003119726265,0.011814355670974042,0.012476419331293835
2015-11-18,-0.002006366424122993,-0.0018980719114218049,-0.0015775420457910597,-0.0011128574413576562,-0.00044936550084516066,0.00038249034008240395,0.0013262041956893927,0.0024358755951729575,0.0037270787310045156,0.004554973189429388,0.005823523468181905,0.008270969986728362,0.010041103397800427,0.01141611311404362,0.012065984518360561
2015-11-19,-0.002572287018624906,-0.002268568200216234,-0.0017672848715720362,-0.0011182969368436066,-0.0002736850236079653,0.0007415854056580461,0.0018663258513406471,0.0031335815686341062,0.004559135037543593,0.005467653516402028,0.006889281568963013,0.009472332553636702,0.011385069310790242,0.012957740207153927,0.013569782858079856
2015-11-20,-0.0029339054151838384,-0.002938730509231147,-0.0026879487323541347,-0.002248814591592931,-0.001552005970352108,-0.0006391379981552572,0.00042314134622232824,0.0016551948134907498,0.003064808649309451,0.003963808606376511,0.005375904501550182,0.008130609866928143,0.01017382004476274,0.011762117032242444,0.012429710060245793
2015-11-23,-0.0030335527100355682,-0.0028344130768670553,-0.0024278724997141912,-0.001872510032478761,-0.001138930727791791,-0.00024539915394810555,0.0007644217211196471,0.001927276668031415,0.003274208571986906,0.004106913843160617,0.005405136992559796,0.007968838414525435,0.009821343532365774,0.01132106981769002,0.011952320346199911
2015-11-24,-0.0032395698648840046,-0.003390547586364369,-0.003274650298535193,-0.0029506317403045516,-0.0023250955285689036,-0.0014439138163859033,-0.00038593021963526374,0.0008540116739263882,0.0022734298820468023,0.0031536299442653038,0.004538714441985232,0.007369553472250529,0.009438806348248459,0.011090374922480046,0.011739586408082316
2015-11-25,-0.0034013786564673952,-0.0035607176045312104,-0.003488653628053519,-0.0032374340839727883,-0.002731079025092514,-0.0020043827396599703,-0.0011198014254683655,-5.652290568509098e-05,0.0012040360228665855,0.0019972478951091983,0.0032432274981068652,0.005932273158212179,0.007831626883940195,0.00941294811277594,0.010054526267357443
2015-11-26,-0.004050144671022075,-0.0039499326246647416,-0.003644365676502813,-0.0031614696420345207,-0.0024624325008688313,-0.0015722239881325298,-0.0005555231977655501,0.0006102939284269439,0.001963750734987838,0.002823915346195615,0.004196704684986958,0.006783153922038801,0.0085971261908093,0.010186506385943019,0.010816552956951275
2015-11-27,-0.0027391332399292825,-0.002423545298584821,-0.001956822636551667,-0.0014070650724794203,-0.0007565002409713386,-1.075744850901261e-05,0.0008234675189603409,0.0018177663318774914,0.002994409310348968,0.003690990073412167,0.004604001557796129,0.007337960453173148,0.00903964794023112,0.010523605992863845,0.011143699564062245
2015-11-30,-0.0032421274551948584,-0.003228801276263296,-0.002938327310646513,-0.0024446915211403368,-0.0016905228789745107,-0.0007326588400311613,0.0003642767879964671,0.0016215183102283217,0.0030546161326525205,0.003946199247533174,0.005311671564968561,0.007758192216431253,0.009603048480545703,0.011167340097658402,0.011841533616223735
2015-12-01,-0.003308533571193635,-0.003018891838912201,-0.002479424443669124,-0.001755217791040477,-0.0008217567554147657,0.00027637248361575,0.001484163496600211,0.0028263480531340204,0.0043278930348934624,0.005247027839565213,0.006710347620823651,0.009104202967587228,0.010936798788749237,0.012566320550336279,0.01318762541804869
2015-12-02,-0.003058752043336689,-0.0028618202308331605,-0.0023786495612894473,-0.0016994186804680585,-0.0007873927112327591,0.00030992710377689023,0.0015375684054005786,0.002913591934744775,0.004444338156561456,0.005383083906873275,0.006873004256162009,0.009473668664106408,0.011385083106511082,0.01306294336560573,0.013689769044727197
2015-12-03,-0.0033952092333325405,-0.0027341029217536105,-0.002025766724810511,-0.001295755302604511,-0.0005409942443443459,0.00027247153187477126,0.0011384467528956408,0.002142271124198224,0.0033114353060329973,0.003978229021452056,0.004787786350495978,0.00800007182265118,0.009863317902782354,0.01160569648991296,0.012242154011813711
2015-12-04,-0.0034205721455407125,-0.003186735438579033,-0.002705907251946144,-0.0020517509902185965,-0.0012325421628555896,-0.00027568822626941055,0.0007836107152173505,0.0019888478366373048,0.00339229971435145,0.004239275381305398,0.0056301193777471125,0.007898376124270126,0.009551655134593866,0.011182086740569988,0.011766225198089956
2015-12-07,-0.003319802276389142,-0.002981953675926261,-0.0024459830884676357,-0.0017716581831140167,-0.0009247603493011278,8.100078864830217e-05,0.0012263210648645073,0.002534339357328175,0.004016028593159727,0.004873634951272729,0.006131144335937184,0.00935258146380152,0.0114809731375288,0.013490380143234306,0.014112272395723277
2015-12-08,-0.0034005064115358525,-0.002821715598001905,-0.0020470890466858624,-0.0011362517167439578,-8.530313610337532e-05,0.0011031464815414184,0.0024002692174172145,0.0038372711065344915,0.005433707405550193,0.006405602080711146,0.007917056154108449,0.011060359211669828,0.013181529862117333,0.01522114758333807,0.015851463140940367
2015-12-09,-0.003391858606416298,-0.002967340414620587,-0.0023195179352242593,-0.0015290071684823645,-0.0006419481475689688,0.00032762129470275997,0.0013692181736804133,0.0025422290574402596,0.003917869670968539,0.00475455520101857,0.006109228071951521,0.008513724702222641,0.010188656841389481,0.011895294096703903,0.012504414463947863
2015-12-10,-0.003365860562066063,-0.0031970909952443016,-0.0027242509327656886,-0.002052699346345773,-0.001150967622477149,-6.273761683531269e-05,0.0011618756457170568,0.0025488914474760477,0.004104961304983221,0.005066146693070889,0.006569908503281917,0.00972185052404323,0.011913888916151078,0.013906364070455543,0.014529284017375745
2015-12-11,-0.0032455925575801793,-0.003229912712387241,-0.0028354124231338945,-0.0021923522985318744,-0.0012588602929809423,-0.00010367127684732204,0.0012114863270563329,0.002697059543936696,0.00434995515438669,0.005359680106939648,0.006978838087065136,0.009780179694189017,0.012041063806085241,0.014004277241698922,0.01461354452580229
2015-12-14,-0.0035393614029646716,-0.0033523710014113067,-0.0028441324375494043,-0.0021218759657392213,-0.0012070053547112982,-0.0001478347717992486,0.001017146667663081,0.002326418586709482,0.0038283990579188352,0.0047453799329419035,0.006255123009252716,0.008603858514597242,0.01053611968601372,0.01229289718238754,0.012938514296534271
2015-12-15,-0.003616557170096895,-0.0036096612756471116,-0.0032717570902454306,-0.0027171004622662223,-0.0019377521260253508,-0.0009939825629781528,7.195912505443005e-05,0.001299029505701875,0.002728926631188438,0.003612593300053596,0.005074659283918616,0.007580593185668619,0.009565181665445545,0.011369391642263232,0.011993288788540717
2015-12-16,-0.0036102616680727473,-0.003484532665455475,-0.003012775719726888,-0.002314139957240793,-0.0013722686559649265,-0.0002446238740438216,0.0010207367527558149,0.0024393880497521375,0.004026170730481268,0.005009340008496895,0.006625037736961097,0.009446128578250827,0.011698123766637899,0.013699969350928962,0.01431492761004092
2015-12-17,-0.0035829894197456614,-0.003693373912451132,-0.0034566428744651897,-0.0029858811486803225,-0.002255528792385068,-0.0013286774215064356,-0.00025891402859238135,0.0009801825828745776,0.0024225482823543682,0.00331412627666146,0.004782390293605887,0.007349613874243833,0.00928600049125399,0.011118098852577508,0.011782564374784123
2015-12-18,-0.003767555214276486,-0.0036800373972929786,-0.003265671369490139,-0.00263309298664838,-0.0017807215139090944,-0.0007634645785666004,0.0003824445957873745,0.001679461875202169,0.0031655789683989197,0.004070800200962115,0.00556594642824241,0.008161626841542077,0.010139763853659625,0.012029020072614872,0.012635041314977032
2015-12-21,-0.0037718259888272474,-0.0037611529251259375,-0.00340231127408594,-0.0028061603003568434,-0.0019894312977584558,-0.0010066843025448617,0.00010856753077969359,0.0013872096882689786,0.0028667254507972898,0.0037132393859235532,0.005086153183597351,0.007555446868166532,0.00940113662416745,0.011230674737169443,0.011847474457583784
2015-12-22,-0.004816400303289764,-0.004405413165661991,-0.003781568193391736,-0.002990448061806146,-0.0020219184886290198,-0.0008934667467760801,0.00035158726983099424,0.0017249499663008418,0.0032565540711895764,0.004091732472042422,0.005357724081258187,0.008438020543299254,0.010490109615967209,0.012552683806119739,0.013176768178195767
2015-12-23,-0.004110865509505861,-0.0041072234728014145,-0.00377286890219991,-0.0031951875025181204,-0.002381206009132399,-0.0013817277270077853,-0.000253680132039309,0.0010188149298038178,0.0024897043725888796,0.0033285545545081703,0.004815362677034429,0.006893569611748928,0.008619386148558766,0.010359240960361409,0.011026946338359342
2015-12-24,-0.003919287149007635,-0.0038613963723976167,-0.0034630408345219647,-0.002833741708167934,-0.0019590547610377233,-0.0008867238015021776,0.0003370669770831358,0.0017202483471836646,0.00329010208558431,0.0042385547881284655,0.005777820537030509,0.008413181901838974,0.01048851210350135,0.012511926424464071,0.013105060528398785
2015-12-28,-0.004409321627459308,-0.004296897596915541,-0.0038257961630472665,-0.003091172881833654,-0.0020575381404286126,-0.0007753623915140212,0.0006836454987318603,0.0022909422313649105,0.00405874624039967,0.0051384337992285145,0.006940255432792006,0.009650595998026748,0.011865194225965133,0.014017249130050757,0.014622814465253016
2015-12-29,-0.004318872651198756,-0.004270399343160157,-0.0039058936720285,-0.003313212147231913,-0.002463969997398167,-0.0013954845534907812,-0.00015708742328950022,0.0012448886669470778,0.0028398506007126056,0.003831451799577731,0.005433274610049475,0.00811326963590208,0.010219450927359389,0.012308687052852905,0.012914961675533484
2015-12-30,-0.003890489943683879,-0.0037030405643866072,-0.003208602662921874,-0.002514470590158716,-0.0016302890536050618,-0.0005905689364630756,0.000589562926132204,0.001938794421709213,0.003502414960319386,0.004529623862807938,0.006183367676853861,0.00860921102130334,0.010585441262998273,0.01257144051358796,0.013160494767330465
2015-12-31,-0.004127698449010898,-0.0038754771867626006,-0.0032893565221964616,-0.002502013549985133,-0.0015790381411919093,-0.0005343576341278117,0.0006326689999351966,0.0019724227951922694,0.0035551872104741308,0.004622629486508062,0.006395801322899489,0.008725590838185051,0.01063154240419378,0.01252948893802754,0.013037306243696938
2016-01-04,-0.0037474524977804463,-0.0038382817768258725,-0.0035405266297088085,-0.003002529056835526,-0.0022299638048081253,-0.0012613082648447486,-0.00013288936461958276,0.0012029631105295834,0.002791678278065833,0.0038969257780036627,0.005700499673311505,0.00806847042307118,0.009945112502491693,0.011793592743171386,0.01237472088837177
2016-01-05,-0.002788986276518767,-0.0027515348553495,-0.00236989511936502,-0.00178399261716283,-0.0009867733658111147,-7.903412084056191e-06,0.0011396839661726452,0.002487465175261082,0.00405310832731608,0.0050991428247818705,0.006843562223587044,0.00917796666740034,0.010790916880911827,0.012522742790685618,0.012917195528078731
2016-01-06,-0.003256922317632701,-0.003036204518081307,-0.0023712840975475026,-0.001426197369032808,-0.00021984615277758008,0.0011575269252379582,0.0026595011382855643,0.004323256657811911,0.006184894593222374,0.007454795941813851,0.009551576065280608,0.011912491575115182,0.01381844545355307,0.01576503322440162,0.016240655703946234
2016-01-07,-0.003361084603933416,-0.003295642536863498,-0.002869729936417398,-0.0021958973924631514,-0.0012391943123166208,-6.20995951322444e-05,0.001269938853275,0.0027650729645785264,0.0044331556020524914,0.005623557253120617,0.007600608867778848,0.010215087319878496,0.01220504188905885,0.014076992738060406,0.014635425874410293
2016-01-08,-0.0030838995590990533,-0.0031813927286054975,-0.0029125568475386505,-0.002379431788986583,-0.0015309824278842634,-0.00044757429434577687,0.0008099957232237569,0.0022417117439406807,0.0038648137770215395,0.005022714555963666,0.006959662208577243,0.009303755158947706,0.01116558518810742,0.012867778319477646,0.0134785450761477
2016-01-11,-0.0031407607615252715,-0.003039688411794939,-0.002577644208861836,-0.0018543341825706106,-0.0008286847702491228,0.00043087573184604557,0.001872101556359581,0.0034839635294950013,0.005273510910272886,0.006505661119978467,0.008561049873760496,0.01097910038736843,0.01299886861908504,0.014753475557746996,0.01534825437769764
2016-01-12,-0.0035064717556341947,-0.003768277921894925,-0.0035836981972408545,-0.0031036623839268826,-0.0022835747286439343,-0.0012429178895380687,-4.622653341324317e-06,0.0014260287883596373,0.003083975564069578,0.004242849780142178,0.006206461687006708,0.008529948950592912,0.010445019254722339,0.012170594888123531,0.01276301809706568
2016-01-13,-0.00333616148078536,-0.0032966244041444954,-0.002918371532623948,-0.002287982388308135,-0.0013525272231874191,-0.00017710939814307455,0.0012037937122167494,0.002777380602377569,0.004543145793916433,0.005749593682570306,0.007690821954519259,0.010516600932781804,0.012691722367419103,0.014565567537086335,0.015144260698751992
2016-01-14,-0.0036569724842807657,-0.0035587599129531075,-0.003058095640439157,-0.002272151611064312,-0.001175853381056714,0.00013922448598587607,0.001631067732296491,0.0032955716825126056,0.0051386382218571135,0.006375585532482056,0.00838407543022496,0.011022506670818579,0.01314396898591387,0.014971693060744223,0.015552264182195553
2016-01-15,-0.004403414800740702,-0.004143245946222198,-0.0035996595807889706,-0.002799877392742213,-0.0017595583732982615,-0.0005333486776329223,0.0008321830888423764,0.002353304806498507,0.004068429647483294,0.005134675681312416,0.006860326894092895,0.009520772176752738,0.011468396387811264,0.013220900099695359,0.013833631371617899
2016-01-18,-0.003768411256771656,-0.0035273682225902565,-0.0028874809888772496,-0.0019269291836456549,-0.0006707715551203905,0.0007894245093462019,0.0024024716528687345,0.004159241974500023,0.006093216860256564,0.00729881589005502,0.00937675324079369,0.011561443136654694,0.01350408901730762,0.015199672270773483,0.015799117880260456
2016-01-19,-0.0029857586728346593,-0.0026351543497787166,-0.0019345503601073991,-0.0009836103185206968,0.00016371655145778477,0.0014359893392048063,0.0027905933517938337,0.004272099722527182,0.00591983998441706,0.006977667362709134,0.008759605870248002,0.010721686405469787,0.012376165655672662,0.013838203434490621,0.014450190923957194
2016-01-20,-0.0033290666602280305,-0.0032759308137746174,-0.002885997487241232,-0.0022224522768114494,-0.0012720940788687606,-0.00012377115831317068,0.0011548306164232268,0.0025915384285444716,0.004199132452006146,0.005256085022262144,0.007011068640765968,0.009391009200961772,0.011268069419626693,0.012889475450986645,0.013540209080353135
2016-01-21,-0.003556096586601485,-0.0032053846463787096,-0.002619544137622862,-0.0018304461648480646,-0.0008634869570071479,0.00022127192629401685,0.0013813210431529285,0.002674628439211597,0.004145446967274394,0.005099915305388393,0.006644763716236226,0.008934112814988295,0.010579563045556949,0.012090092360593904,0.012764455809939752
2016-01-22,-0.003095028889609849,-0.00258583757452134,-0.0017644939963455506,-0.0007196087652202408,0.0004931560660049942,0.001794418948059565,0.00316395353080988,0.0046523869987581574,0.00629195920293636,0.007374245896062128,0.009226531773295679,0.011325067393344934,0.013022152068900717,0.014568189050500911,0.0151572493532881
2016-01-25,-0.0037032573337123786,-0.0033515260693011487,-0.0026900096154758467,-0.0017724273990130603,-0.0006374930424705419,0.0006163763137998785,0.001950154322167134,0.0034062603886605273,0.005005368332321972,0.00610052494449872,0.00802241129499317,0.01045306379215729,0.01237870637594203,0.014070121455608117,0.014718559153694003
2016-01-26,-0.002610975088508857,-0.002048902316058782,-0.0013025858356768283,-0.0003566948641557943,0.000742940457433413,0.0019301431612779008,0.0031630196179246233,0.0045087470010330135,0.006013311183453985,0.007040201041938816,0.008770791756989112,0.011165725105417993,0.012813267239183178,0.014405578016788005,0.01497243808043008
2016-01-27,-0.0034773757848512938,-0.0031836982307623246,-0.0026490162996690735,-0.0018773065362349868,-0.0009163962989360697,0.00014523155323230828,0.0012693872073903803,0.002523930134198121,0.003967598172306103,0.0049588525248915665,0.00662879616568467,0.008990813633131504,0.01076429976680905,0.012306254564140208,0.013025805144031283
2016-01-28,-0.0026755074414814293,-0.0023071514626397138,-0.001689777173563009,-0.0009041604622361775,5.186543884250542e-05,0.0010990484838645322,0.002225570998597632,0.0035084767062487725,0.004964948904650332,0.005963567285736873,0.007605850028064898,0.010242431353398734,0.012196107402563126,0.013990172710615104,0.014593324314978461
2016-01-29,-0.0031645580800405246,-0.002586788763127638,-0.0017350403776292705,-0.000679948305731204,0.0005088306625801128,0.0017490057526343087,0.003038108687356169,0.004457261086213684,0.006050045243673938,0.00709858845399917,0.0088671520781937,0.011194767645144701,0.013060666818384041,0.014746148267923642,0.015402318398215722
2016-02-01,-0.0037373201566841246,-0.0034829770799239,-0.002975759728708628,-0.0022080134301152633,-0.0012132972135531974,-6.177563576153329e-05,0.0011732000478157844,0.002571479721795677,0.0041237494046421725,0.005216457216336524,0.007002434973210436,0.00970677596279333,0.01155680456574918,0.013344092963197173,0.014101141789454987
2016-02-02,-0.0032360762085910967,-0.0024081088453663897,-0.0013885638886199307,-0.0002090715806240276,0.0010054875824784266,0.0022332339378035755,0.0034528053169743606,0.004828299577073563,0.006360143147148624,0.007392133972897964,0.009012377383235296,0.01182846635020396,0.013692060357309613,0.015496250255603184,0.016148559549979877
2016-02-03,-0.0037105257311008328,-0.0031803024260141604,-0.002418665165541787,-0.001446678122087331,-0.0003646583482318469,0.0007624261608338729,0.0019005114021020536,0.003178901275477422,0.004615047069194821,0.00558511122558021,0.007221895821203297,0.009575065035908822,0.01119459010024879,0.01284659253023821,0.013491398588944948
2016-02-04,-0.003308867337701109,-0.0028810946485226573,-0.0022248178753379146,-0.0013618917320411532,-0.00032967251433560106,0.0008047134154152946,0.001984691231618106,0.003313662487916454,0.004765963447405556,0.0057792097185904836,0.00745248771092738,0.010415552104462853,0.01239507851856064,0.014194543218131624,0.014814654559666407
2016-02-05,-0.0039773725862826265,-0.003248659897316832,-0.002356326249859022,-0.0012931692840108754,-0.00014379948249730926,0.001023988049456934,0.0021816649598574846,0.003446369370811881,0.004837424106083091,0.005799602223059351,0.007388263235031615,0.010192878539309556,0.011941105746996517,0.013668333225610577,0.014296994007851603
2016-02-08,-0.003843554780376327,-0.003384475960263981,-0.002655763567685512,-0.0016839852876361471,-0.0005285820788750633,0.0006966902575734407,0.0019435173063561523,0.003307605787250928,0.004789115300009812,0.005848865319802271,0.00764196386651032,0.010304641324499774,0.01214298023739382,0.013861826384915281,0.014494784581269522
2016-02-09,-0.004095348387672164,-0.0034745638414692627,-0.002648764226275234,-0.0016190261650184815,-0.0004272015440811342,0.0008235212940164144,0.0020850555092775495,0.0034426130070951467,0.004890149259141122,0.005901017993580507,0.007504487627453637,0.01050289662094585,0.012369836637804542,0.014141814893655518,0.01479391233570736
2016-02-10,-0.004509306349366913,-0.004026763703752453,-0.0032620565198200006,-0.0022214560989320593,-0.0009476975570294488,0.00043080322300827954,0.0018324207313512942,0.0033131161965657924,0.004867475598963353,0.005953324663709983,0.00783009141184525,0.010383387695816154,0.01213288007726313,0.013781829691485833,0.014449071335800175
2016-02-11,-0.0032474249939837326,-0.0025414490263197514,-0.0015647821661054257,-0.00037283541570680727,0.0009682665723577139,0.0023619839070110078,0.0037734007675925083,0.00529921570178247,0.00692741939867269,0.007989203606043539,0.009689830234360517,0.012298356113217758,0.014112018413139511,0.015795623990471193,0.0164202760252119
2016-02-12,-0.004152708404801496,-0.003992253232900134,-0.0034918591396294217,-0.002671970708142476,-0.001542480376761675,-0.00024688497949350557,0.0011293014490968327,0.002634571488877507,0.004245050039431892,0.005369387295670392,0.00734769448276275,0.009801230389184568,0.01169301980050612,0.013453117502708778,0.014110773736445703
2016-02-15,-0.003593962164294144,-0.003204542344949672,-0.0025073846087343117,-0.0015434892535706429,-0.00037511537593609224,0.0008813093567997404,0.002184721272748294,0.0036131275150605774,0.005157153116125666,0.006221257717022734,0.008049579399546723,0.010500104896814959,0.012233635643397127,0.01387385281768281,0.014505406624217074
2016-02-16,-0.0036985749312226667,-0.003481871723905593,-0.0029924533523270607,-0.0022521587592716193,-0.001308425670312857,-0.0002674545647754843,0.0008269217945336223,0.0020695744270863518,0.0034516720268599017,0.00442375785253769,0.006042843034385691,0.008660842301280332,0.010370934693728448,0.012012400333508266,0.012656627400365425
2016-02-17,-0.00338182037704927,-0.003244184357582944,-0.00274970805949733,-0.0019522831085940478,-0.0009174811323140999,0.0002321453271190492,0.0014419686623978769,0.002802663358010336,0.004299930258537948,0.005334605412710554,0.007112870163759123,0.009431659287357766,0.011078637715068425,0.012664649109220218,0.01331556673594665
2016-02-18,-0.0034814328255142798,-0.0031749853916288266,-0.002564838668898941,-0.0016936966388168685,-0.0006312553929999072,0.0004720676520880696,0.0015973323339671642,0.002841429663523235,0.004216991293817921,0.005221675804749166,0.006880225449305744,0.00913981620323797,0.010711472236913131,0.012190904224258288,0.012826544050611075
2016-02-19,-0.004194941874328823,-0.004002514116023528,-0.003521954176353055,-0.002761098706956342,-0.0017744380182979549,-0.0006906600342895552,0.00044884279478138174,0.0017269772303543627,0.0031481357082894868,0.004179426366493741,0.0058899193734197105,0.008467414108039233,0.010145452490537528,0.011803546695054418,0.012464889260646851
2016-02-22,-0.0039328764039927135,-0.003447122157995546,-0.002724954663246377,-0.0017691159773268032,-0.000652208133183352,0.0005316502551940372,0.0017627958707613681,0.0031260563217950575,0.004626121860537313,0.0057115195807384955,0.0074794630875275585,0.009997565053780449,0.011675096876433054,0.013382661946034614,0.01400091851637849
2016-02-23,-0.0038791635991380323,-0.003615017002821686,-0.0030675932934445165,-0.002248010221196646,-0.0012183694431186212,-7.132364777732558e-05,0.0011337712438732467,0.002494725130190967,0.003991980434498964,0.005072285120233776,0.0068562145094536045,0.009288072808868841,0.01092164734180771,0.01259099265546422,0.013236963840545386
2016-02-24,-0.004306054784532516,-0.004353831130479422,-0.004063492225786515,-0.003441536239790876,-0.0025331269472423576,-0.0014463678464175609,-0.0002620926463126885,0.0010970993785618752,0.0026055274895877747,0.0037142138548538766,0.00559258386583285,0.007977566579220515,0.009605159419315059,0.011313925758087809,0.01200022454907064
2016-02-25,-0.0044703254174213135,-0.004348351627886913,-0.004037308180489723,-0.0034970023853388168,-0.0027855244271540996,-0.0019681560575236573,-0.0010983484242107467,-5.633191217307309e-05,0.001160158950535193,0.002062027290976729,0.003502962839602641,0.005924872914284987,0.007298824359946516,0.008865477586821376,0.009582226499613565
2016-02-26,-0.003767460287797967,-0.003449640846103563,-0.0029231797952407454,-0.002187544310246545,-0.0013219936499147982,-0.0003750448327436359,0.000618561838561486,0.0017852587934439061,0.0031115140872168233,0.004087805746107648,0.00566958533318984,0.007797755026884802,0.009040084311063453,0.010494796356864351,0.011179125022474628
2016-02-29,-0.0037407403655019067,-0.003864518611193523,-0.0036950481609309147,-0.003258232956245031,-0.0025469223325911166,-0.0016341154214342519,-0.0005866440620581927,0.0006831483938933998,0.002097457383240728,0.0031573025891218076,0.004862865115173356,0.007493655692621359,0.009129237337220411,0.01081325080915102,0.01152182204850921
2016-03-01,-0.0035644363860302146,-0.003480137694284702,-0.003114426706842618,-0.0025177038862313657,-0.0017397271139080912,-0.0008424803768712014,0.00014067445459282728,0.001323828057900418,0.002640699728046431,0.0037195874191928244,0.005127830867091782,0.007626494951396631,0.009105671111808234,0.010751711374234772,0.011431769750809872
2016-03-02,-0.004172670783125558,-0.004482311327701942,-0.004421466412419153,-0.004023920827363247,-0.00324664782131791,-0.002203606925124649,-0.000990595402598788,0.0004396968553150287,0.001975725209633951,0.003241466282861941,0.005093390791570592,0.007912318880530372,0.009843866759534085,0.011813545622553684,0.012533724422559858
2016-03-03,-0.004126158311675231,-0.004076833143620697,-0.003804115811480594,-0.003326361108817484,-0.0026571248685462023,-0.0018619368811697294,-0.0009699973526893974,0.00011784513298614737,0.0013309337998428392,0.002350001027078537,0.0036313927657036353,0.006472530498871384,0.0081189639579142,0.009847017914844975,0.010586181746142835
2016-03-04,-0.004847765261413719,-0.004472152421807962,-0.0038768746636917368,-0.003060814166866554,-0.0021369787664145745,-0.0011693082500767909,-0.00017796880805581944,0.0009461624113572473,0.0021984439524296694,0.0032162970165220675,0.004611296138313353,0.006646838367977945,0.00786927704181626,0.00937936012494784,0.01010134823005427
2016-03-07,-0.004504305355953709,-0.004451577049117302,-0.004178152907719215,-0.00368699283336443,-0.0030505730834022894,-0.0023478334180993925,-0.0015968605628933737,-0.0006772792107649207,0.0003986776895210757,0.0013056051468621143,0.002402907278303941,0.004692314316815192,0.005998970955142044,0.00756363990243159,0.008316433938814184
2016-03-08,-0.004839674676206304,-0.0049208395700828,-0.004690363807945967,-0.004164697322001142,-0.0034097952198688026,-0.0025449286411755303,-0.0016095862505476422,-0.0005026344334195252,0.0007587628008989488,0.0018048246476426865,0.0031505257087244194,0.005179214507332661,0.006556309951629048,0.008163330142907446,0.008925124685723415
2016-03-09,-0.0043793196939521314,-0.0042714251242951685,-0.0038217092577876254,-0.00308366676395016,-0.0021612947689892926,-0.0011722287647437462,-0.00013815728289524962,0.0010560029449656469,0.0023865384057468256,0.0034616335708767144,0.004861579784109419,0.0066677295627329825,0.007986150608722393,0.009527100311862824,0.010247114572934118
2016-03-10,-0.004243673711841263,-0.004096479705996033,-0.003772493137202103,-0.0032711717280440623,-0.002628063220082584,-0.0019239536364838044,-0.0011578169070796665,-0.0001993431463826207,0.0009112954876488093,0.0018282672729575552,0.002779357242528901,0.005483571819823177,0.007028203676990415,0.008730177668680759,0.00942045405203477
2016-03-11,-0.005350052129131472,-0.004922153590329793,-0.004453190671139612,-0.0038997878729611296,-0.003356429723626646,-0.002862741022983643,-0.0023802209884542817,-0.0017318663119192937,-0.000908707960360495,-0.0001994132215692372,0.00034366648207723497,0.0029497698399646426,0.004157400426981378,0.005643646836734889,0.006403570087726115
2016-03-14,-0.0043912945207699415,-0.0043900399066379445,-0.004128536363583204,-0.0036244833866195094,-0.002914371230000025,-0.0021054879695562023,-0.0012056966258614642,-0.00015822175032278053,0.0010708827292740502,0.001881978540352458,0.003157431713602392,0.0052494436141150595,0.006660132455311131,0.008212528882780646,0.008955709390498136
2016-03-15,-0.0062881832121697515,-0.00621891608682453,-0.006058916311734737,-0.0057123910846598284,-0.005154043405067382,-0.0044603588712552105,-0.003661545709691647,-0.0027223114478467344,-0.0015998897217286605,-0.0008460832479064647,0.0002566025012570903,0.00337297832510537,0.0051112331649090315,0.0070448557012787166,0.00784613036864087
2016-03-16,-0.0044004379629676085,-0.004349992853661784,-0.00408328032739178,-0.003596264545919068,-0.002920785059556054,-0.0021511679472676214,-0.001296267045380699,-0.00029122647708069776,0.0008963531632574209,0.0016916251401693071,0.002953140084492704,0.005237678091658121,0.006599824909369833,0.00824525451086747,0.008977321481657096
2016-03-17,-0.0043463256595206905,-0.004370279068295331,-0.00412523437019722,-0.0036250752153252725,-0.0028685164466669567,-0.0019681755155802703,-0.0009504940173988936,0.00022736198863647708,0.001568199821995924,0.0024744423488589364,0.003969069872106604,0.0063038060575697896,0.007776460482308839,0.009515414660443079,0.010292320700039038
2016-03-18,-0.004752848507454735,-0.0047854217800752255,-0.004574452671148772,-0.004109707377853857,-0.003413961130605454,-0.0025902758630837013,-0.0016700784720653614,-0.0005982071110425639,0.0006525846994263704,0.0015108345908919887,0.0029798232375149616,0.004979823903147343,0.006242997773712421,0.00783478118106416,0.008602975549705245
2016-03-21,-0.005307125530439428,-0.005487407287628147,-0.005464351023831733,-0.005278269295512552,-0.004842631063688114,-0.004269530148284029,-0.003584330497521041,-0.0027272109531746094,-0.0016754225253567435,-0.0009272703388151461,0.0002703619339490546,0.002772619108319275,0.004132461747616921,0.005826373208480095,0.006611513334849746
2016-03-22,-0.00557755989143127,-0.00547270182974663,-0.005226913383383749,-0.0048496958221385285,-0.00431222804880412,-0.0037107879971076726,-0.003050881072652163,-0.002249773849087633,-0.0012490641747014523,-0.0005383240753834529,0.0006100872873560838,0.002866703072717828,0.003971962132149042,0.0055647156103411635,0.006341084351810265
2016-03-23,-0.004567161595465418,-0.005065955334430189,-0.005317305071457281,-0.005375757985382755,-0.005146404215969925,-0.004755120246402679,-0.004228800603992982,-0.0034899134803451958,-0.0025363774561474044,-0.0018483526996627448,-0.0007609752309241612,0.0014232043038511664,0.0025573475343410304,0.00403860830724202,0.004827680191806077
2016-03-24,-0.004862527968426939,-0.004865952555418773,-0.0046788942192079784,-0.004341822760994805,-0.0038088469062220916,-0.0031763179835993856,-0.0024577374636343846,-0.001574830307171957,-0.0004998677699242196,0.0002625701722984376,0.0015219370837553426,0.0037064454529868326,0.004863542351397224,0.006385261585046615,0.0071659325254206565
2016-03-29,-0.00525348566548488,-0.005325588291908299,-0.005087576988770294,-0.004600573277898926,-0.003842738332801688,-0.0029451501452021234,-0.0019529172124579603,-0.0008127179324036006,0.000501081288497786,0.0014457825607978468,0.0032235291610345253,0.004604241577826986,0.005588055883538865,0.007025359823903212,0.0078099278005083
2016-03-30,-0.003928767865529275,-0.004077189633125226,-0.004043118851356539,-0.003902516335428355,-0.0036319402945384502,-0.0033079125933060255,-0.002915005376260469,-0.0023133218897006098,-0.0014941146832458832,-0.0009089438529090541,1.7179202152672402e-05,0.0017011939389509892,0.002423103287521808,0.003647127669405526,0.004393524084528777
2016-03-31,-0.006258494762984837,-0.006132527956892804,-0.005831892090881477,-0.005369027311425206,-0.004692646135520085,-0.003886836766583384,-0.00298889542120745,-0.0019333036176915118,-0.0007115980088462158,0.0001602180307476108,0.0017002589660344352,0.0039058828432273025,0.005178357499717158,0.006894898062417011,0.007649742023492744
2016-04-01,-0.005461511720368016,-0.005349011828281234,-0.0050401888957381374,-0.004600227047316467,-0.004039959810034153,-0.0033819287223775286,-0.0026458584122125385,-0.0017347037498511133,-0.0006564252119158364,0.00012731648735970396,0.0014706683532170256,0.003688915814787811,0.004864369897995276,0.006537952454354205,0.00728302126478718
2016-04-04,-0.005925073598887908,-0.005958619945217531,-0.005730817092786521,-0.005303772993833682,-0.004591185894520646,-0.0036464059155591404,-0.0025403874069292315,-0.0012469333215905038,0.00015842999699610717,0.0011511288306829935,0.0028476430565702922,0.00577305541325013,0.007550160389340776,0.009723127810025402,0.010483829672842688
2016-04-05,-0.005382693033909189,-0.005229917195496949,-0.004790345940640881,-0.004175514171388352,-0.003370372550952799,-0.002416647249866449,-0.0013537170000326847,-0.00012055621799596326,0.0012294386974398069,0.0021599872863009083,0.003756094892410285,0.006272490764747293,0.007748493347161112,0.0097123149012621,0.010454323531786052
2016-04-06,-0.005841689987060948,-0.005865613988854561,-0.005581544961791,-0.0050824168840289076,-0.004324835185920451,-0.003367146574820333,-0.002276846721984273,-0.001008411497545548,0.0003792463695255808,0.0013307036937785389,0.002989930493276456,0.005492380268663041,0.0070038881282445,0.009032118041222753,0.009802897800269541
2016-04-07,-0.005083770062539476,-0.005541630665584237,-0.005530527843668116,-0.005185540459893307,-0.004440451316244541,-0.0034027512877522707,-0.002184574379653266,-0.0007642864180253039,0.0007706519487806729,0.0018467815899128144,0.003872488380286993,0.005752142033987193,0.007125546021390936,0.009098523890892185,0.009863535829128781
2016-04-08,-0.005806704924080126,-0.006219049041838845,-0.006297067548928023,-0.006132903529856921,-0.005656750975636537,-0.004953962600109772,-0.004109417746245922,-0.003071035162939979,-0.001882713109108237,-0.0010213504822361478,0.0005052073880722841,0.0029279572952842516,0.004291226679787369,0.006291251221919526,0.007085372050538601
2016-04-11,-0.005914133760091152,-0.00560414209600417,-0.005092316319454217,-0.0044457571341796195,-0.003625712556563427,-0.002661850267519379,-0.0016042812275136524,-0.00039191286752818743,0.0009217030465447698,0.0017843332096307346,0.0031758273060450725,0.006322187465757948,0.007995383384284557,0.01017783774506267,0.010983276979683765
2016-04-12,-0.006198333321039789,-0.005241710816895613,-0.004180722899786523,-0.0030426693338007037,-0.0019053564244963222,-0.0007628960941380895,0.0003734103193703351,0.0015963385153686769,0.002924131707013786,0.0038094294868624883,0.005347810810006312,0.008171272491386718,0.00967442710562498,0.011809938622175031,0.012620662213048124
2016-04-13,-0.0048241553084846156,-0.004758222716070282,-0.00439151139797327,-0.0038229233408094317,-0.0030614923492144073,-0.002186725031040288,-0.0012341242292479946,-0.00012125284802416009,0.001147035095979141,0.002021887373481202,0.00364477606893561,0.005356481348461086,0.006359152763498684,0.008036735361350408,0.008846684367926136
2016-04-14,-0.005649561369903858,-0.005370869656730463,-0.00491980527993131,-0.0043361802076476285,-0.0035741297881695723,-0.002687365327229764,-0.0017072527844896991,-0.0005666089276281159,0.0007057100205135963,0.0015504468483078335,0.002976503470391341,0.005875855945433205,0.007427074434727188,0.009530811012030602,0.01040167496909545
2016-04-15,-0.004364237714412231,-0.004269984603139208,-0.0039392223476626236,-0.0034685947380697067,-0.002861766038664534,-0.002203246739520728,-0.001488213790399096,-0.0006001909496499186,0.0004623688880474688,0.0011657237870236342,0.002371101348163982,0.004503864210932828,0.005509121195301381,0.007229595978852391,0.008079690347838422
2016-04-18,-0.004894388742342385,-0.004817065419014907,-0.00448633920676535,-0.003972076661847869,-0.0032372623132738846,-0.002387271365032934,-0.0014520024494482126,-0.00035106891071208675,0.0009061957326186643,0.0017417907402630087,0.0032224888423689475,0.005499872974014702,0.006755010880253437,0.008643911967247174,0.009453991958615154
2016-04-19,-0.005312389332355887,-0.005287010119244569,-0.004991274442402433,-0.00449454995401227,-0.003746423275780655,-0.0028520495716562603,-0.001856287290177481,-0.0006922717738475774,0.0006203822593674773,0.0015061105687093766,0.0030813839593999254,0.005574022232691325,0.006993935356378445,0.008940207673340384,0.009812325024371626
2016-04-20,-0.00506396626435998,-0.004996547452544485,-0.004647207001948329,-0.004100863141132446,-0.0033577671281727474,-0.002521774171446325,-0.0016195710475544565,-0.0005564588295199664,0.0006748849724947516,0.0014930660422495766,0.0029956729580199685,0.004864015269955852,0.005910956350248372,0.0075384151833676975,0.008432793431251244
2016-04-21,-0.004930121903380389,-0.0049952222060266616,-0.004811145354293041,-0.004455503603147788,-0.003890335387780215,-0.003201858096358156,-0.002417825533262614,-0.0014446970995008724,-0.0003046235002024419,0.0004521456065591529,0.001766426406199216,0.004067629172579797,0.005263298062836142,0.006997321354967816,0.007901270199013096
2016-04-22,-0.005082837114502597,-0.0051741747668408175,-0.005020087824040814,-0.0046877793233667895,-0.004136165199107566,-0.0034519078823676014,-0.002666216377978715,-0.0016876889228124342,-0.0005439308112371367,0.00021484554778570045,0.0015316467414130852,0.0038198313548286006,0.005035809292053805,0.006764035165458839,0.007670640006387456
2016-04-25,-0.003837872549631429,-0.004149806956509535,-0.0041668059092640425,-0.0040020895115688345,-0.0035742994134652034,-0.0029769373660694155,-0.0022364156791788202,-0.001260473904998192,-0.0001244568997833585,0.0006281531289717348,0.0018797206743940051,0.004438379259547503,0.0057629906886270624,0.007444812058675402,0.008369082215485879
2016-04-26,-0.006014613888672655,-0.00604244411317937,-0.0058726221265977315,-0.005532841594795553,-0.00496420673220023,-0.004243864305727126,-0.0034163826596677015,-0.002405953709894863,-0.0012384214947344593,-0.0004564435369300013,0.0009148550923297328,0.0035150399928876286,0.004866005017821085,0.006669971793005032,0.007637767036028334
2016-04-27,-0.005002056151626886,-0.004925319892433668,-0.004632756115584016,-0.004171329812487174,-0.003496584583564973,-0.002681412793028365,-0.001761478510422556,-0.000658061807466192,0.0005895519340637187,0.001396825238325253,0.0028176673734615397,0.005170483818919353,0.006371880258453873,0.007965738407203356,0.008940389126808152
2016-04-28,-0.005312422003611355,-0.004933550733041053,-0.004400879922788314,-0.0037526780094456562,-0.0030065993058939794,-0.002214508983241129,-0.0013806104061295462,-0.00039603896810469247,0.0007386534612543237,0.0014567105227870749,0.0027212833360028173,0.004888081247601197,0.0058683374723450575,0.007400167008674595,0.008331900671615202
2016-04-29,-0.00508634418327723,-0.00476961834083009,-0.004245164634388382,-0.0035608251299357463,-0.0027007518780823047,-0.0017320652051528527,-0.0006836963256911341,0.000522210604711825,0.001850809764154044,0.0026963581698938545,0.004203981415988585,0.006499083312836389,0.007683737167444333,0.009360610885025739,0.01027964963962083
2016-05-02,-0.004342670679227581,-0.00410483223717469,-0.0036615152034287154,-0.003080711667996904,-0.002368049526013159,-0.001580417332018793,-0.0007265607882360431,0.0003014629244335082,0.0014731647411243961,0.0021955991585731107,0.0034509576045557546,0.0055615128994702025,0.006519965835596869,0.008007624068393868,0.008892144516600814
2016-05-03,-0.0050756293181359125,-0.004921790231888985,-0.004613724647258883,-0.0041724462566623925,-0.003577186868277714,-0.002885137271526921,-0.0021196456831551395,-0.0011793321747901374,-8.386152101883101e-05,0.0005905774410822125,0.0017577411322779156,0.003956891791272961,0.0048648747769024624,0.006369332933846844,0.007296425865251857
2016-05-04,-0.004397653088430929,-0.004185728170098222,-0.0038092120632616097,-0.0033130453493728724,-0.0026688192781395923,-0.0019223624367609247,-0.001088372798098335,-6.850405845382343e-05,0.0010885053391422755,0.0017917326470826454,0.002939875482752108,0.0052642989443118186,0.006317617817252456,0.007892810892980552,0.008793935736933389
2016-05-05,-0.004928376089228879,-0.005128835638900894,-0.005168375087793383,-0.005061893987273439,-0.004743217151474728,-0.0042798034908406776,-0.0037059292807259813,-0.0029229386453736884,-0.0019675549853349294,-0.0013757126417631529,-0.0003901303558654645,0.0017277855701600773,0.002502340746830986,0.004027916525808612,0.004953452858087975
2016-05-06,-0.005403508306342001,-0.005649562630932967,-0.005792174255274257,-0.005813098780565829,-0.005595256688188116,-0.005213070393049703,-0.0046930032069372575,-0.003954761015206407,-0.003049101934463472,-0.0025054319538231114,-0.0016669520282496441,0.0008866742076070345,0.0018706701753484602,0.0035296776773438444,0.004452719260483627
2016-05-09,-0.004698733280562793,-0.0045770552546567575,-0.004293566050347026,-0.0038851248941707385,-0.0032947496473801074,-0.0026070389102395195,-0.0018221652353089767,-0.0008529782909613067,0.0002529210308883069,0.0009049117832463983,0.0020061427291575085,0.0041001928928458675,0.00497171223085058,0.006581357882741111,0.007464453286533507
2016-05-10,-0.005548344553311073,-0.005426596198507622,-0.005248978653400178,-0.004988500626050441,-0.004592951658477173,-0.004131707752052479,-0.003597567195534306,-0.0028873828854384396,-0.0020124148279698313,-0.0014943732682796288,-0.0006461174159009873,0.0015884776670444761,0.0023156137279438526,0.003964295790331157,0.004851518152206606
2016-05-11,-0.005009786002359153,-0.004950264627039594,-0.004730578198049872,-0.004362121847074762,-0.0037659156881091524,-0.0030385904402524923,-0.0021968186787527317,-0.001168148556793029,-1.1068394112030049e-05,0.000687951265548234,0.001897210899130072,0.004178975965832391,0.00514253219583865,0.0069483016553204624,0.007862617984212363
2016-05-12,-0.004722824824902959,-0.004829777470537649,-0.004736999447555537,-0.0044759196714980205,-0.00394600217052048,-0.003251431617381313,-0.0024189612488711115,-0.0013818423445661097,-0.00022026360463949825,0.00047609334507010717,0.00165850839782117,0.004047825657312201,0.005115230097938704,0.006935531266821427,0.007823610670576051
2016-05-13,-0.005123965514981344,-0.005033414708952599,-0.004732766665825073,-0.004226696766125313,-0.003493303366071316,-0.0025750063544077665,-0.001527521123195332,-0.0003025647089146379,0.0010226297519108632,0.0018183576307426673,0.003239155097323224,0.005563822210390892,0.006668770813272134,0.008577079166415827,0.009508147605632521
2016-05-16,-0.0055672670211578835,-0.005747624173255983,-0.005713240246553441,-0.00544400325312725,-0.004884378868397639,-0.004092886432235196,-0.0031493420581065546,-0.00201165674021331,-0.0007559097523927962,1.8177043132870945e-05,0.001413288914942497,0.003674040708212303,0.004741636529183848,0.006605232166433592,0.007515601593861583
2016-05-17,-0.0053061023355514695,-0.005379939987427144,-0.00525533121586855,-0.004921406006897624,-0.004350307479730068,-0.0035912149900242884,-0.0027029402135972753,-0.0016253853181988419,-0.00042616464211418976,0.0002926722649568754,0.0015769169484321402,0.003769443689789669,0.0047089390273777525,0.006514504085378679,0.007406461820640282
2016-05-18,-0.00520584101223572,-0.004968836726790415,-0.004606785961892997,-0.004103586468527342,-0.0034472078538940057,-0.002656482694751426,-0.0017626839973417297,-0.000690412867097141,0.0004920866882604451,0.001176982740468754,0.0023350775272314777,0.004880903638348279,0.005897062185822554,0.007805934642105763,0.008688868460167951
2016-05-19,-0.005043722198819874,-0.00517177056955852,-0.005110065863351781,-0.004849487103420091,-0.004363853700640696,-0.003699504595201418,-0.002906452310273701,-0.0019134893358602415,-0.0007851649069152593,-0.00010308915976098721,0.0011028867553248471,0.0032992523296265217,0.004206071212926019,0.005959117358071794,0.006856258055155712
2016-05-20,-0.0050048599937578655,-0.0048618576481191285,-0.004544773564391387,-0.004053269614539708,-0.0034317094204922957,-0.0027146704597837334,-0.0019251240958431065,-0.0009656045807142818,0.00012390329363923995,0.0007502471713612476,0.0018891032412809087,0.0037510290075029075,0.004378154409210695,0.005992023443762978,0.006902516291495155
2016-05-23,-0.004781186588373207,-0.004649626737311763,-0.004317707851244671,-0.003797086405100604,-0.00307782667687585,-0.0022038774001362773,-0.0012089423247822143,-2.9838102535952732e-05,0.0012471901238513183,0.0019884399360058915,0.0032840849962822013,0.00568528746800304,0.006737538971813885,0.008676998869069176,0.00954449865578007
2016-05-24,-0.004790887722969664,-0.004668156180627469,-0.004380396902810305,-0.003931167548855788,-0.0033230329866188223,-0.002596384808062191,-0.001773054029812685,-0.0007619694495895253,0.0003698423685617304,0.001016905632752444,0.002114595931411594,0.0045295763406262525,0.005509013296201042,0.007353661725059019,0.00824915330071059
2016-05-25,-0.004756226674089128,-0.004731008938343337,-0.004451062155835898,-0.003939774454563327,-0.0031848886260699687,-0.002263548301969105,-0.0012227870576012561,-7.379123606141447e-07,0.0013201857867247593,0.002090483226133953,0.003467395765591978,0.0056671771897626256,0.006712969131636348,0.008619899299277544,0.009521224504191357
2016-05-26,-0.005080026494271389,-0.004943599598828149,-0.004632228214720905,-0.004132537071005389,-0.0034084301456596086,-0.002521664285138902,-0.0015131462833853876,-0.00032841366317166174,0.0009540416943450733,0.0017230563519914487,0.0030587429317008655,0.005896558676500637,0.007142416124386659,0.009248914987566028,0.010138318234310193
2016-05-27,-0.005063492635508,-0.00500560340034567,-0.004738519804582832,-0.00424666305225431,-0.003498482533199225,-0.002577412939110897,-0.001531318208540829,-0.0003135975489930578,0.0010078250791958187,0.0018134788344133556,0.003248142233873391,0.005900318228514185,0.007147199431856694,0.00925113580983028,0.010098223090693496
2016-05-30,-0.0054069995781379915,-0.005163788965553222,-0.004727792703926901,-0.004071461569148828,-0.0031839665255109567,-0.002151147066537279,-0.001015915660082451,0.00026582321456053047,0.0016461006926204778,0.002477297047884427,0.00395353511901769,0.006633424613271927,0.007907585430998515,0.010094861001195964,0.011002014566725293
2016-05-31,-0.005077919323101638,-0.004807585289152295,-0.004369667214262953,-0.0037357665711343375,-0.0029284604266785978,-0.0020219126881033615,-0.0010418314818487055,8.092459670198731e-05,0.0013159034759181168,0.0020208302808428736,0.003264022317202318,0.005554121068270289,0.006521125628583559,0.008449028623752589,0.009333164859293384
2016-06-01,-0.005171269844532392,-0.005162654150731355,-0.004985378383457872,-0.004598895097488138,-0.003986734520851558,-0.0032245592578898107,-0.0023554017661007475,-0.0013153246619754492,-0.00015191979739621647,0.0005326905322220661,0.0016975449842277241,0.004160967025165396,0.00535696703612639,0.007408184213424407,0.008262627070667385
2016-06-02,-0.004881905280229915,-0.00470788632054569,-0.004329404330321438,-0.003724018516143498,-0.0028909111946330284,-0.0019091191796715397,-0.0008189563309165605,0.0004309123766509006,0.0017826147169843144,0.0025731146808694394,0.003974169257780867,0.006363251509882148,0.007728482282724353,0.009797112513382918,0.010669977496264636
2016-06-03,-0.005705052668935557,-0.005231459933198379,-0.00472334050888984,-0.004100196583831012,-0.003393241045086129,-0.0026358352472034777,-0.0018269327514418958,-0.0008798948561902673,0.00019380575741182729,0.0007719020646708155,0.00169734337407285,0.004370333675065778,0.005490277794382792,0.007574595765529101,0.008465742323314282
2016-06-06,-0.0055691182445490265,-0.0055639370853917645,-0.0053594003754706835,-0.004912956316216635,-0.004202485091235692,-0.0033173498819416883,-0.002303441149854807,-0.0011152181810787337,0.00019586182340343818,0.0009565768931470488,0.002288283522235936,0.0048073271838457,0.006122255832998017,0.008346492794582404,0.009219502052669089
2016-06-07,-0.006186109889235474,-0.005974292140151324,-0.005586788200830636,-0.004962589607303887,-0.004130046070887479,-0.00317161972691132,-0.002122306317335256,-0.0009310211805058819,0.00038584697088325955,0.0011483247734414895,0.002538813855346052,0.004609723858998892,0.005764283792504262,0.007909105321364624,0.008779338021845566
2016-06-08,-0.0057428333106195025,-0.005728821017131961,-0.005550045126537667,-0.0051522310612925355,-0.004554935263951523,-0.0038407799191188183,-0.003038059808617085,-0.00206820878948727,-0.0009395423183128691,-0.0002887800784205554,0.000875094405347,0.0029241471827019536,0.00400424447261575,0.006096628220025986,0.006951026612469331
2016-06-09,-0.006159317054117938,-0.006020154181328936,-0.005715633144018333,-0.00517345192940212,-0.004373964805550914,-0.0034036081959374605,-0.0023124052901965465,-0.0010589918297929666,0.00031187450732846864,0.0011146579247155353,0.0025281789202401465,0.005057020632113152,0.00654180170658353,0.009004588368927058,0.009867319265049959
2016-06-10,-0.0055818723067233835,-0.005454294909982227,-0.005179039438575248,-0.004703468651987555,-0.004044037620992433,-0.003281986605752497,-0.002427378063514266,-0.001421126795846377,-0.0002739904572918407,0.0003649338257632241,0.001468511099263773,0.0037396285598564403,0.00486140155214726,0.007065673620937487,0.007938289314607671
2016-06-13,-0.005160928194894092,-0.004849502077597605,-0.004413959449841028,-0.003818689176744244,-0.003133734043223227,-0.0024266934438582776,-0.0016800710464838645,-0.0007964710980895456,0.000239865477146789,0.0008054814060245952,0.0017860929199513666,0.0038267418192942815,0.004711014403950473,0.006669031242328154,0.007550715667465868
2016-06-14,-0.005316990807683155,-0.005301744431863814,-0.005118774319305774,-0.004731385101553057,-0.004188717838459675,-0.003577381564120655,-0.002900382404723457,-0.0020765605978967446,-0.00109112449871078,-0.0005479716275507908,0.0004240790350422169,0.0023135508670869684,0.003131010519191477,0.005044869072304298,0.005930591257346467
2016-06-15,-0.005496498455710033,-0.005466019523371465,-0.005289455135083315,-0.004912048050331767,-0.004336342954893334,-0.0036458284244376147,-0.0028658728074324,-0.0019316978297083294,-0.0008590512675721314,-0.00025714161270552185,0.0007730313425549573,0.0031246373249408333,0.004209384938777454,0.006317009368902984,0.007214189709890769
2016-06-16,-0.004681374537007355,-0.00435153617178858,-0.003954176950521997,-0.0034424344172203684,-0.0028329915198108246,-0.0021732297813995822,-0.0014475085578130138,-0.0005662466245409154,0.000438379555380204,0.000947795752578081,0.0016938022538333759,0.004465077353861541,0.00567342531837894,0.00787028601555727,0.008774880892531731
2016-06-17,-0.004990641815068563,-0.00465664032716626,-0.004189361906508356,-0.003549308395165582,-0.0027842439248833375,-0.0019658034571829078,-0.0010943401228206587,-8.942609245860933e-05,0.001033476954854239,0.0016287501482273024,0.0026289029135925343,0.004869780080482264,0.005908055515560183,0.008018638368850356,0.008920272721735541
2016-06-20,-0.0047329382168126094,-0.004677290382676802,-0.004440771512149264,-0.003999404435608194,-0.0033742491450903995,-0.0026593090247406404,-0.001867575276389719,-0.0009233493945226709,0.00014944131536230714,0.0007351469181865795,0.0017537097718592937,0.0038981725501556815,0.004980492137926031,0.007071274515984249,0.007976204528221304
2016-06-21,-0.005447912471422409,-0.005442133966454484,-0.005321548686216391,-0.005014205351044468,-0.0044964369960794085,-0.0038529090481725734,-0.0031146933902055553,-0.0022144617593450756,-0.0011873538820232985,-0.0006299757682972269,0.0002633832326694146,0.0029852441606053187,0.0042702551016345,0.006549511976678517,0.007544261385538597
2016-06-22,-0.005230667027095378,-0.005342498097673765,-0.005287160367257589,-0.005005764411818066,-0.004461167187783764,-0.003759791891491604,-0.002940412454150847,-0.0019462474116343513,-0.0008276381691360452,-0.0001975274051486094,0.0008616150704536408,0.00350021987829254,0.004823179831348831,0.007092133997586736,0.008102820245160637
2016-06-23,-0.005133709382837627,-0.005181346787604797,-0.005032814361693009,-0.004645060254377125,-0.004006705491071613,-0.0032255665009364126,-0.0023411001155669037,-0.0012900605235087609,-0.00011669223857480873,0.0005396217757786474,0.0016916953474728732,0.0040640314471403005,0.005269064233006463,0.007393978587066784,0.008432544437949866
2016-06-24,-0.005397629656051664,-0.005398124050213347,-0.005204248912147128,-0.004768351428229414,-0.004081886785942787,-0.0032492210715899398,-0.0023098628035934004,-0.0012056816701307752,1.5016810245845752e-05,0.0006903642801775239,0.0018586711926410894,0.00429980489359382,0.005542098715556958,0.007714210033137831,0.008740156597359324
2016-06-27,-0.005519301752764506,-0.005494888676098049,-0.0053080954825875494,-0.0049029928138188015,-0.0043084069756339025,-0.003618079693725277,-0.0028567945364131836,-0.0019435338159728547,-0.0008934198901726399,-0.0003306791616511977,0.0006777960088035783,0.0027758881249438337,0.0037064655463635915,0.005687590057888136,0.006720663623045405
2016-06-28,-0.005282816664242889,-0.005365405061417449,-0.0052549635901372556,-0.004905007927625747,-0.004291176257805675,-0.0035203620407444737,-0.00262979252612572,-0.0015637058793412737,-0.00038106693505840907,0.0002704051992132147,0.001403341509958395,0.003940797290884786,0.005222551466014085,0.007411926017838211,0.008435691091489993
2016-06-29,-0.005884486542811109,-0.006087978400948731,-0.00611689081703825,-0.005887822992422872,-0.005352009047534261,-0.004618478644582797,-0.0037461047486896685,-0.0026864025435583564,-0.0014982156592383102,-0.0008277967557013433,0.0003408076535596714,0.00304016519594714,0.004362067350676681,0.006644945605267509,0.007694710604582953
2016-06-30,-0.005155948850039282,-0.005034007384466936,-0.004773192002274798,-0.004314564101040549,-0.0037218541390325417,-0.0030629507991756784,-0.0023489056496135544,-0.0014793760270520135,-0.0004614080335896015,5.896326238050218e-05,0.0009827999618794805,0.00299679046162383,0.0038334183896450644,0.005745323727781811,0.0067484574348529065
2016-07-01,-0.0052853601871463715,-0.005090980825261202,-0.004780311633295571,-0.00428748288818067,-0.003659316269043085,-0.0029557255769943,-0.0021857352882274157,-0.0012577209537926843,-0.00019612288022464883,0.0003553216383079868,0.001279141192869277,0.0037904620052977593,0.004872501655453067,0.006955664434115372,0.0079748779072564
2016-07-04,-0.005855957472482108,-0.005916382967352472,-0.0058111730370915314,-0.005468019372383008,-0.004894266259954485,-0.004175663423775839,-0.0033523728594983745,-0.0023525258199513744,-0.001219058207175937,-0.0006065570682222562,0.00045747003189478756,0.0029501277740689898,0.0041554399541103475,0.006322031814469162,0.007343450040112084
2016-07-05,-0.005924081857203036,-0.005911679398340173,-0.005702527001522968,-0.005249971349339491,-0.004590636436066686,-0.0038115748864438023,-0.0029396817849738285,-0.0018998504592694764,-0.0007259963769614648,-0.00011197429340737307,0.0009713522819759225,0.0032901357637771115,0.004395459326487,0.0064794806900451,0.0075820809833225845
2016-07-06,-0.0056254430779110335,-0.005687578515308846,-0.005602911022345408,-0.005314639908030721,-0.0048522813974845765,-0.004291555330144713,-0.0036394196071440543,-0.0028022417535602806,-0.0018042713338123437,-0.001309952142918383,-0.00048433171630824965,0.0018239957981369954,0.0028058138742097314,0.004812679573771396,0.005846603122288496
2016-07-07,-0.0059193549747776205,-0.005963822441760077,-0.0058471326803402075,-0.005507603639534344,-0.004986781542940005,-0.004369274449021455,-0.0036707100145511417,-0.002797587360341329,-0.0017622653999062323,-0.0012630498409803102,-0.0004006034116422944,0.0015227310076683506,0.002338365078387169,0.004246791872867341,0.005235878815083003
2016-07-08,-0.005042532411410329,-0.005110942701292675,-0.0050085483966749115,-0.004705255086796215,-0.004228040826803754,-0.0036577277635838697,-0.002993622188085293,-0.0021452681955405175,-0.001152791331992039,-0.0007060266197286673,2.032752241140916e-06,0.0019919617876692558,0.002834516916036422,0.004655733228473531,0.005677353960959641
2016-07-11,-0.005539192715655705,-0.005496524127552432,-0.005347461829817102,-0.0050268229726579405,-0.004574329692122966,-0.004053180085597168,-0.0034606724740673927,-0.0027081700810498424,-0.0018124458385661761,-0.0014524604275673128,-0.0008886422619926641,0.0009152180806126905,0.00154150875828958,0.0032222897577599613,0.004193894930335011
2016-07-12,-0.005822445332417827,-0.0057082308267987,-0.005473915682760479,-0.005055142959415157,-0.004479215478769592,-0.003808163975722145,-0.0030546195127250596,-0.0021521555294857827,-0.0011336945329130613,-0.0006933651071460244,2.7471855001168005e-05,0.0020570359942168022,0.002797939828941386,0.004825132432774576,0.0057561210537279564
2016-07-13,-0.00586269468772939,-0.0057428416198799246,-0.005520731400615078,-0.005140307353329071,-0.004603977543460597,-0.003967167417659061,-0.0032411469765036872,-0.002356828574145682,-0.0013682274057620256,-0.000993523487470564,-0.0005149645426066462,0.0018581503949044679,0.0027915097726839712,0.004794700433597981,0.0057365464462216355
2016-07-14,-0.005631465306474111,-0.0056078483736959495,-0.005409110552014579,-0.0049984240254621354,-0.0043888055800296,-0.0036632590423924987,-0.0028399945504561175,-0.001862270432293241,-0.000783113464459115,-0.00035885298941726556,0.0002986625813177846,0.0021672570650644266,0.002937914106372477,0.0048714581177951325,0.005787219174255703
2016-07-15,-0.006629668774826809,-0.006737014700347727,-0.006646415341816662,-0.00629520159379136,-0.005666406765870266,-0.004861247970063073,-0.003928378280559207,-0.0028394817584138634,-0.0016568554019553844,-0.00118210485554615,-0.00038552884170782497,0.0012359655334688961,0.002069520412181916,0.00395580196056402,0.004874048562926167
2016-07-18,-0.00610032988211167,-0.006105938404052617,-0.005887281925977095,-0.005416200658636831,-0.004692471685673216,-0.003807860770611805,-0.0027951014973314784,-0.0016282734300389632,-0.0003811050353614235,9.658220866904472e-05,0.0009476188391153997,0.0023308093347911224,0.002995451403829433,0.004962523068726993,0.005849136360175202
2016-07-19,-0.007251658021593378,-0.007342503728243251,-0.007288966163012356,-0.006988418453840224,-0.0063539272980625535,-0.005472903569645785,-0.0044136701467742045,-0.0031900198789785263,-0.0018980440773885274,-0.001375543513411896,-0.0005260229599331758,0.0020135228929009123,0.00324733868304774,0.005768045178014568,0.00667425102238558
2016-07-20,-0.005452342630397744,-0.005581674692838626,-0.00550504482248328,-0.005199589916255808,-0.004627863447143039,-0.003873246035694283,-0.0029592450140329737,-0.0018595658527800591,-0.0006742161315962997,-0.0002160616797418093,0.0005605061594760155,0.00242563464354492,0.003319134565329446,0.005447189330381467,0.006317502765999319
2016-07-21,-0.006660269762894166,-0.006483369876346807,-0.00622159347310821,-0.005789338928507421,-0.005176586159732211,-0.004435136372366388,-0.0035786526657174875,-0.0025699691478287554,-0.00146750353003453,-0.0010799242200116993,-0.00048120171262274716,0.0016776769113213872,0.0025394049542418876,0.004762688990753038,0.005675905135579047
2016-07-22,-0.006308363302172287,-0.006074441620423853,-0.005825938831430109,-0.0054591222346612855,-0.004938926105707155,-0.004295506905430298,-0.003524813414436552,-0.0025822386411481317,-0.001547536764654312,-0.0012006521412838375,-0.0007420334875325891,0.00199306417205253,0.0029983760782990605,0.005446820106623442,0.006326964379030316
2016-07-25,-0.006918949264960231,-0.007063681683420987,-0.007109428392748991,-0.006964906941474363,-0.006599669207274605,-0.0060783103283154226,-0.005419122234359182,-0.00458566200963864,-0.0036379351222644435,-0.0033333032325386196,-0.00279555005721956,-0.0012828993787202254,-0.0007734601081327684,0.0008865069391084924,0.0018278135743885386
2016-07-26,-0.0064425948610211834,-0.006635254553104374,-0.006715252532060366,-0.006618474018161682,-0.006310630409389085,-0.00585757607406753,-0.005266796847903834,-0.004485131336808187,-0.0035855680264875863,-0.0033039680147302908,-0.0028513855394319207,-0.0012879922179671968,-0.000657183422606292,0.0009769765080080415,0.0018559968455424216
2016-07-27,-0.006387177402592153,-0.006329117300490755,-0.006155077634879349,-0.005819960030407701,-0.005317668681418868,-0.004702577284137996,-0.003967213751573179,-0.0030560466108321086,-0.0020448752716885846,-0.0017050507264662995,-0.0011488992627088626,0.0005257256004091646,0.0012428148330348152,0.003112518906001151,0.003939248419087902
2016-07-28,-0.00739077725110558,-0.007049291769994644,-0.006708068760685429,-0.006273173775341369,-0.005825215697297248,-0.005375955585902929,-0.004895073543044139,-0.004279390335100462,-0.0035263582388436387,-0.0033891109858782847,-0.003174583126051689,-0.002170831018025428,-0.002015749064268573,-0.0006057705970648865,0.0002924742185378315
2016-07-29,-0.006178070843391175,-0.006063085163259509,-0.005881058590882312,-0.0055817519663307405,-0.005164593092539591,-0.0046750839326723005,-0.004087176582777021,-0.0033172980980235053,-0.0024276627198664123,-0.0021752834903758515,-0.0018276544092028176,-0.00028772643726338466,0.00030772921242757474,0.0019711295019350515,0.00303629296449325
2016-08-01,-0.006510544784821068,-0.0065405503774112,-0.006462273908184044,-0.0061794093227304555,-0.0057384439239629974,-0.0051333322735952445,-0.004424954295744964,-0.003509349638120194,-0.0024847125431692696,-0.0021373470904639384,-0.0014589292511005569,0.00010721780550448749,0.0007876605657277575,0.0025694877768736913,0.0033962216073636577
2016-08-02,-0.007760545124309195,-0.007502779666621263,-0.007215859738536855,-0.006766730425409247,-0.006300070325554993,-0.005774239641726752,-0.005228502975595807,-0.004512939277453798,-0.003655047334053554,-0.003428416611747389,-0.0029410570907870406,-0.001836270566014168,-0.0016751002771753073,-0.00018765542127186337,0.00072123541164729
2016-08-03,-0.007251309139723946,-0.0072990487712909415,-0.007193221838400136,-0.006841715378034176,-0.006259562278464213,-0.005497945346193158,-0.004622447561308806,-0.0035358243212870962,-0.0023390692270498104,-0.0018683259128219505,-0.0009063776085528213,0.0005491156792193654,0.0011188723076476165,0.0029023165511692446,0.0037264412639080556
2016-08-04,-0.007060966036752643,-0.00709250078993568,-0.00697528637840181,-0.006632398291632189,-0.006083870174123384,-0.005374699753703454,-0.0045500091212558,-0.0034964464951972875,-0.002328083957179744,-0.0018882447044169135,-0.0010620223031110616,0.0008631366815262096,0.00164770570741039,0.003642357765435122,0.004427922398580409
2016-08-05,-0.006737107354686429,-0.006867904673359631,-0.006796084271237013,-0.0064621054749520864,-0.005871437874821603,-0.005080109084603228,-0.004142131857448241,-0.00295939917770445,-0.0016757932132872287,-0.0011744104610553782,-0.00020107828257079612,0.0017888247136424872,0.002679761553191588,0.004794656598943047,0.005548187127140879
2016-08-08,-0.0074981083676326134,-0.007717188740365316,-0.0078265187462972,-0.0077242110069590825,-0.007419894097624679,-0.006950988059142371,-0.006359289351236164,-0.005519328327164744,-0.00454720629261765,-0.004240265706242091,-0.003683434049191397,-0.0016340997673477816,-0.0009973272773393517,0.0009732678735561342,0.001763781285799156
2016-08-09,-0.007125196281912518,-0.006901112839620357,-0.006610357276645391,-0.006175472854357827,-0.005689099199792386,-0.0051510086072325285,-0.004557245321112291,-0.003748311361919911,-0.0028060558650089195,-0.002565905834590678,-0.002148195516973648,-0.0005998198807511882,-0.0001860317710047156,0.0016054832773826785,0.002435941797029621
2016-08-10,-0.0069666209743752565,-0.006956756584582717,-0.006847542867662808,-0.0065572852358808855,-0.006156696536309499,-0.00566692440126003,-0.005098271598431292,-0.004294290527316696,-0.003348984827092584,-0.003102270361575028,-0.002654388563726966,-0.0010372522980192133,-0.0006134545707496503,0.0012615621761729442,0.0020477621089545366
2016-08-11,-0.007544402235742245,-0.00782957980860072,-0.007965292132350168,-0.007848902736832579,-0.007476315295842027,-0.0069059995744737935,-0.0062011042537355905,-0.005247637637201908,-0.004165946047152327,-0.0037691411643501703,-0.003034710923186449,-0.0010802829138171683,-0.00029763101559556794,0.0018291945239944855,0.0026031553750226312
2016-08-12,-0.0074812399411914995,-0.007035736283647612,-0.006539891905859502,-0.005893022279480768,-0.0052696030348220076,-0.004668542056273159,-0.004085618031600632,-0.003335082097822099,-0.002436889678654582,-0.002209757073166556,-0.0017406916843570601,-0.0008613927429751389,-0.0009046694508309497,0.0006949536829853782,0.0014717537551952337
2016-08-15,-0.006727786253502843,-0.006708443969863425,-0.006579183150938513,-0.006249180018916549,-0.005765845215099209,-0.0051667362843618855,-0.004481271954155738,-0.0035643012222645477,-0.002524207402470875,-0.0021732282790929776,-0.0015609678565670897,0.00039379078124470563,0.0009579872125983005,0.003011071574662373,0.003806395248097016
2016-08-16,-0.007061148973623433,-0.006802563094187855,-0.006451510315735524,-0.005902270173895484,-0.005220080423898088,-0.004433128056004842,-0.0035774352633190032,-0.0025158443378634383,-0.0013490794018194397,-0.0009102326077930216,-0.00014059643436718978,0.0019763113591406327,0.002667720885466694,0.004886511792804515,0.005639928784465728
2016-08-17,-0.006480053041203366,-0.00674156211442236,-0.006783644278217346,-0.006534554670263127,-0.006037092216777244,-0.00537271420697216,-0.00459789608801656,-0.0035812625626087356,-0.002436376319637792,-0.00197903996845506,-0.0010625542367494513,0.0004448992933699518,0.0009710836412001719,0.002967181062442336,0.0037136231508058666
2016-08-18,-0.00704597884927961,-0.0068925826189785485,-0.006673860063949092,-0.006267002070827271,-0.005762609200612725,-0.005187205364557077,-0.004564087940842031,-0.0037320351905784197,-0.002761381761223925,-0.0024470417712088035,-0.0018825229691136235,-6.386492759512144e-05,0.0003819398502199938,0.002411383221062928,0.003155846638488059
2016-08-19,-0.006520333777753015,-0.006629908778156785,-0.006591613380487837,-0.006311170476346253,-0.005854363497241581,-0.005274276684458681,-0.00460641808303464,-0.003698549554546836,-0.0026562871014700826,-0.002288903764472363,-0.0016295901807886258,0.0003764302979903326,0.0010094908563337373,0.003108836822272007,0.0038466076992437793
2016-08-22,-0.007137771370165929,-0.00718212213925686,-0.007101618558300722,-0.006774319562576601,-0.006280679167544687,-0.005670578246385087,-0.004992676597389659,-0.004091027185455028,-0.0030461072596461745,-0.002660477764798514,-0.001954398024096603,-0.00020213477015802863,0.00030849756215494545,0.0022879607917270168,0.0030830180189563004
2016-08-23,-0.006959474802161388,-0.007078702915560204,-0.00706580681315612,-0.0068015281335940345,-0.006356866560492214,-0.005788268361285305,-0.005140334841567919,-0.004254124750908243,-0.0032194809485441254,-0.0028572057134833902,-0.002185605422585132,-0.00036697952827112533,0.00018248419521348872,0.002119796222003807,0.0029042131748043274
2016-08-24,-0.006344631227020184,-0.0061838038623549365,-0.0058847865453004605,-0.005364050366821576,-0.004759502494214252,-0.0041057237687240076,-0.0034166376119679643,-0.002507773948974845,-0.0014588382678852002,-0.0011306539463672098,-0.000516103095692421,0.0009056197921716413,0.001228782414603388,0.003032684987220702,0.003778304046964816
2016-08-25,-0.006717077808106271,-0.006843967541088582,-0.006811871607814803,-0.006510355113090172,-0.006052689410254882,-0.005499428954544527,-0.004889990837714345,-0.004053745280045047,-0.0030656062932918437,-0.0027563179597518807,-0.00215412235490544,-0.0005976135777285854,-0.00022475837853397503,0.00157260124331742,0.002361615145511878
2016-08-26,-0.006425851529092701,-0.006572391090619453,-0.00653672539010502,-0.006217999498443194,-0.005709711717990526,-0.00508159294568265,-0.004376601656603706,-0.003436855877711464,-0.002356555331820013,-0.0019747943995374636,-0.0012835763694265857,0.0005622995735846533,0.0011733556025946374,0.0031312434956188087,0.003911284600476776
2016-08-29,-0.006328282068352953,-0.006500818280118589,-0.0065108732983556105,-0.006256119181319018,-0.005880364534072507,-0.005452041801109118,-0.004984745883249728,-0.004287447540339237,-0.003418354980340022,-0.0031691105875351665,-0.0027188160665401057,-0.0013342155972785577,-0.0011049106287954514,0.0005026193142673727,0.0013104347848263947
2016-08-30,-0.006953106281765035,-0.006905750573088596,-0.006735217133937105,-0.006280367143264643,-0.005758483459283521,-0.0051916979923306815,-0.004612799809754277,-0.003818415917339327,-0.0028278563866670626,-0.0023889667787466377,-0.002049176836751477,-0.0006030407701759743,-0.00030810821495666854,0.0014314205556018253,0.002223419111749692
2016-08-31,-0.006390105731642289,-0.006531489839578988,-0.006512825022321482,-0.006193534334339977,-0.00576445838330728,-0.005263768053835406,-0.004722697820850742,-0.003942803223183652,-0.0029657473131295305,-0.002525988134727459,-0.0021780558531118437,-0.0007397443949994453,-0.0004128209346288439,0.001339293937307146,0.002169843145702962
2016-09-01,-0.006997967810619671,-0.00705882038151026,-0.0069739829251012336,-0.006570710088868819,-0.006027892552586747,-0.005386318295086135,-0.004697310025650043,-0.003786759910428315,-0.0026887925852586395,-0.002158647427450048,-0.001619009139588836,-0.00020625453859737016,0.00021088250662282173,0.0021093517390672473,0.002929509272902362
2016-09-02,-0.006949518399104442,-0.007045669882456585,-0.007045300054984473,-0.006774970666080139,-0.0064230678614560725,-0.00601479343618864,-0.005578753225208237,-0.0049089789935076395,-0.004024225774268786,-0.003608882680439931,-0.0033212414726650928,-0.001978096057504066,-0.001705612202563184,1.9931415966570592e-05,0.0008257225603537422
2016-09-05,-0.006599413589293151,-0.006736534184692751,-0.0067277877144430835,-0.006420799308997114,-0.005997062440596087,-0.005494068263762629,-0.004944449686526974,-0.004147531842447187,-0.003140472536901805,-0.0026327658914579444,-0.0021807664229085543,-0.0008442470212304651,-0.0005204458026632224,0.0012800938361688364,0.002068499757823541
2016-09-06,-0.006359154102003775,-0.006551965620633178,-0.006571803429725699,-0.006272481856909219,-0.005793483650115343,-0.0051731880330018265,-0.004463225934952911,-0.0034929383379483907,-0.0023391114793550336,-0.0017279498542524295,-0.001092339869381058,0.0006947621762703798,0.0013342681210429192,0.0034201036761215145,0.004190732056706885
2016-09-07,-0.007390459149952689,-0.007580506360382192,-0.007636598228987045,-0.007375320997026391,-0.006935641646409433,-0.006355580921207174,-0.005696981899587823,-0.004788591893136787,-0.0036837531360841965,-0.0030931977160631777,-0.002494171679476192,-0.000635063340922682,1.7822519906415465e-05,0.0020890317165376785,0.0029017201692559396
2016-09-08,-0.007146849089101537,-0.007317963438569924,-0.007387808541033033,-0.007181865825587512,-0.006844997392322687,-0.006399108199157568,-0.005885704538429068,-0.005112689314086968,-0.00412808670041612,-0.0036141263711312495,-0.0031928979274780485,-0.0014323915412786637,-0.0008900104804812923,0.0010304257305323275,0.0018420496555351421
2016-09-09,-0.007178895684977739,-0.007251982960556453,-0.007227059833893616,-0.006924218307354485,-0.006533556271377964,-0.006072653774505893,-0.005572706276965741,-0.004825268511409101,-0.0038568175927179518,-0.003352194506012993,-0.00292577410584618,-0.0015465700551943616,-0.001210264426921643,0.0006008433409229242,0.0014076992752679084
2016-09-12,-0.0072228902980641125,-0.0073164719949964895,-0.007266427144033605,-0.0069023613637927,-0.006410907303162542,-0.005824872748594865,-0.005156310156920616,-0.004277638886189485,-0.003320012289628723,-0.0026520905785618887,-0.0018870791367984036,-0.0007154311118647928,-0.00040923577239136276,0.0014365916325297017,0.002328482928801852
2016-09-13,-0.007149747755497455,-0.0075024350461882095,-0.007709124740025956,-0.007592959156677245,-0.007252989589187986,-0.006735715427571694,-0.006078067181725719,-0.00517561629872998,-0.004209089571580461,-0.0035159050407719723,-0.0027564112560014846,-0.0009225637977282337,-0.00024641821338343254,0.0018579852241492377,0.0027738919906353642
2016-09-14,-0.0066633652325127175,-0.006904278233529946,-0.00700203440326259,-0.006800242216723936,-0.0064394984325624955,-0.0059576059168156646,-0.0053609389518190125,-0.004522993402409643,-0.0036199009660852037,-0.002981540969203029,-0.0023589847731121417,-0.0008254192563716769,-0.00037810095637784576,0.001545970147566405,0.002450790912638657
2016-09-15,-0.006854861229673203,-0.00694198459291353,-0.00688462520318352,-0.0065280906242462106,-0.006060529307568641,-0.005514184906740291,-0.004888030988663617,-0.004041246049083592,-0.003124680787280752,-0.0024909511095913676,-0.0018357002740015287,-0.0007073359266135007,-0.00045007092076225757,0.0013339407061444403,0.0022376781725446625
2016-09-16,-0.006897235374437503,-0.007012665736074862,-0.007015672816390772,-0.006734107074289618,-0.0063280252642634125,-0.005822567976190613,-0.0052164004805534256,-0.004370666784009738,-0.0034547794622667087,-0.0028246497214003885,-0.0022077490103374654,-0.0007179367517203951,-0.0002981493608496112,0.0015519429208404297,0.0024570647981280442
2016-09-19,-0.0064957009512226285,-0.0067869734980657665,-0.006901492235089218,-0.006692374101977487,-0.006279926380589282,-0.005711174875454708,-0.004996336714837963,-0.004024450883600014,-0.002997560080810314,-0.0022775593045804387,-0.0014705744770941902,0.00015522389685297547,0.0007457420071249211,0.002754175336563338,0.003652265972668894
2016-09-20,-0.006588664261482114,-0.0069577714506388,-0.007186184123003263,-0.007109634720221866,-0.006822587840101681,-0.006369552950448944,-0.0057604806069090405,-0.004878308114475568,-0.003931305230450937,-0.0032557714163367825,-0.00256824886924334,-0.000574658651748676,0.00014548735510508382,0.0022194294776893024,0.003114726579353292
2016-09-21,-0.006135434210873718,-0.006494979691967107,-0.006690525983423137,-0.006588291730346735,-0.006315762543258182,-0.005925985290224575,-0.005401757481692815,-0.004603996590919487,-0.00372308492297472,-0.0030958740151171577,-0.0024951999887514193,-0.0007390886072359882,-0.00015064724340299845,0.0017847640683163342,0.002676273395457525
2016-09-22,-0.007000330552325486,-0.007161408629092897,-0.007195567708108472,-0.006931599891137976,-0.006525274733910547,-0.006035724356273543,-0.0054505414172206544,-0.004630285673949476,-0.003723174861130016,-0.00307645806069209,-0.0024022821966400263,-0.0007035484418595563,-0.00018535335647994677,0.0018108621624766702,0.0027124513156501205
2016-09-23,-0.006873100935639964,-0.007017825281077332,-0.0071004935215237906,-0.007005529889977162,-0.0067654964105396,-0.006442457731659751,-0.0060140665450292945,-0.005361090083759901,-0.004667030369108777,-0.0040843589055622725,-0.0036621065272984046,-0.0015903977135576436,-0.0005096179855523957,0.0010173521707121666,0.0018500258303215137
2016-09-26,-0.006291785256015825,-0.0065595671097378495,-0.00665402475624311,-0.006442445629590072,-0.0060434225068442945,-0.005523045896747471,-0.004875882601195024,-0.0039742371511974905,-0.003004010816347238,-0.00230807541230564,-0.0015273620511191037,0.0004228255640418516,0.0011352677124325927,0.0032711075682905284,0.004152137595714074
2016-09-27,-0.0064793484896641,-0.006708226615511069,-0.00677521568850991,-0.006538885618660681,-0.006095642222505361,-0.0055143186834754245,-0.0047927299094863585,-0.0038210282606655098,-0.0028003846501514023,-0.0020684588016412625,-0.0012479827837618082,0.0010953498921607904,0.002023536151401467,0.004374660969690732,0.005234522914767404
2016-09-28,-0.006274642123644372,-0.006451972134291013,-0.006482244231423696,-0.006228657153217983,-0.005822506787822042,-0.005333750788459942,-0.004749828404483881,-0.003936143193650532,-0.003054719751602245,-0.0024219076379676787,-0.0017679847642679736,-2.9217664218980817e-06,0.0005795736656328864,0.0025607680348319214,0.0034817665529309036
2016-09-29,-0.005908688466252959,-0.005994866140942502,-0.005935250554759644,-0.005597684371193769,-0.005106934947017333,-0.004522977450751801,-0.003826733029435683,-0.0028912854110811903,-0.0019084111388866331,-0.0012098149020818834,-0.0004932864562846607,0.0015769637416424293,0.0023462618144220525,0.004474513736748161,0.005350589184563131
2016-09-30,-0.00630665527961353,-0.0065536014622003085,-0.0066545052660578205,-0.006443960413398218,-0.006078309937343877,-0.005551854612522701,-0.004908913522987941,-0.004023811105717348,-0.003081436157536253,-0.002394516706736039,-0.0016275799948997154,0.0003529716014322127,0.0010234523658470644,0.0031684741452823696,0.004106353997062508
2016-10-03,-0.0060970959321261075,-0.006433268429079225,-0.006556460133710192,-0.006347342064333974,-0.005955556077481654,-0.005390645681620085,-0.0046915040504783255,-0.003744610757174546,-0.0027482430759352837,-0.002011867014580269,-0.0011077518535402818,0.0007179424045286593,0.0013651486455635064,0.003567631538704491,0.0044962462179798735
2016-10-04,-0.006479786250811863,-0.006457016400838885,-0.006331608021129744,-0.005940098941221166,-0.005436952235644293,-0.004783862458121097,-0.004021532072234219,-0.0030465108360858994,-0.0020484672258377678,-0.001336172172827272,-0.0005776412019603282,0.0017668116570608815,0.0025950437332674923,0.004947162953031481,0.005898607337359531
2016-10-05,-0.006386498077096723,-0.00629135355139572,-0.006078373363433935,-0.005590850498455228,-0.005018940784611771,-0.00431851000043137,-0.0035305336022981907,-0.002539356426527426,-0.0015276623867778653,-0.0008256568932363227,-8.52999013892413e-05,0.0019957924533413295,0.0026097042550950545,0.004810762531529867,0.005739726473618225
2016-10-06,-0.006393490756608848,-0.006667665513764417,-0.006787085643180932,-0.006598859729408118,-0.006281689621052383,-0.0058206082020793104,-0.005263396901788892,-0.004479516804112177,-0.0036377502162064992,-0.0030360691023322024,-0.0023819858036825824,-0.0010832334966244667,-0.0007586937804840558,0.0010314077222765543,0.0020143588810577697
2016-10-07,-0.00684533802990539,-0.006924665870027635,-0.006925858734827683,-0.006662472060331541,-0.006293825274275654,-0.005788587831864714,-0.005188404480497486,-0.0043687381066646385,-0.0035044177000687913,-0.0028782580447566566,-0.0022543886645846004,-0.00021333391803286111,0.0003520327364270352,0.0025068932210542583,0.0034004179917924244
2016-10-10,-0.006570725274106746,-0.00675097451111872,-0.006772961046938017,-0.006480433338636814,-0.006017331420696761,-0.005375554033774879,-0.004610321737806061,-0.0036133285550485235,-0.002588079557411203,-0.0018194908136121685,-0.0009072555283378479,0.0010910705824149674,0.0017528900130141401,0.00408586495729662,0.005115654123438123
2016-10-11,-0.006673141483842465,-0.006920051425555804,-0.006989710229686629,-0.006723313379469957,-0.006279855777429523,-0.00565010505230729,-0.004892644463205109,-0.0038924656100427406,-0.0028678777666906654,-0.002114712847881689,-0.0012446984220058155,0.0005545601813771945,0.001215965565354792,0.003442074710075649,0.004506026457725626
2016-10-12,-0.006498703036208553,-0.00635569812991565,-0.00611307754145919,-0.005583013896087667,-0.004944282519137779,-0.004150731358519213,-0.0032504189612018765,-0.002126698312237738,-0.0010045998619444467,-0.00021930824608387472,0.0006428137761736927,0.0027355822234283265,0.003480937839731452,0.005861127679561914,0.006888087127006922
2016-10-13,-0.006390302569491397,-0.006268459215712355,-0.006015320268849067,-0.005445162626109344,-0.0047244819489413135,-0.003818328172770135,-0.0027872382177722005,-0.0015321755237311969,-0.0003005007527304302,0.0005639581039835727,0.001584437737158556,0.0038265695830618437,0.004785252163837574,0.0073453157654071125,0.008347745230950443
2016-10-14,-0.006662253998945043,-0.006711131783124538,-0.006665144228751741,-0.006314190680307431,-0.005813364463792536,-0.005123572762855589,-0.0042984897693555775,-0.0032320322521514778,-0.002156384539618186,-0.0013674404848526304,-0.0005143005817281601,0.001883531054401978,0.0028457927899050205,0.005455832122303104,0.006496555618224401
2016-10-17,-0.0069234655177229185,-0.006983465571086332,-0.006936452608715183,-0.006578290617903074,-0.006051768664989319,-0.0053321948827224205,-0.004479927913632743,-0.0033897978078880732,-0.00228559352647961,-0.0014791799807262166,-0.0005269413515244727,0.0015754424610926183,0.0024857653317135304,0.005081339789830221,0.006107410255251472
2016-10-18,-0.00672523747386556,-0.006520390812339483,-0.006262768234606905,-0.005746100354354904,-0.005153628277131838,-0.004442182162539712,-0.0036471603880272744,-0.0026326822419601424,-0.0016057429637883589,-0.0008715044921625724,-0.00011944107257383049,0.0018551894717575125,0.0025953942200974468,0.005043890187704651,0.006085111093194967
2016-10-19,-0.006666809833898476,-0.006579773940361101,-0.00640917768725999,-0.005952413226422475,-0.0053755331230921875,-0.004663532487929327,-0.0038664656184073005,-0.0028630690567332286,-0.0018446358723639195,-0.0011161811317475397,-0.00034940396626038754,0.0016167170702479513,0.002312266979794203,0.0046230986689053555,0.005670725290116746
2016-10-20,-0.006418405141881755,-0.00650075669873616,-0.006466271550535586,-0.0061261968689782665,-0.0056249238662266976,-0.004947006769051815,-0.004154997050143629,-0.0031437723343851138,-0.0021262714846740464,-0.001390623630145254,-0.0005892297893568519,0.0013984624377500927,0.0021341020655502095,0.004466922213706112,0.0055353150167110725
2016-10-21,-0.007008166699196023,-0.007014229473936957,-0.006943901177748259,-0.006585731750769321,-0.006104443960944172,-0.005473566982706794,-0.004749120719203017,-0.003811712634348219,-0.0028526965105014285,-0.0021750523037542754,-0.0014425979390356306,0.00040419584275412906,0.001135587594618429,0.0033683583033890067,0.004417765786072041
2016-10-24,-0.007142663281660538,-0.007183261363989428,-0.007129523656397545,-0.006768357981722343,-0.006273139000971919,-0.0056272575533225675,-0.004888433582498265,-0.003937977127679536,-0.0029659801831999092,-0.00228460816445197,-0.001541804590714727,0.00010752071648159221,0.0007700242798273939,0.0029172953266157825,0.003968260431518514
2016-10-25,-0.007040542015216604,-0.006935288154921825,-0.0067461830763026745,-0.006259829786462132,-0.005648436170309932,-0.004884477508460451,-0.004025029152215646,-0.0029550256865367424,-0.0018750335491498915,-0.001126568461773142,-0.0002710665832535684,0.0016587645512690927,0.0025019844381015096,0.0048312694584220625,0.005861016044005747
2016-10-26,-0.00723845039534125,-0.007377766987954552,-0.007395146350344964,-0.007070756182272257,-0.006582612760759056,-0.005922889714162011,-0.0051649021351838345,-0.004187639861760635,-0.0031780493061232835,-0.0024651918430832614,-0.0016011216136730332,-2.9136452535211317e-05,0.0006089489953263788,0.002752843704367355,0.0038076127194408066
2016-10-27,-0.006809408018443137,-0.007005383326519213,-0.007038945780760999,-0.006715714962676852,-0.006228526866806986,-0.005575704901646024,-0.004827888655369021,-0.0038546918190216968,-0.002839798561670363,-0.0021256351048634416,-0.0012306711256746435,8.083258112921666e-05,0.0006113274342218711,0.0026614788593294055,0.003683304636756992
2016-10-28,-0.007433132298096056,-0.007436558770572227,-0.00735571092636568,-0.0069448860310787845,-0.006380334593922382,-0.0056606586164652285,-0.004851847302707841,-0.0038457377242165198,-0.00282265804247953,-0.002112174883223288,-0.0012990096964737572,0.0006508821902805424,0.0013923438896918778,0.003683736069655411,0.004743217304199559
2016-10-31,-0.007408844758440925,-0.0074285984939955274,-0.007379438130604232,-0.007023871216250979,-0.0065496079626014055,-0.005939629636018808,-0.005255801011161485,-0.004364492351938797,-0.0034389001291787926,-0.0027927279893137057,-0.0021177968285255606,-0.00017468082073249821,0.0004434847693426259,0.002669027259898378,0.0037536859645837853
2016-11-01,-0.007421445218142005,-0.007378903745829864,-0.0072465000182421755,-0.006787760700456474,-0.006207683713611718,-0.005487608102646731,-0.004697044069171218,-0.0037064846992211466,-0.0026990064233553676,-0.002011543663667272,-0.0012483965478874424,0.0005039751978140438,0.0012054094814956517,0.003476438676536666,0.004532039388958322
2016-11-02,-0.00771325714199302,-0.007715706334553866,-0.007643935349109568,-0.007245716955997839,-0.006743857541345309,-0.006124554960676189,-0.005450393192181839,-0.004574415678656714,-0.0036700312727961986,-0.0030563212650155857,-0.0024182068439699937,-0.000893738449776372,-0.0003887486087396756,0.0017849693174046052,0.0028641486973153747
2016-11-03,-0.007329295373460175,-0.007142852048520977,-0.006877231797376548,-0.0062959608253052215,-0.005610367483160426,-0.004797520052754909,-0.003913890769686741,-0.0028262312620099,-0.0017489883252430425,-0.0010257304280500026,-0.0002508266121132854,0.0018891839603086687,0.002646142361392937,0.005211869427680599,0.006290737899854415
2016-11-04,-0.007552807264694885,-0.007543772106480218,-0.007442884449926412,-0.006999079006175756,-0.006435779454893901,-0.005743531762085463,-0.004988991458854091,-0.0040291567863004925,-0.003048938068858155,-0.0023725550527856736,-0.0016374921578948263,0.00021650623211543797,0.0009187329127813507,0.003458554023083122,0.004555107078835747
2016-11-07,-0.007000335728458693,-0.00696401792246385,-0.006789130082839395,-0.006257900308168833,-0.005612905517696737,-0.004850568351126393,-0.004024166406361584,-0.0029849975111954172,-0.0019419966211050473,-0.0012328833641821475,-0.00043368691019600577,0.0013654532852141773,0.002067345247392003,0.004613301578647165,0.005723075544093701
2016-11-08,-0.007506802551960902,-0.007153211190083219,-0.006640331812869598,-0.005960553940600186,-0.005131414335961699,-0.004206599895315247,-0.0032336945642861847,-0.002073659086031978,-0.0009354704207102324,-0.00018272856101732906,0.0006280316006385655,0.0026040244031136197,0.003401608973622382,0.006112745657975219,0.007221956631343865
2016-11-09,-0.006784035897163037,-0.006656317333946604,-0.006337819117455493,-0.00584577258035653,-0.005186116944762568,-0.0044283911767950416,-0.0036048357873037463,-0.002569018280366372,-0.0015297349134100243,-0.0008310187807596069,-0.00010123807610611926,0.0019435565018932055,0.00273048985040528,0.0053580454556422,0.0064401172425233195
2016-11-10,-0.006900768233882734,-0.006766463401389141,-0.006438714161408732,-0.005936172975052355,-0.0052675318401123085,-0.004499073730188774,-0.0036640977730694963,-0.002615099593522174,-0.00157148224283726,-0.0008699717516659896,-0.00012355800860378713,0.0017912903024710765,0.002514201045040105,0.005045488271795441,0.006185864157387498
2016-11-11,-0.007672419969369213,-0.007416868180801874,-0.006972794258184161,-0.006347766408080839,-0.00553589402869867,-0.004644706972154328,-0.003705599658303813,-0.002573531817930159,-0.001444101379080717,-0.0006948258699122683,0.00018295320686791095,0.0017804210684644437,0.0023722119506629216,0.004756184115932757,0.005879622542722617
2016-11-14,-0.007021494716599939,-0.006945099714541914,-0.006652411826377578,-0.006175763679911832,-0.005499818158464493,-0.004736424066791756,-0.003913029958680573,-0.0028805520716440047,-0.0018449728582687582,-0.0011364813689226402,-0.00029379921088509343,0.0012124692439495336,0.0016341453464754525,0.0038647433130682813,0.005012123665020756
2016-11-15,-0.006991583874205188,-0.006942223723857739,-0.0067023760744805835,-0.006287072533262562,-0.00563505282898201,-0.004859033818155279,-0.003991519110386768,-0.0029088157052879833,-0.0018267938542788813,-0.0010684817133024714,-0.00017276467635207304,0.0018388941798887397,0.002488554235715785,0.004909917322878316,0.0060442166538584915
2016-11-16,-0.006853075854711471,-0.006732733198230119,-0.006428678782252162,-0.005966848759779568,-0.005298768276180442,-0.004526271413966912,-0.003672445516362825,-0.0026036740757383564,-0.00154711157653869,-0.000824671251873976,-2.1451978434113917e-05,0.0019598853442004812,0.0026315052365595707,0.004990443943217204,0.006167281254272422
2016-11-17,-0.007101847261832263,-0.006949412207759124,-0.00663394822003821,-0.006167067311745267,-0.005490715457701753,-0.004700725797102306,-0.003821818423648434,-0.002730644277650754,-0.0016529945264196742,-0.000913055673696929,-7.607224900738042e-05,0.0019584379232212147,0.0026803664632869084,0.0050744003810865995,0.006228031432985547
2016-11-18,-0.007212277014830673,-0.0070696054882827776,-0.006755662980799911,-0.00627848334287157,-0.005566964224617328,-0.004722712875931874,-0.00378311308472696,-0.0026192032740598283,-0.0014719454907589588,-0.0006874207551165014,0.00022804987920846696,0.0026820625318661993,0.003323365113358,0.005801861310321111,0.006915228061419109
2016-11-21,-0.007033695096625773,-0.006918541033252025,-0.006622215308839422,-0.0061664070503282525,-0.005515973355140098,-0.004767023209091517,-0.003936961195042902,-0.0028931185760344078,-0.0018378389160831664,-0.001081436318134379,-0.00013189165214489373,0.0018309581074077155,0.0025685538429756575,0.0048451336974585585,0.006007955017284227
2016-11-22,-0.007022743205590508,-0.006893956814184053,-0.006581384830615426,-0.00610424781410853,-0.00542135553704897,-0.004636376367429253,-0.0037732877110575594,-0.002710367239786733,-0.0016355421428079513,-0.0008394026723301206,0.00021787909945234158,0.0021649816674075882,0.002891409865934722,0.00527792198050086,0.00638264920136202
2016-11-23,-0.0073981369163911796,-0.007163897065809503,-0.006802707570652156,-0.006305723394259636,-0.005636211039976459,-0.004888468567777881,-0.004078564853427207,-0.0030656982432459563,-0.002027984879037576,-0.0012616228400991745,-0.0003324489912265513,0.0018283332214950022,0.0026215567238509646,0.004992400142365296,0.006145145041568527
2016-11-24,-0.007195812028218308,-0.006821477942287902,-0.006307567991575924,-0.0056550175687401505,-0.004834721677122695,-0.003944544867234483,-0.0029949208273445014,-0.0018477789530714711,-0.0006891846597948045,0.00015393471116535067,0.0011819641391581925,0.0035576714327743126,0.0043741608234806025,0.006911751469993283,0.008087592227870411
2016-11-25,-0.00729700907247779,-0.0068649505602803255,-0.006288305393862667,-0.005564176494283576,-0.004694091655084998,-0.003771353395626828,-0.002803108759412123,-0.0016458588489317366,-0.00048585465866979056,0.00035375875260032236,0.0013874848593161586,0.0032795193507634667,0.0038607039454726256,0.006284771151766193,0.007481631356073387
2016-11-28,-0.006956308774357097,-0.00634577947935964,-0.005626233048207613,-0.004806765780829768,-0.0038929807967686644,-0.0029613776735058577,-0.0019906919723473317,-0.0008259389850926351,0.0003310554064137796,0.0011500521313139562,0.0020627928932924846,0.004197016025791131,0.004988611244280874,0.007468754229308046,0.008653154451564558
2016-11-29,-0.006819717957795006,-0.006510335314826501,-0.006006875744085505,-0.005335840189467232,-0.004462415657404994,-0.0034982918695079528,-0.002451107461618312,-0.0011894304622310427,6.564450775932602e-05,0.0009806910904339916,0.0021364845115731997,0.004134916047628412,0.005077073170029918,0.007631954762940592,0.008784114679965201
2016-11-30,-0.006145254062398165,-0.005575134108772468,-0.004808834278864039,-0.00391065995347299,-0.002880920029268332,-0.0018122474379110346,-0.000690881920540107,0.0006192184789806539,0.0019030372759203352,0.0028204985637117113,0.003951279466897791,0.005744984925414073,0.0063358449752723605,0.008753190907745182,0.009914611676104555
2016-12-01,-0.006657611815684907,-0.006166787797991189,-0.005523015117694726,-0.0047604736267857495,-0.0038622489916845053,-0.00291853159018473,-0.0019172136014644502,-0.0007184050003111132,0.0004698906455080118,0.0013263252327895543,0.0023410945890444336,0.004219390657984391,0.00499727376626141,0.007410564727842905,0.008541470352495969
2016-12-02,-0.00633381609838979,-0.005829895140335539,-0.0051406868108273655,-0.004330031024008996,-0.003397822929815917,-0.002429758929035556,-0.0014078705589015306,-0.00018214315554022182,0.0010166528815059145,0.001869367971454961,0.0028653313513689214,0.004511441133434449,0.005177270187589929,0.00744574261510065,0.008572780214499684
2016-12-05,-0.006791949359647198,-0.006376902741560152,-0.005748109894213954,-0.004952830868251585,-0.003967394602934127,-0.0028852416189930137,-0.0017151987047132641,-0.0003316072030488166,0.0010176646028600533,0.001980300404722812,0.0032311569876356675,0.004807827334564657,0.00556720978126044,0.007904873753450796,0.00901726520100843
2016-12-06,-0.006219700172872842,-0.005699636662006644,-0.004937324312038955,-0.004007578451854572,-0.00289595490547234,-0.0016930605812628982,-0.00040607484444459376,0.001091997122668554,0.0025328110308513964,0.0035441399237684415,0.004868458056645114,0.006455503217208084,0.007229685345528364,0.009585845290775392,0.010732089043342911
2016-12-07,-0.006483826271447378,-0.0059791403571006815,-0.005270077117645962,-0.004415711624647705,-0.0034130588069387203,-0.0023450649001611154,-0.0012141445382777686,0.00012310268516193212,0.00142287697587333,0.0023493839791616784,0.003505963140009272,0.004796962796973342,0.005407653789206327,0.007572442380546952,0.008743008808258483
2016-12-08,-0.0066812390968201294,-0.005889072564075144,-0.004968709216301386,-0.0039554403868465185,-0.002842785874091255,-0.00169065864938107,-0.00049034306039305,0.0008975185281580911,0.002212617397542312,0.003120479178403481,0.004161582768934711,0.006027485005070068,0.006852189177949406,0.00918285604836343,0.010270854226765377
2016-12-09,-0.006458279022394264,-0.005851629347101867,-0.005039310129903778,-0.00410198188292214,-0.003003577976902387,-0.0018194248763427497,-0.0005568586846030588,0.0008894290229872425,0.0022465391603002,0.0032198217349383848,0.004463692295839417,0.006349116114694636,0.007005970096560364,0.009369354254648197,0.010502763152092089
2016-12-12,-0.006421039103168987,-0.005723253125853716,-0.004839095932969896,-0.0038284042008742266,-0.002663225196725513,-0.001411479843833472,-9.4860408138634e-05,0.0013893955964941582,0.00276526513650607,0.0037434953721673177,0.00501194115595348,0.006911483110641567,0.007678402817598261,0.010085151159598876,0.011231443773980308
2016-12-13,-0.006638523951714083,-0.005851665181148783,-0.0048709807578238475,-0.003757654372156352,-0.002490758830287947,-0.0011447316204914967,0.00024466378432313075,0.001755687232860498,0.0031462151728468136,0.004136445386437223,0.0054497596285007915,0.007218995328141934,0.007858741547749504,0.010234617090979654,0.01142244334731015
2016-12-14,-0.006383934120365299,-0.005634064112831703,-0.004686675608253987,-0.003616159993882795,-0.0024054569931940134,-0.0011252708425873999,0.0001946333574717855,0.0016396438448006295,0.0029730524663094645,0.003927576670301497,0.005188686018550039,0.006830855574933795,0.007315221663303742,0.009463962942857231,0.01060321556134717
2016-12-15,-0.007176448266406722,-0.006128131899246633,-0.004923969188805255,-0.0035972510944011766,-0.002162007777640243,-0.0007097751456042283,0.000712021802426618,0.002184712105394367,0.003546413492230617,0.004528664616629874,0.005836205355628592,0.007479663235968016,0.007905010455333594,0.01010264785189937,0.011244833875990939
2016-12-16,-0.006600715628754606,-0.00601997160734959,-0.005222319053394437,-0.004282870874169483,-0.0031917017685796807,-0.002061200683326242,-0.0009140348232370128,0.00034941777094086354,0.0015570624641168518,0.00248568475756274,0.003709602512035488,0.0053410169785683415,0.005804713066170843,0.007909157103724907,0.009028146894560829
2016-12-19,-0.007469273120615912,-0.006814327175423971,-0.005959937067573652,-0.004950993140974346,-0.00376524951460636,-0.00250869768468116,-0.0012208672411870704,0.0001927005981147219,0.001536281611488049,0.0025603532671998903,0.003942673942932066,0.005766454070706226,0.006607887296048509,0.008911320546523938,0.009970541189295577
2016-12-20,-0.007514363697682661,-0.006508078185694817,-0.0053126543867675815,-0.00397969204289882,-0.00255107229379026,-0.0011278863409876442,0.0002599796168142052,0.0017214659834932145,0.003098713019295675,0.004115672855142126,0.005439427947938631,0.007019263327704235,0.007595160143213893,0.009755500716006513,0.010886233065633012
2016-12-21,-0.00755897020439463,-0.00673480727678177,-0.0057576265349999715,-0.004695011532877041,-0.003522349243519097,-0.0023297519796197895,-0.0011222472394529959,0.0001965326059992687,0.001438927809537411,0.0024069082009801055,0.003530889424338537,0.006341385747409197,0.007248358695080568,0.00975392905975185,0.010820006985531767
2016-12-22,-0.0072797028025943945,-0.006607750557613653,-0.005685372109147262,-0.004592210461469909,-0.0033145710756830385,-0.0019828320765413712,-0.000631235380127338,0.000833944149460242,0.002223741566587021,0.0032875042953832683,0.004712984996643932,0.006570089047664183,0.007385543170795389,0.00960841216388671,0.010691732077250935
2016-12-23,-0.007969338159627016,-0.007062680744669968,-0.005869246439038482,-0.00445275794966693,-0.0028050811051083683,-0.0010778441695242988,0.000669830555172104,0.0024929613332775324,0.004195911371343291,0.00546544465405205,0.007308353120403042,0.00900892379254408,0.009730207638450606,0.012058355140698886,0.013248252257708454
2016-12-27,-0.007804721187303101,-0.007183511138739972,-0.006251056056665565,-0.005095481678574636,-0.0037227674774448437,-0.00229694098226973,-0.0008662963285290488,0.0006705559105143057,0.0021320346970329527,0.0032452274686241723,0.004839561417020417,0.006250137951518502,0.006833266590637946,0.008894581377216357,0.010003201706538178
2016-12-28,-0.007653077128300665,-0.007232793611490427,-0.006482378216653812,-0.005502579890150926,-0.004250007324776608,-0.0029043105789296254,-0.0015191401641343957,-1.2432289613197457e-05,0.0014335889549717275,0.002565439916924901,0.004188354549059721,0.005941642108893721,0.006641060212152094,0.008782547315064459,0.009886236498417092
2016-12-29,-0.007845431924815249,-0.007060964349072964,-0.006045490492299074,-0.004853895284820685,-0.003482829282825838,-0.0020889635706792028,-0.0007352501312219764,0.0006810996601266805,0.0020341370301758636,0.003093479557721373,0.004486066008837874,0.005849798541160355,0.006310591208985501,0.00827690944486799,0.009399486510867878
2016-12-30,-0.007023290895319855,-0.006551993330266275,-0.005804196134827114,-0.004854431267277897,-0.0036608052497176906,-0.002410526357099321,-0.0011747602366907976,0.0001450876450925999,0.0014120141864558122,0.0024426011934909945,0.0038101890743001974,0.005212671600661292,0.005742809554964793,0.007734296657168856,0.008809221587636947
2017-01-02,-0.008084290892726127,-0.007721561779385261,-0.007033812580629987,-0.006082931319184857,-0.004820337067882239,-0.0034545535349372524,-0.0020679872418853315,-0.0005998019327926275,0.0007953716397321375,0.0018996812434991838,0.0033733841487284186,0.004893433155606707,0.005718364356934123,0.007892996588432958,0.008998408400773553
2017-01-03,-0.007892631683262303,-0.0073818427901985685,-0.006583843401135166,-0.005550757147474856,-0.004256075800001031,-0.0029086301067162896,-0.0015835329099548067,-0.0001969823717185657,0.0011366765107206083,0.0021896754540030386,0.003593897223866202,0.005072892652511414,0.005848814337009055,0.007952880985122666,0.00907609709118247
2017-01-04,-0.008956477678037898,-0.008189390665080712,-0.0072418808485348925,-0.006079627870234197,-0.0046656697195168574,-0.003201791503454509,-0.0017990307437008531,-0.00037185661669740175,0.0010014281750861664,0.00206783110246827,0.003408698660963114,0.005257811709929275,0.006182767662520627,0.00851904728000537,0.00963705110633443
2017-01-05,-0.0074563738147824824,-0.006834372348036631,-0.005826351730064953,-0.0045109073060105205,-0.002888832607883938,-0.001201256805977212,0.000439593009162085,0.002109021797642263,0.003709760042790743,0.004932196963928821,0.006690877623006189,0.007882024039246382,0.008632855200427067,0.01078094733860348,0.011894469542811311
2017-01-06,-0.00822922721338811,-0.007646569692530162,-0.006755008967853471,-0.005550600273986809,-0.003971423546104612,-0.002237306003928894,-0.000505208368092301,0.0012331224949947948,0.0028814263896764524,0.004154721380237221,0.006031356375428061,0.007703833002756875,0.008662213750887087,0.01103343862814725,0.012166023338028263
2017-01-09,-0.007808270548939738,-0.0071561972891929174,-0.00607436753938123,-0.004650199552637267,-0.002843736515069296,-0.0009098476782964245,0.0010236197412176761,0.0029763446187761004,0.004801427493300615,0.006163354614434515,0.008114439129108312,0.009753397892967728,0.010650521766466057,0.013253394130972646,0.014388129824942829
2017-01-10,-0.0070686587259396385,-0.006845018690222063,-0.006094225663978792,-0.004955101946073772,-0.0033531371582787746,-0.0015651691924717056,0.0002529193354968716,0.0020934192937649724,0.003827845737304125,0.0051886027652282285,0.00719572249618235,0.00905171737916161,0.010115961968809694,0.012955711017356883,0.014085813112429525
2017-01-11,-0.007173048956259049,-0.006401507209591796,-0.005210490949704388,-0.003729482262684398,-0.001985702515712276,-0.00021835449817023166,0.0014803807646372896,0.003155303058223093,0.004729384884846361,0.005925293855571711,0.007545324465986648,0.008896298282847903,0.00932329692591304,0.011845438476914844,0.013000399048963515
2017-01-12,-0.007232283769413806,-0.006911174365168101,-0.006142666713920392,-0.00502182068090731,-0.003484295604085504,-0.0017829289513693067,-2.81022237473606e-05,0.0017729599499356065,0.003479567498366191,0.004796379892102932,0.006725843038239755,0.008376880035583631,0.009326024156999398,0.012037433798798678,0.013179749400620853
2017-01-13,-0.007496515486911313,-0.007194365485712346,-0.006465786206271858,-0.005402536719945068,-0.003968664906397951,-0.002404790815161828,-0.0008080871019568024,0.0008532734924803324,0.002448998992163032,0.0036960574726761755,0.0055023905885643,0.007017479100705279,0.00786831440452064,0.010366067770144914,0.01152251270193715
2017-01-16,-0.007191716962106361,-0.006786154138856184,-0.005898111535404814,-0.004661512244340386,-0.0030343053032985917,-0.0012582909212230286,0.0005302162919204152,0.0023107904606582018,0.00396481534783602,0.005270377024545277,0.007178045338026247,0.008795977693335325,0.009773064759633514,0.01231214948860053,0.013492439467476403
2017-01-17,-0.008679618599140446,-0.008321050445989027,-0.007566527076272694,-0.006485500657179582,-0.005012450495556706,-0.003370923243547373,-0.0016793342793179696,4.464154138406756e-05,0.0016690599059378365,0.0029258025547357594,0.004721576612291755,0.006087025788498743,0.006872534014828812,0.009229431831869982,0.010396801838014318
2017-01-18,-0.00796082363889585,-0.00770552477185729,-0.007045700412897834,-0.006045620277590554,-0.004631334363915755,-0.003054531838483464,-0.0014623331738213192,0.00011930415198519291,0.0016101862197934935,0.0027921579246387865,0.004467271473889559,0.0059507490041233275,0.0067636201617313095,0.009046979024273647,0.010225782149835138
2017-01-19,-0.007415908702924306,-0.007220729618064223,-0.0066256184431914625,-0.005685053497450601,-0.0043200328557943864,-0.0027832007374856017,-0.0012138358813186167,0.0003595018027288868,0.0018476298747284355,0.00304651339805703,0.004796660215808477,0.006255439246371108,0.007103035947109912,0.009406360902258113,0.010570843643582878
2017-01-20,-0.007829430525855455,-0.006977391279123795,-0.0058339461001974124,-0.004437134518403804,-0.0027703303904178514,-0.0010424694921751737,0.0006434957850599821,0.0022828601148985254,0.003794154533553978,0.004917164141678832,0.006471412844628077,0.007420340432147795,0.007925426476061738,0.009899463161289217,0.011080525653009803
2017-01-23,-0.008065665890882498,-0.007567445510739838,-0.006699433615548717,-0.005512571074329828,-0.0039007477094011997,-0.0021030469218905534,-0.0002617293588048986,0.001554107273893253,0.003225394443620532,0.004505399756487609,0.006429933039357713,0.007977073506355844,0.008769882854657997,0.011171228461055645,0.012383341867201275
2017-01-24,-0.008078018559287076,-0.00748977442432371,-0.006518708321590142,-0.005218785405687326,-0.0035020291581665357,-0.0016168294352144677,0.0002983663444515662,0.0021808004328495822,0.003919022998274959,0.005238059339080572,0.007184943034125991,0.008831906576579913,0.009737656533745385,0.012176033617591028,0.013374466849845413
2017-01-25,-0.008822098174412416,-0.008440229868899776,-0.00779237820106026,-0.006857157365962928,-0.005539471674910039,-0.00406761303420529,-0.002569825752771921,-0.0010766732046978316,0.0003152431883021302,0.001406571315594352,0.0029245080806254197,0.004227594639211905,0.004886824429499822,0.006960330689092398,0.008139500739013542
2017-01-26,-0.008652583433914729,-0.00822015980258661,-0.007510099522310911,-0.006505660795806882,-0.0050953324540317715,-0.00350223966318405,-0.0018769821059378047,-0.00025820009739174646,0.0012606647463750604,0.0024593357999175406,0.004167845666401726,0.0058083762448233435,0.006714283335294284,0.009054649035532434,0.010317661498133261
2017-01-27,-0.007495244586455655,-0.00723502146916082,-0.006633406749506275,-0.005704201901464768,-0.004357047126851044,-0.00283338267227524,-0.0012786136354986648,0.0002853529194654545,0.0017654386171958025,0.0029587670099885375,0.00467668755784934,0.006298827513946992,0.007304692799685576,0.00968062146730953,0.010897935269998512
2017-01-30,-0.007813651094550565,-0.007467445940301335,-0.006777237227549516,-0.005767409519694571,-0.004369002077910091,-0.002838295231527891,-0.001295300326795389,0.0002695075628568412,0.0017539696832908156,0.0029276061095823936,0.00455757503606551,0.006268500681386374,0.0071838192506971195,0.009566920997000957,0.010860136305995088
2017-01-31,-0.00796609189660133,-0.00772241974870426,-0.00710449567678234,-0.006127652620385327,-0.004696956799538506,-0.003113520185371591,-0.0014851596169612874,0.00018014032884069433,0.0017678100908315622,0.002999905703388632,0.0047673257518136974,0.006327252089534524,0.00724598399318647,0.009661743821577279,0.010942881337104278
2017-02-01,-0.008092891395867788,-0.007756179548520994,-0.0070717619562447485,-0.006000414474178928,-0.0046127845966168375,-0.003026620509039195,-0.0014133826163790478,0.00020081940207853177,0.0016968587126646843,0.0028526634787479845,0.004431283703172109,0.006050585843554017,0.008162775496965702,0.009409088530254826,0.010775046345841604
2017-02-02,-0.007464445800985386,-0.007275870706746057,-0.006615717918204962,-0.0055151705723743925,-0.004066930534882662,-0.0024205051036870497,-0.0007497658657745656,0.0009276349218169386,0.002471541876906639,0.003657351163075533,0.00538177550160472,0.006410062835965328,0.00838399998706128,0.009636058168248713,0.010997925814418484
2017-02-03,-0.007910604760321314,-0.007492291997502692,-0.006833772134571813,-0.00590371887213701,-0.004730725593660011,-0.003489467643620756,-0.002288538588948553,-0.0010940959262169202,1.6909098182809712e-05,0.0008720609144528794,0.001886853802968803,0.0027132577751362726,0.004254037503653434,0.004962475883619903,0.0063240922013050845
2017-02-06,-0.006606046661793968,-0.006389478116232572,-0.005786861664696301,-0.004850840128143894,-0.0036125582064780986,-0.0022824338347849334,-0.0009662031811468442,0.00036155319241975485,0.0015684235028902735,0.0025031049168386106,0.0037265846660392045,0.004638809651664871,0.006197314978382671,0.007174299911848712,0.008521829323168039
2017-02-07,-0.007843881214928829,-0.007414145021645157,-0.006587107097744924,-0.005413416248764506,-0.0038954538749439854,-0.0022171538690859646,-0.0004846944618243736,0.001268600053997349,0.002838442091801747,0.0039892032292825385,0.005605457916682191,0.006951439913599471,0.009027057614346396,0.010385599595467967,0.011773660617356326
2017-02-08,-0.007362484048572439,-0.006727360483736097,-0.00575962345020781,-0.004511387048576139,-0.002993641569219666,-0.001344887748750265,0.0003454591426138192,0.0020513000233799606,0.0035667381245792548,0.0046828041805123954,0.006156373320648182,0.008073510709842299,0.010423722142426105,0.011864026155057269,0.01323238615133459
2017-02-09,-0.007169868807692401,-0.006757114210888785,-0.006085772679290471,-0.005177306847178267,-0.004048887675854142,-0.002850530072908161,-0.001647658996380462,-0.00042816607111355375,0.0006808866031231329,0.0015516167849143234,0.0025435062154038697,0.00427391648019095,0.006382734891452303,0.007421621315113477,0.008853482045926194
2017-02-10,-0.007176289499006088,-0.006728539198849365,-0.006028842584412919,-0.005112628651821242,-0.004006874523272135,-0.0028340235405897186,-0.0016306522686069071,-0.00037659430576394667,0.000786909140525258,0.001722148586591877,0.0028445048133409557,0.0050121130786954056,0.007234311224203682,0.008417586351721674,0.009829405028506204
2017-02-13,-0.007175500386065244,-0.0069689248470383375,-0.006437091775142736,-0.005606821888177191,-0.004506715732954072,-0.003307584747863823,-0.0020699897615088884,-0.0007722089303497106,0.00044900447761130383,0.0014186798721830007,0.0027520410133129386,0.003978546437561302,0.0057022728116223765,0.006765418649947905,0.008168359453798336
2017-02-14,-0.0072689481706513705,-0.006939727102799322,-0.00629458660849584,-0.0053580110370975015,-0.004160331437320466,-0.0028616540331157358,-0.0015267830764004809,-0.00014072977459303232,0.0011489254803006797,0.002164718288290084,0.0035103321064647664,0.005240325566278238,0.007131992539382868,0.008264297902796343,0.009677898217863964
2017-02-15,-0.007051840196778516,-0.006794163034207294,-0.006191728586458172,-0.005288433862192991,-0.004101409413138014,-0.00278970414699268,-0.0014285947449524422,-2.725188940193974e-06,0.0013214179372113308,0.002376877622403784,0.003803682504314124,0.005784513574934135,0.007964803298263145,0.009215707632647207,0.010652906643064959
2017-02-16,-0.0075032621562760304,-0.007469368467623033,-0.007061360989786764,-0.006306351636703284,-0.005202382975980429,-0.003919846409444425,-0.0025510788202459606,-0.0011020564242567486,0.0002649012041493384,0.0013894954431835876,0.0029886301664757997,0.00518958557665525,0.007377572193514548,0.008731250518299495,0.010205258068299118
2017-02-17,-0.006351046575563721,-0.006126703277212195,-0.005470911646157534,-0.004451049645583371,-0.0031017039341419425,-0.0016067729594839335,-4.610235298706803e-05,0.0015800974555849959,0.003099427154448598,0.004301924071188799,0.00606584208422454,0.008244760990804484,0.010532225501122452,0.012043545718489325,0.013453857412267057
2017-02-20,-0.007450413133451543,-0.006841195526055162,-0.005914282388548314,-0.004688343079270502,-0.0032100465401306306,-0.0016223575193785437,-5.8994804773391954e-06,0.0016447763661458469,0.0031661024816402768,0.004344771965214859,0.00595243442997875,0.00813423610620994,0.010496437039709719,0.011841522809172188,0.013290350684529528
2017-02-21,-0.007120616040426793,-0.006710210775232946,-0.005913892356885243,-0.004767704839231179,-0.0032988340358580397,-0.0016718581699389924,1.2478985953799627e-05,0.0017448534916246448,0.003351456559308176,0.004598810303859604,0.006416959631678577,0.008677924147697155,0.010968450135404692,0.012463509461379958,0.013889557067583276
2017-02-22,-0.007263721891656808,-0.0069752162175779195,-0.006237494500676335,-0.005093390197089553,-0.0035733222225972205,-0.0018583592186534417,-5.371190162467741e-05,0.0018182925568554142,0.003571884108523193,0.004921999126759755,0.006975447765797364,0.00898483770130768,0.0111542050561451,0.012701684526979557,0.01416984553080561
2017-02-23,-0.0072798947011078734,-0.0068082475986879,-0.005929839030799525,-0.004686594031338049,-0.0031112155383439103,-0.0013739279302584617,0.0004045808408825295,0.002218641911154017,0.003882033663058266,0.0051829620418191655,0.007098800436164177,0.009552796369912004,0.011927709794223093,0.013475004517442365,0.0149516899180286
2017-02-24,-0.006442982761691188,-0.006242227025997044,-0.005618172414921994,-0.004626827643907427,-0.0033451812087551018,-0.001975114669068644,-0.0006267995338590064,0.0007503976159115473,0.0020325759375255195,0.0030873252729259225,0.004587710424130935,0.0066350637364297835,0.008641917250004415,0.009882512432517629,0.011316024284512163
2017-02-27,-0.005429875099658136,-0.005147696022656302,-0.004399073963162303,-0.003290791175578807,-0.0019370538298933214,-0.0005458207562941215,0.0008018709843338361,0.002171497366975075,0.0034579181408637026,0.004501270586767912,0.005967446170294085,0.008087086083787139,0.010135561052668685,0.011357469089236029,0.012775734199061693
2017-02-28,-0.006886880011890693,-0.006608703884133186,-0.005841928166709379,-0.004693630297666198,-0.0032235189971782712,-0.0016405053749041314,-5.111101894387398e-05,0.0015638187201002787,0.0030671440884495246,0.004277394430750184,0.006059585990665995,0.0085508473860511,0.010987389273638277,0.012523694435131105,0.013960940281182568
2017-03-01,-0.007492080905001725,-0.006716003392577283,-0.005544928166952529,-0.004076901975277431,-0.0024259172450099274,-0.0007595579023434973,0.0008374302999458983,0.0024215715209570544,0.0038751487655282616,0.004990312281645718,0.006494122534075088,0.008599411905041272,0.010727316546568189,0.011931142468744077,0.013373478693393677
2017-03-02,-0.007537626132135479,-0.007122734534050582,-0.0062311417591890406,-0.0049855440962176855,-0.0034662434676236403,-0.0018745731129480255,-0.00029585099740076144,0.0012960847766590178,0.002797644597165323,0.004023661812236993,0.0055711041932061285,0.007834058611026814,0.009922755978074429,0.011274030429625163,0.012759474939151097
2017-03-03,-0.00707374821934111,-0.006501869692338209,-0.005498203467207181,-0.004180180630590801,-0.002608363039381918,-0.0009802789222574017,0.0006243722547365348,0.002229796517764876,0.0037314672174862547,0.004935397570287684,0.006406097420351884,0.00872498098870486,0.011009714702309622,0.012382852924634404,0.013837242485672401
2017-03-06,-0.007388750580960338,-0.00690327243141071,-0.006004561391704642,-0.004796411488903552,-0.003315954916013304,-0.0017624454293545307,-0.00020464873518734447,0.001374172724758176,0.0028616548780684855,0.004077093804538142,0.005617577192132642,0.007821162156234228,0.009955399092520287,0.011301416726526238,0.01276690359028279
2017-03-07,-0.008237647077454583,-0.007798586173145692,-0.007010788665224187,-0.005934460649402702,-0.004547408987006212,-0.0030497363922028413,-0.0015300685509132602,4.308350006245625e-06,0.0014343646290735192,0.002628150295816997,0.004144989248686616,0.006551942439630602,0.00881312957996582,0.01023509482462296,0.01168921104068045
2017-03-08,-0.007800092365136251,-0.007592550614965275,-0.0070142825387268055,-0.006120830168377645,-0.004885757595933712,-0.003516398991405459,-0.0020917905696290514,-0.0006258477022336948,0.0007708369865768595,0.0019663497182659494,0.00351563702462407,0.006189863570929869,0.00869175113169244,0.010294684503873362,0.011724756748103011
2017-03-09,-0.008435829496573795,-0.00778113136320734,-0.006803724960724453,-0.005547341393804027,-0.003973702320761283,-0.002255183353501227,-0.00047158597586986046,0.0013368946613492117,0.0030169355796263652,0.004356661227600463,0.006125049628884308,0.008842983871618776,0.011497624045799147,0.013238807939213358,0.014671110336274263
2017-03-10,-0.007967002987993585,-0.007296587939101408,-0.006381610667471178,-0.005240892072502946,-0.0038821346110774983,-0.0024540928872550105,-0.0009958722781318236,0.0005046264702266861,0.0019250754425664065,0.0030467114897849415,0.004408941736700776,0.006394672726259376,0.008453442268259613,0.00974908574569747,0.011165813028974167
2017-03-13,-0.007687542112190153,-0.007418911491386977,-0.006800629793608519,-0.005875792392790379,-0.004613463889667688,-0.0031951999562893456,-0.0016849266629954027,-0.0001059298959335803,0.0013868768395840698,0.002634885018847297,0.004276889805260309,0.006934174409321915,0.009536179160913002,0.011215072410993026,0.012644417106245547
2017-03-14,-0.008598852879937871,-0.007733527268793055,-0.006606147427709776,-0.005246518137589192,-0.0036309922842932673,-0.0018982866652775847,-0.00011979539461272467,0.0016887702507397146,0.0033609728058210907,0.004671081881828445,0.006348027270533595,0.008787402194769102,0.011247897589028673,0.012877969657128457,0.01432208649698785
2017-03-15,-0.00833779789494252,-0.00797409556455723,-0.0073222827618875845,-0.006395855204609495,-0.005157475692318286,-0.0037752137047712144,-0.002314014629934088,-0.0007894695530203013,0.0005666698359232075,0.001852130779785488,0.003420187040804852,0.006268444761890793,0.008818214597314612,0.010486650731649274,0.011923322571818247
2017-03-16,-0.008148903150748005,-0.007349596087660769,-0.006271093409612776,-0.004949451648897173,-0.0033882150390487234,-0.001736861239892353,-5.838026460817556e-05,0.0016531451757162785,0.003161116917251231,0.004484068656734904,0.006079772786707928,0.008513366882920686,0.010968465794419464,0.012575833276741317,0.014031550033153562
2017-03-17,-0.008508187968708357,-0.007924794752755942,-0.007016834880242614,-0.00582263281611785,-0.004327328275754293,-0.002686436643892466,-0.0009672600012055868,0.0008203433882642756,0.002419058253689945,0.0038139970217977194,0.005614508905919264,0.007871827336108398,0.010259915025027858,0.011882702783819019,0.01338885171028966
2017-03-20,-0.007433352050367641,-0.006604773482702124,-0.0054634462444947875,-0.004087532550192809,-0.0025189481321981136,-0.0009026051391000543,0.0007221602839689867,0.0023847202938862217,0.003846226201725847,0.005120029638011921,0.006610706485623454,0.009169741850533417,0.011696489707504379,0.013233079454646244,0.014678774773752769
2017-03-21,-0.007856752872416025,-0.007241214384227805,-0.006284982990760706,-0.005077190277263615,-0.0036875922605019294,-0.0022752174551989037,-0.0008599928693183178,0.0006098675892805096,0.0019185908133478658,0.003085661927001105,0.0044333305672462145,0.006391914934317192,0.008480610441288193,0.009721594054877642,0.011184024852430809
2017-03-22,-0.008852600002270982,-0.008318478752628995,-0.007376568802206605,-0.006089710548748408,-0.004508433062141209,-0.002805259895582137,-0.0010298441765333537,0.0008192099882938255,0.0024800476300314614,0.0039022884006700833,0.005743033382907358,0.007721732737603829,0.009949449571096612,0.011489359039314377,0.012930572259210049
2017-03-23,-0.00917129420317049,-0.008735441213718928,-0.00794713869132466,-0.0068286234232448305,-0.005386003381204736,-0.003787549847069221,-0.002084373556104323,-0.0003011584533725005,0.0012821208901221872,0.002695561781028532,0.004423740098538513,0.007247000065921444,0.010050909971830568,0.011757016443132345,0.013221545517603905
2017-03-24,-0.00909733910939544,-0.008621264047948787,-0.00782790781599568,-0.006734887580487795,-0.005390062214357658,-0.003965771513124935,-0.0024944961104207517,-0.0009600598265821947,0.00040720061221331187,0.0016287900426077517,0.002989985045555498,0.005064851284727124,0.007397982904791524,0.008612152587644622,0.010089598922966368
2017-03-27,-0.009397338739869636,-0.009262489187836918,-0.008630200635516012,-0.007620560999504213,-0.006249641480812484,-0.0047310638260647,-0.0030979084433011396,-0.0013645651298315698,0.00019482645163302215,0.0015761968977188717,0.0032812377348592557,0.005540102308697992,0.00794131958332735,0.009478548765686235,0.010908691749610712
2017-03-28,-0.00930721737403193,-0.008870838896067929,-0.008142283042297188,-0.0071695293156905935,-0.005994094832087525,-0.0047712147352181045,-0.003498205018871367,-0.002138386426886505,-0.0009253664910040199,0.0001930204714018619,0.0012746143133900083,0.003771842013830832,0.006186293060337461,0.007428305462225826,0.008924031397432981
2017-03-29,-0.007812368249593591,-0.0075788284890501295,-0.006987338337926226,-0.0061284515333045525,-0.005038558703658468,-0.0039420548162249075,-0.0027996288022092766,-0.0015667282158979704,-0.00042944313122387666,0.0006304858142948116,0.0017748619276121928,0.0031972638745710446,0.004902758825408664,0.005803670744825978,0.00731718900296141
2017-03-30,-0.008009198219447974,-0.0073717573078319575,-0.006400457435959182,-0.005180880043274016,-0.0037348342156868987,-0.0022061876695897284,-0.0006044704894770706,0.0010599761678552547,0.0025570719677161643,0.003861148440881231,0.005427465572836283,0.0075928202356663034,0.010013646639865557,0.0113689313599963,0.01291299135204927
2017-03-31,-0.008031602517842155,-0.007488566368316282,-0.006615815447966465,-0.005504246756100171,-0.0041755470756343884,-0.00277604196132631,-0.0013134780051787618,0.00021650569930070423,0.0015909921418112833,0.0028372015495388937,0.004296342118930713,0.0066140940899442275,0.009150965446642812,0.010514099102027536,0.01207460647743516
2017-04-03,-0.00817594030613851,-0.007862583091758149,-0.007105591120178131,-0.006012656407880642,-0.00460270426706893,-0.0030661030472408624,-0.0014366142835019833,0.00027279633684329816,0.001831592277895502,0.003215185048246048,0.005071430234958624,0.006890185314100144,0.009218893511017337,0.010607633937884,0.012145937393325364
2017-04-04,-0.008065220321340712,-0.007499276262850056,-0.006601715519151854,-0.005453315814432732,-0.004094934375125471,-0.0026985349200976737,-0.0012760553915360999,0.00019405020471791387,0.0015266917288976928,0.0027530235932910767,0.004217018325714612,0.00646441146560962,0.008965138301287754,0.010261855947935867,0.011810151293042921
2017-04-05,-0.008995652402310386,-0.008688517297738545,-0.007956254160460198,-0.0068903550551591385,-0.0054895349157552484,-0.003954408718257405,-0.0023215495680843157,-0.0006279109475416913,0.0009152635231628318,0.0023130194815675006,0.004135500868399464,0.006376046075646913,0.00899912471909831,0.010500602001739604,0.012082684100240357
2017-04-06,-0.00896831404441021,-0.008084734269235944,-0.006939676094737712,-0.005573605120408975,-0.004011629969603388,-0.0024022325257925426,-0.0007733732578673582,0.0008601643453995051,0.0023069607909830788,0.003583869260415855,0.00506574679154763,0.007495040928710615,0.010122348765621724,0.011512298013918993,0.013099041061197908
2017-04-07,-0.00980211058298568,-0.008941462798790387,-0.0078221815460491,-0.006469987265711373,-0.004900921958730729,-0.0032585733223103597,-0.001589586472676013,9.091628466013305e-05,0.001573751059077947,0.002904874256703292,0.004448858872733399,0.007060454415802538,0.00999743361491728,0.011550050891303752,0.013165304640527746
2017-04-10,-0.009724708468496494,-0.00831121035339726,-0.006748589826758772,-0.005053662607478298,-0.0033416425880711514,-0.001706848481201421,-0.00017799528067832457,0.0013123611400122073,0.0026130021708390423,0.0037525651237865056,0.004839304107737613,0.0070210152933296585,0.00948230713511826,0.010654308559057588,0.012312502063760094
2017-04-11,-0.008853370502265508,-0.00825190822778821,-0.007257886333286918,-0.005952861828177973,-0.0044174969285682205,-0.0028278560428940595,-0.0012494568697877433,0.0003528116412220409,0.0017988301907173078,0.0030917185145493305,0.004651441018642552,0.0063749533379396485,0.00853340654529137,0.00981705890951446,0.011439335226861014
2017-04-12,-0.009101468695006798,-0.007969473017098676,-0.006532689861590684,-0.004863394844394883,-0.00307875535684361,-0.0012714619832111384,0.0005135271567534689,0.0023031242898565027,0.003875657933602023,0.005184889300563174,0.0065688671727737475,0.008591995458930702,0.01116535283997671,0.012545241406878328,0.014158964576521061
2017-04-13,-0.009052671486752652,-0.0078747913134149,-0.006436479623737532,-0.0047980947882515414,-0.0030981596980939074,-0.0014217674965098875,0.00020305878171099985,0.0018287924787190111,0.003258862980430591,0.004460846430928982,0.005611368635775268,0.007649993416763952,0.010139029373927359,0.011429077607376504,0.013066905109681792
2017-04-18,-0.00874825060964291,-0.007659012114736314,-0.006304164777520161,-0.004741584106424148,-0.0030902020232765216,-0.001436706152828615,0.00018520016317509263,0.0018242657293619292,0.00327452333817974,0.004529723465540377,0.005811021265699943,0.007700668668506203,0.01030411392366788,0.011715411392774079,0.013281395257859693
2017-04-19,-0.008997381689725942,-0.007992140403629599,-0.006780229661695979,-0.005381581898452174,-0.003870427377013711,-0.0023473326123882934,-0.0008405573849151458,0.0006950916815584266,0.002055755398228265,0.003242946176607843,0.004402045395638989,0.00626427005075348,0.008706145954174248,0.009972786180584909,0.011560772153966364
2017-04-20,-0.00863077870053615,-0.007525315687377045,-0.0061679892576142,-0.004606773821368957,-0.0029221878277202527,-0.0012202923781557155,0.00048024242962018424,0.0022027402032622047,0.003724868531369014,0.005033872675430652,0.006400763451238114,0.008529913292721623,0.01114531638250582,0.012598921005990766,0.014216462208313897
2017-04-21,-0.008589624644365459,-0.00748034782650844,-0.006189744366007947,-0.004738246406861345,-0.003201214107172842,-0.001664590376093762,-0.00014152502291577256,0.0014220151006684705,0.002815306704186403,0.0040237031966799215,0.005195970799661611,0.007266769360487607,0.009856525414132383,0.011236349350157313,0.012828700520775923
2017-04-24,-0.008747376202730741,-0.007553492299514121,-0.006162851091711273,-0.0046128188656491586,-0.0030081264233993805,-0.0014268531465452925,0.00012952240394590274,0.0017305259407410522,0.0031547254189950033,0.00436663249885374,0.005555494701796289,0.007432618329404636,0.009810086242675464,0.011094042100975015,0.01268986439231909
2017-04-25,-0.007959220127876268,-0.0071801657492293535,-0.006075958910752995,-0.004728277140031193,-0.0032226622407043916,-0.0016883228940114488,-0.00013238586629118294,0.0014989370500756607,0.0029813226189952975,0.004264089326489211,0.005707464506106671,0.007170921445940382,0.009481181058639002,0.010824484894390725,0.012500219685127425
2017-04-26,-0.007810471519447448,-0.0071650155696394435,-0.006212507342056615,-0.005024851805452705,-0.003674033317183003,-0.0022835606978126727,-0.0008602710324991754,0.0006433873148457836,0.0020062276602168827,0.003224487391730669,0.004599003946271161,0.006295498959167484,0.008628648596247544,0.010009922555475044,0.011620500465181045
2017-04-27,-0.008250438285151094,-0.00759341863316843,-0.006658274504726419,-0.005487905077661154,-0.0041351293544881085,-0.0027216515666599094,-0.0012588828465563825,0.00029308253106758537,0.0017157315691247086,0.0029687238696098376,0.004453527169877015,0.005955380071976555,0.008162088735552814,0.00951389597411489,0.011144450101725403
2017-04-28,-0.007778780313926261,-0.00729994599465486,-0.0064776273283698275,-0.005375402528609944,-0.004027955966970597,-0.0025905006251635354,-0.0010920175296396527,0.0004973409763997906,0.001975915854727612,0.0032781549277494867,0.004937837116096367,0.006077404419574288,0.008093829146456802,0.009443254142985493,0.011049849595350268
2017-05-02,-0.008893767980903959,-0.007890378786923528,-0.006742887955353786,-0.0054300051366597615,-0.003991668081171181,-0.0025213391050656745,-0.001025549845209201,0.0005207275497979788,0.0019245752390546732,0.003157007369988483,0.004517443467245003,0.0064843192834748795,0.008896469191465686,0.01019853134679471,0.01183659547115502
2017-05-03,-0.008226152134342087,-0.007658547343507663,-0.006852745339790172,-0.005804932658217285,-0.004583127750840027,-0.00330717314390511,-0.001998428996965953,-0.000611361683495813,0.0006746575341126503,0.0018424988398635734,0.003211113514353077,0.004905706253663509,0.007068581171432036,0.008281119169684291,0.00988674714575387
2017-05-04,-0.008032525900048236,-0.007646822740340499,-0.006898671016083716,-0.005824225306575469,-0.004498780789145524,-0.0030683437630497534,-0.0015661622323343597,2.3892181686658957e-05,0.0014951050596351222,0.0028243417262142335,0.004484022858981048,0.006493652146503957,0.009049883808270612,0.010544367816159392,0.012195841477915734
2017-05-05,-0.008300513417929277,-0.00829945222715588,-0.007818190171256659,-0.006925148677035408,-0.0057119432025636825,-0.004345556296973996,-0.002876204850359034,-0.0012982561496369216,0.00017673836714924575,0.0015379701160929946,0.0033369103568871837,0.005400367343525832,0.007691256244256234,0.00919471942185515,0.010820033490394561
2017-05-08,-0.007265790703105392,-0.007318482979106394,-0.006902569710611085,-0.006083169397935638,-0.00496246515488878,-0.003728734249422188,-0.002425210319168513,-0.001025850243708496,0.0002989398916019701,0.0015350650655294267,0.003166239372434523,0.004868723552620499,0.006846807839074618,0.00813660218084378,0.009717144521124162
2017-05-09,-0.006745919912493276,-0.006729330450198661,-0.006261672324190223,-0.005404430313923128,-0.004262271328431807,-0.0030327378476847234,-0.0017576459758741787,-0.0004119804597459675,0.0008486261399318032,0.002024686569696109,0.0034995554854375024,0.0051830001446801785,0.007129499933649284,0.008342083793910667,0.00990491397093498
2017-05-10,-0.006805322641837247,-0.006759913100735087,-0.006267812395004057,-0.005343871936347455,-0.004171612367031805,-0.0028494537896401875,-0.0014554862673866536,1.9124611659925646e-05,0.0013995133808098817,0.002663842374706909,0.004291370129844339,0.006062685091570505,0.008125952591193884,0.009463426251553698,0.011041609030348162
2017-05-11,-0.007002713472653566,-0.006924643838649251,-0.006472297163717627,-0.0056358703255123075,-0.004617381048573498,-0.003494359114136745,-0.0023283579216769436,-0.0010860523380883244,7.575310717060943e-05,0.0011891036466276789,0.0024658169860187467,0.004471875105123436,0.006495615210214876,0.007711401889769846,0.009286113000700497
2017-05-12,-0.007711641862669133,-0.007901470964678449,-0.007570642149530609,-0.006751830645934883,-0.00562264011766601,-0.0043086213065987615,-0.002890925086226526,-0.0013721185658511236,4.50457887490722e-05,0.0013448592942786417,0.0030512674093832516,0.004577039422712868,0.006519355080251373,0.007872859728436836,0.00944946048591382
2017-05-15,-0.007242408902262527,-0.007445521573267391,-0.007151355022637591,-0.006364313581864149,-0.00527630067009242,-0.004020096907366682,-0.0026833550721281772,-0.0012552647064750866,8.019390796362973e-05,0.001333824956978803,0.0029597782747820514,0.004612094395397446,0.006644176603181886,0.008014401495619963,0.009631668562560373
2017-05-16,-0.008080530649454624,-0.007919882997886384,-0.007342651256703445,-0.0064705856900198885,-0.0053543361123531774,-0.004130814699402178,-0.0028561670910204097,-0.0014906092656373142,-0.00022612961316334263,0.0009332199179082968,0.0022519697352335853,0.003895576370054939,0.005855650015728194,0.0070592340277729985,0.008643100815341613
2017-05-17,-0.00840723706111719,-0.008409803639660542,-0.007932619190759242,-0.007119925053783525,-0.006006783784367163,-0.00474839382335471,-0.003402805459802542,-0.0019412766413962003,-0.0005768376346181729,0.0006572148325960172,0.0021328672369549896,0.0037763962929176203,0.005796780948535778,0.0070870002086909824,0.008692177561836163
2017-05-18,-0.007737736356452348,-0.007570525326793158,-0.006900571087669185,-0.005916589411339174,-0.004613029793429007,-0.003176543739398019,-0.00165758228031649,-2.8123505740006854e-05,0.001472469082440914,0.0028050520051486204,0.0044443340170910875,0.006395376112292458,0.008698529281585163,0.010216986627115322,0.011792896108265552
2017-05-19,-0.008157672915535817,-0.007831315162912725,-0.007055746221542542,-0.006000480344171949,-0.004677906828563109,-0.003250752745003113,-0.001768631519776154,-0.0001706338362662519,0.0013133658272574413,0.002608999186704682,0.004172444577224254,0.005773823424059755,0.007887176781971372,0.009256570924291687,0.010841166436589196
2017-05-22,-0.0072883356495925125,-0.006818417135812557,-0.0059339242216418075,-0.004812233128977988,-0.0034993911019247236,-0.0021498201500760655,-0.0007889785473030992,0.000673112939071401,0.0020275952865249957,0.0032307116214849094,0.004539653762987659,0.006218978539686294,0.008372612450162726,0.009669957323623964,0.011247367965906804
2017-05-23,-0.008154182561893623,-0.007725452071556928,-0.0068882320761005835,-0.0057948727615585735,-0.0044657164715645415,-0.0030536549579723367,-0.001595483083127503,-2.959340773772039e-05,0.0014192072053522138,0.002698882924971377,0.004149694234637263,0.005932278044996642,0.008167809175110539,0.009566727384463106,0.011154054801537978
2017-05-24,-0.007140480525176878,-0.006770976057541447,-0.006052222474318803,-0.005099215022198861,-0.003915564438227779,-0.0026561743915796835,-0.0013580468480222795,5.556078967463489e-05,0.0013849128197284928,0.002605621491426905,0.0040298820706034565,0.005833277792501877,0.008018514869411462,0.009452557468924344,0.01106545718304618
2017-05-25,-0.00692551741054555,-0.006466760373441727,-0.005645177468529875,-0.004586420848288428,-0.003305965354546227,-0.0019639005671349963,-0.0005944348148199962,0.0008882255731437922,0.002284857402611053,0.003548700503790808,0.005089182766279368,0.006626715554979643,0.008678332501107965,0.010129640619039093,0.011725110766993448
2017-05-26,-0.007435696523379191,-0.006843848672341117,-0.005998877777820414,-0.004981425403903292,-0.003799932277951618,-0.0025934323099166224,-0.0013939154213453487,-0.00010214863678851172,0.0011080165082474414,0.0022351790577901038,0.003440928377724145,0.005227832484120093,0.007375228024123876,0.008699494290330373,0.010315613042109604
2017-05-29,-0.0077435750544685815,-0.007061874957673825,-0.006055305092829304,-0.004835179616678132,-0.003415861520789409,-0.0019514018631623907,-0.00048118584536199164,0.0010704558516854675,0.002508860498866633,0.0037742865997742736,0.005296610737163114,0.006948383495778854,0.00906991120857523,0.010512996861110731,0.012122432042287844
2017-05-30,-0.007184945345173844,-0.006152804069723633,-0.004928206383075282,-0.003584996434546864,-0.002157685282045335,-0.0007619298830846624,0.0005733456386252411,0.0019350452434851802,0.0031714182829101186,0.00426589262518237,0.005352844609466998,0.00735932189089582,0.0096527806783131,0.01078816285452655,0.012485684720233182
2017-05-31,-0.007421897495304502,-0.006926588968965841,-0.006106479027459734,-0.005052724107885031,-0.003764050971041531,-0.0024082581156707646,-0.0010502414418706828,0.0003707112903544627,0.0016969027046389745,0.002899617845635148,0.004383811034569176,0.00596720173011372,0.008074853942422197,0.009447103584003984,0.01105372225218604
2017-06-01,-0.007196495121665368,-0.006645299127328685,-0.005751070389937573,-0.004605319790646144,-0.0032072220352473224,-0.0017288418332818381,-0.0002472347892442529,0.0012870590328279397,0.0027140610110180296,0.003983433872771741,0.005598155442157056,0.007253618777201297,0.009413677558483931,0.010858405965395779,0.012505318186076947
2017-06-02,-0.007358079990817983,-0.006582795451023411,-0.00556581294167988,-0.0043701618709797215,-0.0030147941689720016,-0.0016402994281523291,-0.00031407181605565043,0.0010383302908964552,0.0022817112421125987,0.003415405057712111,0.00467827090721681,0.006613572339605545,0.008886088892939884,0.010214807466048793,0.011883135721358278
2017-06-05,-0.007460365737095977,-0.006620765458782185,-0.00554132044992519,-0.004281871614680126,-0.002863564595763517,-0.0014257912184944923,-4.5291106554044705e-05,0.0013497646378593008,0.0026209506391268694,0.0037701131420219826,0.00503360954156501,0.00708045943585274,0.009420924927320783,0.010774197452946667,0.012463407462761795
2017-06-06,-0.006751289939442575,-0.006099719485670512,-0.005208301377769542,-0.004127306389036025,-0.0028679409663817977,-0.0015872589087294665,-0.0003553453624909851,0.0009074201887437241,0.002067440606146874,0.0031470746803694384,0.004303751010070408,0.006220761330990683,0.008430301333530635,0.00938943779576623,0.011292484658527117
2017-06-07,-0.006922431742402232,-0.006388524347427985,-0.00555062483731324,-0.004479978081331425,-0.00315745821070352,-0.0017680311832008254,-0.00039376115679378484,0.0010085369308141775,0.0022894202108695466,0.003473445502585304,0.00489408554030702,0.007120084897885345,0.00941821553403997,0.010891111735324359,0.012537256551137476
2017-06-08,-0.007693852921786423,-0.007349925067738428,-0.006714491580702196,-0.005841842847919794,-0.004691445665148179,-0.003464076178827433,-0.0022612228988882774,-0.0010332924735683927,0.00011346831906401764,0.0012204162193851483,0.0025249180125944603,0.004486575081397878,0.006608276989067642,0.007834212659419576,0.00952602283269417
2017-06-09,-0.00709997798199865,-0.006633511105721277,-0.0058455310672104795,-0.004796738011157744,-0.00344280626494073,-0.0019914069247488515,-0.0005634522077078989,0.0008729594319249129,0.0021932549390465145,0.0034228662007438344,0.004938429982822934,0.007241290608287405,0.009658599947767358,0.011121722031718103,0.012832153256350246
2017-06-12,-0.00770828575575892,-0.0071511318884894745,-0.006268998600686193,-0.005130572899997604,-0.003698853322438489,-0.002172182616811713,-0.0006487288938920115,0.0008719021020621304,0.002268032172489786,0.003544048862249167,0.00511358033615892,0.007680321210449961,0.010236950013975857,0.011732569259549732,0.013386064611983958
2017-06-13,-0.006668354364744235,-0.00619106667141056,-0.005380242997608321,-0.004318711036680517,-0.002991643140182625,-0.0016012365520733022,-0.00021772309225350991,0.001172072897098744,0.002465181332383463,0.003681435395337121,0.005209810596598256,0.007582870163226277,0.010036725143472954,0.011471380812354005,0.013152944506082665
2017-06-14,-0.0073445103761587026,-0.006893190372590426,-0.0061097967196557905,-0.005055168136589617,-0.0037047816443560202,-0.0022569297665676587,-0.0007884849273350728,0.0007027635803908369,0.0020959790710504914,0.0033845075120469215,0.005048890405668376,0.007128812231807145,0.00961955215165711,0.011130400122716332,0.012812817074202565
2017-06-15,-0.007900908318142653,-0.007487611732939726,-0.006760315079957384,-0.005750075747819522,-0.004395104522180912,-0.002904357784922546,-0.0013670812254153075,0.0001847576722602555,0.001620835717501384,0.0029441922143971368,0.004685665202667706,0.007016772881097231,0.009460551989623377,0.011016310062330453,0.01268949651135233
2017-06-16,-0.007693664469406696,-0.0072411920955364716,-0.006555311943166626,-0.0056333116891781245,-0.0044026260925752025,-0.0030649298745573077,-0.0017056198823322715,-0.000347883665406092,0.0009135337158402684,0.002120815214036669,0.0036402062002774092,0.006116647776807323,0.008787033413597612,0.009989980769429602,0.011714691855213292
2017-06-19,-0.006483398078322588,-0.005918383397804416,-0.005090374953152273,-0.004021284668811535,-0.0026870086167550726,-0.0012641009552672214,0.00017245002488741005,0.0016247654582498558,0.002980055023753711,0.004236494486860927,0.005923310352858964,0.008133579306226645,0.010560228649293754,0.011986574367418958,0.013671098384680915
2017-06-20,-0.007150276159258337,-0.006792547934632492,-0.0061654215087767325,-0.005257412909023984,-0.00400197082402741,-0.00258903487360388,-0.0011110628594633114,0.000397486989680315,0.001803177065788389,0.0031323559881623864,0.004989421452425841,0.007455037506816824,0.00998243550976739,0.01169821145759795,0.013382828863733244
2017-06-21,-0.007198866100716131,-0.006675075189954182,-0.005924845931832226,-0.004928178003278006,-0.0036272173157202306,-0.002199838340079487,-0.0007280298124631244,0.0007621840933379463,0.002142984397364708,0.0034268722267622926,0.005155107154016058,0.007393059176638132,0.009772622688750416,0.011339103244363744,0.013036430536355337
2017-06-22,-0.007630102909574536,-0.007323473472271807,-0.006811573203084837,-0.0060521913178905274,-0.004969366233745442,-0.003747718114183402,-0.002465341973577477,-0.0011535180761364783,7.00115788722709e-05,0.0012715242364886126,0.0028426689615150763,0.005022496925399372,0.007459601665324262,0.008760968536684186,0.010484204572237496
2017-06-23,-0.0074378309513311505,-0.006861648974977182,-0.006074062933104594,-0.005042455013189387,-0.003685659220134,-0.0021935826972520047,-0.0006529514050507641,0.0008921266914108804,0.002315346239256428,0.0036326152200459997,0.005378693077743286,0.007577710212599033,0.010388944827010867,0.011566495266038705,0.01327566954096983
2017-06-26,-0.006822823290987789,-0.00648173497489051,-0.005915594411934828,-0.005090006941671077,-0.003910495741006704,-0.0025664016981098584,-0.0011376650743000925,0.0003357174394419947,0.0017178802923954947,0.0030531922987373445,0.004911881879688412,0.007456423767588178,0.010133944522654429,0.011917645280764631,0.013574411775624816
2017-06-27,-0.007816825152297964,-0.007312609453869506,-0.0065864243443436825,-0.005608374719480165,-0.004306543908216359,-0.0028764254926694163,-0.0013897157546464956,0.00011421285548728999,0.0015034182538432692,0.002781199039281824,0.004460599460964119,0.006536822663342143,0.008999746533493322,0.010293403379662624,0.012001332148360487
2017-06-28,-0.007270008698089744,-0.006829477180875458,-0.00617556071283088,-0.00528166834107838,-0.004087089320015364,-0.0027836156985022497,-0.0014360576961962176,-5.813184819307584e-05,0.0012326517042753923,0.0024551387811142474,0.004080319006398427,0.006171867670196323,0.008512481316119869,0.009853956827716248,0.011569762699926475
2017-06-29,-0.0075369708456720025,-0.007066005551916244,-0.006347112815011667,-0.005367574284136954,-0.004059612444458286,-0.002624007740264352,-0.0011326585527243614,0.00038380420379143844,0.0017920584975890058,0.0030972868324219433,0.00485299846745418,0.007071276933449625,0.009608447876870395,0.011020487329536467,0.012732896041772893
2017-06-30,-0.008397197390936414,-0.008105431869063,-0.007554952709763788,-0.006695317577534192,-0.005472016513524837,-0.004076395882885029,-0.0026075068633402846,-0.001092160007678243,0.0003370075835078389,0.0016681599673804368,0.0035220790314238223,0.005812619112166639,0.007652589966010065,0.009977935929140877,0.011687720168170424
2017-07-03,-0.008283798797585876,-0.008006638654317702,-0.007458339612826249,-0.006618661750827615,-0.005400301803376694,-0.004001493983119306,-0.0025106007823725088,-0.0009838704834627707,0.0004406222370479468,0.0017878635589453995,0.0036635269640982442,0.00620698625671317,0.008814376464889119,0.010471836800169257,0.012191513761227792
2017-07-04,-0.007664080359283146,-0.0074623352015835065,-0.007027230354275053,-0.006326439595515059,-0.0052744267674768594,-0.004072088482408015,-0.002799463078241933,-0.0014853445090896227,-0.00023228833159964345,0.0010104789791217812,0.0027427029006222925,0.0051460728891359634,0.007613297803776403,0.00922644680717576,0.010943521962341725
2017-07-05,-0.007969145628158147,-0.0077441104790448335,-0.007270967379252348,-0.006534334337111769,-0.005449146731431966,-0.00422349776253189,-0.002929966346693268,-0.0016016167074764684,-0.00034623811456210043,0.0008904709145085363,0.0025844660072764604,0.004866954958332259,0.007677466179618224,0.00876200679076711,0.010493896575972472
2017-07-06,-0.008550925574088748,-0.008312758657898033,-0.00778434731935119,-0.006946462689173723,-0.0056916138836398565,-0.00423070693432532,-0.0026547057650789063,-0.0010400300172219855,0.00046463185110071363,0.0018838403155631814,0.0039112178470798115,0.006618079342789028,0.009522870538655068,0.011183785645429645,0.012911329135163324
2017-07-07,-0.007748413140611745,-0.0075306196483500365,-0.0070735422892141036,-0.006358534520111746,-0.005304018568592745,-0.004117573201546435,-0.0028726560604874604,-0.0015925218442112525,-0.0003827431655043931,0.0008332936727613714,0.0025269673455928375,0.004912462881162292,0.007458456530078339,0.008789933674291768,0.010521611253510985
2017-07-10,-0.008195737435061308,-0.007868087988330458,-0.007267035239127931,-0.006391779756646341,-0.00518431153102234,-0.0038413594280921845,-0.0024376868684712165,-0.0009981205097079836,0.00035126696489687717,0.0016304537350886477,0.003413040953309809,0.00574619634327095,0.00813172164994463,0.009598185322425758,0.011325020720570017
2017-07-11,-0.007830761532093848,-0.007762098880496576,-0.007461852533003542,-0.006908961220805496,-0.006017441804854219,-0.004990145773886643,-0.003892824061313676,-0.0027404909940709045,-0.0016298728232735488,-0.0004779689287063916,0.0011191423718420108,0.0035091796396001275,0.0060167512887863124,0.007157244882245074,0.008891503371398124
2017-07-12,-0.007672681010350191,-0.00742827958254741,-0.0069165092367265675,-0.0061297002739735115,-0.004992446014037496,-0.0037132274987531147,-0.00237248241922088,-0.0009929983295010245,0.000306481489947131,0.0015570004625840754,0.003289909299639303,0.0056637131991237885,0.008007470675351543,0.00938043849597213,0.011136566318026224
2017-07-13,-0.007430309723773258,-0.007246893571010141,-0.00681865870669316,-0.006129154855824281,-0.00508921907217738,-0.0039095359811221015,-0.0026650001510223056,-0.0013730380064403544,-0.0001435382216697646,0.001051906244157953,0.0027011770494191592,0.004923100606080379,0.007098717068679378,0.008346573733209163,0.010065531613252564
2017-07-14,-0.00717908218655303,-0.00707079962303599,-0.0067318262515239525,-0.006151755789774155,-0.005264900454714266,-0.00426236086095326,-0.003201083124985916,-0.0020744044894187887,-0.0009851698870262018,0.00012533904255253867,0.0016548230471375483,0.0038313976342002364,0.005841523159551234,0.006962955521592918,0.00869333457987663
2017-07-17,-0.006709865096275921,-0.0065605191512880445,-0.006200125150425265,-0.0055992259288834174,-0.004693699927449675,-0.003672133930846034,-0.0025995965160269525,-0.0014633163214512934,-0.0003626972898918678,0.0007597596592588695,0.002314708684242589,0.004635445443539527,0.006696237724944525,0.007914103235732654,0.009623586197995004
2017-07-18,-0.006847520721241877,-0.006657336713805148,-0.006221381771445084,-0.005538204346743443,-0.004545522361753336,-0.003426595183848676,-0.0022266943155187266,-0.0009500857741783414,0.0002733919855053518,0.0014609405983627122,0.0031556587625262444,0.005080325331520074,0.007034758920639195,0.008080503215547983,0.009896098764941717
2017-07-19,-0.006749839757064793,-0.006636145185540649,-0.006309510571256749,-0.005742226419992969,-0.00486150527046329,-0.00385577805234299,-0.0027686560834295805,-0.0015951937382968347,-0.00045271203723407246,0.0006891819963697197,0.0023421510039446994,0.004202912197530478,0.006129223093271519,0.007141181083210827,0.00889003019373105
2017-07-20,-0.006597375251545484,-0.006292945959579952,-0.005732737245366,-0.004920261153937667,-0.0037948841990043994,-0.0025350817982129595,-0.0012016061601101936,0.00020112905663704963,0.0015408872498276684,0.002807834066442246,0.004660577091475534,0.006711402273451257,0.00880331486400607,0.010036521119529237,0.011765081681012382
2017-07-21,-0.006412294838489934,-0.006170593222969514,-0.005704583471046212,-0.005002310663637604,-0.003998274920784585,-0.0028782620512896474,-0.0016847876897702371,-0.0003968443097639516,0.0008663794932798613,0.0020636636338191264,0.003855742264892636,0.00524302748939429,0.006876663068765745,0.007661334349751864,0.009388793560014276
2017-07-24,-0.0059103024725003376,-0.0054029485339313005,-0.0046991970188517,-0.0038042248891951664,-0.0026944058666685524,-0.001533444808619803,-0.00034737685960015835,0.0009064670800199284,0.0021167745928013567,0.003246116565251838,0.004861714381388024,0.006566862381612788,0.008268026541176322,0.009130730446981787,0.010841856569917612
2017-07-25,-0.006113300078422289,-0.005875036051723427,-0.005473918022948183,-0.004875745121797967,-0.004020304381787904,-0.003072987585490246,-0.002068820340652913,-0.0009744880774265469,0.00010290232405420696,0.0012013990642753885,0.0027929260972654815,0.004936161586749552,0.006767140816805821,0.00782153141288575,0.009542211221594925
2017-07-26,-0.005401289169967339,-0.004811560428896676,-0.004068999461256131,-0.003164631643458856,-0.002096499029424874,-0.0010031420532392904,8.286666483264024e-05,0.0012326819184586158,0.002350990150793698,0.0034442769204285468,0.00499479110145373,0.006864928477509601,0.008530849206692004,0.009397916524351497,0.011130970215789194
2017-07-27,-0.006199613282172549,-0.005602186336669321,-0.004807843925690463,-0.0037908648097466123,-0.00253845294818265,-0.001214672522549142,0.00012080712234603923,0.001478611238956766,0.0027522799774991336,0.00395954625967922,0.005733833603402437,0.007922880548108496,0.009846410997309204,0.010863446800983435,0.012631974112190298
2017-07-28,-0.006430360650179357,-0.005687914536445439,-0.004709854436778648,-0.0035138849758397585,-0.0021025926044685216,-0.0006195784105665462,0.0008793343344395861,0.0024140311425642764,0.003823384695002314,0.005130370494364214,0.006996786517217388,0.00933712626758684,0.011372581493275837,0.012611459973658768,0.014331324117056276
2017-07-31,-0.007498718140002571,-0.007080949913059503,-0.0064058471564021145,-0.005491106036493542,-0.004323443201187657,-0.0030666772350753,-0.0017596380354454183,-0.0003893069825831978,0.0008877149063292481,0.0021079501343340707,0.0038147901484007537,0.005832861455891578,0.0076046762998754035,0.008517287232680706,0.010276102872148946
2017-08-01,-0.006999728749039806,-0.00636911210083245,-0.005492327468258409,-0.004423668213196848,-0.0031667242805521524,-0.0018231606785284924,-0.00046141560326151514,0.0009405438288658079,0.002222212910179654,0.0034308260424760076,0.005094249664336037,0.007531836394835756,0.009514114268512135,0.011296471705158687,0.012325276731628435
2017-08-02,-0.006833558846581334,-0.005957141820244937,-0.004845393669293948,-0.003574043526100921,-0.0021849101729796636,-0.0007685173056480132,0.0006237618405122562,0.0020373192564069093,0.0033242057862022975,0.0045016426420158104,0.006130091257108586,0.008155639752272119,0.009993174859246091,0.011564078145874524,0.01277416408276751
2017-08-03,-0.006841303806317063,-0.0060548218852507826,-0.0050482517754734954,-0.0038857238275935616,-0.0025685056394114977,-0.0012178114444246996,0.0001234211525105544,0.0014946649616738605,0.002743875546898515,0.003917866692159893,0.005545423748615403,0.007919962225651474,0.009834461737921222,0.011520474588917137,0.012569668043883361
2017-08-04,-0.006714489729765951,-0.005784311315987247,-0.004617911365963626,-0.0033028853458661168,-0.0018575588502648692,-0.0003958191421306193,0.0010388691962242716,0.0024997559477817283,0.003813746692071085,0.005027451731149197,0.006689542945318284,0.008954128006270896,0.010850563064624834,0.012529163258563195,0.013588397575181484
2017-08-07,-0.007340630893178001,-0.006451659848183142,-0.005341054065151667,-0.0040840736821972055,-0.002700269897473754,-0.0013048099281808838,7.539239010702706e-05,0.0014850288247481207,0.0027465980679289197,0.003910785737813148,0.005447637210178301,0.007496075591299641,0.009271994331310023,0.010763936034487992,0.01184471820765639
2017-08-08,-0.00856161046789273,-0.007920675765561401,-0.007037911251633757,-0.0059667832058280836,-0.004685019499131863,-0.003307603473279952,-0.0018930405113969711,-0.0004462995037738827,0.0008418461346764404,0.0020686163310568127,0.003732873143068612,0.006486685544254483,0.008623448294584862,0.010576147705249783,0.011630133923030323
2017-08-09,-0.007447543638024362,-0.006704616751077909,-0.005736425367910603,-0.004602735387229841,-0.00328190792584274,-0.0018891239000069604,-0.0004680515670983801,0.0010016117094763365,0.0023400243886392627,0.0035970498156135348,0.005460915974411204,0.0076433474660648525,0.00962366213497225,0.011371559149632839,0.012422216994023239
2017-08-10,-0.0074578271896602755,-0.006695126200126676,-0.005688484111993124,-0.004523844587028746,-0.003195302877090788,-0.0018208841880115994,-0.00044322362358382647,0.0009716449646497071,0.0022546731971252645,0.0034697443041740977,0.005278269023659771,0.0075757893769811254,0.009513261267108232,0.011260084326728906,0.012319945731934437
2017-08-11,-0.007612554736590648,-0.0068317971144188794,-0.005829878469680014,-0.004703478775785329,-0.0034829326773834976,-0.0022825770619667664,-0.001127116857309228,5.555078619361685e-05,0.00111796875607322,0.002143089029425598,0.0035351104093477564,0.005670234699862491,0.0073157365929207175,0.008751872008301971,0.009833188169894036
2017-08-14,-0.0081559502661896,-0.006917253010775273,-0.005411669347612728,-0.00378197837338937,-0.00212650025652683,-0.0005325960585312287,0.0009659275789388943,0.0024430625069777807,0.003726166842886999,0.004830699302721345,0.00617446462121686,0.008630814993981295,0.010580588175355902,0.012216189593491513,0.01327815430166968
2017-08-15,-0.007448167245637006,-0.006349868496051131,-0.005036698999968257,-0.003623451410397099,-0.002188280487656096,-0.0008101705576804637,0.00047584535675493627,0.001753098251829924,0.0028712808138652212,0.0039086719008192845,0.0051464322000579306,0.008088444472042123,0.010165745029543982,0.012079172842615948,0.01309843501570545
2017-08-16,-0.008722764180112636,-0.0080191557070475,-0.007052569835650099,-0.005919146416665411,-0.004644209473679491,-0.003341548512037274,-0.0020731365469025334,-0.0008047009461427581,0.00029758165702578436,0.0013687501629333146,0.002802836825803065,0.005823119942943524,0.007944637315729485,0.009923634544830265,0.010947406634776224
2017-08-17,-0.007581551504435997,-0.006564780986168789,-0.005346839094011704,-0.004026070945129813,-0.0026751191872253343,-0.0013848124448059282,-0.00018937148722556743,0.0009844530029593642,0.0020005768646685672,0.0029549384083997826,0.0041663117245936115,0.006694278580422084,0.00851036780070804,0.01012033497377196,0.011165286205921544
2017-08-18,-0.006971123700776101,-0.005877560568057531,-0.0045988052907795784,-0.0032277660724256306,-0.0018100092862773194,-0.00045679513297979023,0.000794378612972713,0.0020040517205466993,0.0030483221101915755,0.004019421682822583,0.005300926618547369,0.007853395345542722,0.009739555941247395,0.011420681262487105,0.012461309861487746
2017-08-21,-0.007839452992300275,-0.007165826502645427,-0.006278080890582955,-0.005242175664934343,-0.004070580544994442,-0.002885210602406486,-0.0017184411096809234,-0.0005389458169449161,0.0005008280089989596,0.0015059222939306722,0.0029702191876829947,0.0053400254214268405,0.007142500634609355,0.008739751744892475,0.009789693413986618
2017-08-22,-0.006725296863102717,-0.00570542458520355,-0.004498027701582313,-0.0031896463370856168,-0.0018382790512134312,-0.0005618180552861012,0.0006235560876834446,0.0017931571937378791,0.002812856404971678,0.0037491769170810646,0.004996296853716815,0.007128942283206742,0.00876067373572241,0.010178997625775791,0.011257555524428198
2017-08-23,-0.007391654296935596,-0.006376495115597422,-0.0051154073192969576,-0.0037142229264344063,-0.0022382957070249693,-0.0008220885652455451,0.0005009415569909464,0.001802361823936536,0.0029213372654306414,0.003911971533775124,0.0052734090368828515,0.007126195885599714,0.008815090879485833,0.01013895022522872,0.01123708017411152
2017-08-24,-0.008369585620778731,-0.00739026730124451,-0.0061244485760547735,-0.00468404954618205,-0.003130628585050175,-0.0015961270442015037,-0.00014196535991126136,0.00127056874401169,0.0024711982205661066,0.0035388667623110783,0.004911096401475568,0.007697171685588547,0.009756147510720105,0.011583116413354608,0.012646558319868129
2017-08-25,-0.006947238843990169,-0.00595065637097779,-0.004747734396579334,-0.0034274105053652714,-0.0020616420402585775,-0.0007640940919057712,0.00042214910648423866,0.001570914149706839,0.0025577534997837637,0.003508499871050007,0.004669151609661299,0.007631979901369577,0.00950805976307002,0.0112948556413358,0.012372378287850056
2017-08-29,-0.006800803137648069,-0.005935333710583912,-0.004833157076940676,-0.003594139248828563,-0.0022548478296298587,-0.0009577982157864909,0.0002656975517663044,0.0014655824268039633,0.002488205348835693,0.003454774894462509,0.004768899542744174,0.007210813818213784,0.009003218177355277,0.010651063654417758,0.011715182102619973
2017-08-30,-0.007279812422518352,-0.006420240005985358,-0.005245235840597203,-0.003895940436147173,-0.002422830956452688,-0.000986596890641084,0.00037058661611952194,0.0016997889225152398,0.0028335793117747693,0.003849274766282817,0.005204745171586555,0.007504460474952441,0.00924141661913254,0.010888177166110777,0.011950473688104297
2017-08-31,-0.006875784854753482,-0.005961121857163001,-0.00465068388214018,-0.0031364837171985425,-0.0014773043760703192,0.0001601684992920305,0.0017071340404917527,0.0032087481956141646,0.004550380265286069,0.0057322017455598865,0.0072021884530025625,0.009092525160120856,0.010942486661172415,0.012582294982467183,0.013737211631363268
2017-09-01,-0.007485540009742122,-0.006757266339912054,-0.005595527206646676,-0.004198653068020811,-0.0026213969915031337,-0.0010446772912912046,0.00047212721698837576,0.0019627433615910994,0.0032832347008194362,0.004447301704721438,0.00591508868580194,0.008323538414161408,0.01018995857229836,0.0120322954769136,0.013125740700597409
2017-09-04,-0.006696228607932614,-0.00591028658088008,-0.004734505605978388,-0.0033625271391774796,-0.0018735490309429261,-0.0004239996354850461,0.0009497646624588204,0.002305443466910707,0.0035108783590798542,0.00457990038828772,0.005903236547250394,0.008204717784814314,0.009995718813765703,0.01169697830673089,0.012726832553269129
2017-09-05,-0.006480003497668114,-0.005531791335928316,-0.004186789122042969,-0.0026503148730910335,-0.0010129031145419648,0.0005661902183815909,0.0020533102406552796,0.0035192635090023957,0.004821710026261973,0.005923727010185649,0.007297524959645959,0.009204484144601104,0.010855604901106887,0.012371527171636747,0.013432615783150153
2017-09-06,-0.006561292837598642,-0.005678829184943435,-0.004432063214342171,-0.0030017345070187445,-0.0014627642861929488,3.621499172153531e-05,0.0014555933550448577,0.002854053453025607,0.004092820575729131,0.005174525655263391,0.0064522160495690895,0.00893410543694583,0.01079245196572711,0.012606314843886163,0.013640287451316204
2017-09-07,-0.00695567046599517,-0.006222930411175111,-0.0050948536711609895,-0.0037338927564420686,-0.0021644171513859863,-0.0005459331517174066,0.0010608795554249706,0.0026660208661013554,0.004101809862602562,0.005353107022376025,0.007057819238456745,0.009580096904088047,0.011597677143928606,0.013597661245036429,0.014642441046653343
2017-09-08,-0.006503402734744996,-0.0056418661857009925,-0.00444180237418185,-0.0030493815071601744,-0.0015176616861202648,1.5373281575923985e-05,0.0014991212226550224,0.002969615150201021,0.004284705228972416,0.0054341404775961446,0.006907329254641493,0.009424203499689296,0.011351095762439613,0.013262152658031563,0.014309438317386774
2017-09-11,-0.006785680122955791,-0.005955842236618839,-0.0048472716779450675,-0.003571256523814089,-0.00219479973672956,-0.0008353760271454227,0.0004598176061817369,0.0017476285027233029,0.0029139977286861845,0.003961272893626303,0.005178677520915407,0.007809884018836633,0.009680462495185588,0.011554889880462514,0.012599632958199559
2017-09-12,-0.007473462040010559,-0.0068020744084835785,-0.005786283568292158,-0.004540308369458561,-0.0030782038415932697,-0.0015484474569865316,-9.499153858549218e-06,0.001539922900636651,0.0029460362787593797,0.00417040609367864,0.005858164862014657,0.008020345916149202,0.009882025362610054,0.011685245138130927,0.012779174420432884
2017-09-13,-0.0073080466073983975,-0.006649870404264194,-0.005667065202718091,-0.0044670646015763,-0.00307970837272686,-0.0016516590768801249,-0.00022922316930565996,0.001157994052383423,0.002456084970906054,0.003622001759890774,0.0051276526350793085,0.007535239247484787,0.009489404627350869,0.011387721175000972,0.012472774950389974
2017-09-14,-0.006412712337489823,-0.0056636940432581995,-0.004578566743721608,-0.003299201291495327,-0.0018580016480922567,-0.0004113188485189668,0.0010174452637082539,0.0024145485759104073,0.003731677844586503,0.004894492869322054,0.006480413416214752,0.008239510475474573,0.00996999632641139,0.01160321589575472,0.012706255288022227
2017-09-15,-0.006622494341068307,-0.005849440661366903,-0.0047263924189327325,-0.0034003908613432846,-0.0019086661461441739,-0.000400575938792187,0.0010945569365965599,0.0025526270881898,0.003914416766745492,0.005113547700433032,0.006712783168027986,0.008920024243411305,0.010925449436359152,0.012877876330179304,0.01397491290217778
2017-09-18,-0.006790042391678875,-0.00624945473931399,-0.005375480771681514,-0.004281847265513226,-0.002979387840115192,-0.0016299819279082472,-0.0002669565078043971,0.001082258418935432,0.002366714474911199,0.0035411995631512098,0.005178204506692877,0.0072139905976869485,0.009168054590366,0.011024644399275158,0.012127876492220862
2017-09-19,-0.006911770750189027,-0.006225742462322648,-0.005193584296731936,-0.003932467861045506,-0.002467132873519403,-0.0009458737829210475,0.0005847099846808326,0.002082847364000764,0.003478556563693278,0.0046974480999916815,0.00636853950779101,0.00862639120547536,0.010672966747994993,0.012706419944508184,0.013726581504634707
2017-09-20,-0.007226134975808616,-0.0065072219786807516,-0.005456656377048102,-0.0041980691533795795,-0.002768667007055383,-0.0013224494217300784,0.00011154039756239862,0.0015137520975158616,0.0028261095487076967,0.003974414831070042,0.00546150482707977,0.007466783940441604,0.009394408081616575,0.011158139075830997,0.012273886420775874
2017-09-21,-0.006603824669540121,-0.0058431018490001495,-0.004684273760968624,-0.0032831903400566006,-0.0016645816499056146,4.158896623790605e-06,0.0016854898776696996,0.0033348008289228103,0.004869451390392996,0.006178588377429727,0.00803769860759088,0.010075762710425542,0.012144112711370598,0.014116883231032985,0.015227323659110567
2017-09-22,-0.00680338985140834,-0.006014356584113311,-0.0048588439278175,-0.0034940804046702306,-0.001970214728888439,-0.0004471207688496151,0.0010504179615397685,0.0025076290351403268,0.0038645322357010827,0.005026625842210228,0.006535021768754868,0.008491618721335775,0.010412575068130444,0.012182959453327355,0.013290111351485851
2017-09-25,-0.007020871347998901,-0.006258347621852393,-0.005172347361111347,-0.0037849430813249835,-0.0021979327323839275,-0.000550631424891917,0.0011175573399081293,0.002743496512504997,0.0042639312983750715,0.005525131301434591,0.00733006316093169,0.009542018766171785,0.011667888655151386,0.013472763194685874,0.014717899530336389
2017-09-26,-0.007295241549698529,-0.0067119347366443715,-0.0057408413421062175,-0.004528268873897508,-0.0031016359333279654,-0.0016313583258618174,-0.00014999638085728766,0.0013149954120484542,0.0026869737719843446,0.003893281917087119,0.005504511337612485,0.007549216118775567,0.009532397873018482,0.011369151239971596,0.01249258446005546
2017-09-27,-0.007257657655380466,-0.0065788204559025535,-0.005558615903176989,-0.004318292812589156,-0.002891347148883994,-0.0014351923893524089,2.0954723434068404e-05,0.0014529507251637478,0.0027783635816835883,0.003932475866755441,0.005332403850685775,0.0075743020865872476,0.00964967823557419,0.01156909988520606,0.012652009562212066
2017-09-28,-0.007019108913607773,-0.006553289564714317,-0.00572511288185917,-0.004656703205308965,-0.003358491170644781,-0.002004441689436589,-0.0006246404571951505,0.0007573289797925488,0.002064731234231525,0.003242098305862999,0.004823766381745937,0.006855013206810515,0.008793485430764395,0.010642051683306654,0.01174381407289759
2017-09-29,-0.006802223444447072,-0.006244720314093052,-0.005314472600070929,-0.004141620198675351,-0.002745553929628611,-0.0013040248729719835,0.00016127931224509226,0.0016291457574302175,0.003010459513190571,0.00422223945514251,0.005897360085437543,0.007711503344698584,0.009536156895619067,0.011274645743207046,0.012386357605905077
2017-10-02,-0.007648412017522283,-0.007168753976457008,-0.006275292833080737,-0.005164297079157044,-0.0038353268505492586,-0.002419039652462474,-0.0009771465229363855,0.00046458549109648086,0.0018193635015637682,0.0030422866269119264,0.004661571205347161,0.007129037027586878,0.009284061255490557,0.011374383355628027,0.012461487390423546
2017-10-03,-0.007461098648770797,-0.006909409342631993,-0.005969259660093511,-0.004828112441345887,-0.0035004340440653054,-0.0021207971650000668,-0.0007366469380618063,0.0006351848955918979,0.0019355778626973454,0.0031011571018676734,0.004647718107653284,0.006679940274674668,0.008537998012579994,0.010281697669141407,0.011403726247194943
2017-10-04,-0.007678424366899639,-0.007139287201893059,-0.006186692195734979,-0.005006873263083445,-0.0036131122152147466,-0.002141209428160868,-0.0006534702479264252,0.0008196790632900947,0.0022114024486805765,0.003442500026897332,0.005032466077745166,0.007478813563054067,0.009179804921971844,0.011267514492871581,0.01240673786378195
2017-10-05,-0.0076000211104334916,-0.007054382985759356,-0.0060952907459785885,-0.004894228684401753,-0.00346058599777198,-0.0019326789580520816,-0.0003923633711402847,0.0011299164453612487,0.002561756925352176,0.003835089807432094,0.00557243050544448,0.007824371589054559,0.00984504708936328,0.011804959037031094,0.012922842878036609
2017-10-06,-0.007985001984302834,-0.007557675208543833,-0.006722680214953569,-0.0056521653988549254,-0.004349550584054683,-0.002960081454907453,-0.0015597641787963776,-0.000165584760764311,0.0011587328227517233,0.002372884556686827,0.00406138984539651,0.006309884785876983,0.008289623316887939,0.010170173901050971,0.011289820469097366
2017-10-09,-0.007472522417861288,-0.006951859387682924,-0.0060162510848763735,-0.004845280326782093,-0.003451901065277904,-0.0019799123580810938,-0.0005065612167896557,0.0009631220484919734,0.0023623027971190697,0.0036285689977375657,0.005432824864899173,0.007634849217737495,0.009586899345078052,0.01150170378088227,0.012611993441478585
2017-10-10,-0.007879430301834031,-0.007428945944284412,-0.0065460544358078845,-0.0054165319617908965,-0.00403978559408151,-0.0025741889960062833,-0.0010947590207161064,0.0003863861762738029,0.0017942528919519083,0.0030706765014649057,0.004888377723610957,0.007075426173711946,0.008960550126525807,0.01081769338898368,0.011952294013697608
2017-10-11,-0.00769449587265945,-0.007097970742865983,-0.0061200631120856865,-0.004896075785201881,-0.0034661410957771656,-0.001976947873899507,-0.0004988424051026008,0.0009649643416785292,0.002347192800838068,0.003606538471653143,0.005320636063562442,0.007852664066036278,0.009933727504402929,0.011982758589766614,0.013110388315169273
2017-10-12,-0.00794930520904258,-0.00716365435597677,-0.006005459989257975,-0.0046121966835117505,-0.0030469683955936435,-0.0014523545508887466,0.00010135310756799416,0.0016174824218843364,0.003031065344499665,0.004273792939681664,0.005851609913159917,0.00819400630848861,0.0101484572729766,0.012012862295473006,0.013134169674912786
2017-10-13,-0.007667223703884321,-0.007114199745272248,-0.006166278635709761,-0.004958270055955395,-0.0035145095245930594,-0.001991134244093948,-0.00046218114700347237,0.0010556346192650656,0.0024939804912632838,0.003812778632256461,0.005676643590684676,0.008102842848802923,0.010189755295636638,0.012258144994318097,0.01339448100706379
2017-10-16,-0.007737057808206809,-0.007156676389543308,-0.006228198228445566,-0.005076555751713144,-0.003735466283283995,-0.0023670094445211796,-0.0010273206228052687,0.0003020180864135983,0.0015761961379995924,0.002757061289486551,0.004372451900083906,0.006303305410500851,0.008060391120792388,0.009731997925378532,0.010924933298307238
2017-10-17,-0.008090416419758759,-0.0073514760156840765,-0.006240157259791502,-0.004896420227733475,-0.0033741216434756086,-0.0018235215810307765,-0.00031680605575860573,0.0011519775796049226,0.0025259551479971548,0.0037664344585699935,0.005328132591218647,0.0077523240042003385,0.009893316551860315,0.011888577418819064,0.013044705780337737
2017-10-18,-0.007696199593395567,-0.006960266842361723,-0.005858751569812795,-0.00452369566929943,-0.002988172501708224,-0.001410972021247055,0.0001360596271667737,0.001650763863328545,0.0030756637356210807,0.004345546240560972,0.006065328772764674,0.008102983385623512,0.010103112416501612,0.011920146505383611,0.013093180125030577
2017-10-19,-0.007390353943557013,-0.006737344441002817,-0.00574006648489956,-0.004513984332822344,-0.0030675620756131098,-0.0015553938629828891,-4.739168818440598e-05,0.0014430102113056637,0.00285306919730568,0.0041438671710842786,0.005968007764398869,0.008150328189293706,0.01024239928855594,0.012183017124999423,0.013315151945934597
2017-10-20,-0.0073501886825387,-0.006575610152811778,-0.005465819917802782,-0.004147363819614941,-0.0026663036892376727,-0.0011713435404555614,0.0002749071228650906,0.0016920812760140836,0.0030290184926813893,0.004247225290453113,0.005883044009977433,0.008020958308161722,0.010005947280120237,0.011825437489912093,0.012927333785822661
2017-10-23,-0.007038374710832292,-0.006332682701986934,-0.005332213631529981,-0.004151168256809121,-0.002831007604857715,-0.001511524927497092,-0.00024899432729033524,0.0009959601175708293,0.002188602127784133,0.003321139666577319,0.004840841548002999,0.006945495750304316,0.008889956010186021,0.010651296937723142,0.011737513280826596
2017-10-24,-0.0075620213152917766,-0.006759875216527984,-0.005632123499100595,-0.00429854692111455,-0.0027991623309485754,-0.0012719948596349854,0.00022057471611211602,0.0016893069453593212,0.0030723858143851287,0.004326169778048935,0.006047795392984224,0.00827120767305677,0.010391927492577457,0.012294183577943206,0.013387443334712418
2017-10-25,-0.007677319545679823,-0.0068923692878751245,-0.0057875705035908675,-0.004475803053837808,-0.0030115006148894227,-0.0015262273333720743,-8.707181559821189e-05,0.0013203946939952318,0.0026416482141564026,0.003854193491915163,0.005433172625456248,0.007831220848600207,0.010004959848812158,0.011956110802963512,0.013052802018573065
2017-10-26,-0.007735800104086934,-0.006830198190264259,-0.005604648729899011,-0.004186315161841465,-0.002658412468747517,-0.001149388419797864,0.0002795515039173335,0.0016582646750135947,0.0029419713901689525,0.004109042301274823,0.005485080206967696,0.007903593464581846,0.010078391007110544,0.011952358269813477,0.013052697448887082
2017-10-27,-0.007704204578113718,-0.006884940615854524,-0.005706767480396401,-0.004277670932939302,-0.0026389785650910436,-0.0009480811424656549,0.0006948347272209977,0.0022971872355405654,0.003793591152802347,0.0051348639079495054,0.006982184296849415,0.009421775901528845,0.011664834289586418,0.013695879109439762,0.014786321064258538
2017-10-30,-0.00792254611148916,-0.007197998303095955,-0.006149189556599022,-0.004875604195163777,-0.003408489378805906,-0.0018906962014656702,-0.00039326348327681335,0.001074038580456592,0.0024516244043325777,0.0037149765460053846,0.005407429931482606,0.007679682530067131,0.009850413372882009,0.01177597656067847,0.012855559227304175
2017-10-31,-0.0077743479588681785,-0.006828835226292901,-0.005569861258629721,-0.004109258612252599,-0.00250339714648055,-0.00089048674924272,0.0006668316133629584,0.002181954560979425,0.0035871730613594123,0.0048287295381105756,0.006412361183819961,0.008609116663582982,0.010639779728660077,0.012411566410365948,0.01382611249283984
2017-11-01,-0.008089767200072982,-0.007403051455902867,-0.0064121826746731374,-0.005205139010760739,-0.0038221015158839693,-0.002403746455160878,-0.001019959985977382,0.00033549927193123443,0.0016098463199978397,0.0028012103464191474,0.004304240380557505,0.006780092420313348,0.00888702992760079,0.010770003770600783,0.012177979976595631
2017-11-02,-0.007645693632230572,-0.006693605217024195,-0.005418141382278552,-0.003935137581440315,-0.0022989574704735285,-0.0006462475866199024,0.0009588403140802671,0.0025227489281820117,0.003973887724581158,0.005251920860112154,0.0069235194300194215,0.009277368741497604,0.011365781114345037,0.013245089951783699,0.01466200322874954
2017-11-03,-0.007569248901331907,-0.006766452698606436,-0.005669478308738114,-0.004366699862050674,-0.002901748770517634,-0.0014014864580495852,5.953573628127303e-05,0.0015025589605453154,0.00286006042276744,0.0041034363595644245,0.005827672939499482,0.00812776644991056,0.010143130773218274,0.011953263464958747,0.013377398123886466
2017-11-06,-0.007725207270886119,-0.006914833166949488,-0.005801028219860705,-0.004488496056925846,-0.0030267372645767354,-0.001551875687736132,-0.00012343159674444316,0.0012954151396382635,0.0026221356163609252,0.003828942125436445,0.005425782615834804,0.007583298061254663,0.009469004156494524,0.011180547414996356,0.012584363056356207
2017-11-07,-0.008014919649049398,-0.007072393329684804,-0.005808495595379307,-0.004335504515053019,-0.0027408719219173617,-0.001139110674419829,0.00039583662258824495,0.0018914557170579688,0.0032647154946798002,0.004479914653143889,0.006020844533851681,0.00867376312809598,0.010825585032123329,0.012744337143196456,0.014159431500632376
2017-11-08,-0.007714083839684408,-0.006831353575855654,-0.0056485166046339646,-0.004259102317115654,-0.0027333501260772726,-0.0011897015092105043,0.000301876620962684,0.0017657468057948947,0.0031249789209751694,0.0043508556302540614,0.0059963706819694046,0.008496454716347268,0.010622465011233241,0.012490746180244379,0.013909490718282541
2017-11-09,-0.00819497902169266,-0.007411313159775503,-0.006316106859994914,-0.004994790059047573,-0.003514295031332341,-0.0020046372443073665,-0.000545660004430635,0.0008870942856437798,0.0022223551234157764,0.0034342771671683047,0.005083350028951648,0.007484667978765742,0.009387261874617147,0.01109598360508515,0.012564141926680936
2017-11-10,-0.008040004800768703,-0.0072154465092510904,-0.006092822613781098,-0.004758677970843917,-0.003277472444199683,-0.0017758088620796104,-0.00032293926985103014,0.0010970696481649252,0.0024151864687578717,0.0036106936969534462,0.005232586566737014,0.00771861441853441,0.009630380409279205,0.011370518337812215,0.012844019479362393
2017-11-13,-0.007784620294859121,-0.006715602010845348,-0.005402422812477513,-0.003919985849663122,-0.002321784895811706,-0.0007371260435485758,0.0007817405941572407,0.0022559945101264054,0.003615229706738529,0.004820287220668586,0.006448915117034806,0.009062388248022484,0.011009964112638604,0.012796375637746429,0.014260540585021523
2017-11-14,-0.008139835224848813,-0.007146902142828572,-0.005906370880822859,-0.0044858747208082065,-0.0029256185854504364,-0.0013628488588065609,0.0001476530244784507,0.0016200378116691411,0.002984667513661162,0.004200758488351531,0.00586126473318253,0.008408043081531872,0.010325837264340032,0.012087101030953031,0.013565387206058342
2017-11-15,-0.007943296989286055,-0.007019582661057293,-0.005853463005026184,-0.0045113600116631625,-0.003039581944083245,-0.0015673293166526714,-0.0001521049996301055,0.001239627959664266,0.002538995835530895,0.0037268490050775356,0.005368287369673486,0.008044528209720478,0.01000945407286572,0.011818777623831756,0.01329349379857415
2017-11-16,-0.007783920951744332,-0.006823866586625541,-0.005615156243635844,-0.004227852525647621,-0.0026921015924000467,-0.0011447305237227276,0.00035997065860885635,0.0018493148614461621,0.0032429124774182036,0.004501475825924284,0.00634209256159135,0.008724315586817794,0.01064752040334974,0.012369479330681173,0.013867958628801458
2017-11-17,-0.008221110320308552,-0.007329778307090224,-0.006176088874507025,-0.004839107915902028,-0.0033701855613527815,-0.0019074453899373053,-0.0005042868727002304,0.0008760369500605015,0.002165025585376025,0.0033507780051164854,0.004970550643997945,0.007606488256068177,0.009584283819466344,0.01136038916489258,0.012861759927563917
2017-11-20,-0.007924160450697994,-0.006687675006853648,-0.00517480487769315,-0.0034923015462053134,-0.0017272383108966468,-1.2746016561245976e-05,0.0016037677638854162,0.0031647902407173755,0.004597521697449207,0.00582364986723581,0.007385226701061825,0.009980726334417685,0.011829374430945104,0.013485694012181578,0.015004551376841254
2017-11-21,-0.008324159894045693,-0.007455645750951526,-0.006316608693253619,-0.004978095452183671,-0.0034778449161036807,-0.0019596270478883966,-0.0004807674592533643,0.0009745096005800631,0.0023317861919652425,0.003577551314755548,0.005317777723726133,0.007973791951707155,0.00998692851798416,0.011826105650385232,0.013328076142323881
2017-11-22,-0.007643039385222869,-0.006633088938178123,-0.005366377349056908,-0.0039115722227935,-0.0023122200882284617,-0.0007095463001984479,0.0008174534223164299,0.002292830380668711,0.0036638372199918057,0.004912129376506756,0.006682660516435792,0.009379267661461048,0.011413882244711415,0.013306092887421312,0.014792606604657232
2017-11-23,-0.00814106955917642,-0.007061331948973296,-0.005715527560105572,-0.004184213017019365,-0.0025109907801312246,-0.0008459187536766896,0.0007405746516263119,0.002271406388759826,0.0036809888015253336,0.004930843622548243,0.006671539217075496,0.009113880394312879,0.0110175129936332,0.012707722278475938,0.014220143688938923
2017-11-24,-0.007905146141956186,-0.006806102043443928,-0.005470737271929965,-0.003974413975140402,-0.002372005560657732,-0.0007900360924375106,0.0007149836967175402,0.0021640803742431964,0.003501938136383459,0.004696168852835459,0.0062927284206240105,0.008763509414254708,0.01069533135225941,0.012411560025910305,0.013899571802099173
2017-11-27,-0.008230372234789044,-0.007158955406531238,-0.005836645714388019,-0.00432720376754625,-0.002653762960768947,-0.0009539171538968843,0.0007004267837298931,0.0022996732804868598,0.003775373495269164,0.005083764228790201,0.006970027164810098,0.009722518833238833,0.011782668790403067,0.013693338713786904,0.015194419458635876
2017-11-28,-0.00860226666290981,-0.007706471037856398,-0.006575066853555885,-0.005253889258450896,-0.00376228509528743,-0.002233322803064136,-0.000744312295277222,0.0007115448369257271,0.00206921712818338,0.0033136737155668346,0.005088346308314707,0.007817104058948926,0.009834854613907547,0.011699393681824584,0.013206026330729986
2017-11-29,-0.007353319609784004,-0.00627008542717342,-0.004984041195317616,-0.003547911684868374,-0.0019961715337427524,-0.0004522720298707943,0.0010211810351993394,0.002453971834230771,0.003791696844682407,0.0049990256530838785,0.006711320399612971,0.009157539367574546,0.011071728661567248,0.012814821410299462,0.014306795574071355
2017-11-30,-0.008157406192988442,-0.007205099200780005,-0.0060167699239716,-0.004652624584057766,-0.003153387683066307,-0.0016530237659482363,-0.00021631493356148528,0.0011719213734751807,0.002468069372546484,0.0036413687108894084,0.005263715225240778,0.007730180387628113,0.009565053006608454,0.011233790424930019,0.01273553634962691
2017-12-01,-0.008560063598914966,-0.007825448848257867,-0.006830307732243284,-0.005621363530383394,-0.004198118993056394,-0.0027090500211221866,-0.001231036562617976,0.00022087751269790883,0.0015861348145277945,0.002846813943725306,0.004719287844188509,0.007253382995872972,0.009195390663106822,0.010993711940254529,0.01250338785096893
2017-12-04,-0.007929437447115596,-0.006930077704240496,-0.0056860908343457535,-0.004260079309844979,-0.0026824379055481727,-0.00109357996423998,0.0004381642220722859,0.001924625379896659,0.0033117824958691974,0.004548121390351496,0.006329408148491766,0.008693356267332182,0.010582820314926201,0.012270677662375324,0.013779865764271294
2017-12-05,-0.008418201150957072,-0.0074712411790332205,-0.006241804707716813,-0.004802575491509694,-0.003184911037578483,-0.001532663636130384,7.350843758860046e-05,0.0016289455304937669,0.003073840937503089,0.00435210478464496,0.006211901641559711,0.008758521921881968,0.010791219022564842,0.012615475711244488,0.014119032196553024
2017-12-06,-0.008027435339603352,-0.007185032987177846,-0.006079575925032566,-0.004767368565067015,-0.0032396469237869195,-0.0016508352233134348,-9.00449159531515e-05,0.0014222404071181122,0.0028438451021227935,0.004131408235826813,0.006149866558853866,0.00855398486298209,0.01052795326611872,0.012341873669209757,0.013859652739514077
2017-12-07,-0.007515271066952265,-0.0066153405956855815,-0.005490942265828051,-0.004190848515699722,-0.002732431088182665,-0.0012509696393533136,0.0001722725611465947,0.0015448861796338938,0.002837148965503986,0.004024917486909453,0.005791485709850456,0.008249515217746218,0.010213478886766951,0.011980766917035975,0.013488643614125407
2017-12-08,-0.00783776163228117,-0.006835066706294999,-0.00557812499717039,-0.0041385887660051884,-0.002553136012689722,-0.0009675212977464393,0.0005475346967979184,0.0020043118689636033,0.0033634978981487607,0.004575141036084718,0.006316598220163229,0.00859352299713019,0.010456345405882956,0.01208827942972405,0.013603278936185017
2017-12-11,-0.007885650545589287,-0.006960265109384231,-0.005765402058612868,-0.0043754417245652445,-0.0028141341103759526,-0.0012369958489200582,0.00027654969172498064,0.0017339133384427657,0.0030993311258741296,0.004336055285965501,0.006183648189949636,0.008511783705439608,0.010396648964937213,0.012097335492544098,0.013620595909922779
2017-12-12,-0.00785906856487452,-0.00691932596998011,-0.005721607233581843,-0.004337402519721464,-0.0027944129777063447,-0.0012397819636662476,0.00025615340908456403,0.001699711742702457,0.0030587532371449577,0.004295397992657423,0.006117276710797475,0.008544090862924566,0.01041566466113671,0.012138461976693656,0.013652915978298798
2017-12-13,-0.007989308949055514,-0.007211236806264175,-0.006131475850218893,-0.004838043353011766,-0.0033515279326387817,-0.001831669849423127,-0.0003590698227417862,0.0010686411099378131,0.0024152102609992913,0.0036661383969293767,0.005541378200894703,0.008147421119756746,0.010175042718121969,0.01204760566462857,0.01352708480691242
2017-12-14,-0.00795955590843195,-0.007200128699604533,-0.006139337998559645,-0.004862225153766982,-0.0033838090720104616,-0.001874242912507065,-0.00041691669658844364,0.0010020293297180517,0.002340048716344121,0.003579792513774457,0.0054354758038323405,0.007963794570202664,0.009960204088910058,0.011786966633275208,0.013268737198965562
2017-12-15,-0.007799210523981039,-0.007053487369873294,-0.00601015835834404,-0.004757004550790511,-0.0033067069867099173,-0.0018348216239090758,-0.00041239045607753674,0.0009763106005901865,0.00229823580338974,0.0035201516352859016,0.005388792987303633,0.0075949319969353364,0.009411154922765542,0.01103659642302195,0.012534605209736722
2017-12-18,-0.00799925378285463,-0.007219505103815078,-0.006138324130633871,-0.0048486320541228705,-0.003392630241869414,-0.0019231629013796163,-0.0005191020327219768,0.0008478080709855495,0.0021483193076444426,0.0033673938188265255,0.005107839113071757,0.007697047389068573,0.009760194026774508,0.011636386635253773,0.013089350259735313
2017-12-19,-0.007637860723511672,-0.006846995371511881,-0.005752463751294805,-0.004444595280803019,-0.002942875877322906,-0.001404524841106047,8.929740325653137e-05,0.0015580291333948284,0.0029707234811004496,0.004299342381136998,0.006273813664643939,0.008740822263235562,0.0108538822286365,0.012815615000818511,0.014261144587003937
2017-12-20,-0.007991525675924682,-0.007256556351213497,-0.006204770821912277,-0.0049270061884201105,-0.003442539959268975,-0.0019207382817683551,-0.00044439191432557134,0.0010103497452489483,0.002419563109291666,0.0037310946407247735,0.005674685204518082,0.007754536041784034,0.00962090150890248,0.011314674611612927,0.012742157449159058
2017-12-21,-0.007462997101097895,-0.006577286302312408,-0.005410313688054164,-0.004055613543274553,-0.0025595393268969127,-0.0010712693188992877,0.0003358496459952763,0.001711634630741408,0.0030461258753893238,0.004296229548247689,0.0060584069421930255,0.008124026006927217,0.010054504141778534,0.01171794523744682,0.013115584540837494
2017-12-22,-0.007759811530016235,-0.007094779187076342,-0.006127988223365777,-0.004936267414987476,-0.0035255466236839127,-0.0020654075324531857,-0.0006410254632585627,0.0007712830783732022,0.0021537875809581287,0.0034679456816933724,0.005485169931264381,0.007467085720315866,0.009362207998761323,0.011038997142860345,0.012456380606721553
2017-12-27,-0.008221782720103238,-0.007523521224211685,-0.006462396628454231,-0.005141096376939695,-0.0035615200089226464,-0.0019000046762014538,-0.00026119294357840333,0.0013466337433917866,0.002885848731506732,0.004304197264998217,0.006452211208444325,0.008772742340303093,0.010886944443018976,0.012820275786177697,0.014227945942544128
2017-12-28,-0.007511295165477695,-0.006723510453885796,-0.005637057557236194,-0.004338812836969172,-0.002846519783767677,-0.001330534822434352,0.00012273458586617875,0.0015376844625194872,0.0029102356669791565,0.004185033383716031,0.006070387762028962,0.008004059384039712,0.009831411672021843,0.011409050206243885,0.012811867777906615
2017-12-29,-0.007861194570603712,-0.0070796766961652114,-0.005998574963657597,-0.004694875048675513,-0.0031950422838483055,-0.00166154631061714,-0.0001888588848173241,0.001245972255702545,0.0026368220397661856,0.0039266854103637075,0.005799527089278578,0.007782779755803254,0.009723017061048328,0.011367809909338153,0.012761775685413724
2018-01-02,-0.007849323445946582,-0.006956527748136836,-0.005759458030028032,-0.00435287429265825,-0.002792474890543008,-0.0012251949617252647,0.0002513703576023309,0.001686014633219744,0.0030658817904626596,0.004346951799662379,0.006147972919475999,0.008346209219497785,0.010370790054634703,0.012123180303158792,0.013521804806396275
2018-01-03,-0.00811448407155338,-0.0072098143850761465,-0.005996204119459361,-0.004568280488773384,-0.002988872412436476,-0.0014002232916508228,9.819557117838002e-05,0.0015540323055718086,0.0029480232591756724,0.0042371608664867446,0.0060211811660226084,0.00832330709656389,0.010448731976905386,0.01227590340280307,0.013676251045330408
2018-01-04,-0.007736447466267961,-0.006818891353597537,-0.005661685433906568,-0.0043193900719596745,-0.002846651175460994,-0.0013781057263652554,-2.7625300680268695e-05,0.001264177561645425,0.00251784180755427,0.003666551934448184,0.005325160530750714,0.00724788479542563,0.00895573561953129,0.010352312631186897,0.011771611158601479
2018-01-05,-0.00820373838228908,-0.0072701228606324424,-0.006056081621783412,-0.004642954921004035,-0.003113052567700133,-0.0015874879291510081,-0.00016514768645373474,0.0012050009051429152,0.002518041268858646,0.0037248615257244756,0.005300922335341474,0.007517391250951042,0.009522205202438426,0.011199399235181033,0.012596841662216087
2018-01-08,-0.00821111287364121,-0.0072700619708825345,-0.006060368073791586,-0.004639868641269524,-0.003076440198563371,-0.001491147225606672,8.010825627225007e-06,0.0014536175446907063,0.0028365587894781134,0.004083568657188711,0.0058228327879454355,0.007808966005505551,0.009755190215994958,0.011365546962151696,0.012754797316404711
2018-01-09,-0.00806247563788266,-0.007157314661420992,-0.00601917625589502,-0.004687415843486869,-0.0032203527906187915,-0.0017335685279426193,-0.0003206669457038259,0.0010410151919002808,0.0023451359564247336,0.0035332272878023053,0.005123656564659582,0.007098869786070222,0.009012195259441424,0.010593603139170016,0.011972054972819406
2018-01-10,-0.00800991698382604,-0.007199218504378703,-0.006159376906922471,-0.004920111845575539,-0.0035180873458397215,-0.002085878711749368,-0.0007135068867071958,0.0006205548342286483,0.001913555058644578,0.0031181711449376646,0.004838969765053738,0.006768952477409653,0.008648909027660684,0.010232074966635711,0.011613159857075334
2018-01-11,-0.00823921280781007,-0.007250601695676603,-0.0060293236366258775,-0.004615261214325655,-0.0030788143934181744,-0.0015428082307476598,-0.00010442798580312775,0.0012765267212705182,0.0025955614467479543,0.00378755537667238,0.005389977259594144,0.007461423074421843,0.009371059222456306,0.010963363256670732,0.012342614561034446
2018-01-12,-0.008227748929526123,-0.0072337462636483515,-0.005978874405468395,-0.004520098977616087,-0.0029382487089638556,-0.00135639982188859,0.00012036457068540537,0.0015398021829387746,0.00288927339248394,0.004105896392632399,0.005751133208367183,0.008015796063163851,0.010038125402076893,0.01179291786972638,0.013165889166690346
2018-01-15,-0.008326526950992641,-0.007543787366475794,-0.006494384217352415,-0.005236785046580519,-0.003824608526635575,-0.0023971748461518085,-0.001056717634934401,0.0002453275639913043,0.0015067146479007933,0.0026987133383661694,0.004369179641041758,0.006557976780739956,0.008499005142180398,0.010210435201430173,0.011588860991682071
2018-01-16,-0.008466565375984178,-0.007787783199021472,-0.00683865381697019,-0.0056691828488149324,-0.0043163722504585555,-0.002924849618343492,-0.0015978655704809185,-0.00029241757011492283,0.0009782034905072216,0.002202230036411533,0.003983426479026019,0.006248711160152422,0.008205345672170686,0.009992808643533883,0.011333991685266987
2018-01-17,-0.008373073007135247,-0.007283955303994795,-0.0059692242934591185,-0.004488144438710575,-0.0029097493397658328,-0.001355840750147592,7.645819850745397e-05,0.0014651615948208488,0.0027961841005090036,0.00400580936964211,0.005625794479384869,0.0076673704702378285,0.00954542557680957,0.011158919323997067,0.01250148162763707
2018-01-18,-0.00845226318986406,-0.007261918561539766,-0.005918813810233896,-0.004444651506726917,-0.0028961355305363924,-0.0013761635140590767,1.377027344106875e-05,0.001349546529694855,0.00262807688846577,0.0037931388955857073,0.005306355843670596,0.007406749114638142,0.009324002566059848,0.01094001880478648,0.012282226981303414
2018-01-19,-0.008040040622581523,-0.006884800113180505,-0.005598419407734194,-0.004194464740177133,-0.002723631036261119,-0.0012867738643379703,1.2909661005363368e-05,0.001276346996801572,0.0025030755497172006,0.0036566435566529765,0.005182591621345235,0.007384257461152826,0.009292595042468724,0.010973319413334409,0.012309912930616224
2018-01-22,-0.008270002929391857,-0.007114060144811821,-0.005833693761159461,-0.004439692318335754,-0.0029893335462475665,-0.001588855868399782,-0.0003468732666824935,0.0008521815484336061,0.0020254355368096973,0.003156664531073758,0.004594375993733195,0.006797885935434521,0.008660176191169482,0.01030474346939878,0.011662055351695672
2018-01-23,-0.007762766787881363,-0.006261981514763857,-0.00464665064007637,-0.0029515316779016357,-0.001269855062986987,0.0003034072287643552,0.001656800713441727,0.0029513199989173546,0.0041937129380020715,0.005330001889320251,0.00672430034673204,0.008712887716372799,0.01053567980607043,0.012081438265245138,0.013469684776522184
2018-01-24,-0.008414434107124016,-0.007210108046996448,-0.005904308354259653,-0.004496777291650482,-0.0030427956773678164,-0.0016369579321013272,-0.00040143494808886696,0.0007926830699628252,0.0019641705538274478,0.003113227653341262,0.004593024717801642,0.006849758823932843,0.008855525550378714,0.01066876484404194,0.01201824360076511
2018-01-25,-0.007898005927685798,-0.006364116631179345,-0.004785751834792991,-0.003160394470482091,-0.0015972018866874972,-0.00015876569344977845,0.0010456831932281001,0.002193056006305572,0.003311553902122297,0.004370094805493467,0.005557430616815309,0.007630124839452051,0.009482000185895671,0.011069358397904596,0.012430036046903788
2018-01-26,-0.007721941934779897,-0.006488963130773007,-0.0051652496266210105,-0.0037477387559376285,-0.002268155501847697,-0.0008331832556299641,0.0004403290450414117,0.0016948551633488235,0.0029410553134279213,0.004121596696867184,0.005841340707967285,0.007636593882239146,0.009390286000697353,0.010955896032133141,0.012325147498219922
2018-01-29,-0.007704882688732101,-0.006739216363315913,-0.005615851653304185,-0.0043411337979088315,-0.0029518352031398147,-0.0015744228098794385,-0.00033063189865476916,0.0009080858468653846,0.0021402697734717313,0.0033372489279555042,0.005030932334095937,0.006948167868648529,0.008849022231575498,0.010535802368897578,0.011908308911720516
2018-01-30,-0.007097535504404387,-0.005830168483210885,-0.004310186829648142,-0.0026518209716763184,-0.0009821742650384436,0.000592043489609461,0.0019753083911725586,0.0033155628539034126,0.004603664616637403,0.005767790909120447,0.007282311724593951,0.009494755380731058,0.01149170033339421,0.01325107162172406,0.0146159857915776
2018-01-31,-0.00688769450937771,-0.00561051412009856,-0.004128958379951145,-0.002529342145367166,-0.0009236533171099456,0.0005958329511394688,0.0019473526424392375,0.003254422364719395,0.004518315191471809,0.0056664815972890005,0.007132664279442964,0.009001854342654401,0.010957438298353332,0.012559816123008745,0.013909619391568803
2018-02-01,-0.007055034176215605,-0.005821948644805652,-0.0043752125785927135,-0.002773752969005342,-0.0011529709471796053,0.0003691873155014947,0.0017791806691822185,0.003094650637780626,0.0043662665439963624,0.00543895816222191,0.0067912909749273465,0.008619401039939797,0.010448464683734835,0.011901574696951692,0.01331483959232787
2018-02-02,-0.0071869727816190245,-0.006137930295839288,-0.004863182609421473,-0.003410781655936848,-0.0018902676727059018,-0.0004294141981666384,0.0009476707098351874,0.002240109730184213,0.0034973406510400602,0.004595754568355598,0.006018563123977666,0.008165800652322943,0.01006392178549631,0.011736488662524195,0.013124912924730893
2018-02-05,-0.0067634574435357425,-0.005481752446965763,-0.004026162472865338,-0.0024373514776879286,-0.0008306526505157392,0.0006752019940202316,0.0020632577112686826,0.0033510494088611325,0.0045924679270486985,0.0056626616747200344,0.006945051237260597,0.009183477725460158,0.011217458808709675,0.012957395770850224,0.014338679277664081
2018-02-06,-0.006651953505543874,-0.005480811964279096,-0.004130147047364045,-0.002640061384369257,-0.0011075896377041915,0.00034150429725047983,0.0016870340227100366,0.0029422111344051672,0.004169651097243429,0.005253352413673834,0.00664204460222782,0.008862862907641711,0.010843941572537567,0.012607056292873682,0.013984897761738413
2018-02-07,-0.0068837950280056315,-0.005714274404032871,-0.004326759252187114,-0.002774329697237812,-0.0011604927584998722,0.0003835637225419735,0.0018337292634306728,0.003187714674027401,0.004492340075247984,0.0056253624951597995,0.00708549595257915,0.009404068648811824,0.01149994497252611,0.013407952444365429,0.014846651872537357
2018-02-08,-0.00702575094524481,-0.005896318330635454,-0.004528991290046936,-0.002982274592812279,-0.0013545002323844238,0.00019858052192294265,0.0016552164632451702,0.003013828249616259,0.0043347265381528345,0.005467068522806847,0.006967889132189511,0.008970051269154025,0.010839841929734015,0.012445879822624285,0.013901349867314379
2018-02-09,-0.006556743090589432,-0.005242865901472486,-0.003652790042786492,-0.0018980254199020747,-0.00012759619128498395,0.0015039199412425,0.0029931492488553314,0.004357895848839059,0.005665582645972896,0.006745578864669758,0.008071174017583334,0.009968363127611072,0.011692947254207707,0.013161254056863839,0.014632961930339737
2018-02-12,-0.006455829785938965,-0.005127666257302502,-0.003562934982003294,-0.0018594219639356865,-0.00013078767142617838,0.0014613782151669053,0.002930356997898261,0.0042848855864365465,0.005591933083472541,0.006690752595532897,0.00815359339047169,0.010073269080560483,0.011783796982440933,0.013312142734094423,0.014754792899440015
2018-02-13,-0.006336022912648994,-0.004915959136577424,-0.0032832202573852692,-0.00152305489143583,0.0002238453961378032,0.001813222442421795,0.0032512366277712918,0.004565042316359609,0.005828478388891315,0.006890700898321072,0.00824476006402232,0.0102131387830756,0.011939008218389585,0.01348932355249602,0.01492423075976598
2018-02-14,-0.0068066044136829785,-0.0055306688027346165,-0.004073051686934271,-0.0025020337857461178,-0.0009311850888862787,0.0005046729734237403,0.001813192465503194,0.003012185732277143,0.004182284420247384,0.005219646340144008,0.006535902951642037,0.008731101146123155,0.010536997811753181,0.012250630134811827,0.01365129385977302
2018-02-15,-0.006321358400009235,-0.004811575640158778,-0.0030768469594109763,-0.0012295436350614579,0.0006155829096007233,0.0023125868709810747,0.0038772401081841536,0.0053177658998525045,0.006686924866253726,0.007804450009251706,0.00929623319655957,0.011183373456736001,0.01292457782402033,0.014500263429253714,0.01589727308344185
2018-02-16,-0.006529454716753121,-0.004955370600249176,-0.0031640808736857957,-0.0012624873517210614,0.0006346165849850133,0.002373234393866849,0.003968070112574658,0.005408708836677587,0.006775096284981476,0.007873522908094172,0.009349114754262554,0.011168578759739025,0.012860079228631435,0.014343381296517542,0.015739245947134422
2018-02-19,-0.006936388297704679,-0.00570181648221723,-0.004252398639818933,-0.0026704644461531847,-0.0010444297849482862,0.00045920695555906003,0.0018491706985417126,0.0030979788558477407,0.004310811860605876,0.005358312084191704,0.006849338053511427,0.008747288981756158,0.010382551136796498,0.01189413811883838,0.013286998995632196
2018-02-20,-0.006989351441639165,-0.0056538264478005725,-0.004100501621819456,-0.002420976541081528,-0.0007286373746310737,0.0008295222538602953,0.0022601259959889254,0.0035384386436669965,0.004764475073396061,0.005811611628116068,0.007224445875670534,0.009320630563544883,0.010977516486406167,0.012584617712711691,0.013966032196964035
2018-02-21,-0.00610272562133917,-0.0047140973220988255,-0.0031339243039279303,-0.001454416924425766,0.00021817817880321515,0.0017429165664511268,0.0031325835452021516,0.004373596287969204,0.005573331230876005,0.006615074356895721,0.008072012692626647,0.010240309941495695,0.01197856763620295,0.013699630915551536,0.015041354300038338
2018-02-22,-0.006569406688070795,-0.00512888222960377,-0.0034511012160120145,-0.0016499560597273586,0.00015103158615312223,0.001798740171092297,0.003310191333740137,0.004660519759395377,0.005940170085221851,0.007014388303927426,0.008473143343198134,0.010692702358557486,0.012468135500680917,0.014191920264823141,0.015540907509244015
2018-02-23,-0.0064701285559390365,-0.004959069576698856,-0.0032111579360684854,-0.0013647633073318032,0.00042634205702255814,0.0019936262621843876,0.003385249514617422,0.004607522636938679,0.005776896785082988,0.006753124062617662,0.008035576639385023,0.009951318127968336,0.011512765200271674,0.01298295081021355,0.01433499815155929
2018-02-26,-0.006529400068118476,-0.005114747328078478,-0.0034508998498347532,-0.0016852750351872945,4.81578180540369e-05,0.001563641857188229,0.0029097584656863997,0.004083046181625927,0.005211069328793767,0.006185624118065334,0.007548946473201746,0.009525166295623623,0.010975665739982229,0.012464729571076135,0.01377252345627658
2018-02-27,-0.005560666720925521,-0.004021203668043731,-0.002282083552673566,-0.0004682706442147302,0.0013341275723699438,0.0029324871445695006,0.004370093557723628,0.005603844796580043,0.006780992328572287,0.007767283448745381,0.00926782771163664,0.01094727837554703,0.01222856136363287,0.013528100998893849,0.014826067884589293
2018-02-28,-0.006423238909781262,-0.0048066198730096835,-0.0029879753959668946,-0.0011063112437017912,0.0007186378880489782,0.0023387780090278086,0.0037912112635903523,0.005035270232076968,0.006210746722189936,0.007210385908748138,0.008548791908973364,0.010731516900329939,0.012270226028265703,0.01388425914664777,0.015136420941229783
2018-03-01,-0.00676328181945689,-0.004946826367566772,-0.0029065350682234044,-0.0008128987697316682,0.001210318009883068,0.003007357246851085,0.004625578914251034,0.006018274053606736,0.007312689248002284,0.008328063716790703,0.00965771457894815,0.011579704148700583,0.01278461076916115,0.014127967591933445,0.015312818725327566
2018-03-02,-0.00696704828093163,-0.005441912052996108,-0.003718337750054192,-0.0019234974155093048,-0.0001267936819601672,0.001516176160154585,0.003038899532518635,0.004349518660475819,0.005599749469266358,0.006682416508794427,0.008054260102187601,0.010156526641816694,0.011578100243028156,0.013158379072172686,0.014287518272919148
2018-03-05,-0.006534043465979535,-0.004726311801993991,-0.0027733125165297886,-0.0007993298214340921,0.0010953988658354815,0.0027552190235336244,0.004237983718132429,0.005476384756139836,0.006648957234690985,0.00760137459337103,0.008717036972824463,0.010240721623344615,0.011228312378083825,0.0123022488629327,0.0134155834311419
2018-03-06,-0.006963984959253855,-0.005162577899558908,-0.0031863627753183164,-0.001154624638464549,0.0008437093834140752,0.0026600615263602805,0.004323896433306963,0.005737340426825065,0.007057893547084705,0.008114541885543222,0.009385350673326019,0.011135693980782733,0.01226069587760772,0.013577021750435804,0.014685033847916737
2018-03-07,-0.0064000222086815816,-0.005063918740516624,-0.0036139923845991853,-0.0021096317675740528,-0.0005822670820642313,0.0008167609237049122,0.0021122279021664418,0.0032073986263530794,0.004281249818310605,0.005244383207100267,0.006565602804573962,0.008363609847694117,0.009410368400267799,0.010775852960764509,0.011838285719269728
2018-03-08,-0.0071006473109393635,-0.005513131390875014,-0.0037484974723992434,-0.0019171776588395688,-0.00012099478090156794,0.0014920635471007337,0.0029500052606985555,0.004161286859706538,0.005310982833932532,0.006285933138570041,0.007345754913925938,0.00930568437607091,0.010541222413658555,0.011988962373623136,0.013073378543217665
2018-03-09,-0.0069737591547451286,-0.005196197769946835,-0.003232287142551437,-0.0012129753050239397,0.0007229926168878585,0.0024298569938052644,0.003946343981700176,0.005177623662796622,0.006327375360390219,0.007286377594484524,0.008205867535849887,0.01031104878612213,0.011642320583007387,0.01315981918514964,0.014173469831502444
2018-03-12,-0.0075593013170135795,-0.0058334098972858805,-0.003901605181492429,-0.0018913585667283007,6.240224936779597e-05,0.0017937249705556896,0.0033307278570906427,0.004563964658330369,0.005713239955289225,0.006649859017407268,0.007566385383727977,0.009415609859965058,0.01062240658249051,0.011903708713876427,0.012701282069288508
2018-03-13,-0.006785790559698735,-0.005158819364395258,-0.0032765228034361297,-0.0012670044905212239,0.0007903040158204115,0.0027056686406016863,0.004489147728194502,0.005983179098594975,0.007376895693919726,0.008524440619432734,0.010005935440054075,0.012149523169541838,0.013607400371632904,0.01531600970480515,0.015966461375264
2018-03-14,-0.007568935890817944,-0.006044735828366645,-0.004255612532076056,-0.002323723268117962,-0.00034397477596737926,0.0015032587548161175,0.0032171628644490063,0.004626563814605688,0.005939878297107513,0.0070383112573523905,0.008376673525308817,0.010682920771625078,0.012233577970749622,0.01390445266851019,0.014715232480463417
2018-03-15,-0.007510072087377143,-0.005978037617526334,-0.004165741177736486,-0.0022027533272561506,-0.00019620508508136607,0.0016845473613633444,0.0033545888025132854,0.004808424981323856,0.006159740795067892,0.007214630225079179,0.008569678024754983,0.010740271623450771,0.0121985212838264,0.01373965760447857,0.014623341460878906
2018-03-16,-0.005530775524662621,-0.003981042420794435,-0.0022624873203508328,-0.000459774740979515,0.0013471108102836426,0.0029889452235667547,0.004397138279697799,0.005616265597209307,0.006781644616800472,0.007743613523977132,0.00912610365371649,0.01113520423834307,0.01237274529366175,0.013831117153523198,0.01467314779446002
2018-03-19,-0.00645612752710155,-0.004792607093608755,-0.0029421286779759376,-0.0009972678574084281,0.0009152572322566054,0.0026343283069523776,0.0040875848419736766,0.005328259856700104,0.0064953318962930814,0.007403694387307487,0.008544970075957338,0.01040174239741401,0.01160766501381574,0.012833868668484745,0.01370397684509021
2018-03-20,-0.006075471294550955,-0.004497910303419014,-0.002767636585886815,-0.0009662822348734717,0.0007900671419467701,0.002342304523474381,0.0036305627765454637,0.004720182639515154,0.005765911315318223,0.006635739740114608,0.007754852396814263,0.009769446269181227,0.011065898266359071,0.012411641331233169,0.013312865110573516
2018-03-21,-0.006884054985058755,-0.005355016765800929,-0.003595736290471478,-0.0017012798753148779,0.00021087085413426824,0.0019714018015430314,0.003499517733195306,0.004816051898019519,0.006054247969569203,0.007041657986703056,0.00833346242870564,0.0104617760059631,0.011948982838935654,0.013430169019351401,0.014364688058058043
2018-03-22,-0.006612528431139054,-0.0049985703713343625,-0.0031497331378358864,-0.001167091707414917,0.0008217405941962166,0.0026463162519483243,0.004227854189751152,0.005592555527333695,0.006869244089892304,0.007858165352310934,0.009169779672114131,0.011180762832584666,0.012606899183915457,0.014029183314733103,0.01498521886282726
2018-03-23,-0.0069577171550985455,-0.0055392928676490415,-0.003856688588882841,-0.002005431210291412,-8.562954238556055e-05,0.0017083576657954255,0.003291513158144082,0.004667829789391233,0.005960777335715836,0.006985006801442716,0.008444385493207592,0.010500629791116682,0.011943905470386606,0.013438169407722932,0.014394932828526346
2018-03-26,-0.006473150286132306,-0.004866802787616753,-0.0030210372857142013,-0.0010417635924167212,0.0009593183501394574,0.002817676537413729,0.0044488692119324345,0.005864443462440374,0.007178318069567653,0.00820310028185189,0.0096071479417488,0.011834272021461182,0.013371634450755027,0.014994829731456013,0.01592859506580446
2018-03-27,-0.006710249318160562,-0.005338234245745828,-0.0037628214467781422,-0.0020561666459835764,-0.0003215306570335212,0.0012702799339481693,0.00263053734015383,0.003798761958821385,0.004909314590358244,0.005808852696338292,0.007047088699586009,0.008950709962036936,0.010193004793306187,0.011463637708185525,0.012405843162987647
2018-03-28,-0.006597821324551289,-0.005009860886966825,-0.0032141770307871145,-0.0013037297710395558,0.0005858546882537671,0.002302809137330517,0.003763303377842633,0.0050129271034481705,0.0061809929656579145,0.007103328613303554,0.008224396596055297,0.010412225777753593,0.011898951117529605,0.013384674113633982,0.01429565939004851
2018-03-29,-0.0067545043924259595,-0.005166083032903555,-0.0033702641853972813,-0.0014504633824003043,0.0004708494774913342,0.0022407542650775287,0.003769913821830796,0.00508238788608678,0.006303004221064963,0.007263179129049509,0.008539724545139963,0.010798170364433661,0.012270654061236997,0.013787357047428148,0.014678092056739131
2018-04-03,-0.0069232097007686615,-0.005375937641057221,-0.003581542392706227,-0.0016219020361445701,0.0003423567234237617,0.0021596819447365816,0.0037167849570778804,0.005075455428518557,0.006338217406051737,0.007309300855733753,0.008659114566103502,0.010731573101941339,0.012035642141881997,0.013395112474150088,0.01430136397307652
2018-04-04,-0.006590585334879036,-0.005163556928107253,-0.003498495372781061,-0.0016696002250482823,0.0001797245344460854,0.0019112594645474667,0.003408758457346385,0.00472421539521225,0.005955530505617126,0.006938184960142896,0.008338138746765634,0.010612125447529614,0.012025999173695727,0.013564646094739107,0.014457957502413073
2018-04-05,-0.006998846424573715,-0.005448316209780544,-0.0036553625673873885,-0.0016976806878826233,0.00022693651103179984,0.0019938249576324186,0.0034899010235316806,0.004789773351239408,0.005994723604103246,0.00692976725874539,0.008095645987903464,0.010322882872366346,0.011743823124634525,0.013157617346744237,0.014052147925509227
2018-04-06,-0.006812242347438333,-0.005396270948729258,-0.003749051487436504,-0.0019631760998570637,-0.00021798050520375467,0.001350601910399993,0.0026520984425978168,0.0037854835353473308,0.004860758271316852,0.005739142954984934,0.006906982790043375,0.009017350723907814,0.010266073737687979,0.011554070127378536,0.012534149148231146
2018-04-09,-0.006759708848978428,-0.005253613614048801,-0.00351829145395871,-0.0016543453480426069,0.0001834036507388826,0.001863378739331534,0.003299176628455775,0.004567394511758414,0.005757509081295556,0.006714650091868187,0.008067771573338232,0.010292075986861708,0.011610338588362332,0.013038803275638998,0.013967297225129545
2018-04-10,-0.0069752575153030376,-0.0054081470227108795,-0.003622296771963065,-0.0017226967020140095,0.00013895994312853807,0.0018353554816504143,0.0032869709308992945,0.004568927857575341,0.005768787982398526,0.006725849971625053,0.008070587984091665,0.010266603741282557,0.011674197160248352,0.013097672394351136,0.014026724608715797
2018-04-11,-0.006756032923273462,-0.004926524661905427,-0.002859344201002362,-0.000687418547861064,0.0013957687755733709,0.003267014073294078,0.004850213722049921,0.006227956881425506,0.0074948671885727135,0.00844987081596229,0.009761488777069807,0.011913227631243774,0.013266586149935198,0.014575136440789446,0.01550052764623279
2018-04-12,-0.007030228886932371,-0.005439129175859142,-0.003577281737451369,-0.0015581921794612943,0.0004729938963920464,0.0023759347488843496,0.004057804787149072,0.005550727951838452,0.006926232301667791,0.007968969159990045,0.009534181422546554,0.011760026411659049,0.013138127572963896,0.014570459799606809,0.015495684269855495
2018-04-13,-0.006731175099451676,-0.005280166156057177,-0.0035880082213338004,-0.0017527308890920071,9.515916985207602e-05,0.001827627377784738,0.003347730082762552,0.004694088361370592,0.005951713422910867,0.006956344765118423,0.008514621552035532,0.010900760754864382,0.012377029219348065,0.01393497449560909,0.014841887555065821
2018-04-16,-0.006979145310509414,-0.005702092380278803,-0.0042042233655531416,-0.0025723287887476367,-0.0009325207357430719,0.0006011027072340974,0.0019345532108487919,0.0031131018417625586,0.004228262806232491,0.0051727182664994265,0.006590080937539945,0.009179053269391592,0.010714299617060885,0.012371786605151593,0.013260550175059274
2018-04-17,-0.006902177924030367,-0.005468050852964802,-0.00383858958119103,-0.0021075644785111423,-0.00045691151427299697,0.0010274398838634768,0.002262340313223383,0.003327998386815087,0.004333736912257444,0.005185602026545667,0.006275538792737686,0.008854083287619408,0.010396650469690247,0.011916895984937432,0.012803158704764258
2018-04-18,-0.007058606045219082,-0.005463057453506221,-0.0037113081123854538,-0.0018680351501042186,-8.243555110718946e-05,0.0015365370288752229,0.0029105536156357826,0.004101466889237045,0.005218585126869794,0.006079773688856491,0.0072746215143236655,0.00931375534902689,0.010526575997673251,0.01165689357170912,0.012605822618511777
2018-04-19,-0.0072348130136913515,-0.005837533989229405,-0.004234906383468189,-0.002496096589012008,-0.0007488952727402942,0.0008993320238229562,0.0023544027339256575,0.003647311791501191,0.004858665000571788,0.005848950648920962,0.007312913023051764,0.009950967276527535,0.011513080826092082,0.013162342259522552,0.014071548720957623
2018-04-20,-0.00672637081333612,-0.0054344519448387175,-0.003946337864006739,-0.0023237910521057637,-0.0006914318477605089,0.000833385679360743,0.0021644360432991243,0.003344180937164106,0.004466692424739502,0.005397879207657578,0.006796461706768401,0.009303418643654452,0.010704494155665942,0.01224992724576296,0.013171309906739887
2018-04-23,-0.007484110789339034,-0.006283128117935397,-0.00483153460547451,-0.0032016727795429354,-0.001526466373976793,6.510000932989201e-05,0.0014803669203613352,0.002741554073470068,0.003933340071705741,0.004903745939669728,0.006318932833756612,0.008781570939152264,0.010195147808032982,0.011720569184591972,0.012655748716018343
2018-04-24,-0.007616815832386357,-0.00610154404849792,-0.004365445318356573,-0.002490181617492266,-0.0006611282794842807,0.0010219237396985712,0.002475184633951856,0.003750671678381844,0.0049361000614687595,0.005856652488720783,0.006964050934160267,0.00939483084414341,0.010891869589411553,0.012301884015335445,0.01325509218734132
2018-04-25,-0.006697860166912827,-0.005517166444918777,-0.004104126604863171,-0.002512915609955804,-0.0008953133257424333,0.0006257321304167864,0.0019617651130418,0.0031629633367499924,0.004311153877362756,0.00524694208689674,0.006617201801481133,0.008970526104762634,0.010364115633821443,0.011846115499757262,0.012824023646281966
2018-04-26,-0.007033691749590679,-0.005710305326947796,-0.004127702354963834,-0.002366333997457833,-0.0005975845583137693,0.0010568637754646629,0.0025093777252673958,0.0038117214616823327,0.0050389023536719256,0.006003173927505816,0.007331482110241741,0.009694619024615667,0.011183055557501948,0.012670532007109084,0.013674595890114697
2018-04-27,-0.007090538670111075,-0.005807154954463691,-0.004292937629364572,-0.0026176326895518964,-0.0009507806868838257,0.0005938232387584898,0.001934055329818376,0.003119389839685094,0.004240078097071609,0.005130604807891202,0.006305064200313555,0.008663726771931734,0.010113511391584725,0.011540675509486653,0.012535933949951408
2018-04-30,-0.0068969620838295435,-0.005877947573221682,-0.004628335523393872,-0.003188534727945597,-0.0016912871346158268,-0.0002661838635665849,0.0010022653181350454,0.0021484898603616933,0.003252248222117121,0.004153578459641677,0.005469968483064739,0.0077089538048902865,0.009061898539286233,0.010451401029260992,0.011443233759044356
2018-05-02,-0.007137252690803557,-0.005988877690686832,-0.004575682894245648,-0.002953355525922865,-0.0012729776797353093,0.00033663744799549474,0.0017818718658300869,0.0030881567399509416,0.004321915081906186,0.005299041484789539,0.006671939105181969,0.009107417348256711,0.010736857997711298,0.012327766497980504,0.01331042858349769
2018-05-03,-0.0064282013449227455,-0.005463307147439679,-0.00427607844225494,-0.0028899714745912767,-0.0014470587676012807,-9.760170718734363e-05,0.001072532193079315,0.002124619519495543,0.0031526531919442583,0.00401465905544584,0.005269563262371748,0.007470394527260171,0.008860901681774154,0.010251742826094222,0.011238311968431341
2018-05-04,-0.006253678988279124,-0.0051700967324092,-0.0038549794241729126,-0.0023443295421872734,-0.0007972277802254673,0.0006379421766677363,0.0018826339408173941,0.00299813328352841,0.004077934371199869,0.004948215043837921,0.006172461345536024,0.00824680325191458,0.00963409329583344,0.010960311368958038,0.011931162510060631
2018-05-07,-0.007050826723944332,-0.0061196249002493305,-0.0049390967302549715,-0.003529417982726282,-0.002055349238719293,-0.0006652998376930847,0.0005516779155990009,0.0016462753093895726,0.002713249020683768,0.0035896334492654487,0.004808739598265243,0.006902097080006862,0.00830862684599013,0.009617559929908915,0.01059815707187037
2018-05-08,-0.00627641795995593,-0.005201485048516772,-0.0038888351278669213,-0.0024462688699061555,-0.0009429258300429318,0.00045838613033266965,0.0016817090254512947,0.0027865252277932268,0.0038628142704928816,0.004742285530989154,0.005985034698616403,0.008117259872105096,0.009576935975040146,0.010964428079271168,0.011922699654897402
2018-05-09,-0.007062316543131613,-0.005878106821966437,-0.0044261061838498,-0.0028338824621683615,-0.0012063474974786264,0.0003080112394777422,0.0016254801007125215,0.002803048551813206,0.00392644467262433,0.004836159339950926,0.005969103792241505,0.00836602035404917,0.010053658275144966,0.011587824702095264,0.01254584601856226
2018-05-10,-0.006697172354922779,-0.005383285785407419,-0.003814281428545953,-0.0021220889865831783,-0.0004060440498623657,0.0011615789938434536,0.0025047775629214904,0.00370081809769794,0.004836671565757251,0.005706555395546429,0.006828216782552576,0.008777142653170304,0.010117994267585712,0.011287664936162175,0.012297744586163575
2018-05-11,-0.006436099651797325,-0.005313835584893812,-0.003952080177711377,-0.002457375020659412,-0.0008944483016769327,0.0005687276412102106,0.001852544627072884,0.0030210764327100598,0.004152105772768278,0.0050727624457538294,0.006385389013810046,0.008522525599041078,0.010046364063295348,0.01147956130416455,0.012483829273820867
2018-05-14,-0.006355719022789647,-0.005035635935724052,-0.0034728942119894917,-0.001787236902086205,-7.485701312459018e-05,0.0015414869711341318,0.0029587635422101883,0.004240572677035594,0.005459190984902296,0.006421926445884761,0.007730851926210617,0.010122253114051634,0.01179716290670891,0.013423528353906648,0.014401566239374686
2018-05-15,-0.006336124956202452,-0.005197848581350074,-0.0038629088437535635,-0.0024250862244560513,-0.000939672712959462,0.0004534629890396996,0.0016592038070683596,0.002747115459534563,0.003810765919327473,0.004671024667403384,0.005924348843566331,0.00796113282607879,0.009322307613371973,0.010630732151288255,0.011651356608908729
2018-05-16,-0.006640560364460772,-0.0053897509695342675,-0.003927438453339845,-0.0023612837533527136,-0.000764587041809801,0.0007269215614421684,0.002020804963992464,0.0031835961513193506,0.004306375183395727,0.0051910213325787125,0.006410113332032009,0.00849041817136655,0.00992277819279199,0.011239142207961603,0.01226712433401853
2018-05-17,-0.006032161431168417,-0.004734593027193839,-0.0032656538671755604,-0.0017169882721469161,-0.00016029289544475201,0.0012843988311565897,0.0025240925010748933,0.0036326027682151932,0.004710586222874602,0.005565465371184743,0.006757675316822122,0.008833359432307708,0.01023319979889335,0.011562898997111461,0.012593671211937298
2018-05-18,-0.006077673452210469,-0.0046671200680828305,-0.0030699745027289553,-0.0013869377120860897,0.0003013532840720524,0.0018666436237115614,0.0032142062103372336,0.004419395423177562,0.005575134231869625,0.006452068752308245,0.007673486281220011,0.009632868252053561,0.010953095479930605,0.012188078678508237,0.0132420971427847
2018-05-21,-0.006398620087781563,-0.0050521293610373205,-0.003509212087297031,-0.001875507099669403,-0.0002341263464368186,0.0012794493622842102,0.0025727105699980928,0.0037198196836734153,0.004827731083071957,0.005685523437960781,0.006866469186525966,0.008911623142023534,0.01018986197407122,0.011459802343076263,0.01251601450038041
2018-05-22,-0.006475596948739005,-0.005016295643221683,-0.0033619592760270683,-0.0016228989702572955,0.00010159715486275048,0.0016877562583789481,0.003041382319795506,0.004233659579731829,0.005374841410781763,0.006243158983667768,0.00736146864819842,0.00949362940029841,0.01090709709328924,0.012226042098830919,0.013307164958372399
2018-05-23,-0.006743652838441196,-0.005382739378688151,-0.003824756161006755,-0.002172289848243832,-0.0005095216034961085,0.0010276323255718547,0.0023418019340807135,0.0035044097772500976,0.00462462500285425,0.005485364581157438,0.0066234135805202455,0.008708351340355594,0.010075783069395113,0.011360997332077146,0.012454904488917609
2018-05-24,-0.0067169021578425145,-0.005204666512793333,-0.0035175487706261077,-0.0017592801616144109,-4.973636149656791e-05,0.0014980202005635366,0.002777951625603822,0.003885821491353778,0.004945182624622627,0.005757215232237174,0.006684192206289059,0.00886973553908249,0.010315980070536543,0.011608790115184495,0.012722000754098947
2018-05-25,-0.007298665352811009,-0.006055814020092474,-0.0045561349109875995,-0.0029092947554133102,-0.0011842756930980744,0.0004722175402429585,0.0019377457923325978,0.0032560938296282258,0.004510695250192337,0.005485125435596266,0.0068344804910066784,0.009217441487270389,0.010794437662900246,0.01234354073141957,0.013465974140376846
2018-05-28,-0.0063703055833015726,-0.0050098813148165946,-0.003466002359377187,-0.001834807326743112,-0.00021005583244660943,0.0012833573389851374,0.0025421782326655405,0.0036551532651728333,0.004730960436541975,0.005572656262691761,0.006695540103261446,0.008910068300102698,0.010341573391652642,0.011699717884741619,0.012820235646402866
2018-05-29,-0.006763459813956403,-0.005374535745943986,-0.003770226837423706,-0.00206550814188561,-0.00037790303045684827,0.0011630627570925164,0.0024452390570192982,0.0035787947463568172,0.004664183899593338,0.00550103887197626,0.006527239591788196,0.008728494472267666,0.010201062165108134,0.011512586599825169,0.012627684252958347
2018-05-30,-0.006475656618007762,-0.005053261639438056,-0.003397858268383797,-0.0016373245097507344,0.00010703851657861718,0.001701009997426466,0.003036585061764512,0.004221029642883441,0.005349471775884668,0.006213483513788504,0.007298481296779776,0.009567003057529564,0.011102064789911908,0.012490539124614881,0.013602841280188006
2018-05-31,-0.00645286043325344,-0.005202319314519608,-0.0037287664584859464,-0.0021400920868107328,-0.0005355977818747909,0.0009404997845771068,0.0021731955325110268,0.003267629338898741,0.0043267176220435025,0.005153511205384703,0.006255405035887729,0.00842128859917904,0.009792052627239343,0.011088595226635758,0.012207166125500326
2018-06-01,-0.006452324471441593,-0.005253459299999594,-0.003833489836735775,-0.0022889716500396865,-0.0007144306936132318,0.0007465004708524238,0.001969616640154945,0.0030543117216083136,0.00410339814079689,0.004917074578109534,0.006014213380306467,0.008122943398549591,0.009466089778744809,0.010690957624176213,0.011830771770882879
2018-06-04,-0.006806302618595137,-0.0055507236525061164,-0.004033412756227267,-0.002366502524267862,-0.0006441595338087371,0.0009896972040077596,0.002397968419889442,0.003665691535263949,0.004868292927698731,0.00580276129555795,0.007093776344100405,0.009545697910632365,0.011139823399095446,0.012681213781080738,0.013816359782750517
2018-06-05,-0.006634194808795554,-0.005204222771962473,-0.003524002758282158,-0.0017124806437183466,0.00010874236481607275,0.0018161923915978994,0.003271102187501156,0.004569883994613599,0.005788058104561344,0.006715973553920633,0.007911207705035565,0.010457070854085695,0.012070185102035051,0.013631583534350091,0.014758255648674494
2018-06-06,-0.006242342029156925,-0.004912986425951063,-0.0033482168065087073,-0.0016487258594220777,9.613420061320755e-05,0.001740233319219797,0.003141491225764418,0.004392640586997251,0.005583726722198879,0.006498210759013164,0.0078116710410034065,0.010157124075729088,0.011605752178243597,0.01306060008282779,0.014204690517437953
2018-06-07,-0.006630513777651055,-0.005051279129585326,-0.0032280258304346857,-0.0012899343884500588,0.0006065211646275775,0.0023551546167136597,0.0038169932604155427,0.005098107183661656,0.006292208644356621,0.007202490353380337,0.00824543618910151,0.011022643327875482,0.01280190454590942,0.014483637163550776,0.015622168472384923
2018-06-08,-0.0067977437319246565,-0.005442618363487075,-0.0038195556739531716,-0.0020474733742837387,-0.00022708236661084084,0.0014929366821216277,0.0029794959051026313,0.004307487825247996,0.0055564461252283455,0.006492020500557609,0.007783189038898176,0.010115284632010162,0.011597163677570087,0.013036399606896657,0.014206455713438617
2018-06-11,-0.006504731644721668,-0.005202696883764928,-0.003678965073933587,-0.0020375388663863955,-0.0003933468936586148,0.0011173920619713183,0.0023646424522604593,0.003458226371196026,0.004508324169351162,0.0053369963342199365,0.006446537051858039,0.008860929450424687,0.010260892609902242,0.0116567214080559,0.01284077444599807
2018-06-12,-0.007156145461126407,-0.005509007046573856,-0.0035757646140285836,-0.0015018885949951008,0.0005623083107972548,0.002454371089926374,0.004107577831984841,0.005541417806828561,0.0068612325564489365,0.007839206699937588,0.00903611593003505,0.011807772494166383,0.013453030808102978,0.015099669664890462,0.01627996366629584
2018-06-13,-0.006887502636095884,-0.005281724832051861,-0.0034516606377035294,-0.001511012142852246,0.00040526962782762885,0.0021487955542440953,0.003658325528969285,0.004961711469894952,0.00618285667233336,0.007115948485635965,0.008283099339125188,0.01101490553385828,0.01262661985031713,0.014243822402794294,0.01542381311537105
2018-06-14,-0.0068146819584629205,-0.005332598662179759,-0.0036398833184275365,-0.0018261679161870963,6.503046844228951e-06,0.001685019687140516,0.003146196441989742,0.004407748605434745,0.005596041162102163,0.006488395677919399,0.007734586549462996,0.010101262274072789,0.01145348206061443,0.012834071290937865,0.01405104629137257
2018-06-15,-0.006980812827222711,-0.005601309458374608,-0.003948060006500917,-0.0021289979027124713,-0.00021807869005057063,0.0015975719407686046,0.00323849223223039,0.0046748552421669275,0.006016272288620815,0.007029052234559772,0.00856587247186786,0.01121458026652413,0.01276923186621299,0.01445010655361674,0.015656029691421058
2018-06-18,-0.006898005123534836,-0.0055749989824376515,-0.003993007994344252,-0.0022591560793844287,-0.0004467622639771468,0.001252739873898121,0.0027661316053992605,0.004076753342305636,0.005309161775574124,0.006230614129382474,0.007637699502300224,0.009983516672715253,0.011354880038380406,0.012782048056696855,0.01401904121221129
2018-06-19,-0.0065199284573883515,-0.005083314799955063,-0.003410430073826794,-0.0016140015489786346,0.00018300349406080328,0.0018171518186882772,0.0032224005110850352,0.004419507374628634,0.00554601886042491,0.006401965811483822,0.007583970101263039,0.010087822531658,0.011522991825735702,0.013002484194957847,0.01420758164387842
2018-06-20,-0.006758694029257219,-0.005373325828382771,-0.003701652528894938,-0.0018664361687355832,4.177737011362291e-05,0.0018522048745545506,0.0034827981011479434,0.0049018081672250555,0.006218242024761382,0.00721248727642957,0.008696634410709399,0.011488165132253533,0.01310019099108187,0.014866932523143396,0.016047960916788957
2018-06-21,-0.006586616219834202,-0.005378707001399153,-0.003857130244650473,-0.0021529145661845855,-0.0003684542707968518,0.0013072043733339837,0.002793497283403325,0.004077873729429462,0.0052885764987242595,0.006207738717442728,0.007562459477422426,0.01006979811681808,0.01155655386809825,0.01307089300656391,0.014250859636472124
2018-06-22,-0.0066815459426338335,-0.005638574162506734,-0.004240278231122105,-0.002634618041239335,-0.0009121698599241991,0.0007309586155799484,0.0022115376833319895,0.003501055903026829,0.004714570844749156,0.005646308134995308,0.007085322022672157,0.009652875468454551,0.011108380639210049,0.012638273329952696,0.01387404583465635
2018-06-25,-0.006701457576736982,-0.00573990674477802,-0.0043958772499987555,-0.0028129413525690232,-0.0010996635517428709,0.0005638721882749542,0.002073519834950103,0.0033969645034096453,0.004643745192930686,0.005603689145655026,0.007036768702619035,0.009716983802278058,0.011318068130839565,0.013007609940961729,0.014229855375460674
2018-06-26,-0.007402142288494181,-0.0064326603527292405,-0.005011262687157607,-0.003330884003636802,-0.001542938758200186,0.00020465846611948885,0.0017946222796998957,0.003188524012753763,0.004485832031060007,0.005502017433933023,0.0068590112723148754,0.010012179606861373,0.012003586111327718,0.014043649893272291,0.015201735312781982
2018-06-27,-0.006869254241259186,-0.006350587034784763,-0.005336958442873338,-0.003987367386350556,-0.002396111809920061,-0.0007705599148344405,0.00075578080423684,0.002115156364257252,0.003402784733054706,0.004416669025503501,0.006008534189524737,0.008823171172225766,0.010532146729055215,0.012378755127879117,0.013583187546137854
2018-06-28,-0.006715854702547827,-0.0056932767090396765,-0.004439091879986858,-0.002999184899290271,-0.0014202476416770725,0.00016154859768608646,0.0016509474650826211,0.0029687654707729804,0.00422441413231837,0.005158136937677178,0.006595400337177145,0.00906963373041313,0.010540406784064045,0.012095244827330758,0.013321187616268625
2018-06-29,-0.007587674263851782,-0.006824580370792732,-0.005578819497395803,-0.004032722944879726,-0.002315277247909463,-0.0005790518984953399,0.0010448330205798293,0.0024982591893320553,0.003851509195913874,0.004913953346776086,0.006318660740507673,0.009498450326149405,0.011655907433508266,0.013861694873250893,0.015071438212054696
2018-07-02,-0.00635080276181722,-0.005720977436965905,-0.004645918073249301,-0.0032783920677223097,-0.0017118763684367529,-0.00013808341121997387,0.0013306418990071873,0.002645017381816897,0.003891974547734489,0.004836055618750668,0.006293350415752611,0.008685736272849458,0.010167188797659769,0.01182370694259882,0.0130648488720548
2018-07-03,-0.006559281618634257,-0.005697654699465048,-0.00434401115529123,-0.0026778248591533406,-0.0008085920294473681,0.0010729340565187088,0.0028507204330886007,0.004438665464566033,0.0059099355164585355,0.006957402850145549,0.008523286097830256,0.01102624985597931,0.012387787113739508,0.013982596461440483,0.015239403298756976
2018-07-04,-0.006528201624164282,-0.005631105598538773,-0.004353335234354845,-0.002847103961780259,-0.001240136102944221,0.00032071474198944617,0.0017504368699435408,0.003009754071762594,0.004204522538875608,0.00509857117097103,0.006409409054473877,0.008840182370582293,0.010135921342257603,0.011616675641379325,0.012840775254313637
2018-07-05,-0.006846136525762379,-0.005795563523904612,-0.004431629063442324,-0.002868532686337571,-0.0012172272067135386,0.0003717996285490185,0.0018148827071236694,0.00308816227555039,0.00429772035918719,0.0052107725978695184,0.006518885510745809,0.008983446196456519,0.010401572918066194,0.0119129661388712,0.013101982624943408
2018-07-06,-0.006382142359287464,-0.00519427148265739,-0.0036694385322236078,-0.0019479518330721268,-0.0001730748157288437,0.0014790752526980763,0.0029436698565072066,0.004220315519866824,0.005429858897591113,0.0062885318020462965,0.007427023258485813,0.009482836451734084,0.010794549291041662,0.011996977250777129,0.013210233823997799
2018-07-09,-0.006548073069621929,-0.005464099105651392,-0.004053790967859473,-0.002447692078476173,-0.0007852526580988273,0.0007813865909137795,0.0021756181542614567,0.0033982258864214254,0.004568762577142676,0.005458718692850313,0.006690790243594167,0.009106477452050472,0.01061394378355403,0.01210899092195733,0.013280067052723304
2018-07-10,-0.0063064562922523215,-0.005104656683712289,-0.003606925459128412,-0.0019347153849070577,-0.0002218516276293154,0.0013881104460191805,0.002826086269536784,0.004089459738571041,0.005295368315967441,0.006202566365353331,0.007464411813181599,0.009876142614697735,0.011415444409837753,0.012902530691176459,0.0140995722880396
2018-07-11,-0.00672169392646544,-0.005588564365838753,-0.004138594779432478,-0.0024961536457551734,-0.0007799287632842132,0.0008598074450984798,0.002352469709184166,0.003670115421316046,0.004917093146582141,0.005845064835042429,0.007170025549103875,0.009581795593679183,0.011061467541539872,0.012504709484557813,0.013712341891313398
2018-07-12,-0.007026610535009226,-0.005912217560946503,-0.004451952931994505,-0.0027732857294997275,-0.0009837910860396493,0.0007543167833739032,0.0023559022556065142,0.0037855674643858376,0.00512930730415217,0.006122531442726807,0.007523506454070612,0.009944922503919902,0.01158311521212766,0.013092442920232398,0.014323525372031937
2018-07-13,-0.007021188416075324,-0.006033539906197779,-0.00474626083079007,-0.0032674800046967522,-0.0017075392066039305,-0.00020373161483636256,0.0011668768230184356,0.0023742932893807116,0.0035296290383861157,0.004425764433219621,0.005723651400538561,0.00824738579755962,0.009896681962981883,0.01145032392699109,0.012689298047410471
2018-07-16,-0.006567328315957578,-0.005547124216172123,-0.00426403739291234,-0.0027909847125548257,-0.001213029552586118,0.00032824583079344143,0.0017498446850844882,0.0030116639409798794,0.004219786334153771,0.005154913778661837,0.006591834752478754,0.00912619148551607,0.010862021297970948,0.012461842562723839,0.013728941364024192
2018-07-17,-0.006905148297523274,-0.005923214176507046,-0.004696538819401739,-0.0033100644399122014,-0.0018254064574671747,-0.0003493015620614527,0.0010331436904886082,0.0022553249967150503,0.003425362775799091,0.00436431451387399,0.005914333608231079,0.008540816384237543,0.01051484049445179,0.01222506584304246,0.01351952525417158
2018-07-18,-0.006540977092812676,-0.005767504431507088,-0.004702812228121049,-0.0034225690086084485,-0.0019723093706566553,-0.0004742648819218726,0.0009702151141935079,0.002273969090161326,0.003520191642135016,0.004489628073207739,0.00599023097386925,0.008550905399630519,0.01026063580296738,0.011776989900933423,0.013078065669682802
2018-07-19,-0.006823783029354366,-0.0055674997219364196,-0.004074984124769065,-0.0024562619316973173,-0.0008130861591003936,0.0007747752661017163,0.002230818711371841,0.0035122726674744384,0.004718262088630416,0.005655994788413294,0.007153844773933851,0.009692651567664239,0.01186261211846074,0.013603223398565824,0.014884562591423943
2018-07-20,-0.006495323566648522,-0.005548032676102435,-0.004306240335382464,-0.0028753079591089087,-0.001341582133748861,0.00017344986519078317,0.0015867909508805386,0.002842828365687724,0.004041524619363046,0.004937847200218468,0.006235902275061258,0.00855211403713253,0.010301316206006333,0.011679685307565288,0.01300156648112947
2018-07-23,-0.006794421061073127,-0.005878188630161572,-0.004641674720065704,-0.003207829894003574,-0.001658039045868104,-0.00010504068618805455,0.0013607409860137232,0.0026770489365991086,0.003928450463459051,0.004893880576478641,0.006375822151800138,0.008929136085688634,0.010905806155796227,0.012580356143208701,0.013869610459579743
2018-07-24,-0.006835265240424631,-0.005952276606311939,-0.004765983585754432,-0.0033975890215803915,-0.001951003279792091,-0.0005422042393771272,0.0007524053302800179,0.0018955337785920461,0.0029980421853464194,0.003848548746509208,0.005103743488371123,0.007339635562214685,0.00914485602388689,0.010519409614682203,0.011831665710458595
2018-07-25,-0.007538912051613441,-0.006739726534216603,-0.005644632937663211,-0.004364711486314309,-0.003007624808763701,-0.0016825400435048292,-0.00046951881578605203,0.000598792353179832,0.0016392595737050489,0.0024639740548723383,0.003704655905607321,0.005915202823161888,0.007844464022956264,0.009272400542729525,0.01058673887545698
2018-07-26,-0.007218361241750133,-0.006719067360385532,-0.005834071050710963,-0.004676762002785957,-0.0033138699290841947,-0.0018998109501474065,-0.0005274264414402313,0.0007128264001160158,0.0019088435980401492,0.002805022614968314,0.004073495235197891,0.0063433182798595025,0.007864816865203256,0.009168666837272178,0.010476316576916394
2018-07-27,-0.0077018809607286385,-0.006753779118380987,-0.005466008282395049,-0.003992998847927861,-0.0024551634205172072,-0.0009550172941252108,0.0004323915671990817,0.0016591418327054318,0.0028238760021445097,0.003712289022555564,0.005013854638208209,0.007248628309979919,0.009445588007509676,0.011124870516910905,0.01236325309417011
2018-07-30,-0.007752701751655229,-0.006813556253866496,-0.005554000273772386,-0.004133575238554936,-0.0026864918340574486,-0.0013187290248864994,-9.221505548690934e-05,0.000968652313795357,0.0019843586380727403,0.0027658631311260505,0.0039057191102115744,0.005954076676778375,0.007950773740673062,0.009539670308245853,0.010765734017918333
2018-07-31,-0.006905181929996373,-0.006229123400885079,-0.005215699389157565,-0.004007291651410021,-0.0027162932043603,-0.0014688649869225889,-0.00033514377204472425,0.0006573445521555817,0.0016342821898738965,0.0023852507602322515,0.003424724569623995,0.00534190173512015,0.007144091762056735,0.008625167519271969,0.009840854464350006
2018-08-01,-0.00672706963119067,-0.005932505461517133,-0.004813198165995072,-0.003545712709601009,-0.002233967202882711,-0.0009713736744482435,0.00016698552466005274,0.001164859276551874,0.00213453593056665,0.002852443553012883,0.0040408014625393585,0.006053035220473083,0.008002432842868999,0.009630043421702282,0.010837187930585458
2018-08-02,-0.006906778486782892,-0.006151997712725056,-0.005020069273438663,-0.003694158943155973,-0.0022700248729904506,-0.0008546650309048099,0.000464227748114044,0.001637170818813878,0.0027548576125149375,0.003550673505079915,0.004800022583322286,0.006890065379768914,0.008695856129127936,0.010220470372355803,0.011469383622484884
2018-08-03,-0.006738797501372087,-0.005925317243167509,-0.004876676099622965,-0.0036772209473644795,-0.0023567082861148956,-0.0010598886812873839,0.000142243352165635,0.0012129570921556759,0.0022503572644470746,0.0030130762866081955,0.004250273805581276,0.006363385243958065,0.007857658822127939,0.009210673694152056,0.010432384094256333
2018-08-06,-0.006578482086767307,-0.005667133347130757,-0.00451586311772525,-0.0032204888940090912,-0.0018148638241007571,-0.00043061428801720227,0.0008606849546310912,0.0020158678775775577,0.0031250441834597175,0.003954494056927199,0.005362055379153264,0.007671256595016293,0.00943683692413272,0.011065483122592052,0.012287060645274055
2018-08-07,-0.00658732272646796,-0.005679394452633378,-0.00451499730346127,-0.0031893279564128097,-0.001733765031488999,-0.0002940760373390597,0.0010545301725319,0.0022604759818934104,0.0034115292629319284,0.004238227115755049,0.0055699219313401615,0.007829285516937415,0.009394384133572272,0.010896151015554077,0.01216496931399818
2018-08-08,-0.006990038387347142,-0.0061993354494035,-0.00512521072166049,-0.003861774657796042,-0.0024321962741636564,-0.000992271891849644,0.0003772184264431873,0.001611721440240541,0.002791349757409294,0.003649173905530192,0.0050340789110764565,0.007355999446920894,0.008941761016544463,0.010486179451851596,0.011747362050530317
2018-08-09,-0.0076547132495161044,-0.006788413020586645,-0.005628684169929301,-0.004284144174767821,-0.002788279485678084,-0.001287924345369644,0.00013798976758517016,0.001415509775535563,0.002617980089416996,0.0034886267125535985,0.0048844165352668134,0.007207338332525759,0.00886251043165595,0.010396328216526859,0.01166352925587526
2018-08-10,-0.0061594577329465465,-0.00548660208772103,-0.004548021810254736,-0.0034197333788873385,-0.0021145548470503624,-0.0007887562543629329,0.0004766629699579743,0.0016245821337165795,0.00273672668049624,0.0035392965745502623,0.0048054803796816065,0.006950771849817228,0.008301845906822293,0.009679257314005558,0.01093308294730973
2018-08-13,-0.00654262844442944,-0.005768419833720187,-0.004765320198525962,-0.0036043554383723827,-0.002295145474033501,-0.0009689040373424287,0.00029441261625186917,0.0014440640218741979,0.0025551039321100415,0.0033974708467339647,0.004817170762093321,0.0071513685962670305,0.008853910994268023,0.010515602604437214,0.011760386251171404
2018-08-14,-0.006715079523582526,-0.006010770360527325,-0.00509118662164375,-0.004016742003249499,-0.0027948733454348173,-0.0015714337937485416,-0.00041466236005409553,0.0006321035810142357,0.001658219017677726,0.002437097892206479,0.003714117628791253,0.005851615664263902,0.007295737122717694,0.008726375829014631,0.009979311812155585
2018-08-15,-0.007055201704754623,-0.006391029804347546,-0.005495152828734298,-0.00442434270759216,-0.0031812941978930746,-0.0019064858464440807,-0.0006807979074121834,0.00043660143326074033,0.0015240355358390907,0.002345652627792962,0.0036885516947288664,0.005891091227130548,0.0074410918524613,0.008960796111515242,0.010262612145717597
2018-08-16,-0.006720094923826243,-0.005966558949061389,-0.005015238959678682,-0.003924455975782625,-0.0027038970131486677,-0.0014867750201916583,-0.0003413185907323173,0.000687324277539682,0.0016967459811066906,0.0024554402250440395,0.0037052696048259447,0.005829520733698278,0.007285987183586059,0.00870971179092369,0.010000787852362546
2018-08-17,-0.0073333482261231445,-0.006608264227505107,-0.005626551896779809,-0.00446892758346146,-0.0031434003872034136,-0.0017820691912927918,-0.0004689573660696839,0.0007211370409011887,0.0018662111976762393,0.002735428181728024,0.004203650772653885,0.006599415626362355,0.00823851004960031,0.009900584474133379,0.011189194597153406
2018-08-20,-0.0066613293144596585,-0.005934398296041244,-0.004995511435042417,-0.003910481507470565,-0.002696181138976657,-0.001495747067666303,-0.00037082339769937316,0.0006371634056441706,0.001631648757796633,0.002377677598667018,0.0035884303857033357,0.005657093132879132,0.006990176053168711,0.008300542950760454,0.00958857211481635
2018-08-21,-0.006519588448436595,-0.005642763676442402,-0.004586993921499401,-0.00341573532255376,-0.0021506483328454524,-0.0009198745078395613,0.0002255139616085133,0.0012471788219126844,0.002254316353184558,0.003001808890987137,0.004219597155985837,0.006294635300334738,0.007646848760184674,0.009020469361985974,0.010296007245715692
2018-08-22,-0.006861387890824709,-0.006185720546148694,-0.005285080524014412,-0.004213637925051993,-0.002973286403879753,-0.0017166145597544789,-0.0005112116485948027,0.0005811858948825009,0.0016500256112401664,0.0024229011135865593,0.003621182986374717,0.005691231171755494,0.006884562329909983,0.008112463841531225,0.009411582034846613
2018-08-23,-0.006914163485355808,-0.005943508943176132,-0.004830521643656754,-0.003637965215994706,-0.0024076586878260457,-0.0012461622990456406,-0.00019953833837839776,0.0007268700171970186,0.0016454082766480965,0.0023480241669666738,0.0035106034818481267,0.00551015850075028,0.00701920429314864,0.008354638860873228,0.00961119575810062
2018-08-24,-0.006822352034499956,-0.005759464086425158,-0.004499248251291722,-0.003128043468761601,-0.0016883472024119305,-0.0003023913200927095,0.0009794851585924113,0.002119823792497494,0.003214867449258806,0.003995662110704436,0.005227554594079413,0.0073271426293229905,0.008783111413893272,0.010146838814060612,0.011441004593453315
2018-08-27,-0.0063039757655547046,-0.005625311311538773,-0.00474557719105755,-0.00371718496320163,-0.0025456253319881854,-0.0013844987834175826,-0.00028948189900507705,0.000704831780225531,0.0016963524026340818,0.002425731241686266,0.003589311726958805,0.005609865346345366,0.006762324156419712,0.007956487627894023,0.009242209961708766
2018-08-28,-0.006277926516533846,-0.005422883250247406,-0.004375321466776,-0.003214319415137811,-0.0019662570232254354,-0.0007767318350431699,0.0003175783521951027,0.0013046822136651046,0.0022862562586877955,0.003015307481193373,0.004192602210504572,0.006219485241563826,0.007522583037008793,0.008796522214807251,0.01007554170774426
2018-08-29,-0.005910924355424656,-0.004946647795456754,-0.0037732944812679525,-0.0024745401570554926,-0.0010847205370942369,0.0002561393313209985,0.001504948035367726,0.0026331461317339057,0.0037287018460623626,0.00451389224223886,0.005755311616550934,0.007867512811073046,0.009127635945435732,0.01046075500450429,0.011728535324249553
2018-08-30,-0.006701631016561402,-0.005751135420223553,-0.004585344143027843,-0.003294536831632738,-0.0019224215634530558,-0.0006182306452493446,0.0005782737647971837,0.0016728745866381725,0.002782569109017896,0.0036445981263472436,0.004773599735581303,0.006336970709527634,0.008227078543397374,0.009564563736811641,0.010840708490504376
2018-08-31,-0.006525020814777324,-0.0056186810559048445,-0.004516775066221555,-0.0032988929621089224,-0.0020036086179325866,-0.0007687456423817612,0.00036748675935700673,0.0013958501066538248,0.002453772721515042,0.0032878208787599887,0.004426580243750131,0.006012880423153559,0.007860354874619488,0.009244361575170687,0.010512063545329384
2018-09-03,-0.006692774342761643,-0.0057783308339846556,-0.0046660643067129234,-0.0034433280546384143,-0.00215509134922324,-0.0009250993329611801,0.00020421915622840505,0.0012166781912766227,0.002255890515973421,0.003063747161798273,0.004141468732701455,0.005626649132605584,0.007516282349441699,0.008842917497156879,0.010122354708713675
2018-09-04,-0.006326853847326444,-0.005504389111557442,-0.004493026970597542,-0.0033583488875511035,-0.002127340385726395,-0.0009236982864183989,0.00019957861456596957,0.0012186487970102513,0.0022746436544371614,0.0031269822171810313,0.004294987248799764,0.005809575118236934,0.00775433025870848,0.009199853770026096,0.010455731430929616
2018-09-05,-0.0065562159773170274,-0.00569672973870653,-0.00459240870292467,-0.0033244675636164445,-0.0019114789374548133,-0.00048502572129517326,0.0008891328862393748,0.002142291576871571,0.0033856089417811934,0.00432510068757556,0.005632855760531609,0.0074545308743033485,0.00935326442952489,0.010893565407850433,0.012167145028085188
2018-09-06,-0.00656184638473527,-0.005885847528855677,-0.005025390053217111,-0.004036138586646223,-0.0029363950879727754,-0.001847372199974117,-0.0008222132743312715,0.00010704624472030995,0.001083258612360026,0.0018552833762756375,0.002904312722034523,0.004380028299526552,0.006120810093743146,0.007371385078750099,0.008632886372176901
2018-09-07,-0.006374094415358362,-0.005516241279228063,-0.004457309724498891,-0.003264938772065672,-0.0019790619550529858,-0.0007197914938307745,0.0004624793897836182,0.001529723521055266,0.002615419738506286,0.0034248339407218246,0.00447146658403351,0.0059752481906673646,0.007634691998941033,0.008893068471797303,0.010150771647190276
2018-09-10,-0.0066953432473114,-0.005825176920430169,-0.0047611965476281074,-0.003581046439540187,-0.0023275288947054054,-0.0010928196371960885,6.819504053895398e-05,0.0011183651087868177,0.002186276047811211,0.003010117954030901,0.004135183300586772,0.005712052172952307,0.007613415812310865,0.009014764668906949,0.010253049096436371
2018-09-11,-0.0064892648703245666,-0.005625297982789735,-0.00453520599378674,-0.0033063370198996387,-0.0019840892420740592,-0.0006645909391421762,0.0005885713577908361,0.0017333179917707936,0.0028832621653449237,0.0037612727332183883,0.004974916315596257,0.006683784639983708,0.008652179368824899,0.01019309250244863,0.011439275987628183
2018-09-12,-0.006442254232055553,-0.0055436879052054595,-0.004424856109213004,-0.0031755881760809693,-0.0018438375213154317,-0.0005152069379049892,0.0007250810463251586,0.0019167171873835324,0.003068074660195532,0.003944529567432004,0.005200942442031895,0.006906398679744845,0.008986926954099174,0.01058219152250326,0.01183309124571887
2018-09-13,-0.00650832878664409,-0.005971285809616256,-0.005218081165978955,-0.004312235516096628,-0.0032773972481471513,-0.00221487877824495,-0.0012163605944053258,-0.00023667305747424906,0.0007465557338853871,0.0015225243563812265,0.0026227943108934346,0.004131568726297961,0.0059274581265369945,0.0072830813291075765,0.008526892260954272
2018-09-14,-0.0068050873091338865,-0.0060456706662236305,-0.005075981802151897,-0.003961884243798948,-0.002753372283774763,-0.0015416114603864673,-0.00042007088869707116,0.0006547540683527317,0.0017074448442747356,0.002493815748038895,0.0035513174578951346,0.0050047859619576345,0.006851560853233314,0.008161752090454198,0.009419631320245873
2018-09-17,-0.007085075482218491,-0.006416637463600046,-0.005498853659933764,-0.004400049436927521,-0.003156864504026892,-0.001859447439289932,-0.0006188409234055183,0.0005802659431187847,0.0017382745641918297,0.002601992652021681,0.003797559762071765,0.005441024341246704,0.0073706929904450635,0.008837878787313324,0.010092278049331554
2018-09-18,-0.006974394674600332,-0.0062180895121159005,-0.005212322320948492,-0.004032503075267561,-0.002723917467314686,-0.0013729472282281749,-8.526908067521002e-05,0.0011506413399892737,0.0023375925648255877,0.003210570526083656,0.004407409187608009,0.006058486128867188,0.007948480470292067,0.009414277609413992,0.010661481948072215
2018-09-19,-0.006635837429797935,-0.005967901048775413,-0.005064123422395067,-0.003988410675010728,-0.0027755370920880206,-0.0015185806006684432,-0.0003185163581242302,0.0008459965856531058,0.001979651144165591,0.002829307166090618,0.004018131101484122,0.005657773491869275,0.0075056541160119054,0.008966944168451823,0.010208432475935033
2018-09-20,-0.007099284720034717,-0.006460461690932233,-0.005535269736133141,-0.00441131575243376,-0.003129502371093956,-0.0018089257036988456,-0.0005408196344118702,0.0006841767881118189,0.0018633775139931072,0.0027215338873930683,0.003864327462363733,0.005463670148583301,0.007173312661209911,0.008507832446026226,0.009765773643788746
2018-09-21,-0.006860499533293609,-0.006086989421647713,-0.0050568049224900555,-0.0038682490475089194,-0.0025704286494718626,-0.0012605566266901613,-2.1772630819629152e-05,0.0011760785538903916,0.0023322437344884717,0.003210443644276627,0.004463172463701265,0.006178994043609316,0.00823585788656196,0.009818416455945654,0.011040847867378873
2018-09-24,-0.006725736818036511,-0.005977061438300145,-0.005030615783257627,-0.003896830809554126,-0.0026692696972807715,-0.00144396187078565,-0.00028886066573902656,0.0008235511145749766,0.001870919948690029,0.0027349677599748552,0.003834939236557154,0.005421500163490543,0.007251846710741158,0.008630600866290625,0.009792609942228624
2018-09-25,-0.006673866765293332,-0.005957158008196028,-0.0049788775739867805,-0.0038369670616822437,-0.002591745304181158,-0.001360400726101791,-0.00021628079585982494,0.0008877945030474129,0.0019640286631279324,0.0027620341511490334,0.0038349922748233583,0.005352330315678276,0.007031090747219974,0.00829207465538511,0.0095425835592756
2018-09-26,-0.006644472902078039,-0.005857771718482916,-0.0047794067631355295,-0.003515304036277395,-0.0021182643186877783,-0.0006948084194205447,0.0006701257971290615,0.001986834221804263,0.0032462475166132603,0.004187825420806137,0.005559754057998286,0.007463074318290372,0.00943726064769865,0.011117297641760745,0.012352763620544173
2018-09-27,-0.006407530631055234,-0.005420256670957818,-0.004192839177347192,-0.0028362478564105203,-0.0014224503500491676,-5.348095137239098e-05,0.001207244496318964,0.002412039587080751,0.00356711076125659,0.004437962004454358,0.005709489858552582,0.007473628709234857,0.009486575531417499,0.011116012629069267,0.012349545803244604
2018-09-28,-0.006620208090991691,-0.005863973805604656,-0.004844911152083534,-0.0036696864758405446,-0.002394717364296798,-0.001134072081364008,4.1361603657819436e-05,0.0011762386633483324,0.0022793093774367435,0.00311568505647188,0.004322853945186524,0.006016301428626893,0.007888564324002164,0.009405925641516447,0.010629429083471137
2018-10-01,-0.006247395867746226,-0.005513256801995619,-0.004530018569842703,-0.003403952518886081,-0.0022034403380540146,-0.0010383253843662937,3.2192689574701274e-05,0.001071928351855392,0.002100999369628079,0.002891666467096408,0.0040249019036882475,0.0056031144987290435,0.007465171459998768,0.008947609129529632,0.01015708623611434
2018-10-02,-0.006410692882925737,-0.005636950254611776,-0.004592031709620749,-0.0034168006258476066,-0.0021685682187272395,-0.0009492428235349972,0.0001770820396262275,0.001261697314034097,0.0023240541359200225,0.0031219229029419786,0.004255650611966595,0.005857920562710365,0.0076829650624965,0.00914451642006394,0.010376136199138429
2018-10-03,-0.0062210509511593185,-0.005510272993172562,-0.004515632433048528,-0.003380880402831592,-0.002153390431845737,-0.0009447696131949935,0.00018023149267988126,0.0012680636223675488,0.0023350864773370944,0.0031443681612083737,0.004320851677897761,0.005986102819555998,0.007708914729268208,0.009184671702499949,0.01041277168993155
2018-10-04,-0.006042867773453303,-0.005309398553834064,-0.0043004447939638665,-0.003150421470909018,-0.001899659702047618,-0.0006633598522000506,0.0004952904936450847,0.0016178255694957527,0.002714599232901648,0.0035581253450009172,0.0048298200772958905,0.006625208383614613,0.008409658657013243,0.010005747511888796,0.01121944753800875
2018-10-05,-0.00639167874966292,-0.005642133524100227,-0.004640276719671898,-0.003512763611263811,-0.002302447619733834,-0.00110427955466341,7.848799844889658e-06,0.0010826366116468418,0.0021365581407023705,0.0029645161713525783,0.004235242671030428,0.005972916143710207,0.0079701246224095,0.009632610549926798,0.010836200193546289
2018-10-08,-0.005984434419992445,-0.00528026590176721,-0.004338958832314827,-0.00327271795110635,-0.0021179520323698848,-0.0009816841794384394,6.879117579707277e-05,0.0010822243087042153,0.002081586659599646,0.0028582646782995018,0.004022836350553211,0.005633725150515598,0.007496791796400249,0.009003655578066152,0.010239954968057666
2018-10-09,-0.006011369369287752,-0.00533662635531454,-0.004399404875860377,-0.0033170499345331114,-0.002121859547870363,-0.0009262765674710371,0.0001971672846232237,0.0012867650194678822,0.0023564124036682095,0.0031831398091002236,0.00443691110934226,0.0062058220447064735,0.007940557518070997,0.00953940973158884,0.010767475269500459
2018-10-10,-0.006386203641026319,-0.0057365448590067265,-0.004777338959595572,-0.0036381971856458907,-0.0023406840860495347,-0.0010136462466791335,0.00026869495181371886,0.0015145825924566202,0.0027168491227342467,0.003627236621408109,0.004989234156395171,0.006918929340182602,0.00859377401464384,0.010203284104792465,0.011449395940393127
2018-10-11,-0.006099211268972629,-0.005236380358799724,-0.004110437629794152,-0.0028554329290460725,-0.0015207027430332468,-0.00021570662949528334,0.0009957939731616169,0.0021620154550915666,0.003292575774833034,0.004141716886201273,0.005388374117610896,0.007140412647622225,0.008997568356464808,0.010585417154827343,0.011817253277540487
2018-10-12,-0.006384973040889543,-0.005555515136942705,-0.004449880037654579,-0.0032087906328820987,-0.0018796988608329132,-0.0005777468698778992,0.0006359063834439408,0.0018055295246825623,0.002939949536105814,0.0037980925984972746,0.005068814607911524,0.006815351027817655,0.008764836859374204,0.010385184993837882,0.011619502271856801
2018-10-15,-0.006145984203696182,-0.005446408613795067,-0.004506541734879016,-0.0034283494602608613,-0.0022323694281059696,-0.001035982984956472,9.415600460494639e-05,0.0012005071765911267,0.0022916905553409866,0.0031385128837599775,0.004442265782939205,0.006250972351154153,0.008080254237862319,0.00973355080666318,0.01095152362955077
2018-10-16,-0.006402008368671029,-0.00557882416006482,-0.004534694717609096,-0.0033694934125588303,-0.00211369686951345,-0.0008869214473034219,0.0002519465262157566,0.0013558363727311099,0.002436561497691797,0.003262443326441623,0.00450156880983646,0.006222352709753539,0.008029636291261034,0.0095714616296607,0.01078478031898979
2018-10-17,-0.006271792964133424,-0.0053117496496301615,-0.004135228155770242,-0.0028442648786672197,-0.0014736903535941884,-0.00013518336742530685,0.0011044438105578254,0.002297758232587083,0.003447437271578897,0.004311119833942829,0.005614134061064063,0.00744103304045017,0.009322261258586892,0.010980573670958418,0.012187605652800502
2018-10-18,-0.006372251676589079,-0.005325128672984567,-0.0040527851653963005,-0.0026700386870483262,-0.0012248274692145604,0.0001602955998364691,0.0014300982032877056,0.0026460309625048403,0.003812711619288619,0.004676583376416282,0.005947498446293085,0.0077098084302649125,0.009618487951456572,0.011220838220788178,0.012442240952812579
2018-10-19,-0.005904965979990325,-0.005081071107519176,-0.004039793230404754,-0.00287450747856315,-0.001611157208573592,-0.0003918601564609479,0.0007296118044863987,0.0018190561697638582,0.0028867906686100204,0.003683698113658226,0.004864631726929433,0.006584270124659365,0.008129656358652624,0.009563877472784088,0.010774183809768143
2018-10-22,-0.006440115974616014,-0.0054794708433810535,-0.004323340436499181,-0.0030788862890949297,-0.001790676956630629,-0.000580892696477524,0.0005035917155335194,0.0015450279920868944,0.002563621906176638,0.00331973942321449,0.004399309079341137,0.005923207499559813,0.007690782622415584,0.009062747303818685,0.010266206491057
2018-10-23,-0.006013144140919928,-0.004782292993805469,-0.003359647147242947,-0.00187307213364615,-0.0004004604891320844,0.0009236869970586882,0.002077451737157152,0.0031713788879684564,0.004227864993947596,0.00499682541359713,0.006078284268563283,0.007599026925138727,0.009371414962506982,0.010756298211880221,0.011938321301388282
2018-10-24,-0.006160076168872291,-0.0048522765512028915,-0.003371851766113842,-0.0018327322661863652,-0.00031495233214430193,0.0010415574578326518,0.002221021781218184,0.0033343114882028397,0.004404282059490779,0.005161809535881335,0.006213702690112894,0.007769992558040572,0.00931696542459226,0.010617808398637437,0.0117323341333965
2018-10-25,-0.006101541072858216,-0.005068396307117326,-0.00383293803797108,-0.0024951833329145356,-0.001101277767349384,0.00018894530699391666,0.001348631035687641,0.002464428647618491,0.003546242452734747,0.00433698525776172,0.005475519992023774,0.0071198538259959025,0.008674123600259952,0.010012831550134998,0.011075779132497647
2018-10-26,-0.005966512553006712,-0.00495000593205616,-0.0037235730149284187,-0.002379460258477726,-0.0009654874472402437,0.000327020473292521,0.001462502948094632,0.002548506273017425,0.003592328072334236,0.00434359839469825,0.005394437813101527,0.006942717945275082,0.008243502410457562,0.009417140677539666,0.010476469163976716
2018-10-29,-0.006427851909251917,-0.005321901716404383,-0.0040054609493826235,-0.0025782561150800532,-0.0010892678211992836,0.00029511916593672437,0.0015112523014335264,0.002663503791686254,0.0037489641586322727,0.00452861864234687,0.005615624994310813,0.007174080323158377,0.008723484549477276,0.009994948650398345,0.011045638004520526
2018-10-30,-0.006895447973157358,-0.005599236594707142,-0.004129338587883197,-0.002610144465439759,-0.0011204751718617103,0.0002069489651511003,0.0013176426214683698,0.0023566147462173916,0.0033441480769829555,0.004084681345120988,0.005168716992265159,0.006673919023236558,0.008621158577541987,0.01003365088093103,0.011068409114073852
2018-10-31,-0.00679848105317356,-0.005745809174681239,-0.004473768007758094,-0.003100229116060527,-0.0016867051709967638,-0.0003806578945084796,0.0007470035911712881,0.0018116735115804989,0.0028222676951036784,0.003561386278137768,0.004613107444278756,0.006129626480903705,0.007814911002045583,0.009111251167055972,0.010172092287067388
2018-11-01,-0.00648121129520251,-0.005495932348927791,-0.004269040826056784,-0.002916287805133753,-0.0014867934582476995,-0.0001481206153984677,0.0010385725635232567,0.0021725160868769355,0.0032480443892801305,0.004029858223884774,0.005158290630007156,0.006810563577621535,0.008372448530265125,0.009720820208795878,0.010770561983016024
2018-11-02,-0.006079479269660476,-0.00481621379421401,-0.003390008786140362,-0.001913853917519265,-0.0004532753122774587,0.0008288949636658795,0.0018984719527226715,0.0029080657263105343,0.003875269504033933,0.004571116376702911,0.0055340225877349505,0.0068915064678314614,0.008583822956923757,0.009820093301833284,0.01084480965279409
2018-11-05,-0.006683548804875168,-0.005369910146653309,-0.003826611271718945,-0.002191393603276209,-0.0005371104169290836,0.0009678657007870795,0.0022836893490724352,0.003526974777712714,0.004690132587137023,0.005534475249907275,0.006770291473914058,0.008477183225242655,0.010468652231282752,0.012071014252461572,0.013100387460047085
2018-11-06,-0.006427414104559339,-0.005345044652437963,-0.00404859438890798,-0.0026483376596995256,-0.0012007747361068228,0.00011145670048144478,0.0012377030137907382,0.0023092365364911836,0.0033320703491849647,0.004067634973075942,0.005103925591823301,0.006624212005303139,0.008173626571796695,0.009442023055361693,0.010476869065300678
2018-11-07,-0.006128531557236101,-0.005033162324686019,-0.003682712745532802,-0.0022012515327443196,-0.0006387768780471812,0.0008253178624597866,0.0021380050518445865,0.0033946833646385224,0.004580217605796102,0.005430846209438707,0.006653161116318899,0.008376531113787321,0.010069855926150744,0.011593685609328802,0.012625026558796527
2018-11-08,-0.006395417075612989,-0.005203557284052204,-0.003787301296184531,-0.002260666979842057,-0.0006802817392529902,0.0007797863460902118,0.0020718751899651494,0.003299096343641412,0.004450851963767734,0.005274598482351216,0.006469587975832452,0.008194160482534591,0.00987927346520142,0.011340911303352727,0.012389523783093728
2018-11-09,-0.006247175288073213,-0.00485488487405309,-0.003252292916207179,-0.001576442131570188,6.999773407757233e-05,0.0015616358376562799,0.002824839218797959,0.004009163075203882,0.005116328185878047,0.005904250660946338,0.007030929765191615,0.008604319023471776,0.010437560355600258,0.01189074906864079,0.012921253092279157
2018-11-12,-0.006928122693325597,-0.005486087758020479,-0.0038852094163408014,-0.0022284732448875602,-0.000580879668647185,0.0009362427294623492,0.00224688398809707,0.0034764798345137183,0.004621855180903715,0.005435662012817235,0.0066053282903175345,0.008252981327519041,0.01008761239163747,0.011544940624007977,0.012582864113117808
2018-11-13,-0.0073444466674625845,-0.006020061745411188,-0.00451893600403737,-0.0029432357304041094,-0.0013577679944661784,0.00010387567092658275,0.0013615999368892804,0.002540589274720769,0.0036437420339611075,0.004430369766084723,0.005555839319180759,0.007140311370800862,0.008915457639475103,0.010297464163694769,0.011333475797995077
2018-11-14,-0.006664505971583406,-0.0052696460075231134,-0.003742477474353899,-0.0021715340094498464,-0.0006161546811543945,0.0008111878525849981,0.0020332853883406796,0.0031850183344060375,0.00427013024162574,0.005062798723394887,0.006244992036109549,0.007884661576825457,0.009786658655801587,0.011296907861812333,0.012315059065869632
2018-11-15,-0.006746444760352304,-0.00523079249642936,-0.003590231001819136,-0.0019194898558025952,-0.0002873429979699633,0.0012075149766887672,0.002490035597210877,0.00369117102846557,0.004814622875287435,0.005625228649053202,0.006814425112697068,0.0084607680772822,0.01037291346310446,0.011888184485801647,0.012900194357478698
2018-11-16,-0.006920175458176549,-0.0057037898422873405,-0.00437551377133695,-0.0029967707637828774,-0.0016009591193599667,-0.0002888415344587972,0.0008551159348688264,0.001953745954601906,0.003005256376296381,0.003804254627806981,0.005043445894208615,0.0067556151007435745,0.0086676731005921,0.01027013415276592,0.011272717803718675
2018-11-19,-0.006922370874207919,-0.0055120728875837095,-0.0039628629039901225,-0.002358021220668208,-0.0007585904125680665,0.0007214067730609814,0.00201169204209993,0.0032294271995216613,0.00437060208487527,0.005186592444080391,0.0063824873254187415,0.008095913792755101,0.009672179376570205,0.011083860956214091,0.012125568189446333
2018-11-20,-0.006988964112697474,-0.00544388438252901,-0.003799024384016197,-0.002137746742267196,-0.0005389616633383293,0.0009050298410467729,0.0021317421499021543,0.003285714796208307,0.00437514480404759,0.0051595333798114444,0.006291363691920287,0.007852317089300929,0.00976665309280567,0.011210418166561995,0.012202470928897513
2018-11-21,-0.006815396008516001,-0.005472595554087391,-0.004056882628680165,-0.0026233825954026842,-0.0012314406413192357,1.5216430998013508e-05,0.0010632512224410585,0.002058260862864205,0.003021053227982637,0.0037172702939983655,0.004701098041385496,0.006066687641593265,0.007809787272854713,0.00905152876735977,0.010035153385249813
2018-11-22,-0.0062886115153450075,-0.005168630883803943,-0.0039195222152087605,-0.002594140108789311,-0.0012169946520566716,9.839073396975115e-05,0.0012715615280957382,0.0024073052423092883,0.003498719258796934,0.00432333758389338,0.005610879060904554,0.007421620890206973,0.009159557767412113,0.010708341220046417,0.01167836896203131
2018-11-23,-0.0070664093809826405,-0.005477274004224744,-0.003774903636047989,-0.002039175550895079,-0.0003489894018372337,0.0011945107657509784,0.0025315544693180238,0.003781376989094558,0.004947614862324239,0.005759127367576278,0.006893248688643076,0.008509603552039908,0.01029392350321899,0.011572770176144238,0.012595346554082261
2018-11-26,-0.006870660559185317,-0.005738882394679977,-0.004540787720982959,-0.0033166321283096263,-0.002111289319721867,-0.0010342136168652633,-0.00014392386180493125,0.0007114916869631642,0.0015652303256656432,0.002207242162674283,0.0031358932721849636,0.004457028357994238,0.006077879217144173,0.007118612356994543,0.008115899064042378
2018-11-27,-0.007070030598040864,-0.005765422633996643,-0.004354818817818263,-0.0028993744516797007,-0.0014423698997949731,-7.233510130443552e-05,0.0011359826753201906,0.002292564641073589,0.003396002453187224,0.004228157538781464,0.005514183781132471,0.007295156764861095,0.009341978289051102,0.010918293549851932,0.011926189307091566
2018-11-28,-0.007150496866237797,-0.005887262769632123,-0.00455564070339014,-0.003186276119558762,-0.0018204287641689985,-0.0005535042003791167,0.0005457144598287037,0.0015961150613804855,0.0026092432089359786,0.0033564431386954923,0.004469545516467356,0.0060718265488194575,0.007828227630523463,0.009129520368827186,0.01014600395760064
2018-11-29,-0.007461873817202212,-0.005990133151117917,-0.004456639709421311,-0.002907010974859248,-0.001399590783603529,-2.2213315956964136e-05,0.0011630874739304384,0.002279909072278469,0.0033391448977319557,0.004090155474325111,0.005155206015548163,0.006645286999296501,0.008596714100824118,0.009897169528787523,0.010912345246850584
2018-11-30,-0.007467068806407036,-0.005976848295447586,-0.004418783271984858,-0.0028424707282656463,-0.001322163090948038,5.355194400664628e-05,0.0012203578156016394,0.0023204322743058726,0.00337022148385443,0.004113849240040471,0.0051497904131711115,0.0066128640135116965,0.00850009015352054,0.009760116026351495,0.010767884574034913
2018-12-03,-0.007281737484832415,-0.00592385616459785,-0.004471193274726711,-0.0029775669802749533,-0.0015038641637478696,-0.000142259364203754,0.001039278254775415,0.002164572308169972,0.0032444112306376986,0.004034092731314216,0.005190672747707132,0.006768479770860309,0.008719748790008398,0.010137502821769428,0.01111793134769626
2018-12-04,-0.007073342665082631,-0.005766144927115302,-0.004366749378863234,-0.0029186778883829104,-0.0014757584057867646,-0.00012672353968219306,0.0010567070685744023,0.0021917205067478475,0.0032834955078165397,0.004079956346415303,0.005249150777744644,0.006852877750782187,0.00882525513652018,0.010302144237760762,0.011290599555380011
2018-12-05,-0.006795502527552451,-0.005359496191999839,-0.0038402597688404487,-0.0022829247167920957,-0.0007553791875921255,0.0006509234325152483,0.0018698361785572657,0.003028160419162238,0.004133425225831246,0.0049180924274750334,0.006033222309078783,0.007592474278999591,0.009475432881200115,0.010860026399491752,0.011854218472414656
2018-12-06,-0.0067660506490336255,-0.005278365955910623,-0.003701751314051313,-0.0020938847819461054,-0.0005298719254810866,0.0009066827566211663,0.002146729847099636,0.003316265887829964,0.004427799309521991,0.005219054265290145,0.006349685704268575,0.007880416598197973,0.009922111262462665,0.011363178045646577,0.012347247748709917
2018-12-07,-0.006525362855350725,-0.005180648197767312,-0.003697265609899668,-0.0021321130897005067,-0.0005405972288158064,0.0009598480485841195,0.00228099246787379,0.00353316532684855,0.004708815516073134,0.005530242970431374,0.0067045566470916905,0.008388143148633518,0.010066770760873549,0.011455513494801622,0.012441914479344743
2018-12-10,-0.006915870494115402,-0.005548827135624251,-0.0040590630628958655,-0.002514073645960125,-0.0009781194129156586,0.0004487362790591789,0.001675690171602037,0.002833347887411849,0.0039263025180553855,0.004708834619165312,0.005835626743062936,0.007383669090555212,0.009374809781371467,0.010812884037372772,0.011786600256209779
2018-12-11,-0.007262333330773149,-0.005912672894210723,-0.004400062958218515,-0.0028064188132763176,-0.0012004385696720605,0.0003177087559979976,0.0016496005267207475,0.00290073405108647,0.004068814246144646,0.0048845803244792485,0.006029521703806535,0.007629576805006116,0.009588679034977302,0.010995560745563336,0.01199658768915762
2018-12-12,-0.007094514278788483,-0.005811014375718501,-0.004346897767782061,-0.002781090199653854,-0.0011677909192638711,0.00038649799699366424,0.0017734625372975853,0.003086731999070668,0.004311898644330578,0.005181734377778229,0.006454105606811374,0.008250177476747491,0.010169367935526146,0.011715481774927067,0.012690028509262822
2018-12-13,-0.00694071468784618,-0.005814594617866076,-0.004540224692162262,-0.0031792005538584635,-0.0017817949662079714,-0.00045820548440937844,0.0006987608870092393,0.0018087538600307276,0.002881842458942166,0.0036635500598299823,0.0047792618391015226,0.00631803772174315,0.008131018449774477,0.009463423249480534,0.010423775133692954
2018-12-14,-0.006969075670417422,-0.005859368542272813,-0.0045820197394552155,-0.0032125984308078474,-0.0017920558608283809,-0.00041197555386645246,0.0008131803666686366,0.001988334527526214,0.0031098848110172814,0.003951033242956357,0.005249011915256001,0.007033570955261823,0.009226501742662487,0.010905734290657651,0.011876248576585667
2018-12-17,-0.0072186631453224626,-0.005928952770094349,-0.004472259711984138,-0.002937331784435334,-0.0013943235852299448,7.136491810101099e-05,0.0013571153495821086,0.0025731657281551387,0.0037194771456582924,0.004541334209647118,0.005727737588914384,0.0073493504685605655,0.00959066187533453,0.011115162038461985,0.012077611083491088
2018-12-18,-0.007063668533787818,-0.005764287490769152,-0.004305446736602342,-0.0027773228172422943,-0.0012658535959510864,0.000124103522995982,0.0013083899555765325,0.0024164932444529514,0.0034765546840036347,0.004200629833823433,0.005134035821871729,0.006453330929178521,0.008255961850287388,0.00934932043125627,0.010350938920136199
2018-12-19,-0.006740327463999192,-0.005403191988534494,-0.0038463850045570933,-0.0021740822642092625,-0.000462879953190185,0.001193693127772559,0.002685602517907927,0.0040938657391003715,0.005398138752847394,0.006314787444520065,0.007652325992295675,0.009531358445975285,0.011622641914511685,0.013294927446565631,0.01427487861223017
2018-12-20,-0.006444113995491518,-0.00504187836450188,-0.0034830978726761953,-0.0018599030569433062,-0.0002503566196910192,0.0012690607352367613,0.002593932284736551,0.00383765167585357,0.005003015491985773,0.005831675471299909,0.007035561305656796,0.008697519203642583,0.01084831378724208,0.012385951304461693,0.013361634109421672
2018-12-21,-0.006542017711818814,-0.00560267046317879,-0.004406014094821141,-0.003015949753484301,-0.0014535367649252287,0.00014465064283848315,0.0016446090119176964,0.0030852702351745675,0.004430994026505969,0.005381173042215944,0.0068027809856746006,0.008959154713222402,0.010424547221145245,0.012076001472962866,0.013109139031432529
2018-12-24,-0.007417802146443914,-0.00597038263423531,-0.00436579134162647,-0.002689310499556143,-0.001023455620179427,0.0005593380567685724,0.001954714768177042,0.003256535697820127,0.004460513362352859,0.005279714990426886,0.006391396435547441,0.007940449756948569,0.009995847044714725,0.011318904522388613,0.012288925825506274
2018-12-27,-0.007443691919581265,-0.006151683455439094,-0.00471573092875746,-0.003209090502831353,-0.0017008141313283166,-0.00026706864946996693,0.0009908210189189276,0.002172803798875768,0.003285198290059132,0.004059952650196718,0.005126853518801201,0.006601159925443833,0.008636686248457823,0.009862838033016647,0.010827529576436545
2018-12-28,-0.007383938639240218,-0.006265641010106902,-0.00496692725312503,-0.0035549235384543104,-0.002081559472430099,-0.0006286931177433733,0.0006919311052011737,0.0019446793214942465,0.003123167316552016,0.003951064839781082,0.005121641540319259,0.006796915437788321,0.008602209800310321,0.009905048203145864,0.010902179177828925
2018-12-31,-0.007378371180206144,-0.006160624143492439,-0.004816407678505329,-0.0034183017013091543,-0.002040822046228059,-0.0007477539561208287,0.00038302476124468224,0.001453315701312439,0.002484219377377542,0.003215390231341144,0.004215636720131607,0.0055790058761357045,0.0076045208350852675,0.008745672678320509,0.009701218848129776
2019-01-02,-0.007381721778265411,-0.00618841691713606,-0.004765098074357901,-0.0031925787647920727,-0.001550829172846189,3.453763650888711e-05,0.0014844320183404801,0.002843999920891421,0.004112565801077684,0.0049327183164192216,0.005950667947938979,0.007610227977550463,0.00869067292261243,0.009584754787927124,0.010639692873361948
2019-01-03,-0.007121147912496518,-0.006192646319263045,-0.005028833812635168,-0.0037191254211266255,-0.0023067378434024513,-0.0008728132612145058,0.0004814823051810921,0.0017886332796810504,0.003030378200773634,0.003928440787580053,0.005270905500213672,0.007178606156828525,0.009134071829954618,0.010680683398768891,0.01163494548641143
2019-01-04,-0.0068715630478207515,-0.005858765581457416,-0.004635340079430429,-0.00329139892465735,-0.0018828487779659765,-0.00047528902450611897,0.0008345654163387146,0.002098261477599214,0.0033029019986113104,0.004174743145619431,0.005473955525907502,0.007292513124692754,0.00933512002176733,0.0108758449089262,0.011816836210430538
2019-01-07,-0.007273564973353864,-0.006464733980202088,-0.005375608570013419,-0.00410381855193379,-0.0026897642625138387,-0.0012150435267240945,0.00020260604199973196,0.0015778674492452618,0.0028759566366824228,0.0038231853084095798,0.005264741918689907,0.007302613580876256,0.009286279197958748,0.010977926492556894,0.011907295969496396
2019-01-08,-0.007185700733274044,-0.006412353507986945,-0.005383892036665935,-0.004188663420980717,-0.0028743731928980642,-0.0015373681387051133,-0.000281276187902902,0.0009348117858040879,0.0020987590007769986,0.0029348577205130276,0.004141746894591493,0.005863036346543478,0.007579753540172389,0.00894542094378837,0.009880209622978323
2019-01-09,-0.006991535024387201,-0.00617941758396071,-0.005149715989349526,-0.003992291755611345,-0.0027710346707883193,-0.0015645108531548123,-0.00046237967086820144,0.000604165010312711,0.001645064504361262,0.002392889048416938,0.003451433273549363,0.004915793699247462,0.006794415577697192,0.008051153109978308,0.008932125159560855
2019-01-10,-0.007293007830394055,-0.006505422753331363,-0.00551376962283992,-0.0043970390626024685,-0.0032026282944839094,-0.0019970717351045705,-0.0008833572657801205,0.0002017025444711188,0.0012568911775935022,0.002031411814340682,0.0031583332129103848,0.004668974387373461,0.006707549192240418,0.008027554444489042,0.008880854888756305
2019-01-11,-0.006848977517883476,-0.005713669362397645,-0.004395541372243869,-0.002976457042881647,-0.0015201352789097054,-8.808387475060407e-05,0.0012068284076759096,0.0024483418200021735,0.003611971906887727,0.004455107742952623,0.005669433837060154,0.00726398814774166,0.009444218042418382,0.010875397858688338,0.011757671310813974
2019-01-14,-0.006573606635670068,-0.00564026039524397,-0.004543248334244032,-0.003351466513621029,-0.002123538110550183,-0.0009360554061622842,0.00012412705964851586,0.0011542688430696605,0.002160242768317392,0.0028936530800413368,0.003928536221459346,0.005279523593831246,0.0072297963228057935,0.008429206520828498,0.009286027448636346
2019-01-15,-0.007604513445453882,-0.00648863116715228,-0.005225890048779046,-0.0038888837202918788,-0.0025511520374177066,-0.001267419531008293,-0.00013013920836459666,0.0009580186789716745,0.0019945141991700023,0.0027384078676489596,0.0037637828279059662,0.005016834246461065,0.007285757106237148,0.00844772719867052,0.009250151410664325
2019-01-16,-0.0072073625794261955,-0.006094308921662089,-0.004776208659963419,-0.0033354351397077197,-0.0018427356782736472,-0.00037517671469808355,0.0009624020514181412,0.0022427987555859097,0.00344780389856949,0.004300464860633026,0.005481355270963641,0.007050738796733227,0.009186651304681956,0.010570769461526342,0.011442273635434182
2019-01-17,-0.007291132842378112,-0.006193633293459854,-0.004980857262145617,-0.003682814738290655,-0.0023641525868311405,-0.0010688650617477764,9.694274189407139e-05,0.0012233919282272168,0.0023075190063004984,0.0030981793431660606,0.004194975606655863,0.005497691128024583,0.00806880610615711,0.009362458098198313,0.010211537296412268
2019-01-18,-0.007687719757756376,-0.006674036347933569,-0.005536808725550885,-0.0043085033265397275,-0.0030478707418576173,-0.0018006418740263517,-0.0006761794676340723,0.0004165291460921536,0.0014725884555967417,0.002261987243466178,0.0033636957249388983,0.0046205150774052605,0.007251272455049166,0.008522177820533442,0.00936486971088599
2019-01-21,-0.007351634534539814,-0.00647013289709162,-0.005443903006849631,-0.004305140578309223,-0.0030968451899132648,-0.0019222460634293385,-0.0008695957179492837,0.0001572741925480863,0.0011643860651268396,0.0018912888847312072,0.0028920563267028675,0.0042704776665083806,0.005932231442760427,0.007047250365196661,0.007909506131540527
2019-01-22,-0.0071808481713583755,-0.006331654000352635,-0.005305961409731994,-0.004142152480722385,-0.0028885187693208866,-0.001634166614275549,-0.00048264888713093514,0.0006504619624823203,0.0017549249886497427,0.0025846867710256766,0.0038208337759745256,0.005448662640705392,0.0075520534155771165,0.009023725055152743,0.009891687580145882
2019-01-23,-0.006822123376708269,-0.0058823779317372475,-0.004783505801516195,-0.0035585462636015448,-0.0022506658759603795,-0.0009397242740203375,0.0002529019147107167,0.001426295223526796,0.0025589876274509727,0.003422784963762365,0.004736850717327878,0.006415829050759604,0.008706434262373048,0.010291150970238444,0.011150788129961488
2019-01-24,-0.006916397275113695,-0.005932334937778172,-0.004782530124382302,-0.0035003327773028706,-0.002146994061613795,-0.0008189554125100796,0.00037247124553329344,0.0015400596943597779,0.002670448150213698,0.00351016580165502,0.004740405530814062,0.006363276333321184,0.00839931484887894,0.009842529558350441,0.010726516005943348
2019-01-25,-0.007328791802423606,-0.0063060236688231115,-0.005148639534075389,-0.003872812772840918,-0.0025259530245925104,-0.001209460545515074,-4.62424675464492e-05,0.001088981693947501,0.002182467425321127,0.003004913447554166,0.004211301720729107,0.005715400954447122,0.00819122398100316,0.009657108580918781,0.010532682284928721
2019-01-28,-0.007230406059352102,-0.006479263822116544,-0.0055349154183352255,-0.004442305530107541,-0.003247511691094837,-0.0020640059333113833,-0.0010040605235799313,4.516126153561234e-05,0.0010813249711047372,0.001853893277687564,0.002981277142491336,0.00451345020654299,0.006370089654765839,0.007684183066835448,0.00855995677361852
2019-01-29,-0.007237284628489273,-0.006479161744749065,-0.005575749390078088,-0.004544258378263707,-0.0034405879290680987,-0.0023818341226344254,-0.001474377907657583,-0.0005797237658310178,0.0003233131352668401,0.000986909203702016,0.0018892654360096813,0.003060840755383316,0.004924385127558922,0.005940423980214634,0.006797910765720126
2019-01-30,-0.007303499410313084,-0.006540126094265228,-0.0056122981243890355,-0.004541979489683702,-0.003376731644037469,-0.002232981920343749,-0.0012263704847822916,-0.00023303459378574601,0.000753335416273976,0.0014824114909443003,0.0025179019090507074,0.0038682958805583566,0.005873093758702263,0.007092891375243459,0.00795020559885252
2019-01-31,-0.007325005113910204,-0.0069126647145166175,-0.006264072183484695,-0.005425747234997758,-0.004412257801316774,-0.003326728376249221,-0.00230640937990239,-0.0012872472817767433,-0.0002743914085572836,0.0005087233283561216,0.0016796057918422051,0.003158750853411971,0.005390624768931698,0.0067849002308695274,0.0076319149448145175
2019-02-01,-0.0073575540797857185,-0.006639719583139275,-0.005713897164196519,-0.004629311323976571,-0.003477583966308681,-0.0023643839410568395,-0.0013996742343381316,-0.0004731325466894897,0.0004130587711897076,0.0010745698047832188,0.0017662887358536965,0.0027933356317422424,0.004564027642659148,0.005327535265541691,0.0062183105828919295
2019-02-04,-0.006983792938288596,-0.006386536460276799,-0.005519042408729624,-0.004440554475691629,-0.003225782100148344,-0.001993137991753417,-0.0008718346275251214,0.00022436152565627671,0.0012668699003554667,0.002055023727126517,0.003017806478709138,0.004452310590344463,0.006234085509591304,0.007387627164820787,0.008273650128119921
2019-02-05,-0.007115764798934059,-0.006493682561269549,-0.005597585525677364,-0.004495344495601187,-0.003295931476569891,-0.00210678734343049,-0.0010442528904876698,-1.2481670617349634e-05,0.0009658440152928639,0.0017016922571849887,0.0025621805307250683,0.003817439131958357,0.005668659291416112,0.006639495310898927,0.007540247341634512
2019-02-06,-0.006801315688927396,-0.005879763742140116,-0.0047160320038469395,-0.0033794857962098227,-0.002004585358498624,-0.0006638969573241095,0.0005178112231652105,0.0016537271105734332,0.0027138991306476313,0.0035135428252978385,0.004477949119318795,0.00575160441386826,0.008177506916089372,0.009366095959233874,0.010237025061654513
2019-02-07,-0.0059637739312053,-0.005397097383140179,-0.004580189298456253,-0.0035553949585377938,-0.0024231577993537434,-0.0012930487158433633,-0.000290375591874208,0.0007033209929838723,0.0016667324416670196,0.0024154302145037564,0.0033641988092941305,0.0047798462685091575,0.0065500024426810785,0.007719191228358505,0.008582085153536033
2019-02-08,-0.006712420088890877,-0.006209027157344352,-0.0054603491940081435,-0.004487041238025485,-0.003366066581757746,-0.0021801850322003347,-0.0010871268293284548,-7.4468749684917395e-06,0.0010256105987375415,0.0018432393975983887,0.002961083882860846,0.00453275166788231,0.00673724348131243,0.008131229659222965,0.008998439498459793
2019-02-11,-0.006251638807601935,-0.005807262938699803,-0.005152903876115589,-0.004293389555254246,-0.003290781663642811,-0.002233504478415224,-0.001270539286402495,-0.0003129571658368679,0.0006200199334116777,0.0013663339687492388,0.0023942776137447237,0.0039027663216280434,0.005842122700097542,0.007110949109705754,0.007988264280143785
2019-02-12,-0.006618601339779115,-0.0061231789164444255,-0.0053487966074330226,-0.004329191670384251,-0.003133966258564657,-0.0018604762652403497,-0.0006570617062970235,0.000517792872647989,0.0016259109458819615,0.0024826102515936145,0.0036762422811939793,0.005442692426672479,0.007420404435265723,0.008884033799649412,0.009782162635076145
2019-02-13,-0.006514398725818126,-0.006182505612631738,-0.005602294783984049,-0.004790616209756323,-0.0037981051616227147,-0.0027263199936911654,-0.0017099979188002338,-0.0007059754669123477,0.0002680893641847812,0.0010320087385122206,0.0020699833454238376,0.0036284110507982074,0.005445813146691682,0.0067078153803338675,0.007585393474529389
2019-02-14,-0.00580150856880505,-0.005384082350696461,-0.004800949098259627,-0.004055780332679264,-0.003207020797752268,-0.002350547726973879,-0.001581173958434201,-0.0008178448105586836,-4.189447262168783e-05,0.000565671328976382,0.0013347364866493573,0.002540674127980853,0.0040953347460665705,0.00498346849965196,0.00587973139239269
2019-02-15,-0.006712589026791395,-0.006202544104656504,-0.0054404201937382985,-0.004473696581573842,-0.003366619078752315,-0.0021838810419911284,-0.0010562320068203297,4.807366272354568e-05,0.0010975084932927333,0.0019344337659751108,0.0031078229137487556,0.004685289017771646,0.007171735736448967,0.008645841984340825,0.009506075982065635
2019-02-18,-0.0060320317483616125,-0.005445369584592151,-0.004635181212709799,-0.003638476138573938,-0.0025357404761606785,-0.0014366561705008718,-0.00043619953842200876,0.0005383454143487601,0.0014844742000297735,0.002202813002755978,0.003123506992784437,0.004579679945435195,0.00606892023698492,0.0071546113970373075,0.008047500255138887
2019-02-19,-0.007094313936485934,-0.006277948907561256,-0.005256473992034443,-0.004079493535639932,-0.0028488702804565225,-0.0016100222941868077,-0.0004791437171151521,0.0006069558474836147,0.001628197110113773,0.002419349343483613,0.003421817486938019,0.004676049567271953,0.007331251202905488,0.00851892405492848,0.009390005948105724
2019-02-20,-0.005922121025714803,-0.005543872164290369,-0.004912093281646002,-0.00406811504797765,-0.0030740850786335943,-0.002038908069840188,-0.0010585980291604442,-8.353317452095682e-05,0.0008724463514710702,0.001631572697957976,0.0026967636871791005,0.004329837154101367,0.005909404435886304,0.007162285313756447,0.008061430657273777
2019-02-21,-0.006081838603217128,-0.0057971007243879935,-0.005220542748284373,-0.0043989575860364834,-0.0033772018346360792,-0.0022531507246426542,-0.0011413381251377983,-2.8204501045157502e-05,0.0010466093125152279,0.0019203492133520917,0.0032334521499994572,0.005172524226682891,0.007136798444174116,0.008803895555530341,0.00969428937753293
2019-02-22,-0.006007094308121692,-0.005797668985554879,-0.005344802256391047,-0.004670034195415485,-0.0037992033846719875,-0.0028390539296127377,-0.0018940830241111627,-0.000941962207999416,-1.872415806627504e-06,0.0007705894670337695,0.0018972658211927728,0.003584617529211334,0.005342739923707469,0.006749760396358388,0.007641419977005564
2019-02-25,-0.005653472770004896,-0.005329301319459669,-0.004809995580416749,-0.004104833099747866,-0.0032567384871913896,-0.0023609941039213333,-0.0015186646885694808,-0.0006642564007112808,0.00019386398385369416,0.0009019586545702229,0.0019406234699104678,0.00352982769397252,0.005085372204207763,0.00637282524469807,0.007275136172660605
2019-02-26,-0.005926614560296307,-0.005543431559545995,-0.00490720223390362,-0.004051567573412009,-0.003023205949793171,-0.0019128888829343478,-0.0008328572044864835,0.0002462992434424953,0.0012847711034141354,0.0021135925978257326,0.003346567306624952,0.0052155143558509955,0.007089942141579821,0.00866794156541625,0.009626002705459304
2019-02-27,-0.005332462132976186,-0.004940382291284088,-0.0043993612984521615,-0.003705490404160603,-0.00289858269169444,-0.002065216824607201,-0.001292523707396837,-0.0005136904247027764,0.0002792112685506646,0.0009342223361283761,0.001852662019980874,0.0032337978840740376,0.004912327867528075,0.006071924947977281,0.006973371384868965
2019-02-28,-0.0056941586453110446,-0.005264007151420935,-0.004655937251266511,-0.0038772183268365274,-0.0029749365717274753,-0.0020336082850310024,-0.0011460474475993216,-0.00026427896220871674,0.0006076335173674143,0.0013095620639369532,0.0022948677738929175,0.0037930257061289958,0.005438411084042327,0.006686699205321819,0.0075934923234900475
2019-03-01,-0.005556696254400396,-0.005236488342541584,-0.004772535485567127,-0.004159016335420268,-0.003428006979885081,-0.0026442952400587776,-0.0019073420392824944,-0.0011565542897188196,-0.0003915732004200068,0.00026777160998195967,0.001235842916083635,0.002583543642500518,0.004666348801892462,0.005928572807855906,0.00681293173382864
2019-03-04,-0.005803163509970764,-0.005376257193564371,-0.004739152308133117,-0.003906139251266487,-0.0029597439820841062,-0.001951855231178567,-0.0009968306109657764,-4.215871897168485e-05,0.0009356708038033689,0.0017732845031919549,0.0027030617474477566,0.0038451448490787275,0.006354086847116625,0.007762829555114524,0.00867620587612281
2019-03-05,-0.006211269780920757,-0.005802173501560411,-0.005148867899418857,-0.004283439318863778,-0.0032902438193033903,-0.0022228485994323552,-0.0012090347118577046,-0.00019365471410345673,0.0008341982681045866,0.0017144247529556657,0.0026605550326277328,0.0037358227078811233,0.0065008790229007,0.007929357483164402,0.008833755056580465
2019-03-06,-0.005847594092396112,-0.005482008810194127,-0.004898482329732535,-0.004117060030708114,-0.003234940898788927,-0.0022996383998302884,-0.0014298829770000266,-0.000554262550180282,0.00036159824800647763,0.0011594107896425628,0.001986566683190189,0.0028614359796910456,0.005613511884659979,0.006870868748767911,0.00777528052538087
2019-03-07,-0.0052599521918136995,-0.004805525911099564,-0.004175348957130808,-0.0033799948630121655,-0.002521858477608156,-0.0016681121898262418,-0.0009079545945411766,-0.0001394101928892048,0.0006829657893424791,0.0013913468499445227,0.0020806260066459003,0.0029098989722474407,0.005203152951042744,0.006278359449304691,0.007174968675983002
2019-03-08,-0.006193550227618793,-0.006225409307074282,-0.005979254606717915,-0.00546888460373769,-0.004743820683580091,-0.003918152934222199,-0.003087714143917932,-0.0022359739815454036,-0.0013370044903273386,-0.0005633765316804649,0.00034206442203160465,0.0017104241986638509,0.0034986407341416267,0.004839714033468899,0.005740347804501726
2019-03-11,-0.005071180432162397,-0.004890544889939405,-0.004469973084513884,-0.0038272025650983744,-0.0030462704072022136,-0.002192781280384205,-0.00136292581774387,-0.0005149631925909313,0.00038547294385911216,0.001177950421181866,0.0020465045343579505,0.0030689691404535958,0.0057819470259501925,0.007202884483452348,0.008083976751334487
2019-03-12,-0.005678063367007355,-0.005472242481645027,-0.005045048547430272,-0.004406892572483098,-0.0036474264374555926,-0.0028092903367908963,-0.001995283659093462,-0.0011702925645408046,-0.0002925410749974183,0.000475509054981454,0.0011921119952372503,0.0018003563040197021,0.00502897427181887,0.006200320971048442,0.007095644292376683
2019-03-13,-0.005850915197285717,-0.005671293752894838,-0.005249560450391878,-0.004600521232811954,-0.0038146240753394803,-0.0029527512059940625,-0.0021094164481153415,-0.0012517259940093917,-0.0003497379950062655,0.00042676606290515697,0.001166049746894134,0.0019041306122393965,0.004879266670066487,0.006092169958210748,0.006965304300586271
2019-03-14,-0.005443493521448248,-0.005220127530588665,-0.004775069518994824,-0.004116580616579131,-0.0033259445066669818,-0.0024719674327344683,-0.0016341053444130923,-0.0007826309171591033,0.00011354064361261554,0.0008781551721485384,0.0016372752685220602,0.0025392425789938855,0.005169600736648308,0.006438955272529935,0.00730712472914671
2019-03-15,-0.005244907481495816,-0.0050114860012286004,-0.004600955088601893,-0.003990845354130068,-0.003282632683585021,-0.002506920313617816,-0.0017613753375426368,-0.0009930170217795017,-0.0001805293176851846,0.00046850325781676175,0.0012410855411798779,0.0020477008282732056,0.004636310745316453,0.005839216363358876,0.006692303530765732
2019-03-18,-0.004676569779703254,-0.004578335880060131,-0.004301010564008594,-0.003818367811562756,-0.003203594346522746,-0.002477350423267524,-0.0017369128546053526,-0.0009495099090749361,-0.00010139317793004285,0.0006126291872937385,0.001573724662516124,0.0025849884299841462,0.005512457996681623,0.007043230341216691,0.007898883756068101
2019-03-19,-0.0052799341976669835,-0.005362317789735977,-0.005272426827149871,-0.004970557022005273,-0.0045212263108794495,-0.0039364094879629635,-0.003319652276540579,-0.0026382494929881473,-0.001870847806142513,-0.0012037048532947002,-0.000320685193385523,0.0004933204146288779,0.0035725695297714704,0.004957628918654765,0.005801882745458411
2019-03-20,-0.005612943361623331,-0.005631088222785157,-0.005447910109569042,-0.005036861048747939,-0.0044578333057846515,-0.003740867938008074,-0.0029829382383455933,-0.0021721134089991044,-0.00130541516998298,-0.0005855088572900177,0.00040010888524895437,0.0015324592880624514,0.004321466078011198,0.005856298597634372,0.006712580025342389
2019-03-21,-0.005158903658258199,-0.004816646378340755,-0.0043150563489247635,-0.003633674646363767,-0.002876165738592811,-0.0020430196917154116,-0.001221796556216455,-0.0003735111081014607,0.0005190463118534586,0.0012478769530869815,0.0021544794603001313,0.003000169743943299,0.006253578205388877,0.007673915664966792,0.00852742551378079
2019-03-22,-0.006032979990134544,-0.005581332997299407,-0.0049768035397251545,-0.004196516136405115,-0.0033617309187435936,-0.002462453931148301,-0.0015887504433030359,-0.0006995432206090078,0.00021660049678489844,0.0009438170356015834,0.0017482232207106992,0.002331130411262156,0.005849308194312582,0.007055637512437799,0.00791329787673257
2019-03-25,-0.006184837609437928,-0.0056835637319536505,-0.005038647641548415,-0.004214647709526687,-0.0033306510040002,-0.0023740387705269038,-0.0014417317131908017,-0.0005062471209592316,0.0004421742859884438,0.0011819139170525799,0.0020142942020621984,0.002730329798634602,0.006047445613479465,0.007260481150223738,0.008124488063086167
2019-03-26,-0.005267809073888375,-0.004934294366652121,-0.004491653322517439,-0.003883605517324441,-0.003211836209657648,-0.002470653931525331,-0.0017494302942218456,-0.000994720095940239,-0.0001842009388717743,0.00048176148854612634,0.0012802883444065923,0.001959726619095665,0.0051798235328054335,0.006403806980543674,0.007255224192820098
2019-03-27,-0.005488305245603651,-0.005293719248283138,-0.004966793883491284,-0.004448205457209507,-0.003812740886907119,-0.0030886678839827314,-0.002354241495909079,-0.0015826036047360478,-0.0007543295277296788,-8.319865765359646e-05,0.000822569035271849,0.0019042979686199216,0.004482668653116505,0.005796608759554307,0.006636743702728924
2019-03-28,-0.0054338792033595835,-0.0050985708266248885,-0.004605606333799642,-0.003912270049669637,-0.0031047681705809005,-0.0022261355218279612,-0.00133906285911729,-0.0004245585187606584,0.000515258711648841,0.0012556307339791988,0.002269080697816205,0.0035401423312143333,0.006167576383961256,0.007674771494293881,0.00851793751915966
2019-03-29,-0.006369774920025575,-0.005892797548572264,-0.0052256130929147085,-0.004352124059479182,-0.003384651147266769,-0.0023522009570887178,-0.0013210867197922672,-0.00028639564083862256,0.0007424243374694505,0.001526027028918151,0.0024826545101487127,0.003524970034453491,0.006517835279612653,0.00788077931888878,0.00873313566753392
2019-04-01,-0.004968194530604053,-0.0044388655942197664,-0.00375601021859221,-0.0028963578359314074,-0.0019724122402484732,-0.0010129451573931065,-7.180720888722285e-05,0.0008820956318061695,0.0018474342680122704,0.0025938370664800713,0.0035942568733662505,0.004865106226231676,0.007442393390445887,0.008939502950574737,0.00979272782075355
2019-04-02,-0.005152636306171364,-0.004754148641265365,-0.004202863344688747,-0.003477525780116492,-0.0026840412648894622,-0.0018435834746238192,-0.0010101710209331773,-0.00015139228821063342,0.000741353975167794,0.0014509052493436475,0.0023945149040018507,0.0034960814316912776,0.0062625200291942015,0.007659573231857838,0.00850890529387945
2019-04-03,-0.005062240847059949,-0.004769235338066536,-0.0043336499652744795,-0.003736729739642101,-0.0030680071143264036,-0.0023475937961190945,-0.0016208609749848685,-0.0008537830085198721,-3.204348299742422e-05,0.000639147360094973,0.001552219001680126,0.0025771369216937953,0.00541462461125981,0.006784574660817288,0.007631344070963114
2019-04-04,-0.005554046685322812,-0.005282443053754499,-0.004833208051065572,-0.004194332457663885,-0.003449269943893277,-0.0026233406518322623,-0.001770793070105745,-0.000886465127339882,3.43651284392806e-05,0.0007820126472418864,0.0018588143744143312,0.00325286950964401,0.0058280012023988375,0.0073983918837578055,0.008250543312386843
2019-04-05,-0.00543615741147003,-0.005187769961315143,-0.004780203666128682,-0.004196182140141261,-0.0035320823367057147,-0.002790260955863371,-0.0020342691075431922,-0.0012451429303087526,-0.00040575793243274936,0.0002780117804379124,0.0011957960866443912,0.00223670769861145,0.005181681410020757,0.00654822502075208,0.007411149007347123
2019-04-08,-0.005933933748470964,-0.005768369432832695,-0.005392732477582254,-0.004810261881220754,-0.004123909607437999,-0.003352804098752512,-0.0025518728339123248,-0.0017180325788640144,-0.0008375919023393161,-0.0001158925098331681,0.0008376921875909467,0.0018703142691872295,0.004998749138861001,0.006448278803935981,0.007317293998633146
2019-04-09,-0.0052640644825719075,-0.005075724192173409,-0.004704533626905354,-0.0041225112494155496,-0.003432907034261291,-0.0026430245517253584,-0.001818614684585086,-0.0009550194485234087,-4.787647078225045e-05,0.0007083900151832537,0.001781750478284398,0.0030183125561423075,0.00622021685094881,0.007892020654019774,0.008768430260189483
2019-04-10,-0.005401675963209133,-0.005208749827772661,-0.004836311858877604,-0.004260139639697474,-0.003577286852683926,-0.0028144130583869333,-0.0020208770705011482,-0.0011908783521419075,-0.0003151116115198729,0.0004037924117991107,0.001438013275187593,0.002756403524227852,0.005549325183803234,0.007137576614214898,0.008022205614685331
2019-04-11,-0.005072123290946392,-0.0049012663639565685,-0.0045539267446851025,-0.003997489234485591,-0.0033367200994295137,-0.0025999555187808327,-0.00183453701287501,-0.001025949303213204,-0.0001618933813698144,0.0005637762339625815,0.001636907021432761,0.002983053229208331,0.0059019709441136175,0.007574645673319574,0.008482231731539563
2019-04-12,-0.005921820768102856,-0.005467383008224298,-0.004865953611184435,-0.004091618800364824,-0.003257496544458692,-0.0024125796096223394,-0.0015838952261849053,-0.000743963679543177,0.0001234671810523226,0.0007935125077318298,0.001640521370994255,0.0026980100413044323,0.0053561675891128785,0.006638481418154258,0.0075359351013217085
2019-04-15,-0.0051056943602146064,-0.004814973377704575,-0.0043668550019440805,-0.0037311338971684517,-0.0030077632332384343,-0.0022345640401691146,-0.0014528419453445549,-0.000636585714015737,0.00022301819301578956,0.0009240811968508433,0.001897190663001529,0.0030609383585335007,0.006064400729994197,0.007608803811986408,0.008507955952643559
2019-04-16,-0.005425784262718962,-0.005057550206475122,-0.004554053744974917,-0.003875326340406361,-0.0031385592476787577,-0.0023850471274600746,-0.0016445719389981254,-0.0008817912355740008,-7.527833873357374e-05,0.0005552493432723404,0.0013651381654595932,0.0023686096423544594,0.005057065089714117,0.006342247410668144,0.007238442909924252
2019-04-17,-0.005398659119628939,-0.005032205329705992,-0.0045018738389654535,-0.003778984227317769,-0.0029783045424871635,-0.00212741736231061,-0.0012710257457222828,-0.0003902044583754883,0.000519139820004221,0.0012329827426527443,0.0021479035910516083,0.0031593501774601993,0.006385691146483401,0.00788919851851677,0.00880469230272394
2019-04-18,-0.005914027581791248,-0.005759392787913393,-0.005432403068662491,-0.004899348464307882,-0.004249585491583186,-0.0035109868192462366,-0.0027321026804367383,-0.0019114611438722506,-0.0010503652250174942,-0.0003553625300716478,0.0005786844058827382,0.0016311042138400821,0.004855597882735517,0.006392770154578832,0.007294058326802606
2019-04-23,-0.006009167763394737,-0.00591203752045893,-0.005611056535373612,-0.0050777206018629475,-0.004398300072753638,-0.0036112969723292934,-0.0027715345545646494,-0.0018909283443862344,-0.0009806015414523732,-0.0002482062356258737,0.0007797984672621284,0.0020177039070674845,0.005194348536472765,0.006895930435838162,0.00779583997673463
2019-04-24,-0.005789053754958373,-0.0057532616971309545,-0.0055485202657667414,-0.0051328801230895735,-0.004589226267757455,-0.0039630437687070965,-0.0032943682223962305,-0.0025777236163983547,-0.001805275172892424,-0.0011789282716530023,-0.00029697055305462263,0.000818404354748568,0.0035676083053393214,0.005043360743471044,0.005931041008837297
2019-04-25,-0.005622117658263264,-0.005238410210968387,-0.0047082615097465514,-0.003999668541888944,-0.003246399325527167,-0.002459799773238228,-0.0016882370279630687,-0.00089421455171791,-7.131994227035227e-05,0.0005720507999423217,0.0013396341356371624,0.002075672614741844,0.005413604242454944,0.006741816271085952,0.007648542293766504
2019-04-26,-0.006406522608875595,-0.0061561703000089325,-0.005713715332401697,-0.005052909756830127,-0.004299121161328936,-0.0034881392875922065,-0.0026647104230622673,-0.0018230628753689974,-0.0009625606229322061,-0.00029358952982357404,0.0005410902036000842,0.0014645484529579157,0.004490642590142165,0.005854103321163855,0.006743272331726396
2019-04-29,-0.0058803200475679475,-0.005868595268239136,-0.005665673475310845,-0.005230145087540298,-0.004654702219854389,-0.003967070149126227,-0.003248157288013323,-0.002485344032077486,-0.0016850845479471194,-0.0010323522411324984,-0.00013251892675212804,0.0009134306840525119,0.00394343717714222,0.0054532616228153245,0.006325873032217036
2019-04-30,-0.0063069655051731476,-0.006169723714122826,-0.005868638253749796,-0.00535529699425747,-0.004754747017431581,-0.004119622185771655,-0.0034958084026867546,-0.0028468388156806775,-0.0021539498867554673,-0.0016200409190853312,-0.000970230753207259,-0.0001884014789497086,0.0024055964187988904,0.0035431252477950395,0.004424556908422069
2019-05-02,-0.0055430954359769035,-0.005459705701459143,-0.005166291731855938,-0.004629819453036061,-0.003967620471417282,-0.003259133092611578,-0.0025457515211228235,-0.0018018908622007093,-0.0010260085430801162,-0.00042350579672058384,0.0004458069371897199,0.0017450460486496161,0.004049144294247306,0.005601586552830829,0.006502067036482415
2019-05-03,-0.005955090063406705,-0.005970127148389132,-0.005733480436806954,-0.005219468013302186,-0.004571915518640399,-0.003850113668865232,-0.0031185693526581204,-0.0023503660246012143,-0.0015505919523491664,-0.0009163452750517674,-8.800050127636739e-05,0.0008174132357231338,0.003994749438120018,0.005502634375153902,0.006402470471513708
2019-05-06,-0.005864200118779369,-0.006039034915434574,-0.005916281357032741,-0.005475069513424086,-0.0048421642519813094,-0.0041004429830014425,-0.003323904182893041,-0.0025069257938734667,-0.0016689187641482387,-0.0010068776418761705,-4.0958483837368834e-05,0.0012878650897793983,0.003950055816490092,0.005655211232025944,0.0065560651908557754
2019-05-07,-0.005538884370112978,-0.005420275041881675,-0.0049842597926608315,-0.00423057574187239,-0.003306662729121156,-0.00229992564792684,-0.001284963118949755,-0.0002581462987310884,0.0007418866064998315,0.0015018208328411043,0.002588901520663969,0.004148946767452787,0.006857495436996989,0.008762249049499037,0.009676051570191172
2019-05-08,-0.0061882876334937,-0.00628045993525825,-0.006098171547700901,-0.005614989199428135,-0.004966566799376599,-0.004222735662068482,-0.0034582588042349027,-0.0026602308264750125,-0.0018418794599850512,-0.0012144911564068526,-0.00041782182372934165,0.0005101728203628276,0.0034189819007995744,0.004862184588716989,0.005787859616255044
2019-05-09,-0.006060271011601599,-0.006166400234183994,-0.005922517827680985,-0.00547329225581657,-0.004778273784294268,-0.003967883760157228,-0.003120457519132645,-0.0022384247001877855,-0.0013532902148944376,-0.0006676177083132944,0.00027530922355663854,0.0015021996684925977,0.004239207975864374,0.005875818819693743,0.006756404824671866
2019-05-10,-0.005987208770987103,-0.006108011487333089,-0.005903546363354331,-0.0054972276893841205,-0.0048502906401303595,-0.004093967829811912,-0.003304360302116205,-0.002475369386052432,-0.0016329408312543642,-0.0009808450972559081,-9.120897290437482e-05,0.0010419984388958111,0.0038145439707395813,0.005373101022681312,0.006241097364139758
2019-05-13,-0.006037190738380985,-0.006170578235103589,-0.005990101249101496,-0.005609762207362374,-0.004987456413751359,-0.00424961073253861,-0.003478255928732766,-0.002665622404540305,-0.0018367608635407962,-0.0011980118651509536,-0.00034590140118828736,0.0007362908455850123,0.003521001862258383,0.005039854377914968,0.005920554960894471
2019-05-14,-0.005348743939036552,-0.005477284916825807,-0.005344474121219912,-0.005045580823003021,-0.0045286061102608405,-0.0039024360907275873,-0.0032549543518917076,-0.002554884203074064,-0.0018125551121520342,-0.0012251904759786473,-0.00044079418757972974,0.0004738423425119969,0.00337253789807846,0.004811112520515058,0.005697505000528584
2019-05-15,-0.005465345351932278,-0.005528936235478964,-0.005337569713016903,-0.004976860919704461,-0.004427089779178613,-0.003774147370440458,-0.0031060618198599814,-0.0023918281599601115,-0.0016436064693166855,-0.001069900965103537,-0.0003301590565875857,0.0005689363363130345,0.0033745476285663495,0.004773589081596616,0.005657105782326754
2019-05-16,-0.005602522635456714,-0.005593332673368003,-0.005308234871727495,-0.0048424892747493615,-0.004188843007597865,-0.0034389966633700123,-0.0026812035491427335,-0.0018793065071900411,-0.0010575393591762295,-0.0004297377271309679,0.00036261461591654404,0.0012753404776989392,0.004366559064497592,0.005891721041053724,0.006769618185109411
2019-05-17,-0.0056976496896402095,-0.005561978201323038,-0.005156119396653987,-0.004577603483629292,-0.003828915643050287,-0.0030043747160588977,-0.002182868907034105,-0.0013350454632916925,-0.0004849777442513808,0.00014955795059885818,0.0009582771008380581,0.001972473988973494,0.0049229531238158646,0.0064050868349166045,0.0072884324197241435
2019-05-20,-0.005427904242481549,-0.005301044263107382,-0.004923231244715202,-0.004389616446649807,-0.003697189650535867,-0.002934180177175661,-0.0021756497621478335,-0.0013824585018663612,-0.0005699286831722638,4.1735872159696534e-05,0.000821227599326631,0.0017667472048886333,0.004695139289658194,0.006114912046617077,0.006998646853418223
2019-05-21,-0.005913602684859028,-0.005717781723987491,-0.005228140689085621,-0.004559975507815586,-0.0037274399080701893,-0.0028243158180664093,-0.0019250015209593804,-0.001000373228439996,-8.527653196952151e-05,0.0005905678126886201,0.0014348840771819071,0.00246541282106997,0.005493252886943267,0.006987906514657066,0.007870343045575703
2019-05-22,-0.005820473518355217,-0.0056113777600711855,-0.005166806902741985,-0.004582451208825033,-0.00384309540306992,-0.0030561011637919655,-0.0022771598332333026,-0.0014699988984786738,-0.0006472773750641516,-2.9213333503148105e-05,0.000745383481072379,0.0017017091870391845,0.00457236922136631,0.00593554350364689,0.006805404781661604
2019-05-23,-0.005759813506685016,-0.0056159262929026356,-0.005232375857701302,-0.004701876122634238,-0.003998782671994044,-0.0032323341170321504,-0.002465046971869441,-0.0016572351978358995,-0.0008349433160608786,-0.00020958097059455824,0.0006020771334520165,0.0016196112916402842,0.0044902718908407455,0.005908307844155365,0.006765165931147382
2019-05-24,-0.0061462180827047295,-0.006083288525305662,-0.005753173567908517,-0.005249914055298347,-0.004541179083664809,-0.0037217549896317644,-0.0028719711203040047,-0.0019855308071990976,-0.0010964076503664232,-0.0004126615510273631,0.0004926254961525331,0.0016019951319899963,0.004656704709309516,0.006170587841387674,0.00703966406490729
2019-05-27,-0.006138402346497893,-0.005739843021178449,-0.005139508593907685,-0.004428481025724462,-0.003612945486705586,-0.002776736603724746,-0.0019820155444392694,-0.0011743349708675955,-0.00036558255340477734,0.00021692225520498871,0.0008161008585887029,0.0014132294222704137,0.004500775461610645,0.005567447412749621,0.006441128771947007
2019-05-28,-0.005951895923826156,-0.005786931998430439,-0.005395631296040953,-0.004861715009473733,-0.004161728360264286,-0.003387363229595269,-0.0026084766724447073,-0.0017979732192888352,-0.0009732293501652513,-0.000346614359211582,0.0004344222875875672,0.0013585352614170136,0.004288038539823706,0.005600079890429261,0.006471319431512709
2019-05-29,-0.005315319495416994,-0.00529534692488306,-0.005040834889090336,-0.004635544970565412,-0.0040226882478373435,-0.0033206228664160366,-0.0025946833836718243,-0.0018219167182359898,-0.001021899349784395,-0.0004058032075197951,0.0004806823469884888,0.0017746178865587262,0.004122702202809546,0.005610619355322794,0.006454309191035799
2019-05-30,-0.0054956753454961735,-0.005190136091999032,-0.004641119904271788,-0.003949745020643293,-0.003101618168963094,-0.002203805565192559,-0.0013136490658790306,-0.0004056103418850857,0.0004958356864311335,0.001168609512764133,0.0020591312473473913,0.003260679421411996,0.005851012309839584,0.0072753575675625955,0.00813866232689419
2019-05-31,-0.005912539670043183,-0.005775670250418513,-0.005374951445592198,-0.004813873254938754,-0.004055847865436557,-0.003231550199195872,-0.002403291663447801,-0.0015445680057122266,-0.0006857141980475711,-4.473526574270666e-05,0.000827567357381391,0.002081166281782662,0.004437531811652792,0.00581787026008287,0.00667339647005976
2019-06-03,-0.005601077855452122,-0.00517423125983576,-0.004513527642767778,-0.0037360101867890227,-0.002835317629500688,-0.0019420984579536205,-0.0011003753405744985,-0.0002487620061889298,0.0005959642398761442,0.0011997874721316531,0.0019128010342735608,0.0028866972423040762,0.005301025283236103,0.006471954672935154,0.00733972961141174
2019-06-04,-0.0055192338153848015,-0.005212934485483062,-0.004665411988106901,-0.0039895645512530355,-0.0031692192842322302,-0.002333000653913827,-0.0015288918663298135,-0.0007045766879913279,0.0001228761139815517,0.0007297341911410192,0.0014818445923729297,0.0024954940425734777,0.005030330981666903,0.006296799768448371,0.0071612373250730605
2019-06-05,-0.0060367887421175735,-0.005892615133473068,-0.005480166987629979,-0.0049087715917925595,-0.004139671632969378,-0.0032981460486732842,-0.002453433986607085,-0.0015816537816227222,-0.0007084833301655244,-5.069370623040335e-05,0.0008223077856738946,0.0020245622809322086,0.004601383632209586,0.006005063542275846,0.006865852048522744
2019-06-06,-0.006306973775138112,-0.006200986296193869,-0.005841683753022495,-0.005332806096046021,-0.0046310148027737625,-0.0038781749248744846,-0.0031302583386785617,-0.0023536518561108944,-0.001565279149775048,-0.0009815003381643185,-0.00022076576005320483,0.0008863535129245992,0.0031518100408123354,0.004355377518787217,0.005210636334332922
2019-06-07,-0.006231894147870384,-0.0062013837990951125,-0.00588556057360244,-0.0053952711541814516,-0.0046842502476937475,-0.00388871300248761,-0.0030789905745626962,-0.0022342566151609413,-0.0013861730484411097,-0.0007405190131299078,0.00016086000456726698,0.001415335806780302,0.003962942058766403,0.0054088291503848335,0.00623809569200133
2019-06-10,-0.006118140535677507,-0.006145906930595272,-0.0058831456968711825,-0.005434074927321021,-0.004756232926025739,-0.003966402643115897,-0.0031515840507545427,-0.0022948323593164396,-0.001428811199848662,-0.0007584882791524898,0.00013434850270893607,0.0012250824169969324,0.004224674009428908,0.0056954329296866,0.006538269611721345
2019-06-11,-0.0056512998566501035,-0.005629564980636614,-0.005353465611111557,-0.004923454590022995,-0.004296159839789471,-0.0036133316197545073,-0.0029355914888658887,-0.0022176708938348097,-0.0014701771170135304,-0.0009018062011324685,-0.00014153266327326627,0.0009202224336707177,0.0033009914424340474,0.004550219489159767,0.005409677122540995
2019-06-12,-0.00638698555462369,-0.006369020843014459,-0.006029240222467605,-0.005484511267234511,-0.0047028389051023385,-0.0038144741019163213,-0.0029051690568819514,-0.001969324899513118,-0.0010448179469555647,-0.0003441036034822541,0.0006255378001824176,0.0019919544068514932,0.004500902555043944,0.0060420246866465,0.006882096840108875
2019-06-13,-0.006167485837153939,-0.006274359644374759,-0.006068306671791103,-0.005662249199224634,-0.005026629288074195,-0.0042965727414085615,-0.003556498581292125,-0.0027764813276156047,-0.001978946957821549,-0.0013675007380831413,-0.000539873542794484,0.0005622627310271545,0.0030799572530232897,0.004408955741235962,0.005239494733796468
2019-06-14,-0.006193886040863196,-0.006244762598927135,-0.005976232320391321,-0.005508071940798552,-0.004812331907916379,-0.0040349468210971835,-0.003258223852488574,-0.0024518064737848407,-0.0016396630286389705,-0.0010302648926278223,-0.00019970394186975566,0.0010229735113112778,0.0032583067823365617,0.004568884614966632,0.0054040611622343995
2019-06-17,-0.006060372122506602,-0.006345083337244095,-0.006266840515108868,-0.005955988767137872,-0.0053637678977106395,-0.004637303993100885,-0.0038662381311704848,-0.0030507376326637135,-0.002219850238846033,-0.001574905334951368,-0.0006237116956413617,0.0007679184850797689,0.0031373279459359525,0.0046633929755431364,0.005488897374435737
2019-06-18,-0.006090381945638374,-0.006402308938541694,-0.006375574475051897,-0.006121589206578873,-0.005583003299279428,-0.004906570616321146,-0.0041889838357623554,-0.003421977488779862,-0.0026339484114365225,-0.0020184316660140896,-0.0011099041714317565,0.0001968755121181928,0.0025628846044951697,0.0040111923342671316,0.004837920833117986
2019-06-19,-0.005966250320311723,-0.006309207019583806,-0.006319330633898382,-0.006102677349535873,-0.005591408803938812,-0.004926050865936912,-0.004205649154188886,-0.003430293353280089,-0.0026327538072213968,-0.0020091198402278467,-0.0010770989483505455,0.0002581422324632245,0.002691892802752152,0.0041970533499538455,0.005020946414774752
2019-06-20,-0.00608875695525224,-0.006250269663548735,-0.006087102322036534,-0.005712180607354515,-0.005080226497286752,-0.004320215802175455,-0.0035350600653864077,-0.002714467462624284,-0.0018866210615261301,-0.001256069687621566,-0.0003785879234153235,0.0008388628374821937,0.003371492905608031,0.004767829995255225,0.005594456080907393
2019-06-21,-0.006402476264254748,-0.0067059927448424725,-0.00666997163690267,-0.006403050745861614,-0.005845767990029396,-0.005130755094575859,-0.0043596696525006725,-0.003543941729701533,-0.0027126875974055184,-0.0020636961056920092,-0.0011157779131880778,0.00026261313404271137,0.002697996409980956,0.004216739298003524,0.005040564575711403
2019-06-24,-0.0058278755749451355,-0.006000471126963155,-0.005885781056033103,-0.00557641511816607,-0.005028193560672656,-0.004349571022718234,-0.0036412017472627622,-0.002887896253134857,-0.0021081243067704687,-0.0014963759375135775,-0.0006491678062269836,0.00044333728855796336,0.003230758679310888,0.004647963605017853,0.005467348552161343
2019-06-25,-0.006001820711471531,-0.006312707182368927,-0.006287056266696475,-0.006033612303350155,-0.005500494359000308,-0.004821241841837203,-0.004092938325250926,-0.003314165581449157,-0.002504421825432035,-0.001857326385608778,-0.0009071136699409469,0.0004288850759734417,0.002968936740157778,0.004521892191746005,0.005338487656921794
2019-06-26,-0.005930424892199416,-0.006477773985786523,-0.006708428933761358,-0.006707483858835235,-0.006393785171857024,-0.005894778900547393,-0.005317397475168562,-0.004666268186175769,-0.0039588727386290525,-0.003374509508060661,-0.0024649680343442654,-0.0011683913057175936,0.0012563093021144868,0.002749652955706936,0.0035477505767885584
2019-06-27,-0.006047224764385819,-0.006501112939463375,-0.006647202039475927,-0.006566948316542207,-0.006180755714196068,-0.005606044103428031,-0.004955882048829683,-0.004242274474517901,-0.003486329202830932,-0.0028672081065929285,-0.0019098498080591586,-0.0005259121862567391,0.0018644446301775328,0.003409620759062452,0.004214450191580509
2019-06-28,-0.0062121345215693635,-0.0066612618681886285,-0.006843227202319627,-0.006811096187471355,-0.006496937199878333,-0.005995297876379786,-0.005426278140582057,-0.0047904519454307366,-0.004096676317418142,-0.0035207977744487733,-0.0026700409045260706,-0.0015812610212756204,0.0011065982763836496,0.0024738285653952943,0.0032653927822088005
2019-07-01,-0.006185181901201755,-0.006531222608087185,-0.006620621161527079,-0.006499416619386998,-0.00610852012039783,-0.005540899705439993,-0.0049186669255226224,-0.004234692184531327,-0.0035073343592507884,-0.0029149002678722333,-0.0020360983649681764,-0.0008536175399378413,0.0016992661032294843,0.0031119367302492756,0.003924157748762919
2019-07-02,-0.006113743958940326,-0.0064864033582808615,-0.006613653146685482,-0.006537102188223969,-0.006191862585656409,-0.0056714172357422935,-0.00508678204300083,-0.00444170839772399,-0.0037487753171177793,-0.0031879769416453367,-0.00233318960122343,-0.0010774741327211,0.0010774502946951372,0.002434462959155497,0.003223371693467393
2019-07-03,-0.006338099407316582,-0.00678344765715049,-0.006990496858509775,-0.007010505642694126,-0.006785119957413787,-0.00638819172220166,-0.005906725473588344,-0.005363215033842175,-0.004755789468519162,-0.004260342155246521,-0.0035242665159170503,-0.002547099709978158,-0.0002437715232845177,0.0009005003644033942,0.0016877201453202669
2019-07-04,-0.006059267728770427,-0.006619320764997679,-0.006904276652922711,-0.006965432791758103,-0.006725283212429757,-0.0062606098114309445,-0.005680926320846281,-0.005039611714007188,-0.004348919117068722,-0.0037906498998835584,-0.0028951166361796767,-0.0016386925204688605,0.0007216498673726629,0.002181682124887528,0.0029575360578704235
2019-07-05,-0.005697439150134371,-0.005903344718964733,-0.005872725628956262,-0.005658942242681181,-0.005225944406559654,-0.004640949437204178,-0.003996690501624042,-0.0033169509086443364,-0.00261104182497219,-0.0020623607901490582,-0.0012418081908752328,-8.948314822454766e-05,0.0022076785679484906,0.003549939842810227,0.004359684199438372
2019-07-08,-0.0062206623623621065,-0.006671501164686753,-0.006858614717175585,-0.006824207785207684,-0.006513831691744057,-0.006006678199576423,-0.005407209836851352,-0.004758785293270869,-0.004072549337884495,-0.003530227491225132,-0.002689825884352504,-0.0014785119722175671,0.0006592648752735454,0.002003029076322464,0.0027535511339934777
2019-07-09,-0.006011527783853313,-0.006466553294709406,-0.006669189273662987,-0.006658690687929808,-0.006388760098850898,-0.00592937424465858,-0.00538823475026658,-0.004791239342779376,-0.0041390694762998325,-0.0036198250320569098,-0.0028631781926090156,-0.0019029576436609239,0.0006081979050152637,0.0019150165046047782,0.0026849687670893315
2019-07-10,-0.0060190789612355935,-0.006558477021222398,-0.006848674301319989,-0.006929480336546287,-0.006744880472432716,-0.006382692874879276,-0.005929000726129421,-0.005418945932336433,-0.004840225573071652,-0.004375304500739999,-0.003640052221708049,-0.0025908847292102893,-0.0004907798598832409,0.0007443980001212862,0.0015198126643550382
2019-07-11,-0.0059007956490805934,-0.006322551112366237,-0.006465260238118696,-0.006396026386881553,-0.0060724926475410135,-0.0055847356957288395,-0.005012738665972716,-0.004395811221328335,-0.003732780213785954,-0.0032126611639896113,-0.002401199012245384,-0.0012302653738252636,0.0009731540053183497,0.0023485817067009657,0.003126135319789598
2019-07-12,-0.006140336320106875,-0.006625886311110643,-0.006840699446109565,-0.00685298478055922,-0.006598125857356277,-0.006175007480354732,-0.005657316774437406,-0.0050833105427732055,-0.0044568367671038904,-0.003958593045979222,-0.0031719033332723583,-0.002029522943405852,0.00010607179397021139,0.001447100794829855,0.002204245584239104
2019-07-15,-0.006312465725388786,-0.0065744890859884796,-0.006565195316190703,-0.006364008862930547,-0.005943107522905448,-0.00537728734332198,-0.0047410153421390735,-0.004065844477718702,-0.003368761592683351,-0.002826462484006695,-0.0020563965706482546,-0.0011143063576656612,0.0015329085996916916,0.002833071349719168,0.0036093201166767282
2019-07-16,-0.006272289701705812,-0.006575299295439254,-0.0066183770187061,-0.006477885667299321,-0.006113914922300294,-0.005620537979996391,-0.005066873175318273,-0.004470378007355806,-0.003836294070750315,-0.0033504457340758098,-0.0026650692951150404,-0.001780444114428144,0.0006463098518838849,0.0018529704923092743,0.002626621659070274
2019-07-17,-0.006602086405146854,-0.007020251339039706,-0.007159402545499897,-0.007095734242163124,-0.006742688141093035,-0.0062344089968909,-0.00562290527267425,-0.004973571238792338,-0.004293678989077672,-0.003795026854212772,-0.002952513682167604,-0.0014021962622863169,-0.0001557524201557755,0.0012845180558530653,0.0020389426530785723
2019-07-18,-0.007011695791660378,-0.007527375901976624,-0.007717541179609715,-0.00768181301741539,-0.007362226209197155,-0.006878710320260727,-0.006295485068001431,-0.005660434639874206,-0.004995293876342265,-0.004482219899258943,-0.003668075360074961,-0.002421448961037175,-0.0004357253004754092,0.0009663613173700059,0.0017242922407234948
2019-07-19,-0.006200511565620418,-0.006396207096802855,-0.006283781095540382,-0.005971674297500531,-0.0054394119581083495,-0.004795938610353765,-0.004097338470991694,-0.0033687674659565853,-0.0026360780456494903,-0.00208927027218077,-0.0012704463259260662,-6.559095242811633e-05,0.0020554514398769207,0.0035820020662037533,0.004368326103308793
2019-07-22,-0.0069373035095381804,-0.007245858016432438,-0.007213771843938602,-0.00695328582390456,-0.006439088179949582,-0.00577591811010192,-0.005031532999312511,-0.004250642948805384,-0.0034731224394807143,-0.002880512311998041,-0.0019976187568751685,-0.0007699339601285526,0.0016007477286366502,0.003182329876922772,0.003960156420294454
2019-07-23,-0.007301423091990225,-0.007581850140246786,-0.007566577175585647,-0.0073431538996854544,-0.006886620404631352,-0.006293984615298673,-0.0056282435601872184,-0.00492634362908837,-0.004211749913874779,-0.003673928294189926,-0.002908774404017804,-0.0018625643637593117,0.000398145323406571,0.0017894596091788317,0.002549878781117145
2019-07-24,-0.006975274914287339,-0.007358397102891017,-0.007478640695698419,-0.007404874233703486,-0.007100427272320069,-0.006664258761554109,-0.0061536102418374185,-0.005592847743487029,-0.004991869519256345,-0.004532951220914261,-0.0038735127701552746,-0.002988061141499513,-0.0007090251384460049,0.0005838051874752716,0.0013304880371373046
2019-07-25,-0.007107700676851918,-0.0075388778302934,-0.007675892021232389,-0.007600969839750904,-0.007281220034511538,-0.006829000790329522,-0.006298901546484945,-0.005717883673104721,-0.005101614338587441,-0.004632089048566051,-0.003946252025956065,-0.0029988511673594617,-0.0007520312379672733,0.0005954100494593622,0.001337137503606524
2019-07-26,-0.006887775807077468,-0.007263067074195028,-0.007330426813900326,-0.007182385291198074,-0.006788146117150179,-0.006267434109951311,-0.005671386517894531,-0.005028913805948417,-0.004362936881991275,-0.003860498178535821,-0.0031026704622000956,-0.001958444489935293,0.00010821416920389691,0.0016152051233344245,0.002354668207984299
2019-07-29,-0.007114328254113874,-0.007300982995442037,-0.007185886723312257,-0.006871873335976298,-0.006356854317021003,-0.005755478708391436,-0.005112011999634413,-0.004443721026638624,-0.0037619771233508036,-0.0032694368854168194,-0.0026302961658104746,-0.0017293874374870203,0.000544136558529964,0.0018983737518561026,0.002636435621702704
2019-07-30,-0.007232687445228782,-0.007598970683260435,-0.007672628979987955,-0.0075422317530998385,-0.007170557995665787,-0.006696130540063061,-0.0061587767494960845,-0.0055849542690514405,-0.004984456009887653,-0.004556692722056681,-0.003932987643747753,-0.002886788539928072,-0.0010784261291217094,0.00025841655489976484,0.000985574148891406
2019-07-31,-0.007369513553789844,-0.007822855716143537,-0.007946731825466485,-0.007834780409920914,-0.007445265666723808,-0.006908562478033824,-0.006287571423625069,-0.005625905483604702,-0.00494473714538813,-0.004418040471828785,-0.003607879796111476,-0.0024031349803527923,-0.00014072617742037557,0.0014482701424933988,0.002191094659208413
2019-08-01,-0.0075068883074540585,-0.0078052896398909544,-0.007830199905456948,-0.007635737549182826,-0.0072228267011518995,-0.006728349331241114,-0.006188824029392459,-0.005621519013625989,-0.0050406252764118665,-0.004578923199165863,-0.003916454581154751,-0.002207473766251536,-0.001076789261650217,0.00030219882716018675,0.0010178995662378679
2019-08-02,-0.0074047244535310015,-0.007722563546990735,-0.007788005794061715,-0.007644968235068628,-0.007301049289849159,-0.006850590601010311,-0.006351143471603312,-0.005810762855893018,-0.005241266599654266,-0.004771612335494773,-0.004200866124082673,-0.002887812295529321,-0.0007882936503735441,0.0005219633454995368,0.0012418274097497196
2019-08-05,-0.007595618649111569,-0.007807549314221586,-0.007777958850010768,-0.007547108343903456,-0.007103500773764592,-0.006576948394004062,-0.006014167717390262,-0.0054184112602449425,-0.004812669184207726,-0.00431944610574175,-0.003684258463482799,-0.002181030863778962,-0.00044430360084811893,0.0008921803205561235,0.0016038271874609061
2019-08-06,-0.007063714260689131,-0.007413860786052963,-0.00753378369110525,-0.007449285337573088,-0.007135618147810902,-0.006710856752819181,-0.006231336123214653,-0.005705497608978901,-0.005151024681359274,-0.0046756611165956,-0.004014543420008299,-0.0026074897441211616,-0.0005932620024756054,0.0007938293845889692,0.0015165080650598674
2019-08-07,-0.007457516876828748,-0.007765487584615811,-0.007840133311052886,-0.007715828385168345,-0.007355736870161504,-0.006891079523136455,-0.006368538671869052,-0.005805988160560169,-0.005225870518157277,-0.004733272411451379,-0.00401301690045071,-0.0023846172660410754,-0.0007650856011613405,0.0006734357514595337,0.0013802143152505113
2019-08-08,-0.007495725547098848,-0.007775481945254949,-0.007797215220916909,-0.007598093402107039,-0.007149319979719311,-0.006588647322130107,-0.005967041376283893,-0.005309457721969739,-0.004651420936472614,-0.004111715989354697,-0.003343491686193933,-0.0015316960843439831,-2.5244702315074997e-05,0.0014773991429321062,0.0021964249653711886
2019-08-09,-0.007311608161011113,-0.0076394183849112715,-0.007716983595767207,-0.007575734615897561,-0.007184379277983482,-0.006693465923864561,-0.006134389715751531,-0.005523450828645747,-0.00488729686284883,-0.004353121939830725,-0.0035643568483809483,-0.0017250702694522786,-0.0001947754731643893,0.0013976922766500647,0.002092340208697253
2019-08-12,-0.0074878544975860075,-0.007591607814008125,-0.007459934067024428,-0.0071283390332979495,-0.006592543986018926,-0.005982720782882066,-0.005350678674672884,-0.00468824344760158,-0.004032396254614918,-0.0035083228654336452,-0.0028640021754843346,-0.0013985763023568372,0.0005166255317444793,0.0018723964444310498,0.002620487947211321
2019-08-13,-0.007705596763278468,-0.007901397191984062,-0.007875311906713044,-0.0076541308194105415,-0.007206922557983674,-0.006684292099337877,-0.006123623424217706,-0.005532479187756999,-0.004946066642324767,-0.004480862989876622,-0.0038352292131121606,-0.002043141708064202,-0.0009051458801768364,0.0004541873830695457,0.0011737818330822148
2019-08-14,-0.007700094524120585,-0.00792160402440373,-0.007889593726309058,-0.007640034881744605,-0.007135604659752813,-0.00651863195927088,-0.0058440542538948665,-0.005144928346384298,-0.004468210504658936,-0.0039203978114524885,-0.003131282421428068,-0.001269121648125651,0.00022567432043263435,0.0017807125513370047,0.002531522570804182
2019-08-15,-0.007750274152660359,-0.007913069221987461,-0.007808420246564676,-0.007482804968338173,-0.006902271284170586,-0.006191806506470952,-0.005414733154948566,-0.004628347878464238,-0.0038824448008804072,-0.003282639768134246,-0.0024223336413351365,-0.0006042542902203218,0.0011982720205119361,0.0028132429887899562,0.003578976686819946
2019-08-16,-0.007631066495824604,-0.007849482073775494,-0.007837112727778333,-0.007624033371034736,-0.00715460790070617,-0.006561826650151445,-0.005901603243315506,-0.005220680351541343,-0.004562141525674409,-0.004026296496765208,-0.003222647500025567,-0.0012926889315888642,9.115978926901104e-05,0.0016567095575248864,0.002408317813217679
2019-08-19,-0.00748271490221593,-0.007805343737318509,-0.007893188312816284,-0.007773673116417336,-0.007394191746509226,-0.006886556216336796,-0.0062936826509503545,-0.005671352659927304,-0.005044746577150101,-0.004525428617394153,-0.003740496936759108,-0.0019173042823174712,-0.0003402666955741819,0.0012266394240171138,0.0019755662971577825
2019-08-20,-0.00723072328557328,-0.007332272410441114,-0.007222561555414684,-0.006934908625662673,-0.00644822061352506,-0.005887264654178065,-0.00528926178771223,-0.004676379631016931,-0.0040625350283321725,-0.0035668203713128156,-0.002879580843687035,-0.0013196374757886381,0.0003333872108253963,0.0017242157819913218,0.002476823172700645
2019-08-21,-0.00778455477542917,-0.00819384303462799,-0.00831057782054551,-0.00818700492411425,-0.0077739214388926154,-0.007219894970346096,-0.006562593467177396,-0.00588208798382611,-0.005208501012439803,-0.004638972720789336,-0.003712600322146952,-0.0017387010023453462,-0.00018062379201397256,0.0015113822400065185,0.002267138714325302
2019-08-22,-0.007235860426786617,-0.007499081233809098,-0.00751876367111805,-0.007342212946699982,-0.006954629176771347,-0.006483867432045293,-0.005966559498370107,-0.005423909839686062,-0.00485854474614187,-0.004377510287169063,-0.003701238688372188,-0.0023499282426566372,-0.00035845247688446306,0.0010054084437941429,0.0017693221119434905
2019-08-23,-0.007048234302559459,-0.007369275117007694,-0.0074698925409096666,-0.007386612865072005,-0.00709650133615284,-0.0067284647691492235,-0.006281717850676763,-0.005817001338879527,-0.005319648991223842,-0.0049007919381751095,-0.004220352062778105,-0.002604242634974681,-0.0011414370052026549,0.000244100543872563,0.0009827842424937829
2019-08-26,-0.007239715842787599,-0.007432188553087034,-0.0074180793776852105,-0.007232786579951828,-0.006879695240661154,-0.006468516362940191,-0.006021754508024145,-0.005555380317358874,-0.005054261220410039,-0.004634766626770048,-0.004087228105256817,-0.0030490911692351496,-0.001003223043079513,0.00017913237270957038,0.000925461772440006
2019-08-27,-0.007392640931751083,-0.007930225872892315,-0.008214861773009804,-0.008276209146197757,-0.008073215512138762,-0.007749219778532752,-0.0073244431585691785,-0.0068542540338860335,-0.006338291864583359,-0.005877200182460846,-0.005099151222648513,-0.0033857774178046728,-0.0019528695878716841,-0.0004323438520909619,0.0003024364533635702
2019-08-29,-0.007582516547451925,-0.007780892501865214,-0.007723310784936994,-0.007458739340315652,-0.006982824567746542,-0.00645159429585639,-0.005869254655596012,-0.00527997534317192,-0.004686524804094964,-0.004202479549323977,-0.00346226928561618,-0.0016736171909580507,-0.000544315702958127,0.0009222201285615415,0.001664942970307404
2019-08-30,-0.007645796411997133,-0.008089955767153933,-0.008276183823082988,-0.008238026813487904,-0.007945343306719695,-0.007544397001508293,-0.00705188757045158,-0.006529416161203959,-0.005976583206049765,-0.005504826695746696,-0.0047478680689503885,-0.003044567635242504,-0.0017822545361357114,-0.0002598882544884995,0.0004782888344334969
2019-09-02,-0.0081314693083854,-0.00864137674739466,-0.008886607983913882,-0.008881804889977033,-0.008629470075562112,-0.008264962051611244,-0.007816395115857577,-0.007335153919690765,-0.006776862163356615,-0.006286134913082913,-0.005697424250812443,-0.004077559731094552,-0.0029712479309294488,-0.0015671546811152897,-0.0008449943093843488
2019-09-03,-0.008132514848119877,-0.008423599625853,-0.008462251515132538,-0.008268541974068585,-0.007887134480053062,-0.007436218419445028,-0.006939186393263883,-0.006421033454011642,-0.005834450242701578,-0.005330336957111787,-0.004811628317745736,-0.0036073817898292474,-0.0019408997179808248,-0.0007959588071622769,-9.362678654088394e-05
2019-09-04,-0.007661207938004103,-0.008183160871283127,-0.008442912896109692,-0.00846034707796796,-0.008259463451915671,-0.007981227568136998,-0.00764244743068652,-0.007252117045208046,-0.006761341585018551,-0.006309818048240042,-0.005769550714952244,-0.004299777174369129,-0.003090352614318799,-0.0018015274563878006,-0.0011277403480892886
2019-09-05,-0.007680347095169994,-0.00803868285967822,-0.008182743298302406,-0.008122401046881092,-0.007892916564849656,-0.00762254766206144,-0.007318854421967965,-0.006977225095140447,-0.0065365385816715,-0.006148506428729287,-0.005783647204704182,-0.004553871423040862,-0.003407083332466823,-0.0022767432921623446,-0.0016114370366745803
2019-09-06,-0.007907265192280915,-0.00830196184203852,-0.00847125550550128,-0.008428057888606556,-0.008194057464473804,-0.007927864678267331,-0.007625115588189602,-0.007286429206468725,-0.006858933308284592,-0.0064927896556687525,-0.00610823567136232,-0.00452340171291242,-0.004167672160477604,-0.0029604592689272753,-0.0023122953118329863
2019-09-09,-0.008909733147938317,-0.009469073904654679,-0.009762690646389386,-0.009802125933779863,-0.009594618374792831,-0.009292300898754394,-0.008904838499366368,-0.008482775962505615,-0.007986133060847913,-0.007563860908455188,-0.007094663871589232,-0.005479761771855475,-0.004833122287897845,-0.0035036146518825956,-0.0028758634495174976
2019-09-10,-0.007935566284980253,-0.00840758986781635,-0.008583837694086027,-0.008503814097465137,-0.008178860444298929,-0.007754013519469397,-0.007240832304374521,-0.006695432868617523,-0.006097492503239109,-0.005585644269288104,-0.00495769035740482,-0.003193825012020455,-0.002063818948390983,-0.0003667815983379591,0.00014305656241883364
2019-09-11,-0.00810666172670916,-0.00877416474747774,-0.00916990113754666,-0.009309265975650838,-0.009187676710715242,-0.008966176526667157,-0.008651382643945363,-0.008283604285543098,-0.007821868580576796,-0.007407629988102042,-0.0068728904518580575,-0.005143906114942819,-0.00456813689486031,-0.0030693770668008304,-0.0024326939820169683
2019-09-12,-0.007608296280520671,-0.00782111087105588,-0.0078007413156520435,-0.0075751690627464,-0.007182351986808775,-0.006760537555820548,-0.006303425188195775,-0.005825106318492164,-0.005289770432721822,-0.0048453691565886374,-0.004375660208314211,-0.002904216937228754,-0.0020844924187717728,-0.0007294261241504009,-9.799646055369884e-05
2019-09-13,-0.008617028551351656,-0.009128611528154062,-0.00938944395164069,-0.009404854810558366,-0.009233966980423194,-0.008948396702884196,-0.008623176260891274,-0.00825588241113679,-0.007809569332971555,-0.007436596409491435,-0.007020316621624432,-0.0057142028829890446,-0.004761438824537161,-0.003553383473111754,-0.002906652277441246
2019-09-16,-0.009140188247396645,-0.009838912483920945,-0.010266921128700715,-0.010425364690855981,-0.01034675959000409,-0.010120363817169464,-0.00981855886245589,-0.009465317660218603,-0.00903464394223496,-0.008656100659102904,-0.00811729492361607,-0.006494661640791056,-0.0059153088421149465,-0.004686396784203954,-0.004043009789149762
2019-09-17,-0.008802727928997379,-0.009511741854290465,-0.009939866136522035,-0.010090614541616007,-0.009985389760901704,-0.009721129616946076,-0.009368644391551603,-0.008962661577918854,-0.008486249361430356,-0.008058503376256354,-0.007383844125843791,-0.005426489097342635,-0.005067777664643958,-0.0036821466847885963,-0.002932335291579929
2019-09-18,-0.008151803976006816,-0.008674495920797942,-0.008956741894917136,-0.008989219834941624,-0.008814628075677325,-0.008490204945520663,-0.00810728021598521,-0.007672601398806842,-0.007164714416546959,-0.006731002409752731,-0.006152508977021673,-0.004723672205145519,-0.003419447228795617,-0.0019428231500915457,-0.0012720383003088772
2019-09-19,-0.009020545872676035,-0.009551062630243204,-0.009871963262015292,-0.009958324130830953,-0.009849589840203538,-0.009598841855978894,-0.00929861138606357,-0.008951050160546366,-0.008522629245854035,-0.008149608869072391,-0.007652983382523433,-0.006328381716139676,-0.0052793267753592915,-0.00403960397248121,-0.003390225633937727
2019-09-20,-0.008146849938337832,-0.008653476360870417,-0.008963576249012341,-0.009055825297955511,-0.00895246070783133,-0.008723557527649953,-0.008441821160986365,-0.008114670513868119,-0.007706694324388438,-0.0073377886789472765,-0.006725253320326927,-0.004983414731723564,-0.0044933348795440494,-0.003194211533812739,-0.002511673214323145
2019-09-23,-0.008649604630130564,-0.009172735357474648,-0.009444207395166802,-0.009456686172433096,-0.00924512175296053,-0.008844742084460322,-0.008361501895112797,-0.007830258504614088,-0.0072469542327346925,-0.006747828164418153,-0.006057547092677806,-0.004595322607882681,-0.0030211689160220974,-0.001477808614803575,-0.0007937913521790969
2019-09-24,-0.008097991058870255,-0.008500877760705485,-0.008728445019532075,-0.008755508153425743,-0.008617328967786239,-0.008333869262406117,-0.008001809397609949,-0.007618320574387265,-0.007159809035854276,-0.0067675703253432294,-0.006265593992288074,-0.005055679091298821,-0.0034985305205031533,-0.002159268959141798,-0.0014862866671649776
2019-09-25,-0.008156242377645902,-0.008866661941631082,-0.009389149705748575,-0.009687730870699497,-0.009781942206161576,-0.009691261637993111,-0.009509597986052347,-0.009244643405812478,-0.008865525217394669,-0.008511521453721936,-0.00798449439272676,-0.006750571901164221,-0.005233611413969779,-0.0038739491176255207,-0.003210131583175954
2019-09-26,-0.007970712982606773,-0.008583374986174579,-0.009028248829178298,-0.009276860315506334,-0.009342921601601252,-0.009228433216047119,-0.009030593392017403,-0.00875499559542163,-0.008367060582763921,-0.008010934253244922,-0.0075062754043503845,-0.006340790586368467,-0.004952742493809212,-0.0036159277678581543,-0.0029371242004236522
2019-09-27,-0.008167046205202005,-0.008632112975137525,-0.008946969935885944,-0.009086926160727765,-0.00905162272151198,-0.00886742135828169,-0.008612331073358986,-0.008295062668957876,-0.007901511529629746,-0.0075559680569462825,-0.007020642050416567,-0.005406712952779662,-0.005005393278663195,-0.003669724239776042,-0.002928264877309384
2019-09-30,-0.009539816851142852,-0.009915454687041077,-0.010100263452981135,-0.01008812712262762,-0.009891703493646735,-0.009552461974992486,-0.00914773668875231,-0.008708419185080495,-0.008241389299115002,-0.007854664571359398,-0.007278185584675302,-0.0055271818148791545,-0.005258885966484167,-0.0040874054778001845,-0.0034233870831247206
2019-10-01,-0.009603470458141814,-0.01003710006218126,-0.010253550550651889,-0.010254652545904028,-0.010069908596813752,-0.009666447202657235,-0.009176325916031309,-0.008629665558268914,-0.008051445255830994,-0.00758495325649826,-0.007024894134605354,-0.0058358621212017655,-0.004041540761278331,-0.002621416826032783,-0.0017972785328442156
2019-10-02,-0.008962033747764843,-0.009458910925576597,-0.009754362244487122,-0.009913514689158081,-0.009851921864588702,-0.009594941781807937,-0.00924873219432331,-0.008841817479798543,-0.008387620564278515,-0.00800969101648573,-0.007466334221903895,-0.0059976805126580384,-0.005119597932159078,-0.0038473265042607355,-0.0030094926331790846
2019-10-03,-0.008919794414223324,-0.009393877247333718,-0.009722879451883418,-0.009949768681979974,-0.010002667614501406,-0.00989159378582676,-0.009716726157987549,-0.009466587167094944,-0.00912945191237893,-0.008855308091225872,-0.008587120256094549,-0.0078275178839654,-0.006552278208502898,-0.005610215850486333,-0.004796172463197505
2019-10-04,-0.00905730104485198,-0.009647474791954307,-0.010055112615690878,-0.010327625556853449,-0.010361595914170203,-0.010174529229724984,-0.009895722093170287,-0.009538225936075721,-0.009116128954367014,-0.008759454641440376,-0.008288962457357631,-0.007226778298722757,-0.005877121499803692,-0.004605788916831425,-0.0038159926829118935
2019-10-07,-0.008688116813464706,-0.009201898542120612,-0.009492453958803156,-0.00963598763018452,-0.009547106234218158,-0.009241326828451928,-0.008851210797810835,-0.00839312367690631,-0.007882316297553631,-0.007460349942185763,-0.006913420770573316,-0.0057511352354746225,-0.004286455020048154,-0.002943752048743596,-0.0021023681295077776
2019-10-08,-0.008525421502743226,-0.008615404976009825,-0.008461375840352411,-0.008170897669195801,-0.007700274306147026,-0.0070608570723603385,-0.006385573639232734,-0.0056821505848893665,-0.004983121643942073,-0.004444168700967376,-0.003845721939405821,-0.002811850629994899,-0.0007662509326180362,0.0007586391485692868,0.0016136464240047602
2019-10-09,-0.009123067656643953,-0.009749505755216463,-0.010128708742421597,-0.010344917448258911,-0.010308067527395423,-0.010050732882195424,-0.009704127684615458,-0.009280057158512468,-0.00879178023169781,-0.008398128423803584,-0.007975376730800569,-0.007034073208928864,-0.0054003618923084565,-0.0041040642382585875,-0.0032809528417718967
2019-10-10,-0.00901443221070535,-0.009496721923997992,-0.009743305101934706,-0.009843199353575673,-0.009726450414199363,-0.009438137440029712,-0.009098932211265065,-0.008695962749945236,-0.0082332005172288,-0.00785696537227778,-0.007495725282891761,-0.006701710514043816,-0.005050464428524535,-0.0037460290494975377,-0.00306818350408328
2019-10-11,-0.007995072502810719,-0.008406452861149076,-0.008650537039811898,-0.00878383381065277,-0.00869570795253712,-0.008472934391273697,-0.008199970442912445,-0.0078685181180619,-0.007460423663409769,-0.007113912024114414,-0.006669941259300444,-0.005487388156368037,-0.0046009796381502235,-0.003500939000601679,-0.0026257585581956383
2019-10-14,-0.0069207082597441925,-0.007273768723893976,-0.007449611734797242,-0.007528178499827341,-0.007434831007990014,-0.007216904322224598,-0.00694033784789062,-0.00657203313507475,-0.006081372546195011,-0.0056657130774210585,-0.0052337602266901454,-0.004570579721663484,-0.0024960358076586324,-0.0012409263431244536,-0.0003750697076961339
2019-10-15,-0.006845668099693013,-0.007236324881018254,-0.007492658970239248,-0.007667765400467511,-0.007677628007158305,-0.007586833401752288,-0.007465812282231912,-0.007262460326281226,-0.006935592880988733,-0.006654533940424203,-0.006411618217205989,-0.006048658937203449,-0.004051546869953677,-0.0030408889488297663,-0.0021889447567357556
2019-10-16,-0.007095164432444325,-0.007271811708792342,-0.007315026682138846,-0.007287857896591657,-0.007125505866341192,-0.006905110760759239,-0.006681824640785324,-0.006402799749808767,-0.006031407271657928,-0.005723119419049983,-0.005454823009605179,-0.004919282228550715,-0.0032119837538932385,-0.0022513772137742476,-0.0013991783754508623
2019-10-17,-0.008242557002672946,-0.008632466364439246,-0.008835259701964752,-0.008910260615635728,-0.008807894224035082,-0.008554813803221843,-0.008245277001038892,-0.007862273136090916,-0.007382965701851199,-0.006977805204429458,-0.006650749940202441,-0.006546227360148156,-0.0035924482072237254,-0.0023912166892653994,-0.001548239594776964
2019-10-18,-0.008302981287132041,-0.008419253072783298,-0.008422848915398271,-0.008351635128208166,-0.008176764573850628,-0.007936580297508107,-0.0076857388148176805,-0.007383184764511004,-0.006994389888546901,-0.006680800458973692,-0.006501485434378566,-0.006198726087065226,-0.0042390927768431565,-0.003326814500363355,-0.002497901407454375
2019-10-21,-0.007047854133420114,-0.007483455144885962,-0.00784311600414712,-0.00813563721460199,-0.008267676597997995,-0.008296538971186845,-0.00826468128798075,-0.00814577403434306,-0.007900020187563559,-0.007664607837987947,-0.007384006310205587,-0.0065367720337951365,-0.005361018607399575,-0.004348916115776443,-0.003489168101296092
2019-10-22,-0.0069234692389985395,-0.0073781843534544735,-0.007764087464551224,-0.008079812335955863,-0.008231478169763665,-0.00823539016523354,-0.008157571514664452,-0.00799220251293599,-0.0076994860249572986,-0.007427392129220326,-0.007071790227383868,-0.0064009590478622605,-0.004620806733856339,-0.0034394743654341297,-0.002667253998393417
2019-10-23,-0.008336765130257355,-0.008576974559904617,-0.00876221536388055,-0.008894297443179558,-0.00889899420952807,-0.008820123110803154,-0.008696229405672733,-0.00851938023658995,-0.008251700921910937,-0.008019573773523818,-0.007763066867234684,-0.006987962590989372,-0.006140685332851877,-0.005271999595384599,-0.00447949105274387
2019-10-24,-0.007543802482916355,-0.007711934875990707,-0.007815996532619177,-0.007870572974374565,-0.007827782199270288,-0.00768060258674035,-0.007498371161016393,-0.007252414149991861,-0.006912607298643469,-0.006637485463400046,-0.006465343764591323,-0.00638114543597005,-0.004124124346800634,-0.003150968062996743,-0.002325596833690848
2019-10-25,-0.007802003162756479,-0.008097964214559009,-0.008232082421902947,-0.008252431397930249,-0.008076094083910806,-0.007747905693663924,-0.007328327132271142,-0.0068540291243868595,-0.006338751415889207,-0.005907306207404989,-0.005315497068938411,-0.0042455763295111484,-0.002636262711646218,-0.001210922190451341,-0.00036291918728388877
2019-10-28,-0.007924049224401139,-0.00822301155051807,-0.008422925312859037,-0.008549461006403856,-0.008516122056354913,-0.00836094987522889,-0.008140962858308322,-0.007858268230290514,-0.007508736017167343,-0.007224593266123016,-0.006905429245552508,-0.006194224248722983,-0.00476567169309274,-0.0036437975239852543,-0.0028181783862558487
2019-10-29,-0.00820867570296625,-0.008309128041506995,-0.00832058026128769,-0.00827754133683991,-0.008111692863635198,-0.007859273112861755,-0.007574743726493643,-0.007247557414029883,-0.006876863218951757,-0.006599910466967238,-0.006351802922269462,-0.005656459079641969,-0.00444752926332079,-0.003412387393795225,-0.002605700047751464
2019-10-30,-0.008979945447944648,-0.009534070151645162,-0.009926284465939888,-0.010199763341212233,-0.010204644386707158,-0.010031859497912153,-0.009735399047903884,-0.009375929894954548,-0.008982293961428068,-0.008657237236061445,-0.008097428334951993,-0.006282031110121238,-0.006300930649269077,-0.005020725872962964,-0.004216218217682786
2019-10-31,-0.00813426320194462,-0.00843245953852764,-0.008595928554750937,-0.008671556124221304,-0.00855783317911174,-0.008321445549644813,-0.008011714937970073,-0.007641813977096351,-0.0072315124616130835,-0.006906555819135939,-0.006504444545547457,-0.005354915239589322,-0.00435218957518136,-0.003141887527257214,-0.0023157809461178194
2019-11-01,-0.006718449645609746,-0.006757634141383633,-0.006648565008557721,-0.0064667969959994525,-0.006121830754431043,-0.005682761899657613,-0.005198646771037139,-0.004674883461400406,-0.004138892473435461,-0.003707534092500858,-0.003062187851813186,-0.001596580133171965,-0.0005542448834715372,0.0009576609559498565,0.0017909852244879182
2019-11-04,-0.00854069939934229,-0.008966611780621712,-0.009242962681881363,-0.009418023318101406,-0.009392111486060322,-0.00922397744147824,-0.008976204788017517,-0.008660813879950867,-0.008286549758570096,-0.007975537236887334,-0.007595959754622979,-0.006654300942006116,-0.005520432579807302,-0.004376106684015219,-0.0035974362309393907
2019-11-05,-0.007188751035622122,-0.007702183789194241,-0.008055531186358485,-0.008301127596180879,-0.008327950806439027,-0.00820128454167412,-0.007982914265931852,-0.007676965095448391,-0.0072827850163962645,-0.00692775216987251,-0.006419763010697469,-0.005455353008584314,-0.004018525591462756,-0.0026959195499421237,-0.001859961714702982
2019-11-06,-0.006647699090283822,-0.006774905772101828,-0.006744176111471727,-0.006632189917690256,-0.0063631890218399205,-0.006015937456508333,-0.005638803044643674,-0.005203799849050182,-0.004710944344807552,-0.004292707592585755,-0.0037272843101825073,-0.002643558790972183,-0.0012895089807251222,6.326679479063367e-05,0.0009170252275761312
2019-11-07,-0.006810789065409797,-0.007126936094231207,-0.0072383952347300625,-0.007225196483853706,-0.007005546546807653,-0.006661993074193518,-0.006252156417752706,-0.005776457526857508,-0.005243891789795199,-0.004783507735818792,-0.004126237315787729,-0.003047810247121294,-0.001363257346016292,0.0001634407045388235,0.0010176753059273776
2019-11-08,-0.00690904747313045,-0.006882542924052302,-0.006713328441328087,-0.006472650717894728,-0.0061573902018756494,-0.005816630966067693,-0.0054856633656757215,-0.005109499336493223,-0.004683749001695851,-0.004358028233827005,-0.004100946650238523,-0.003618750244040656,-0.0019542162509909883,-0.0009007717052374497,-6.056354102055043e-05
2019-11-11,-0.0068253173250041104,-0.006913960331374717,-0.006833922448726395,-0.006651841905459922,-0.006325395112040718,-0.005918624389827796,-0.005479095032095444,-0.004999085535149717,-0.004498204828202139,-0.004103477750060325,-0.0035993303917733472,-0.0024190327549006917,-0.001341953351555341,-1.6318897068371817e-05,0.0008237855846143771
2019-11-12,-0.007975656024377286,-0.008051148304395944,-0.00786487337142579,-0.007519261250220835,-0.007001894732354978,-0.0063688260297187285,-0.005693148892473975,-0.004993449001687409,-0.004312622885897735,-0.0037839960059110993,-0.003190255970543448,-0.0020409150198464083,-0.00028940874132505137,0.0012035878643478562,0.001985750965247049
2019-11-13,-0.006915144035505402,-0.007428352865893818,-0.0077259510308977635,-0.007870739787446018,-0.007800527614320662,-0.007576371014320271,-0.007266303994957332,-0.0068782693664667105,-0.00642593339932264,-0.006034458415194654,-0.005511947544271449,-0.004570644852569007,-0.0028599664524829376,-0.0014560500302615448,-0.0006265351970954748
2019-11-14,-0.006978606916429096,-0.00719512292690677,-0.007202033146029954,-0.0070665809601009495,-0.006746615446278596,-0.006303951550256896,-0.0057990505493672245,-0.00524466712081419,-0.004667224432850894,-0.004198600180635411,-0.003608324084696364,-0.0024266333291876143,-0.0008565222640649462,0.0005703474914514341,0.0014296085868076103
2019-11-15,-0.006935296489012147,-0.006915405641537742,-0.006748808898838663,-0.006492588664813287,-0.006087872722656159,-0.005642992004506467,-0.0051724061320434465,-0.004671342509091259,-0.004152763261868914,-0.003737639314515377,-0.003217833680087284,-0.0019289479786034902,-0.0009067866090357342,0.0003620898432880012,0.0012038212487449453
2019-11-18,-0.007004492598805279,-0.007030423619926078,-0.006916407921571291,-0.00671620813575289,-0.006367357954483685,-0.005962802974651408,-0.00552032342554261,-0.005035385038764684,-0.0045193973508796444,-0.0040993701994012375,-0.0035817194660139693,-0.002509269128116557,-0.0011204781862213676,0.00015404701870852695,0.0010038310247849577
2019-11-19,-0.006852244897218094,-0.007057931171127858,-0.007133419867987374,-0.007111947621937519,-0.0069055329259295395,-0.006606953121183563,-0.0062406166371974815,-0.005812600408281117,-0.0053329497379514725,-0.004924586999838538,-0.004375435059535054,-0.003363786310618834,-0.0018377138212452258,-0.000511354368806647,0.00036981908287963194
2019-11-20,-0.006949842661657543,-0.00688509630783366,-0.006668776568264952,-0.006356285106909158,-0.005896838037269503,-0.005378620802494358,-0.004822123647051729,-0.004230410649697978,-0.003626076281428001,-0.0031264366045482927,-0.0024815614591048984,-0.0013340619378542234,0.0003512299848881784,0.0017573353632701271,0.0026251635387190275
2019-11-21,-0.007260030454781307,-0.007454444529994753,-0.007558645014165804,-0.007595688592722433,-0.007496300607315067,-0.007351850183308791,-0.007171571542273108,-0.0069261919472474315,-0.006600794784337528,-0.006320062140335148,-0.006046147818961239,-0.00539493330030767,-0.004137870250792965,-0.003212364845694983,-0.0023824319358514623
2019-11-22,-0.006839439625437935,-0.007021312376979105,-0.007080695876488949,-0.007052512706945919,-0.0068670016127817856,-0.0066095806745563885,-0.006299791560925595,-0.005919190982245582,-0.00546949944957343,-0.005087881920080497,-0.004676539170334396,-0.0038606739018604065,-0.0021764389658927236,-0.000960388795675868,-0.00011140344816968142
2019-11-25,-0.006474579168995474,-0.006614487699262454,-0.006645321880870737,-0.006599195924785233,-0.006401385197196726,-0.00614007204987615,-0.00582806601620507,-0.00544983383825096,-0.005005987467447405,-0.0046176341379746254,-0.00410087818964628,-0.0031425016746636364,-0.0017035028339450267,-0.0004483060831941602,0.00039986746635909884
2019-11-26,-0.005887102629772714,-0.005926018806317482,-0.005816501522712137,-0.005614529676651055,-0.005253762514725235,-0.004825188004555012,-0.004337027272707627,-0.003790584658546782,-0.0032069269418497155,-0.002715880057371189,-0.002042254105734627,-0.0008294820293845804,0.0009070295258660009,0.002448761144823082,0.0033320094478963913
2019-11-27,-0.005930967628837838,-0.005803303558672377,-0.005541331174131773,-0.00519954337267258,-0.004738376938909881,-0.0042429420862739094,-0.003713505797292447,-0.003142002106887121,-0.002541328385936133,-0.00204093486469285,-0.001377031047763729,-0.0001969517289115932,0.0015228139484520045,0.003047215833996147,0.003923624508384666
2019-11-28,-0.006510660650886839,-0.006046321739973869,-0.005461953863249577,-0.004809523355319854,-0.004091973865681328,-0.0033922515117240453,-0.002702828080335522,-0.0020068338349316273,-0.001322103855520907,-0.000785112727056746,-0.000186985066213994,0.000889703434984671,0.0028015833883028715,0.004282424416404502,0.005147754401928056
2019-11-29,-0.006000458567420173,-0.005821419025403042,-0.005527227236234255,-0.005159729483283388,-0.004685141914960717,-0.004187520759615565,-0.0036755584830057914,-0.003127972442826128,-0.0025533957285063342,-0.002079167913471582,-0.0015112402119940274,-0.0005793203158239108,0.0013751048899797588,0.00283597515999715,0.00370751179023719
2019-12-02,-0.006228942018814853,-0.006353496745627874,-0.006347547868316793,-0.006246447042231398,-0.005978119228609429,-0.005638890762406361,-0.005252004848747244,-0.004816669667101127,-0.004326096991342645,-0.003891497292104435,-0.003250921494484127,-0.0023081266137535447,-0.0006254269379557362,0.0008103040141479727,0.001650653735981159
2019-12-03,-0.006504099114417725,-0.006597930930569946,-0.0065162438083282165,-0.006307108704666695,-0.005910149930627468,-0.005425229703073564,-0.004873590092489583,-0.00427770931774883,-0.003659762166961349,-0.003126177105746571,-0.002352946013207027,-0.001334734327395879,0.0008001932863593115,0.0024371161875148062,0.003290789251241106
2019-12-04,-0.006737032177320188,-0.006681329383843049,-0.00647064429591193,-0.006154953886692325,-0.005682262411136379,-0.005154147285612019,-0.004591292513873075,-0.00400070435166427,-0.0034063642761148027,-0.0029304233123373055,-0.0023343127456524893,-0.0012517837118008206,0.0003225766261498301,0.0017892200446176449,0.002615832187983674
2019-12-05,-0.005707854586187697,-0.005581554911350663,-0.0053110770060839,-0.004959635399109143,-0.004490437995905877,-0.00400311188807358,-0.003500575940680074,-0.002963899461449454,-0.002400308770107412,-0.001940351343985344,-0.0013839117748895423,-0.000506158028504212,0.0014122614912739932,0.0028462886210942353,0.0037891883963604967
2019-12-06,-0.006079218207783971,-0.005934644288239448,-0.005627283750672261,-0.005225526125263268,-0.004697528778711373,-0.004154538440101937,-0.003589761062275997,-0.0029994327815201617,-0.0024081606241087425,-0.0019357728807665579,-0.0013320521719277787,-0.000173859474651949,0.0013420884624213247,0.002797362412658392,0.0036508688389476547
2019-12-09,-0.006070843105731233,-0.006135430528288199,-0.0060392894806489805,-0.005840545112562735,-0.0054861709405662745,-0.005087763164720063,-0.004644709069800353,-0.0041530684923438525,-0.0036319630473526615,-0.0031961708079287846,-0.0026119243575471185,-0.0014993544820731625,-4.625020806880509e-05,0.0013597597963102524,0.0022234343000990696
2019-12-10,-0.005984153446798978,-0.005889701097112933,-0.005632788075924772,-0.0052780096315204585,-0.004790064349699627,-0.0042787042750149565,-0.003737777809607652,-0.0031589298901766863,-0.0025673191072010768,-0.0020883343209814045,-0.0014889937330575921,-0.00038533762032340086,0.0012961925184058968,0.0027890835993209986,0.0036298737482674823
2019-12-11,-0.0068673750877200745,-0.006738544909152669,-0.00643647340405387,-0.006025940868068479,-0.005477394690486647,-0.0049011030115875785,-0.004298587911776369,-0.0036656960426413566,-0.003031221729500524,-0.0025268316712873055,-0.0019437832477489456,-0.0008882575331290823,0.0006790224048988328,0.0021341954552014774,0.0030075533178027126
2019-12-12,-0.006557446592644946,-0.006501040058528894,-0.00629492200482597,-0.005992501251751717,-0.005554377086343634,-0.005095853659027312,-0.004618792996969482,-0.004103496862683292,-0.0035569100011861752,-0.0030992915038180477,-0.0025350261523851506,-0.0016503757634446902,-6.10450910405473e-05,0.0012874698158321888,0.002121602546487827
2019-12-13,-0.006008226372770803,-0.0058521646907202345,-0.005552851573848628,-0.005171119735661367,-0.004672419103562054,-0.004171189705232639,-0.0036632681532974003,-0.0031220034754559155,-0.0025477736547921087,-0.0020726242493443988,-0.0014710253094533153,-0.000524494823276075,0.0009692288169946126,0.0023372270791150685,0.003214732960319059
2019-12-16,-0.006302697763946628,-0.0063383806214556285,-0.006222968252637497,-0.006004576061676122,-0.005628460400169824,-0.005209266290868556,-0.004759600758018441,-0.004264776463876128,-0.003732575420892265,-0.003277552707838808,-0.002692713272465999,-0.0017894668819990844,-0.00016262324128507322,0.001220933914694916,0.0020472888225957714
2019-12-17,-0.005881263758884406,-0.005668976585852631,-0.005299637148415667,-0.004847419712178911,-0.004280672072035366,-0.0037407560238904842,-0.003205904541972282,-0.002640467054708195,-0.0020558969631598364,-0.0015679272229460906,-0.0009190747528056229,0.00026412626697898465,0.0014728064385587378,0.002883040065901085,0.0037134100390627785
2019-12-18,-0.006733547393840002,-0.006805850990616668,-0.006690896073714763,-0.006456635247284317,-0.006052068344143171,-0.005606245108864504,-0.005121232068156572,-0.004589880535906064,-0.004023402564803744,-0.0035308245960495054,-0.0028514378636188245,-0.0017246805479649234,-0.0003081524964060543,0.0011645775101446724,0.001997808912588172
2019-12-19,-0.006371757977166942,-0.006328758867756811,-0.006137679117519367,-0.005855938607944954,-0.00543579811416018,-0.005012052950653694,-0.004571799855213175,-0.004087860935922203,-0.003564159838908541,-0.003109374128347794,-0.0024642927582480896,-0.0013084919603929786,-0.00013851091070259347,0.0012536653210162313,0.0020931723403864737
2019-12-20,-0.006710631441397086,-0.0065882711250968735,-0.006334991710727415,-0.005999385575116972,-0.0055622097437391434,-0.0051263292645600915,-0.00468338911082668,-0.00420032075722633,-0.0036719729301549473,-0.003219792095958193,-0.002696194819058955,-0.002003429467064827,-0.00023549920243268218,0.0010770793244274505,0.0018914390836082253
2019-12-23,-0.006119034147457423,-0.0060612068587513005,-0.0058776107482744555,-0.005605639544097041,-0.0051999734158134844,-0.004773956349261938,-0.004323673374915019,-0.0038236126006496647,-0.0032722866607762585,-0.0027876984047523054,-0.0021143681075697423,-0.0010305932155271788,0.00041746478963805534,0.0018944646807580229,0.0027394201880526366
2019-12-27,-0.006453833152342336,-0.006397470898777691,-0.0062189579072583785,-0.005948435379799143,-0.00553481472858197,-0.005077656062763555,-0.004587512730648415,-0.004046838368628017,-0.0034627738666769534,-0.0029548265907480657,-0.0022670043383524628,-0.0012617227521964608,0.00042621323431894385,0.0019294293602112734,0.00277198170126034
2019-12-30,-0.006207841909175692,-0.006023252278528573,-0.005741153137475474,-0.005387880305243464,-0.004925455927515473,-0.0044502550829485414,-0.003959604209684037,-0.0034262266556115686,-0.002845999950013586,-0.002344589312881001,-0.0016768637003770068,-0.0007484665775022302,0.0009110555752910932,0.0023672073209146495,0.0032267070591072916
2019-12-31,-0.006510994484235696,-0.006339692332605336,-0.0060546986709234035,-0.005684638184991158,-0.005196877464367427,-0.004685397380261512,-0.004152927593472448,-0.0035831811313751082,-0.002977963548595906,-0.002458854989051315,-0.0017657169551348808,-0.0007638185183022274,0.000863577571894781,0.0023202114812745406,0.003174361626839827
2020-01-02,-0.006333671313610902,-0.006287046453326606,-0.0061471109727408175,-0.00593236604492425,-0.005587974230977704,-0.005216435115571783,-0.004819490901037327,-0.004365575561569495,-0.0038500915085466544,-0.0033949542718102782,-0.0027908121197128587,-0.0019033082058328675,-0.00041677187522602823,0.0009458654024651748,0.0017885019134256234
2020-01-03,-0.006033187747085194,-0.0059319250306092,-0.00573188782597212,-0.00545971496245882,-0.005073060069951229,-0.004675361180377445,-0.004259269397360039,-0.0037906584937873592,-0.0032659451062695076,-0.0028009995605915664,-0.002156337555070052,-0.001235596071937422,0.0001440366245810851,0.0014627206954014238,0.0023606565920835055
2020-01-06,-0.006975903201402586,-0.006949789655464063,-0.0068295757193702535,-0.006626301620678147,-0.006298571055946176,-0.005961807045830346,-0.005603346832421844,-0.005199470546141138,-0.004739976641025875,-0.004333195793016862,-0.003795061031782541,-0.0030120252862323926,-0.0017993525249606628,-0.0006082841681075818,0.00017859369053202685
2020-01-07,-0.006566554481002105,-0.006418226283492595,-0.006183220295188665,-0.005870302884643273,-0.005432964967930845,-0.004961919808141401,-0.004469960096125074,-0.0039383341492148565,-0.0033714399598890974,-0.0028871890749133564,-0.0022364776966141585,-0.0012672303588839278,0.00013282095444729742,0.0014742443181088778,0.0023268189217918135
2020-01-08,-0.006258486175705759,-0.005858332439772105,-0.005383707647606545,-0.004844542460611924,-0.004219777382929786,-0.0035902383232008167,-0.0029685801977951437,-0.002324233970036857,-0.0016748318850771282,-0.0011388192725928499,-0.0004340142030842655,0.0005404419245018904,0.0022225306651830054,0.0035850853004991603,0.004422108578085645
2020-01-09,-0.0069041418109962276,-0.006778977224824831,-0.006579968465546919,-0.0062982946288391815,-0.0058850473793950475,-0.005422173752788551,-0.004928356125240243,-0.004396672799334768,-0.0038382864638558073,-0.0033568698566058316,-0.0026852084246054907,-0.00181862814820022,-0.0004098395611422097,0.0008305288632328401,0.0016803441570729543
2020-01-10,-0.006754328459605802,-0.006678764611180351,-0.0065533958074745855,-0.006363065113118316,-0.006050724365485859,-0.005708573577245026,-0.0053400289341507525,-0.004924681799223481,-0.004458743891987012,-0.004034473261442261,-0.0033980557667055433,-0.002573801903857564,-0.0013136557499214695,-0.00015511627694257766,0.0006716247389301074
2020-01-13,-0.006973163872566758,-0.006774314254170884,-0.006510622695771345,-0.006165006183115537,-0.005690512554049494,-0.005160522818905228,-0.00460004873331968,-0.004005811160383356,-0.003397646309157386,-0.0028724730693601083,-0.0020980141827067478,-0.000989111103595288,0.000441354510494558,0.0017878498887797826,0.0026326516229913137
2020-01-14,-0.007408908577295016,-0.007190888348797866,-0.00688938735395611,-0.006483830620612062,-0.0059328955130746736,-0.0052915185355418915,-0.004598208468472502,-0.0038765499273644244,-0.003163564817433532,-0.0025573617207737638,-0.0016770344998081905,-0.0005141671231794732,0.001273278900488846,0.002765371062324144,0.003599927971182743
2020-01-15,-0.007009875497364293,-0.006788385475019813,-0.006532745440168147,-0.00620932837150424,-0.005759951150364825,-0.0052478314333036895,-0.00469878478536479,-0.004116094279800377,-0.003523313696069773,-0.003006288121057664,-0.002203926132864605,-0.0010519404278147852,0.0003193623831414102,0.0016549728344232221,0.0025139593387662543
2020-01-16,-0.007052598375110714,-0.006798537408027339,-0.006569406126843305,-0.006301731375594798,-0.0059372736911406715,-0.0055222682542666116,-0.005076473830638871,-0.004593495058406377,-0.004085327005873578,-0.003634419552274975,-0.0029542708881583443,-0.0020783327322405416,-0.0006594461750325576,0.0005546700125312577,0.0014136071089418934
2020-01-17,-0.006801791998585283,-0.006455318194693904,-0.00612579729184522,-0.005756390954950483,-0.005298504807658137,-0.00481185775181403,-0.004294395339449802,-0.003744543036748769,-0.0031838789614653147,-0.002696270671980407,-0.0019353598434406134,-0.0007898108566898317,0.0005335154313396572,0.0018557648374888601,0.0027290171421181716
2020-01-20,-0.0073371454762174455,-0.00705028260891151,-0.006804919832203718,-0.006522180579968536,-0.00613666737678372,-0.005697295722256527,-0.005216212534426318,-0.0047030570843738274,-0.00417107187209019,-0.0036974855901210496,-0.002948693886813676,-0.0021045379249716844,-0.0006521671136656003,0.0005449221694564903,0.0014108058940857625
2020-01-21,-0.006693547810711118,-0.0063101436157549035,-0.005971001698093229,-0.005611151597697451,-0.005181633021780385,-0.004732024268898803,-0.004270496977333932,-0.003777873829257725,-0.003268805424938549,-0.002833968780050433,-0.0022108592783763466,-0.0014036335674888604,3.2521366513919674e-05,0.0012356703848975489,0.002083472716457977
2020-01-22,-0.0069321327933545744,-0.006480665749318654,-0.006079747596711213,-0.00565760357028519,-0.005167031804745485,-0.00465836098474779,-0.0041450104867209155,-0.00360543108253025,-0.0030610934040875446,-0.0026071876798328176,-0.0019983635629287006,-0.0012572464862079945,0.00030793829640422495,0.0015222371866766519,0.0023678491211852936
2020-01-23,-0.006709729725574878,-0.006146983593361361,-0.005597373044704543,-0.005008965053244391,-0.00435216553642756,-0.0036816027189857793,-0.0030013503737479487,-0.00230639730746077,-0.0016408065429810727,-0.0011002666076444863,-0.0003550905213867553,0.0006555110682368961,0.0023839147815719617,0.0038309565456606932,0.0046607820778804135
2020-01-24,-0.0070526482016360454,-0.0064544236819541224,-0.005830615622254117,-0.005142424968113347,-0.0043603610132454465,-0.0035743956317253367,-0.0027912343373543615,-0.0020105336892452747,-0.001277802113134527,-0.0006816871763512659,0.00014729983005469982,0.0012358414042744274,0.0030309962353909357,0.004632061608113276,0.0054095209102784664
2020-01-27,-0.00667402338394953,-0.00622256213674548,-0.005745059954750145,-0.0052087674106044285,-0.004570486088370093,-0.0039220498899739525,-0.003256306382170428,-0.002580834864767101,-0.0019307691227226302,-0.0013917930888587323,-0.0005803094078811758,0.0004942214552897221,0.002106943439892397,0.003588020597769966,0.004389981941514996
2020-01-28,-0.007148972195442323,-0.0065786292030600825,-0.006049256567348325,-0.0055049034023836214,-0.004892053022474531,-0.004255186836883179,-0.003614728623873812,-0.0029652850824271352,-0.002342507499954195,-0.0018345339379746885,-0.0011503941179208089,-0.00026283745540523764,0.0013880138756559761,0.0027842058944139237,0.003593106753094895
2020-01-29,-0.006822799163915324,-0.0061646750916381,-0.005570726693480436,-0.004964677031810622,-0.004303333428665803,-0.003627769721476562,-0.002946594463933913,-0.0022622102358181998,-0.0016199150135771526,-0.0010982736487779219,-0.0003605104435240548,0.0006534422860679605,0.002259052042279359,0.0037301688582648714,0.004512993707801727
2020-01-30,-0.00687721020721964,-0.0060831919920902675,-0.005366612383112901,-0.004654923680217051,-0.003913206266418479,-0.0031836778320794433,-0.0024684311560159112,-0.001756789427141563,-0.0010914236661629362,-0.000564300209484164,0.000116268376518991,0.0009921715205350903,0.0027493749042446823,0.004248034358048571,0.005023438288732347
2020-01-31,-0.006715556632789256,-0.00632798269092647,-0.005908707650225994,-0.005408603874315576,-0.004791359571357977,-0.004095426218027001,-0.0033651292536736686,-0.002628637609033168,-0.0019294216421237606,-0.0013681851219272596,-0.0004704148159370526,0.0007979866718819923,0.002237826666726468,0.003769568484198927,0.004559425523904974
2020-02-03,-0.00703058379951525,-0.006730738261062788,-0.006411292949256482,-0.006017262204042658,-0.005508046673499598,-0.0049024080082074786,-0.004270419243184095,-0.0036149206825382553,-0.0029712752253233466,-0.0024429438328780694,-0.0016929792939918,-0.0009588945363828614,0.0009902115545174846,0.0025458509603035304,0.0033090550712222186
2020-02-04,-0.006133047800462034,-0.005794300823547893,-0.005363445162786439,-0.004862670044430024,-0.004282065049042218,-0.0036714971775285883,-0.0030768629992974127,-0.0024688176205969557,-0.001869077113334318,-0.0013910578796027667,-0.0007415827369957285,-0.00010148735101724016,0.0017688080390886557,0.003226906744045444,0.004002428320896056
2020-02-05,-0.006478858021859743,-0.0065217199249616685,-0.006397065499612216,-0.00610984999611352,-0.005621872901175998,-0.005027621090464611,-0.0043844016743936325,-0.0037351668949239143,-0.0031229637638212314,-0.0026067570950555237,-0.00161160788290033,0.00014299780804912833,0.0007827514877977145,0.002026866692380505,0.00285656532195169
2020-02-06,-0.006647381326394049,-0.006660224455680776,-0.006524462746999278,-0.006253317283944856,-0.005810134710856667,-0.005268832334798627,-0.004696585438501628,-0.004099758607139593,-0.003505761453678629,-0.0029912738797951586,-0.0021474733558266342,-0.0011544771771755842,0.000563331714631814,0.0020081664695188505,0.0028223508666998403
2020-02-07,-0.006457299473075038,-0.0064580961780866825,-0.006297309889953361,-0.005997010511059235,-0.005534432076287754,-0.004991895328670857,-0.004430213198706068,-0.0038434485303140307,-0.0032608582273361483,-0.0027589987551667155,-0.00197392604555789,-0.0011342623706946818,0.0007155583980089067,0.002125973931699,0.002947359587707914
2020-02-10,-0.006403833337444527,-0.006295537119470255,-0.006028314207538333,-0.005636030034630499,-0.005110160159487566,-0.004540258751380626,-0.0039710814438530355,-0.003386129298858948,-0.002807562616976931,-0.002324704361170769,-0.0015970254523508067,-0.0007457380181848236,0.0009710213223743844,0.0022930303015297627,0.0031091198328765763
2020-02-11,-0.005928077545015049,-0.006101454680494781,-0.006092295614903588,-0.005925172884602089,-0.005569856537888626,-0.005109138800132388,-0.004614867148528854,-0.004091975579507803,-0.0035676350634014286,-0.0031075091504380245,-0.0022852799069621507,-0.0011840514907528502,0.00039414558040608587,0.0016143542087720245,0.0024692950250237624
2020-02-12,-0.005986681939992304,-0.005903958527654463,-0.0056492873627428655,-0.005257300076776892,-0.004718307393221667,-0.004112949680462937,-0.0035032314435923723,-0.002884709126309217,-0.002289325135662425,-0.001788598492285538,-0.0009801220444439242,-2.1759275476265815e-06,0.0017163149104655689,0.0030372888059836483,0.003890716988152695
2020-02-13,-0.006231354900983603,-0.006360323391283019,-0.006319797480282068,-0.006134352479904912,-0.005776682970048098,-0.005332295199917822,-0.0048635980080409865,-0.004379487331148357,-0.0039009434780845976,-0.0034806328588313736,-0.002709284475973966,-0.0016288858190446594,-0.0004279836142856916,0.0006667400088177962,0.0015111843990076564
2020-02-14,-0.005644894822325163,-0.005583021124981488,-0.005370248777061888,-0.005039529592067844,-0.004582187330437216,-0.00407492272932668,-0.003575737143717943,-0.0030621930145451367,-0.0025517501759248027,-0.0021133875085393686,-0.0013949965744739542,-0.0006113185702118975,0.0010161612921665035,0.002218905237281036,0.003063820901649616
2020-02-17,-0.006232200968047272,-0.006534282634463578,-0.006629573272092362,-0.006547023889471217,-0.006242200476084866,-0.005798117950989862,-0.005295213856633427,-0.004759407840358402,-0.004221426399209752,-0.0037331649226722058,-0.002846428244820162,-0.001804255951012735,-5.373166853985347e-05,0.001330256321446182,0.0021808686348702413
2020-02-18,-0.0056267428172100615,-0.0054950711755745495,-0.005202223266685042,-0.004791048673441685,-0.004260291575427894,-0.00369682308227047,-0.003148270392734115,-0.0025913556292545864,-0.0020473110751374644,-0.0015807114186709274,-0.0008311461979269205,7.4963553279230205e-06,0.001761409692174321,0.0030606905373584507,0.0039038584758609805
2020-02-19,-0.0055053863434209325,-0.005464508992279351,-0.0052525223957478814,-0.004901323376028755,-0.004393937853909517,-0.003811040642912359,-0.0032199648810848874,-0.002616532778176618,-0.0020266969949462943,-0.001518758169399557,-0.0006938855311642805,0.00023630434813800747,0.002175697852615125,0.00363781806908095,0.0044849935349990325
2020-02-20,-0.005550645861742508,-0.005515733147025817,-0.005327257272416132,-0.00501550903986629,-0.004563501445310847,-0.004051445915187675,-0.0035378663507283138,-0.0030090540884662323,-0.0024880498155082976,-0.002038513986000084,-0.0012947071845899084,-0.00039441990787975967,0.0012532189532169363,0.0025304488368724015,0.003380134900141391
2020-02-21,-0.005959719048713948,-0.005946839738890059,-0.005798109231266467,-0.005528860560758152,-0.005119904539923423,-0.004644896183829989,-0.0041714589651107616,-0.003688105582778986,-0.0032101101731146723,-0.0027868497488557535,-0.002056324806303648,-0.0010994170630429386,0.0003350352961635646,0.0015217696358538284,0.0023722502097996145
2020-02-24,-0.005528670688253483,-0.005720058041828329,-0.005770783383115794,-0.005685630003658885,-0.005425857935731635,-0.005055959439040586,-0.004661667547475402,-0.004237291736234434,-0.0037969365776603066,-0.003379952418364944,-0.002584157933883816,-0.0016252913649574335,-6.100186700529675e-05,0.0011981211443799031,0.0020876644976318783
2020-02-25,-0.0058741970876955716,-0.005958505411004967,-0.005912731786720705,-0.005743718882860051,-0.005412725711820963,-0.0049788853394405475,-0.004530932925198382,-0.004061337484364728,-0.0035884216819521324,-0.003156272262955459,-0.0023868509425194664,-0.0014284696093821952,0.00016946414669998747,0.001471432309949631,0.0023395399405338304
2020-02-26,-0.004989129346128858,-0.005217612311408473,-0.005333969279486588,-0.005338371486799355,-0.00518608079399706,-0.004925866494023974,-0.004648144256107446,-0.004321407791727807,-0.003948891741517855,-0.0035835040492106667,-0.0028974094860437184,-0.002191869054662231,-0.0005243672360980079,0.0006574167254254034,0.0015622546807358155
2020-02-27,-0.006141126769917549,-0.0063997738817237965,-0.006491741960834016,-0.006440016243472626,-0.0062012003058707875,-0.005835682752441723,-0.005430260789291961,-0.004983324517866025,-0.004511412171166146,-0.0040612496093682515,-0.0032628194748232217,-0.0024767457876810057,-0.0005924900945799162,0.0008105446826866818,0.0016724447777032151
2020-02-28,-0.005587587605143466,-0.005868753646444645,-0.005969290864429152,-0.005916356958407045,-0.00566295178086689,-0.005265338332585978,-0.0048179140271834885,-0.004330116091667974,-0.0038266959355337743,-0.0033473087628148285,-0.002427377680480305,-0.001453799653617055,0.0004257251149958957,0.001962976318529892,0.0028382674623661447
2020-03-02,-0.00531117726607022,-0.005663723741056373,-0.0058249037673961035,-0.005823607665459722,-0.00561681399286589,-0.005256839316543175,-0.004850045932731294,-0.004393311476711914,-0.0039061063825228024,-0.0034380838020644216,-0.002563138677329348,-0.0017333647543817292,0.00028896614198821273,0.001845302285783508,0.002717497800963159
2020-03-03,-0.0064584316251536595,-0.006832039700765755,-0.007002844403670165,-0.006996410508093181,-0.006803311037572854,-0.00646371426335111,-0.006073135845775274,-0.005632899614994966,-0.005132550905682297,-0.004649736185452793,-0.00386123643399387,-0.0034318578924925408,-0.0012544153629108178,0.0002648607927665642,0.001098436750311885
2020-03-04,-0.0058272454547788075,-0.006209043971474089,-0.0064088008003474785,-0.006438043836894755,-0.006294405540071479,-0.006013552059734766,-0.005688893396963631,-0.0053120183780557065,-0.004865143739644081,-0.004422622775242545,-0.0036432978525396745,-0.003151049994374199,-0.001220804297350459,0.00018648167878687616,0.0010465174267538138
2020-03-05,-0.005699720674087831,-0.006004060883550595,-0.006129600030283207,-0.006090116859901767,-0.005884689563720934,-0.005562119050658126,-0.00519415987350131,-0.004784294144762824,-0.004320207743209389,-0.0038704637998731445,-0.0030272174382488114,-0.002222765794547775,-0.0006188174254905554,0.0007341905635784396,0.001563413210220224
2020-03-06,-0.005952130310992226,-0.006159541298219232,-0.006187360161697764,-0.006052162436356092,-0.005764075126998366,-0.0053778057846122565,-0.00495371591037147,-0.004500204512789542,-0.004010229861533368,-0.0035462184419090864,-0.0026608525684349705,-0.0016669268384641538,-0.00029200665168826155,0.0010162359228076462,0.0018685649010451192
2020-03-09,-0.0057129210755577885,-0.006143366461213563,-0.0063830844210061325,-0.006444046977582245,-0.006316878447161158,-0.006036619491686832,-0.00568649328246803,-0.005284829797130411,-0.004819198948674473,-0.004355587836354094,-0.003458021984181498,-0.002661729115113272,-0.0008740245975420377,0.0005734488733866664,0.0014440710749832972
2020-03-10,-0.0055686055780238605,-0.005932144526752885,-0.006112634237896315,-0.006121278063234266,-0.005951117349532063,-0.005624876465788098,-0.005235584503145908,-0.0047938920969938115,-0.004290618429112878,-0.0037943794164535293,-0.0028737738023353445,-0.0021125109253849316,-9.120897134522405e-05,0.0014888059308310435,0.0023548802185471883
2020-03-11,-0.0060130923296183025,-0.0059812495047909964,-0.005798057016605407,-0.005495021678472033,-0.005091040555590516,-0.0045944819619783625,-0.004076364465212959,-0.0035348755690841355,-0.002963054137540279,-0.002445223557743236,-0.0016215435604817838,-0.0010595808091200991,0.0010423832076087605,0.0025985250179342925,0.0034464753600083574
2020-03-12,-0.005882233074301572,-0.006018701358238083,-0.006003141289150947,-0.00585311054067462,-0.005566901856648807,-0.005152464563738213,-0.004685374503577446,-0.004178664154479494,-0.0036253124880378635,-0.0031100430415015802,-0.0022401453149882003,-0.0016078980067752275,0.0004744109506150422,0.002039592562407113,0.0028945664792548783
2020-03-13,-0.00579855841951905,-0.005983758222360019,-0.006033553018518959,-0.005942608173304628,-0.0057331227173142195,-0.005413687137062603,-0.0050736350649323745,-0.004661509772108515,-0.0041957875053403575,-0.003734086472411148,-0.0029536904510981798,-0.0024709687734203517,-0.0004966046898990961,0.0009190466282150091,0.0017919875896430478
2020-03-16,-0.006680908602597787,-0.007108513979547961,-0.007382711155779711,-0.007489409925079076,-0.007439232582529437,-0.007247071094054885,-0.00700977449873689,-0.006691627922433549,-0.0063011080310271025,-0.005888798255951797,-0.005164176880457494,-0.004735649835597442,-0.002945874005071426,-0.0016662925330991462,-0.0008120700016374051
2020-03-17,-0.0063728827161554265,-0.006509032858472072,-0.006474666702355316,-0.006273418536597254,-0.005932252800123751,-0.005474706515172215,-0.004990386682986821,-0.004453630588731882,-0.00389917778681882,-0.0033884758105083065,-0.0025020129326702176,-0.001645997667867047,4.589341395499439e-05,0.0014995719545338793,0.0023565848562877066
2020-03-18,-0.006038600731668923,-0.0061465833195460525,-0.006126970435198893,-0.005975135668065372,-0.005721853647879718,-0.005377678335050146,-0.005028463326115064,-0.004614281893149492,-0.004147464640066833,-0.003697498798924872,-0.002986032528310094,-0.0026359438957972497,-0.0005962658262999199,0.0007789134884929904,0.0016429608079952783
2020-03-19,-0.006386886532893971,-0.006691329409845295,-0.006817921585041267,-0.006761256359508255,-0.006522695363678022,-0.006104712565071583,-0.005624101400405415,-0.005074167169273206,-0.004492555704771219,-0.003940535206664903,-0.002991597194209439,-0.0022482324836939765,-2.0357175278786638e-05,0.0016548817933428489,0.00252187973561798
2020-03-20,-0.0061907066900571735,-0.006592554439171337,-0.0068544382410075985,-0.006954825166565681,-0.006889051121604854,-0.006666230050346338,-0.006388362282623465,-0.006032476200932034,-0.005620115109190808,-0.005196516083937472,-0.004386509867590778,-0.0036661563877561885,-0.00205515610838379,-0.0007910538380972629,9.892933698966294e-05
2020-03-23,-0.006388899488797674,-0.00654554802047022,-0.006586484865624768,-0.006493060774948831,-0.0062950089180080805,-0.006015240018116836,-0.005722266081180518,-0.005377400807501497,-0.004992270789835737,-0.004616446679538218,-0.003938905597562865,-0.0033005018247224335,-0.0019576773883133746,-0.0008384900530221773,-5.2207072597496886e-06
2020-03-24,-0.006386974544269882,-0.006784325549886666,-0.007084391844051561,-0.0072597108936928315,-0.00730253616052171,-0.0071948976053022445,-0.007041193939484387,-0.006803536947015726,-0.006491805875577397,-0.006151531857008187,-0.005519171060262951,-0.005154722775541392,-0.0034259578870282654,-0.002249227621364422,-0.0014109653180269304
2020-03-25,-0.00656610771139352,-0.006869943919982217,-0.007069378982089555,-0.007134719694683735,-0.007061346644547292,-0.0068351920816681,-0.006562106287643704,-0.006216723317604569,-0.005817068156397657,-0.005414654343933657,-0.004674673719036357,-0.004124317643136193,-0.0023717863628249826,-0.0010686238681218655,-0.0002585626788629508
2020-03-26,-0.007043139189560824,-0.007367912087693986,-0.007582360259088827,-0.007658757257596896,-0.007590651626178883,-0.007362098538384239,-0.007086686571499506,-0.006738820735670631,-0.0063412195013157644,-0.005945061736129018,-0.005238877022725904,-0.004678996033417582,-0.0030212426613342057,-0.0017751503827724917,-0.0009689473630693454
2020-03-27,-0.007246948941643075,-0.007558411054662054,-0.007749281832190152,-0.007809811223495376,-0.007737795750847375,-0.007518059909577197,-0.007256959943741259,-0.006915254627607816,-0.006524685010627974,-0.006129150441522248,-0.005413543254068343,-0.004865335433030427,-0.0032403728556956147,-0.0020128409331021816,-0.0011938103863309386
2020-03-30,-0.006854286737055313,-0.007154577846419219,-0.007304472122454938,-0.007317511593760297,-0.007224914990410749,-0.0070288911843165705,-0.006808773146213851,-0.006511738948887326,-0.006155174666815224,-0.005793339918524265,-0.0051491426713350654,-0.004730387166170708,-0.0030132171520598464,-0.0018269861897589027,-0.0010037065059202324
2020-03-31,-0.0078196665753557,-0.008228283615883146,-0.008408175860025412,-0.008390372189733398,-0.008230482463597092,-0.007933746969114051,-0.007593793903289155,-0.007187046670190068,-0.006743949943298131,-0.006320432973090986,-0.005578765679353406,-0.005047927168926346,-0.003306114831368753,-0.0020043519218901334,-0.0012076960198447008
2020-04-01,-0.0068923040087689675,-0.00740329930512739,-0.007695911072122377,-0.00780054819419195,-0.007756402440058938,-0.007570724824943988,-0.007343859995842033,-0.007037337628734973,-0.006679114142042123,-0.006314644179740061,-0.005643252666685122,-0.005240870040766185,-0.0034444064152453755,-0.002198961176266877,-0.001385384787663719
2020-04-02,-0.00680934224730965,-0.0072206478901964445,-0.007407260996656869,-0.007407226858920887,-0.007282057672889645,-0.007049726432099596,-0.00679835132386747,-0.006467970909538295,-0.00609281439710398,-0.00572329116940612,-0.005090650260566206,-0.0047330389873192005,-0.002975884437341591,-0.0017615003831691093,-0.0009300952091632906
2020-04-03,-0.007551827598086446,-0.0082098166464849,-0.008566247965869701,-0.008678570668025196,-0.008604031462658389,-0.008377733592502965,-0.008103339547464674,-0.007742913737816257,-0.007334476483085693,-0.006929650338788888,-0.006215605898098506,-0.00572883516136086,-0.0038257738004750155,-0.0024724672848102716,-0.0016624509656374548
2020-04-06,-0.007681398717870643,-0.008261009904445848,-0.008530208443888902,-0.008561732402385693,-0.008445967696728831,-0.008228246380569577,-0.007987360631039154,-0.007668662904401571,-0.0072958103829313435,-0.006932283863906944,-0.0063217172369287,-0.0060054544514026404,-0.004327031825455921,-0.003138293970204812,-0.002350933161526534
2020-04-07,-0.00952580768254549,-0.010362316217958766,-0.010860478238418481,-0.011098785837424388,-0.011172014129988521,-0.011096057066942635,-0.010970904296188308,-0.01075274820817318,-0.01046771549885345,-0.010178792562161223,-0.009694113150598031,-0.009527394988937921,-0.008048604946463273,-0.0069862670398935026,-0.006289035156053191
2020-04-08,-0.007948604930967391,-0.008439701238903016,-0.008603354334154177,-0.008488949584712571,-0.008235099875305957,-0.00789432609897862,-0.007528174867007977,-0.007103479081718759,-0.006673666782698816,-0.006311114745893264,-0.005590413913649977,-0.004715908582357219,-0.004300854627009627,-0.0033382583766502806,-0.002629642886231678
2020-04-09,-0.008362488865083943,-0.008772739991241615,-0.00887227495639615,-0.00870762616210848,-0.00844544875051956,-0.008127003287176044,-0.007805088997370765,-0.007417456643718475,-0.007009571885698555,-0.006677489385495094,-0.0062202486890536295,-0.006053467118868193,-0.0052610014270929335,-0.004389220749586321,-0.0036816191506606824
2020-04-14,-0.011468237644983349,-0.01187697713689649,-0.01189014708700286,-0.01159158457785355,-0.01119171852189096,-0.010735639523031337,-0.010264352491126987,-0.009753926934435084,-0.009245548150995899,-0.008846320132353997,-0.008423724950991142,-0.00856630501925262,-0.007011922788167294,-0.005769471216916974,-0.00520343588290165
2020-04-15,-0.00830154266276452,-0.00864263080401366,-0.00855199976454435,-0.008145533701221381,-0.007700333711790118,-0.007284755288394933,-0.0068937413294263075,-0.006467524039735082,-0.006045232260871532,-0.00571256085017968,-0.005311396197991836,-0.005309317670437438,-0.004169479235424137,-0.00314054067591604,-0.0024790441471860434
2020-04-16,-0.00882350078138762,-0.009151118057198886,-0.00902198731938985,-0.008531095014957406,-0.007901181252902888,-0.007148764133148793,-0.006311208360779975,-0.005443572921452829,-0.004629827276266792,-0.003976098391696392,-0.003074755184475678,-0.002427834661687894,-0.00031053088499629483,0.0015952044559868128,0.0022764238092673984
2020-04-17,-0.009567863192415508,-0.009553967499303994,-0.009288507012554811,-0.008875843882974044,-0.008522466201037169,-0.00815525886956419,-0.007796049605308923,-0.0073529321788807335,-0.006840423390073378,-0.006405869020480777,-0.006265276747399873,-0.007958206730305449,-0.004195471529159593,-0.0022824765968158535,-0.0017460673183342223
2020-04-20,-0.008703794877636369,-0.008449058031786411,-0.007905713861705122,-0.007137457995477359,-0.006498803483829644,-0.006036270426558017,-0.005628148078098418,-0.005229828160576705,-0.004832544001798157,-0.0045449008269892255,-0.004404121038643039,-0.00457134436838641,-0.004078035327605898,-0.0034874971984974242,-0.002804307154310657
2020-04-21,-0.0053837123977203425,-0.0054493678403749485,-0.005084172869719465,-0.004385637408722616,-0.0036941347971524894,-0.0030568824523141873,-0.002400482590162366,-0.0017417120639104397,-0.0011048922879982426,-0.000585150723576238,0.00025163655722235296,0.0011539396753702579,0.0022581375858728605,0.003726238331788056,0.004483441597851736
2020-04-22,-0.005970716941297317,-0.005917244328457397,-0.005643107195434377,-0.005215250621200621,-0.004879897791536323,-0.004620509435091491,-0.004388743647928247,-0.004090153211352764,-0.003720477678420606,-0.0033902908153629215,-0.00297402911030989,-0.00324310439065167,-0.001884611909043033,-0.0007519356890397376,-4.255102540597945e-05
2020-04-23,-0.006999254798148089,-0.0067042583269377835,-0.006154040745427967,-0.0054366329524481,-0.00480178315910751,-0.004307032591839861,-0.0038582076123758703,-0.0033967013193387705,-0.0029298159486052817,-0.002579518786679207,-0.002274357108801321,-0.0022182803733157086,-0.0012383876473905885,-0.00016277393988112774,0.0004963382645686875
2020-04-24,-0.00629312350749564,-0.006504369108183311,-0.006515846177374138,-0.006376127424517252,-0.006185255325698567,-0.005996115723132413,-0.005799290382616612,-0.005539383977956038,-0.005208545939415837,-0.004863501784879176,-0.0044128675865264776,-0.0048679684639120506,-0.00273500535780316,-0.001392235601868518,-0.0007553052536940965
2020-04-27,-0.006322698423948886,-0.006630549219614678,-0.006612404903835509,-0.0063184405882681614,-0.005950866903211691,-0.005611560234254867,-0.005247396572465717,-0.004838750940892696,-0.004380690364172415,-0.003948800690651418,-0.0033034377397943193,-0.0026906680002643773,-0.0014230269200304832,-1.0927225982037755e-05,0.0006132246165965532
2020-04-28,-0.006259678187266403,-0.006384280687614101,-0.006325098250034674,-0.006074558343525816,-0.0057272165526084644,-0.005345534162827927,-0.004960146020014964,-0.004544435187063506,-0.004117603298113328,-0.003740861913953465,-0.003173686901069534,-0.002401732187306079,-0.000864603862803536,0.00044759324854024506,0.001135621346703202
2020-04-29,-0.006630940365944366,-0.007001019972591169,-0.0071366584570790965,-0.0070320407450646435,-0.006788485654693837,-0.006500147701540719,-0.006194995085503194,-0.005833688890689964,-0.005434540418156912,-0.005062104015050907,-0.004508727856111329,-0.003991383066500764,-0.0024761039944448194,-0.0012713356511895246,-0.0005937153573288196
2020-04-30,-0.007125806035917335,-0.007799032356649408,-0.008210238283965807,-0.008385326555178782,-0.008424013611249599,-0.008402350674870232,-0.008348218799567826,-0.008193166101582675,-0.007939012274915405,-0.007641824111028734,-0.007114654513972193,-0.006783276079575325,-0.0054373860791845285,-0.004487391093806336,-0.003803777543609324
2020-05-04,-0.006741616839422864,-0.007017356667314412,-0.007096665277300011,-0.0070291224135702575,-0.006891417944163978,-0.006714283982110807,-0.006523616148135375,-0.0062329695464055975,-0.005876429031843282,-0.005535636040990705,-0.005114512793229437,-0.004880683104567925,-0.003089469865411745,-0.001962433203746197,-0.0012874019802128415
2020-05-05,-0.007306657755390574,-0.00790640171284353,-0.008332688930668422,-0.008560680528368926,-0.008620881733005355,-0.008541260252509725,-0.008408095753983411,-0.008192045583723339,-0.007906801037175192,-0.007596336371344541,-0.007016062915209183,-0.006600364781505967,-0.005044391835588795,-0.004008211368038607,-0.00330301562849385
2020-05-06,-0.007454234671768104,-0.007744765838073115,-0.007907471535121814,-0.007954301452990843,-0.007931697404808185,-0.007790445729161296,-0.007618514450408656,-0.007344976774025628,-0.006986825827445211,-0.006631268120985352,-0.006253844414879079,-0.006856448354298293,-0.003975138901758817,-0.002577156046625315,-0.0019109014822489851
2020-05-07,-0.006594942845561206,-0.006863082575175804,-0.006943923186160094,-0.0068397804156598505,-0.006642221914314969,-0.00636341144992209,-0.006056012204967933,-0.005693387352508505,-0.005299128471355103,-0.0049268261860733655,-0.0042642108794775264,-0.00398537254276331,-0.0027589971924137937,-0.0017503633639738862,-0.0010484913133252045
2020-05-08,-0.005352775149191848,-0.005673885321493342,-0.005826290770840722,-0.005802279120463254,-0.005701969830821168,-0.005515781041478965,-0.00530113727159206,-0.004994758380735843,-0.004618837724701647,-0.0042444617993891605,-0.0035917869355167782,-0.0033800141288890385,-0.0020055176962494497,-0.0009380549466341528,-0.0002046260394468675
2020-05-11,-0.00498873845048491,-0.005239757433434265,-0.005263817855647915,-0.005060628992686944,-0.004703567715052174,-0.004210937478021211,-0.0036618919318768435,-0.003065014240974325,-0.002472976198329144,-0.0019267810016565814,-0.0008703361696914781,0.0001605423117869557,0.0013382061334321622,0.0025226899896195996,0.003298739744859504
2020-05-12,-0.006129416087205774,-0.0064689076940593684,-0.006670353589659733,-0.006711398165967355,-0.006621777799246619,-0.006375399862055883,-0.006079647470019857,-0.005703782355694312,-0.005278646764485568,-0.0048425629395504365,-0.0040245726780815914,-0.003832210727756301,-0.0022733987047052493,-0.001233802305351881,-0.00040634596230708885
2020-05-13,-0.0057622070112552555,-0.005818528744458594,-0.0057552663350128284,-0.005604847352647556,-0.005360409128744421,-0.005016810124611672,-0.0046531934030789365,-0.004244858654046471,-0.003819115958987593,-0.0034115409499654594,-0.002569718061841967,-0.002127772027604918,-0.0013676886188024638,-0.000692179669241272,7.83792513643607e-05
2020-05-14,-0.005498198696010793,-0.005665089388707653,-0.005701792324568965,-0.005643181224621117,-0.00546295763631758,-0.005157706317906663,-0.004816905547885194,-0.004414554480835468,-0.003985225756486053,-0.0035604294040054705,-0.002648344143857052,-0.002027957205703031,-0.0009953776208547673,-0.00014112210967644114,0.0006201920203452943
2020-05-15,-0.00622328864755309,-0.006456502380163121,-0.006568774677478712,-0.006590927550223308,-0.006484739172565965,-0.006251860612550622,-0.005984982808025457,-0.005648124932343564,-0.005271310268684663,-0.004886188301623418,-0.0040432835080126475,-0.003598828102012888,-0.002842517504548902,-0.0022111744243202306,-0.0014180576384613362
2020-05-18,-0.006849156619269072,-0.007186770523552139,-0.007401552424293789,-0.007515867376542253,-0.0074584312304115516,-0.007202419876918099,-0.006875992798922195,-0.006473998206781008,-0.006043945139998358,-0.00562202390083996,-0.004739917084605914,-0.004173646179449112,-0.0027308288638016112,-0.001653890185101533,-0.0009440091167476058
2020-05-19,-0.005883573919501884,-0.0060360896079844385,-0.006064873493423513,-0.006017762569464009,-0.005864633876737284,-0.005585070290532026,-0.005276482467845292,-0.004908568891662532,-0.004518467755084562,-0.004141595197734326,-0.003300546075625004,-0.00275698524524083,-0.0016837251521528947,-0.0008865146978889254,-0.00011182592224680851
2020-05-20,-0.006297529924928019,-0.006427509996950541,-0.006405211928908681,-0.006291235034734253,-0.006067380369924634,-0.005719366842744313,-0.005336421766870296,-0.004908901872966036,-0.004472542498009684,-0.004066848227913859,-0.0031679203398047137,-0.0025382980523866168,-0.0014197690676037193,-0.0005786619605759008,0.0001724806176071536
2020-05-21,-0.005786824838849462,-0.006463595614632648,-0.006974202972127418,-0.007357946247232668,-0.0075296759425353965,-0.007434884207474884,-0.007225967792859375,-0.006914419105159894,-0.0065454829566341174,-0.006142060654375563,-0.005079297421492405,-0.004270474870577622,-0.00292249916665105,-0.0019401715239603175,-0.0011567384543489942
2020-05-22,-0.006081441240701343,-0.006462130446559362,-0.0067046744454147674,-0.006842612885763312,-0.006834920214920578,-0.006644310857564864,-0.006376004031655391,-0.006027024556738626,-0.005631784620887037,-0.005224367970584657,-0.004209762991225137,-0.0035188329413559523,-0.0028387438197251917,-0.002192813900048613,-0.0014209942910421948
2020-05-25,-0.0071180464765120835,-0.007320616120153554,-0.007353091720158987,-0.0072842353633177145,-0.0070779072117312675,-0.006704215598087326,-0.00626153701232979,-0.00575798848037545,-0.005251698753971914,-0.00479494599323031,-0.003887707269495349,-0.0033533760979459763,-0.0021183834085958435,-0.0012129413808650727,-0.0004784884683389868
2020-05-26,-0.006085892890714846,-0.006625126144358637,-0.0069381721551136765,-0.007106695386118048,-0.007075392639925241,-0.006822551822402372,-0.0064687467680807735,-0.0060347618021635045,-0.005573054204366748,-0.0051220309246368684,-0.004029844116440954,-0.0033018015972562983,-0.0022922396277403473,-0.0014167175729866781,-0.0006337065828630041
2020-05-27,-0.0053419089303541846,-0.005650986792408797,-0.005734659433196159,-0.005677895875602079,-0.005470364298834261,-0.005116973273959635,-0.004702126532599607,-0.004222859226075111,-0.003717288571268224,-0.0032331070547011163,-0.0021561567471672875,-0.0014926367102299919,-0.000307769954598774,0.00060246673957846,0.0013682906797904642
2020-05-28,-0.006188381461258422,-0.0066868908391652555,-0.0069585526924663115,-0.007081711478123788,-0.00701247644513958,-0.006747352263495362,-0.006406334494507344,-0.005999217866668192,-0.00557342152516042,-0.005163681706504924,-0.0041648201139833484,-0.0033495941783161466,-0.0024661021267050496,-0.0016831305605595885,-0.0009502188960806455
2020-05-29,-0.007130222167872278,-0.007822757451622505,-0.008233476650175152,-0.008456275931927057,-0.008452657058119357,-0.00824571607695166,-0.007954330467362849,-0.0075855721255140805,-0.007188257310092743,-0.0067987796636615775,-0.005904193870001257,-0.005307436731147844,-0.0045094656311816155,-0.0037020482329425007,-0.0029995360179390406
2020-06-01,-0.006458286683174787,-0.007375456369295591,-0.007916722416958191,-0.008218410442160293,-0.008237099723705829,-0.008016399821217874,-0.007713332917507367,-0.007339269622179605,-0.006944536219047803,-0.006551759218755075,-0.005530490355988212,-0.005001802190724953,-0.004192888073987608,-0.0032276353772836323,-0.002521740376342167
2020-06-02,-0.006037831981714895,-0.006443554442606087,-0.006547214163473086,-0.006478541388557949,-0.0062463621938331475,-0.00595051352872226,-0.005670154630459662,-0.0053491924328973595,-0.00500916071257139,-0.004684103037553854,-0.0039493105707033484,-0.0038668247282333344,-0.003174350891849532,-0.0025192571638069225,-0.0018390255689943438
2020-06-03,-0.007312778885387204,-0.008231665280614366,-0.008753291958534415,-0.009021996470810452,-0.00898305440802136,-0.008722420274299132,-0.008388584965454169,-0.0079884121044625,-0.007571382106709969,-0.007156420493941503,-0.006165023950279889,-0.005520356153801412,-0.004494862297143973,-0.0035229720531761146,-0.0028334046709335295
2020-06-04,-0.006882489986772374,-0.007597210701960165,-0.007956410857892575,-0.008075356985044047,-0.007929456583050085,-0.007621737415738445,-0.007261806886690451,-0.006850955332309577,-0.0064182289247613575,-0.0059905702739475155,-0.004999473425313113,-0.0045226820783105465,-0.0035499912714969956,-0.0027496168370192975,-0.001983800063840792
2020-06-05,-0.007267648027146862,-0.008070459426138576,-0.008516568571364229,-0.008732509292116622,-0.008666934739755763,-0.008396010468542749,-0.008064642267027845,-0.00766971881869728,-0.007248921039712469,-0.0068272465511675425,-0.005877178556070176,-0.005529332968901257,-0.004160074946601127,-0.003137741221944916,-0.002404000761453049
2020-06-08,-0.008081731109897518,-0.00901005659252232,-0.009575028703948697,-0.00988058163653706,-0.009865339736163242,-0.009604735785798115,-0.009270141259158114,-0.00887994055005341,-0.00847502919792484,-0.008071741023956976,-0.007120045552974748,-0.006742115933876392,-0.005520611295203877,-0.004606564791060133,-0.003906999040925023
2020-06-09,-0.006412722802501733,-0.006987327015486051,-0.007205859288246113,-0.007205609237223875,-0.006974945594878258,-0.006590626445391285,-0.006171404592675502,-0.0056923986477536905,-0.0051985250965711875,-0.004736004341892188,-0.0038045608754985407,-0.0035390361118432918,-0.0018731759008766397,-0.0008164072973770396,-7.531245922510945e-05
2020-06-10,-0.008843514536544278,-0.009414333546522324,-0.00967270946570305,-0.009714050036379257,-0.009489603873108671,-0.009062991142689021,-0.008591445058532451,-0.00808576524801573,-0.0075987901622690465,-0.007173204134636755,-0.006370326314414886,-0.006224639653439757,-0.004991314780314223,-0.00419752726636668,-0.003494346271262179
2020-06-11,-0.007993968179770133,-0.008446760866757025,-0.008570063910896571,-0.008478944108253542,-0.008151080797897087,-0.007657172256254967,-0.0071397245094133276,-0.00659237294433109,-0.006068458867594826,-0.005616295492872382,-0.004738475689614063,-0.004516424858543763,-0.0033774075526968794,-0.0025978942685865045,-0.0018401771026481978
2020-06-12,-0.006781130419811615,-0.0073223380307579165,-0.007527904293412315,-0.00748726432421554,-0.007216700572852901,-0.0067654444645957245,-0.00627742525588366,-0.00575102023424221,-0.005233604462225559,-0.0047655375759938995,-0.003758013654421225,-0.0033262649853028677,-0.0021980029128996926,-0.0013208519421679186,-0.0005442554803502147
2020-06-15,-0.006989062480025638,-0.007570262768115982,-0.00782383232143593,-0.007852968583355553,-0.0076661993485725635,-0.007286865631517578,-0.006861059686698979,-0.006373454195035761,-0.0058772689636315606,-0.005413882305923047,-0.0044270984520903,-0.004180377692728033,-0.0028551971465945263,-0.001918953379940165,-0.0011494346308992677
2020-06-16,-0.006995679356810953,-0.007767768742691421,-0.008210050330602969,-0.008424888494307187,-0.00839403756043562,-0.008118350706099295,-0.007774399992557637,-0.0073591929536714114,-0.0069227299757491905,-0.006493278778604276,-0.005465741373572388,-0.005230629580032452,-0.0039499549086369785,-0.003071459510103771,-0.0022855929499169224
2020-06-17,-0.00594252952492201,-0.006440462214005073,-0.006685363764023142,-0.006747861731581989,-0.006622688606337775,-0.006304698675293753,-0.005941506385211396,-0.005518312091077826,-0.005075965613466519,-0.00465343606253808,-0.003649620427053281,-0.003359602081126436,-0.0022146976082333732,-0.001371361146730817,-0.0005777382973523164
2020-06-18,-0.0062912529762835425,-0.006938776694562119,-0.007311288063864057,-0.007476659972214341,-0.007406366445523283,-0.007106331277978212,-0.006736387375596374,-0.006301597710843101,-0.005850287800819546,-0.005412513080818989,-0.004378137817491916,-0.003923987532794383,-0.0026503951615824105,-0.001742686015443435,-0.0009475140458721932
2020-06-19,-0.005629007517276045,-0.006025580495284207,-0.0061698274860646106,-0.00615050967498204,-0.005978882772466912,-0.005654620276978821,-0.005305261784134941,-0.004884338160157915,-0.004425463422469843,-0.003981621720844701,-0.003042443475775832,-0.003053093709264121,-0.0013385987586800306,-0.0004126595044798818,0.0004030086245551819
2020-06-22,-0.006555516026790729,-0.006661160342209612,-0.006554234411804769,-0.006306123437852651,-0.00593419383019895,-0.005426857148328995,-0.004906476411553697,-0.004348407414776689,-0.0037950224745426954,-0.0033107812668588792,-0.0023699967420464456,-0.002268057397140802,-0.0006310900819617511,0.0003134484943731616,0.0011104405086683159
2020-06-23,-0.005762327680003767,-0.006478242238555861,-0.006933626871219601,-0.00720260820897325,-0.007255261211234072,-0.007078423291560306,-0.006822600326218825,-0.006476404471319581,-0.006072275179369686,-0.005648724441716971,-0.004615676787706441,-0.0045094289387404285,-0.002825013121541306,-0.0018886989989277216,-0.0010552198224039633
2020-06-24,-0.006357645345477949,-0.006539473399843962,-0.00650627587146409,-0.006333822390984321,-0.006038968580879166,-0.005607123845750462,-0.005157251697772688,-0.004674737651921875,-0.004197309879710125,-0.003762404406576221,-0.0027949847013237768,-0.0025879326941546294,-0.0013921864165513803,-0.0006706769573772425,0.00014467022886356575
2020-06-25,-0.0058381003562037025,-0.006271114734571736,-0.0064950517177185104,-0.006563377479193138,-0.006471222597606913,-0.006209835147121531,-0.0058658610057368095,-0.005457384884215438,-0.005027246324593931,-0.004617687548363393,-0.003798218700942479,-0.0033699703050604195,-0.0016715325835261821,-0.0004504813963236813,0.0002883329850629755
2020-06-26,-0.005361850082563547,-0.005579783043718562,-0.00564153161637128,-0.0055968118267536405,-0.005431308832225629,-0.005118803399475672,-0.004787986402890885,-0.004408474727033248,-0.004005162437637171,-0.003603168168715813,-0.0026187402478539657,-0.0024435548651247406,-0.0012270675035310295,-0.0005461942731848243,0.0002895058171384848
2020-06-29,-0.005752116634482594,-0.006107943546356611,-0.006262034335734584,-0.0062889396478484514,-0.006160034459067141,-0.005858218559227831,-0.005522215245432455,-0.005121800368376698,-0.004696003982457735,-0.004262190010478452,-0.0032396678263006224,-0.0029791153003465645,-0.001437998289249781,-0.0005314960382241026,0.00026946534793382106
2020-06-30,-0.006011212936511771,-0.006589818808968623,-0.006883990413158122,-0.0069809417514303885,-0.0068751559468023865,-0.0065496545012413655,-0.006187625172473715,-0.005769221705813801,-0.0053401348670448386,-0.004904325240419193,-0.0038035532813472934,-0.0026245742041116887,-0.002399308286801311,-0.001755914254890798,-0.0008987601606517074
2020-07-01,-0.005879252754213459,-0.006365406504419089,-0.00663595664609394,-0.0067594744837053255,-0.006719510337835676,-0.0064754928380684005,-0.0061964231497861014,-0.00584051977268682,-0.005449674034728828,-0.005034531389422593,-0.003981039598804966,-0.0028726484437887902,-0.002448196096660896,-0.0015586562117148777,-0.0007147551486440832
2020-07-02,-0.006720256577652874,-0.00723109710409907,-0.007476398073388473,-0.007530928952053429,-0.007373638233859028,-0.006959385423011161,-0.00647310221292249,-0.0059286728425190826,-0.005390186147626687,-0.004865065052089917,-0.003564266312990309,-0.001943469690565583,-0.0016702111853428687,-0.0006112274858137276,0.00027144077469063626
2020-07-03,-0.006049186590858794,-0.006393781465805977,-0.00652527993551707,-0.00647785587359994,-0.006232101739078299,-0.005768204148123583,-0.00526747145257717,-0.004724722399207272,-0.004190669918831453,-0.003664705481751421,-0.0023555382913128,-0.00070298728726224,-0.0007214600278502093,0.00022107785825715293,0.0011095169134511152
2020-07-06,-0.0055938204830118035,-0.00587463276241254,-0.005940813330505619,-0.005815358365291127,-0.0054841669605369976,-0.004941293141758344,-0.004358394573099344,-0.003729303190125622,-0.0031084288147376613,-0.0025001015836620876,-0.0010475122472070673,0.0007157185271521199,0.0009245922895825122,0.0021011328716720734,0.003033256288456549
2020-07-07,-0.006477166475652123,-0.006847257472812976,-0.007045763656146682,-0.0071047856952502,-0.0069686667861727225,-0.00660814055125246,-0.006194386523623219,-0.005697347801986113,-0.005163622464924064,-0.004615678621571881,-0.0033766557089737427,-0.0022880230953256234,-0.0015962059670319132,-0.00037455678319119317,0.00047206597674836603
2020-07-08,-0.0055253169507806215,-0.005749899071256488,-0.005782542457230467,-0.005670209050982868,-0.005395170331058769,-0.004949193361513248,-0.004484734550554266,-0.003962428876437898,-0.0034270877673639585,-0.002884811059047754,-0.001563399504299601,-0.00018575734913709374,-9.457640822571178e-05,0.0008663404192407994,0.001734894612858107
2020-07-09,-0.006197637268878299,-0.006545510795660439,-0.00671927111190058,-0.006772239644406599,-0.006663846662792154,-0.006373807208236474,-0.006058431344439856,-0.005660230068720087,-0.00521825419866125,-0.0047415501120189486,-0.0036496776940273443,-0.00280545921779172,-0.002233427708484407,-0.0012179002520484755,-0.00041128064714516166
2020-07-10,-0.006278650553368829,-0.006753418319463522,-0.006986651329133814,-0.007040849727467376,-0.0068818151192186275,-0.006496161972930445,-0.006071631689541402,-0.005578817509822465,-0.005075130092459933,-0.004557346477827402,-0.0032288492158045945,-0.001528822095846755,-0.00167689102634888,-0.0007137617208934548,9.96023293695289e-05
2020-07-13,-0.005503571167586059,-0.0059861621515496,-0.006205506037578507,-0.006246848428334665,-0.0060941012233873,-0.005751876457456692,-0.0053855176536661215,-0.004943703579682657,-0.004472504731999715,-0.003966778302291459,-0.002641438233081114,-0.0009079343522056245,-0.0011030500622482026,-0.00016474107932037735,0.000676491564644573
2020-07-14,-0.005091303272942049,-0.005630203596374454,-0.005893913865602429,-0.005985553718526709,-0.0058935436765591,-0.0056337352766807364,-0.005357935971821602,-0.004996014178828014,-0.00458586550765242,-0.004117228770852372,-0.002824477961504053,-0.0012929780056975804,-0.001367432518555706,-0.0004396015638574427,0.00041262430513811063
2020-07-15,-0.005775513713727916,-0.006151843364378905,-0.006280397209431311,-0.006246764060347062,-0.006042808415645399,-0.005659799136409912,-0.005257927002839101,-0.004775922745599937,-0.004252758867189688,-0.00371829378846448,-0.0025110533625623327,-0.001324191140108502,-0.0006531202475930959,0.0006130589663314773,0.0014133223453453817
2020-07-16,-0.006245388615236391,-0.006776955425048795,-0.007050984125103702,-0.007124513392846813,-0.006968674138899409,-0.006585330327640631,-0.006152185101815025,-0.005644837667266225,-0.005117124621421093,-0.004575759547834966,-0.0031985275060910415,-0.0012644599808073116,-0.0014217067316506377,-0.00032139345768347045,0.0005042693064316357
2020-07-17,-0.005667458529449553,-0.005970896552805319,-0.006061130038112599,-0.0059901583073981145,-0.005763200289839109,-0.005388496650886435,-0.004998456336402043,-0.004543688784086108,-0.00405562359366771,-0.0035549924824031026,-0.002317434296346294,-0.0008514302025456666,-0.0007921447673541436,0.0002557238283663085,0.001087201453986802
2020-07-20,-0.006936372030587111,-0.007428869571658817,-0.007689674176419751,-0.007786819500929888,-0.007703136248306817,-0.007409890129902615,-0.007069579836890469,-0.006638161461966812,-0.006160388131414998,-0.0056604094642493195,-0.004472615221627011,-0.0032024361841202255,-0.0029060049157857144,-0.0018171331719740273,-0.0009789684216185244
2020-07-21,-0.006848096440133733,-0.007079471268725072,-0.007130937491090123,-0.007069144593115687,-0.006891653644101839,-0.006567200243026487,-0.006234067785552456,-0.005816932392591593,-0.005359701953755458,-0.0049000884379317745,-0.0038722431185301584,-0.002746028156140257,-0.0026883214434569817,-0.0017897851147299576,-0.0009658209336585829
2020-07-22,-0.006128760405481682,-0.006350436624001403,-0.006368136193342532,-0.0062357550201634585,-0.005952346677412913,-0.005502088424859356,-0.005033203781120315,-0.004489013542805003,-0.0039236288309713796,-0.003367356637911739,-0.0020710790912108114,-0.0002229229264892431,-0.00028091318207636867,0.0008018611973143155,0.0016573192904359023
2020-07-23,-0.00659491331405147,-0.007087918918592058,-0.007345392949880303,-0.007396659809832522,-0.007209145612916405,-0.00678001147067164,-0.006307343816747734,-0.00576859885219101,-0.005218332225078962,-0.0046660460090298,-0.003255346475436319,-0.0012302686756796254,-0.0014900772187316446,-0.0003807397072164314,0.0004462287326475465
2020-07-24,-0.0057498239629683095,-0.006053470391941423,-0.0061684339095005826,-0.006141663109023872,-0.005958489897607427,-0.005620407129619056,-0.005261557946904673,-0.00479905365266845,-0.004271900432939705,-0.0037327825141141753,-0.002653979139492551,-0.0019506142170527176,-0.0007093497912496033,0.0005582788598206753,0.0013893770103496612
2020-07-27,-0.006492505665867168,-0.00682293179981251,-0.006991227353953121,-0.007029729171318094,-0.006912138964678083,-0.006626341776731522,-0.006323672743397363,-0.005922603066200665,-0.005464692607573382,-0.0049847322195331325,-0.003972278558309802,-0.0031505710488832755,-0.002365427952024785,-0.001276401314722393,-0.0004873741824901716
2020-07-28,-0.006594646428066977,-0.006857841784083378,-0.006954956618559559,-0.006919663767959525,-0.00672686485647403,-0.006361006464833679,-0.0059763641862070685,-0.005514876320917692,-0.005020617898443749,-0.004522385115097812,-0.003369780864879703,-0.0019912003793634073,-0.0018161326233972906,-0.000788159678088976,2.2419034052579743e-05
2020-07-29,-0.00628983361129822,-0.006611842856759064,-0.006727749512951603,-0.006693400104705385,-0.006491867642902253,-0.006111988524680975,-0.005709717847926057,-0.00522532750209921,-0.004702266586241887,-0.004171866816839329,-0.0029381268856934805,-0.0015677479494970073,-0.0012665282517547313,-0.00016893229800173473,0.000643752332602746
2020-07-30,-0.006581053091871348,-0.006787513997146772,-0.006840762856831672,-0.0067768423231344905,-0.00657227618741462,-0.006200844577209268,-0.005799200477855989,-0.0053133566491730755,-0.004769327193537489,-0.004221161974368718,-0.0030239435216377407,-0.002033808809584865,-0.0013021539658568842,-0.00015435095234957972,0.0006509394583214605
2020-07-31,-0.006564942268563545,-0.006738550006179624,-0.006775699055737203,-0.006693627628352232,-0.006475970952548481,-0.006116963773639595,-0.005754802619059557,-0.005283991454917316,-0.00477719248340347,-0.0042676857257422625,-0.003107031751612945,-0.0018296094460726814,-0.0017065697631278313,-0.0007334960456647061,3.27916117895099e-05
2020-08-03,-0.005955071156630522,-0.00666130465075088,-0.007108420896576352,-0.007353211451555645,-0.0073503915260360025,-0.007093548361477991,-0.006776734890639283,-0.006318754214103487,-0.005810031086608297,-0.005248293189266542,-0.0038060942713802914,-0.001978180102299416,-0.0017841775519196472,-0.000586949988851293,0.0002293940770801623
2020-08-04,-0.006567949448124404,-0.006663563559090644,-0.006603512191940487,-0.006423652400429237,-0.006120579007439696,-0.005708536169092962,-0.005295820217339013,-0.0047777292545961685,-0.0042267007694834005,-0.003677964834837544,-0.002470630529503178,-0.0011264798002555022,-0.00088562810546221,0.0001502262198756787,0.0009232720461974367
2020-08-05,-0.0060826828980958415,-0.006386122605587903,-0.006499064825186281,-0.006463826166598642,-0.006271953688939379,-0.005945998691524066,-0.00559587078157104,-0.005126096460670807,-0.004602669039052768,-0.004049768057701477,-0.0027631686148575285,-0.001256950914892778,-0.0010187708358689587,0.00010119823643133788,0.0008991379907923056
2020-08-06,-0.006416461583272311,-0.006818463639607132,-0.007062880127507259,-0.007173476702923013,-0.0071285856888836496,-0.006962089619245065,-0.00676670175720707,-0.006438859995634366,-0.006028928918551292,-0.005574245813938251,-0.004540669439816509,-0.003318313169531255,-0.0031100867641461047,-0.002127107429746081,-0.0013641754015087455
2020-08-07,-0.006874817891847566,-0.007009100588044863,-0.006989839258662369,-0.006850788524034434,-0.0065779904983538934,-0.0061951346585209606,-0.00579781601512467,-0.005287171771035779,-0.004735369919629497,-0.004193735767027669,-0.003097506545248837,-0.0017083126008836116,-0.0014401816411345808,-0.0002748507762285082,0.0004780652174975917
2020-08-10,-0.0065003351418786316,-0.006646088568159203,-0.006633440009079846,-0.006486053915000712,-0.006205314678078503,-0.005834199767003834,-0.005464755830007977,-0.004990566144319931,-0.004479202200484924,-0.003970020718685377,-0.0028796619429202943,-0.0014378286128448304,-0.0015958198421524997,-0.0005326531558982942,0.00024728685263311276
2020-08-11,-0.006726547623684208,-0.007024713103643565,-0.007183298070437424,-0.007226673911721527,-0.007122908231401724,-0.006889599990886703,-0.006624887208500249,-0.0062262537079943465,-0.0057550936921501785,-0.005259565166471186,-0.004278550962205327,-0.0033282650566543595,-0.0027430206423622733,-0.0015223449325912513,-0.0007637647716218161
2020-08-12,-0.006641004218911436,-0.006916843121290475,-0.007064828479742675,-0.007102964828886199,-0.006995182675872699,-0.006763879370819167,-0.0065099861220309,-0.006129105479697016,-0.005679309260287081,-0.005199335915378627,-0.004176186942483164,-0.00312120447679203,-0.0029098509299338533,-0.0017686747831570041,-0.001016731503397514
2020-08-13,-0.006449775200141011,-0.00671092673463709,-0.00684980799893616,-0.006878392050721303,-0.006765101812416416,-0.006537077246397454,-0.006287643935420024,-0.0059103501147883845,-0.005462656374463265,-0.004988395598998334,-0.003995351598962839,-0.0030775779308849583,-0.002734862320575961,-0.001523418117603571,-0.0007624727832502603
2020-08-14,-0.006745749297753352,-0.007008013237638829,-0.007142484901930432,-0.007163615170436564,-0.00702785050450725,-0.00675125016921612,-0.006455209350631423,-0.006033497399352542,-0.005558133742658555,-0.00506842086802757,-0.004035052322906836,-0.002785839814866967,-0.0026137426307036755,-0.0013926492002904382,-0.0006047865952020641
2020-08-17,-0.007151985518446805,-0.00753581862098931,-0.007779450799250231,-0.007891920854477019,-0.007815574273753052,-0.00755368150201569,-0.0072522600570133315,-0.00683398956118613,-0.006378576161352252,-0.005912905314617488,-0.004872381267581678,-0.0033088617007387853,-0.00337473417995495,-0.002213695314772489,-0.001371218577348929
2020-08-18,-0.0062832052698738984,-0.00665488461066466,-0.006898041797676774,-0.007020665002252942,-0.006966470658028938,-0.006736145149931458,-0.0064653785871675775,-0.006062200174451557,-0.00560049095403642,-0.005114423560455161,-0.004077778446107415,-0.002798049069108295,-0.0023461194909401356,-0.0010266526828311042,-0.00015686647376424287
2020-08-19,-0.00650573603258576,-0.006783203525771623,-0.006973579858683831,-0.007074459640915568,-0.007027691406353448,-0.006839729139437551,-0.006625977528411242,-0.006284763568051803,-0.005881280396631273,-0.005446129794272071,-0.004498476973807594,-0.0033228013448704996,-0.003201328607031295,-0.002050431620407721,-0.0012007636461532911
2020-08-20,-0.006538136355989918,-0.006890273488868154,-0.00710642708419966,-0.0071914235909774785,-0.007099933005973717,-0.006862756811766107,-0.00660172404101643,-0.006222457069125099,-0.005789727383535604,-0.005337089408754339,-0.00437976944553654,-0.003138798260865932,-0.0028961290457150415,-0.0016926388732876182,-0.0008158191143477524
2020-08-21,-0.007274985049800956,-0.007510512877929858,-0.007589768245071638,-0.007525387663704484,-0.00726930052658345,-0.006834642428727986,-0.006355706475842049,-0.005780827956463073,-0.005197885886018839,-0.004646747190323067,-0.0035121321313243232,-0.0016218812299591424,-0.0016616499595010726,-0.0003112099166047277,0.0005855311252720063
2020-08-24,-0.006844273154531719,-0.007031471838291257,-0.007120591534484175,-0.00711756073203527,-0.006988294170285043,-0.006741556823049089,-0.006480023117133584,-0.006109657689491314,-0.005695220943593517,-0.005273327489873964,-0.004402123763220973,-0.00326778281951728,-0.0032090760404369233,-0.002094233265536842,-0.0012320188077134865
2020-08-25,-0.006761644555631656,-0.006978804631228169,-0.007105129337567309,-0.007139214264039316,-0.0070315035786283585,-0.006806097171964183,-0.006571750438576707,-0.006225267907624138,-0.00583022222496344,-0.005417601716342219,-0.004547429247463735,-0.0032894865323771704,-0.0033936596370682135,-0.002330210098152524,-0.001497401178493079
2020-08-26,-0.00687047495814289,-0.007138569629171491,-0.007301193098469183,-0.007356699250441099,-0.007251834137282885,-0.007015874366379678,-0.0067616642897907414,-0.0063865990618702795,-0.005962486070064972,-0.005524402876634252,-0.004617967942325409,-0.003177113732801307,-0.0033066088546209447,-0.002226232275776905,-0.0013942274396438747
2020-08-27,-0.006374569177967964,-0.006739968857610083,-0.006984532195671725,-0.007116197966778504,-0.007080017373810007,-0.006902220314684904,-0.006694437293573346,-0.006355018571336783,-0.005953770387562625,-0.005520820106319794,-0.004598504990326359,-0.003193827702511945,-0.0031294334479996236,-0.0020189845530949454,-0.0011613689966095406
2020-08-28,-0.006465718124741211,-0.006794010733823533,-0.006959172674757258,-0.006979349925454303,-0.00681895275812794,-0.006510071254706686,-0.006164067417026565,-0.005697676332516141,-0.0051863879470248325,-0.004669511891380987,-0.0036297833676220024,-0.0020864974430897937,-0.0016427876589591717,-0.0003075979491351773,0.0005783321195968845
2020-08-31,-0.006802392528367406,-0.007356406169174642,-0.00773094312345432,-0.007940651534653018,-0.007925672204559657,-0.007718126631646125,-0.007466780819807367,-0.0070882283722723,-0.006660802797412798,-0.006202238770133431,-0.0052099631238535695,-0.003693981438636411,-0.0034442441684710357,-0.0022930865676266355,-0.0014492367663532884
2020-09-01,-0.006543554267159747,-0.006786543402651956,-0.006893725266106719,-0.006870847626798884,-0.006737682078102535,-0.0065062246112653765,-0.0062501594639327645,-0.005892279591484246,-0.00546773107412396,-0.00502587602553844,-0.004130190917323836,-0.0029205167615954644,-0.0026726142568310263,-0.0016072674494402245,-0.0007491686862510203
2020-09-02,-0.006093076400828784,-0.0064834558932990675,-0.0067066401153273,-0.006762157635335202,-0.006673207132289302,-0.006461765174354131,-0.006221847655368188,-0.005883119945724069,-0.005480826069954798,-0.005051652422317211,-0.004063844170992129,-0.0024919960822601503,-0.0026190029029655535,-0.00159992554117469,-0.0007370913656487908
2020-09-03,-0.007099643626930426,-0.0075284140225828,-0.007794715432721084,-0.007893467503669769,-0.007846452744283623,-0.007682398532251587,-0.0074869810517366065,-0.00719163416437974,-0.006827650414386511,-0.006428467468678054,-0.005533841536958569,-0.004210335505156796,-0.004298284490891734,-0.003357300443078077,-0.002512619417285448
2020-09-04,-0.00658357764555854,-0.006844801110207111,-0.006961463345150277,-0.00693197072660192,-0.006795312691125882,-0.006587068054098509,-0.006356521441010889,-0.00601845828388233,-0.005601417792527188,-0.005168269518280699,-0.004306476227403055,-0.00315705360886719,-0.002914610838684037,-0.001868918885481967,-0.0010314465726430847
2020-09-07,-0.006568905377410157,-0.006859413037629505,-0.007007256529675356,-0.007007691014265583,-0.006893241112408192,-0.006696533537642269,-0.0064789367670173206,-0.006159414972399361,-0.005770739202619945,-0.005370813757383151,-0.004566398876776883,-0.003202634529195885,-0.003122417481037813,-0.002245855466457035,-0.00130619236102744
2020-09-08,-0.00684451932472895,-0.0071504022867135385,-0.007298111534365679,-0.007281492671935092,-0.007122514393130372,-0.0068368164102926565,-0.006515447793002507,-0.006089027121236065,-0.00561101970590914,-0.005137485375376288,-0.004233881842887857,-0.0026552787851611436,-0.00236417854214912,-0.001196240750455495,-0.00031705607547763805
2020-09-09,-0.0068812630369039195,-0.0071341833652674574,-0.007238697945010176,-0.00717788788827621,-0.006984309755170141,-0.006683501888942312,-0.00635520190589352,-0.0059378242730715215,-0.005476176343297571,-0.005024248366335819,-0.004133304046934634,-0.0025026609112839627,-0.0025288327091857773,-0.001508096962128169,-0.0006030215181883478
2020-09-10,-0.006899441592901499,-0.007127846235149951,-0.007220318843248223,-0.007167750015049581,-0.006995013362861373,-0.006719250036386425,-0.006412886128098984,-0.006009590355840737,-0.00555780281714991,-0.005111459352690589,-0.004276217093410438,-0.0028416633587318944,-0.0026647584265960676,-0.0015470439815560488,-0.0006690581283848064
2020-09-11,-0.006646889308498065,-0.006892834363179558,-0.007002286418199069,-0.006936572386853669,-0.006737167848997127,-0.0064450187078014445,-0.006110931415981008,-0.0056859636577585495,-0.005220105923132997,-0.004748422894880612,-0.003792908273983145,-0.0020586062577571057,-0.00211433555567857,-0.0009887801852374598,-9.632252232427577e-05
2020-09-14,-0.006754484677360028,-0.006868874808509955,-0.006850285920540466,-0.006661562099779238,-0.006364703623793781,-0.0060080350590232525,-0.00563254575952892,-0.005177392608510096,-0.0046929742523728986,-0.004218581141371569,-0.003288394363423301,-0.0015311085898559512,-0.0017055227567257499,-0.0005864988760745808,0.0002521694331136307
2020-09-15,-0.006531434968327315,-0.0068044074851996445,-0.0069452695875313955,-0.006905395971268897,-0.006721518108557419,-0.006451762951362511,-0.006142468402554258,-0.00574980809601363,-0.0053166691969203815,-0.0048695644176614105,-0.00391187181745668,-0.0020191106395730093,-0.002357761380038674,-0.0011967306201718546,-0.0003727587643955428
2020-09-16,-0.006963176575881978,-0.007123591516098725,-0.007180049116391037,-0.0070732891093193955,-0.00684180429347787,-0.006536319812037226,-0.006196009254371532,-0.0057670667039902935,-0.005300308124664994,-0.004837470114770807,-0.003938605380361304,-0.002126001422912545,-0.002483018992983963,-0.001270829800851644,-0.0004924476651122397
2020-09-17,-0.006899953173879313,-0.007269618851738197,-0.007513046140404509,-0.007563788187467849,-0.007458361016701667,-0.007248170031151707,-0.006988081243728296,-0.006626600071254357,-0.0062080853833527214,-0.005772883995316991,-0.004866325978170837,-0.00319273797951159,-0.003490770843744477,-0.002309559324873656,-0.0014892469641408692
2020-09-18,-0.007066512728541764,-0.0072851537846647255,-0.007387222076529944,-0.007309357849382102,-0.007084627128223157,-0.006772657250138491,-0.00641562808692871,-0.005974589202142498,-0.005500301951521737,-0.005036295806854179,-0.004134744465473815,-0.002440253892555457,-0.002688377717785355,-0.0014137165538581787,-0.0006245565339202909
2020-09-21,-0.00665655359338492,-0.007008445482450257,-0.00727584323132329,-0.0073830736863888385,-0.0073425335248982725,-0.007201825257930194,-0.007003331297728634,-0.006697375837023841,-0.0063235863099998495,-0.005924173852272985,-0.005113168647297031,-0.0036725210751459695,-0.0037818539454197503,-0.0025975893096634286,-0.001791689910079976
2020-09-22,-0.006398905393900219,-0.006678206794508556,-0.006907007194302228,-0.0070119113479897585,-0.006991277294880874,-0.006890139144498456,-0.006748184367920413,-0.006499314528863455,-0.006177247998964482,-0.005812341136902306,-0.005029883893929525,-0.0037195208162106442,-0.0038249275611160925,-0.0027759707394713292,-0.0019882923040284396
2020-09-23,-0.006215262567248883,-0.006418249165033851,-0.006565193537374934,-0.006577496197233515,-0.006441204291441996,-0.006195628526060402,-0.005896862534348778,-0.00550771796300321,-0.005074728172214997,-0.004619662168558422,-0.0036618454930154253,-0.0018572666634066148,-0.0019977456627272147,-0.0008325066089691744,-2.3690423840171983e-05
2020-09-24,-0.006535529186002434,-0.006779963167500978,-0.006969753649648062,-0.007025139172556625,-0.006934554956789625,-0.0067399102344587476,-0.006499597951195561,-0.006167716037962027,-0.005790397949051404,-0.005386533719218891,-0.00452828028502327,-0.0027753608379534177,-0.0031184680025197536,-0.002089877984945968,-0.0012865742701818424
2020-09-25,-0.0066963267025331695,-0.006827512871666145,-0.006915713662034193,-0.006895686476967283,-0.006742200600988863,-0.006494778116537824,-0.006190212400693997,-0.005783491860816184,-0.005342271680816628,-0.004901515543187546,-0.004100091571304358,-0.0025321903504238064,-0.0023818947118225426,-0.0012362575660875724,-0.00044738691328468673
2020-09-28,-0.006593622253919919,-0.006859644461182036,-0.0070590058544587626,-0.007110681219838827,-0.007002185366533187,-0.006777846912899537,-0.006492696809683396,-0.0061036020977051735,-0.0056642006454150845,-0.005199528119321508,-0.004246414090387842,-0.0022910764839195372,-0.00245847822275025,-0.0013827102965305843,-0.0005877656724237244
2020-09-29,-0.006807143692990713,-0.006840849645474424,-0.006783186516995072,-0.006567235399859848,-0.006210705851806061,-0.005756940317381612,-0.005257491654493493,-0.004683321998619934,-0.004100508366636138,-0.003544121467247422,-0.002462650186848358,-0.0002229766663585488,-0.0004669247675220358,0.0007564029769828778,0.0015071863502250846
2020-09-30,-0.006698567247037034,-0.006907131692857978,-0.007018160541908513,-0.006957561753579339,-0.006754470685145444,-0.006443449973419447,-0.006078398983993243,-0.005609669519996897,-0.005096013190944515,-0.0045761544535557145,-0.003552428909106,-0.001508097799446943,-0.001701903675143007,-0.0005038565738067886,0.00026065281120463135
2020-10-01,-0.00701663953468931,-0.007254351149792793,-0.00739693835580177,-0.007380545987009143,-0.007205167667250408,-0.0069172737763632175,-0.006566608906592185,-0.006106214578516456,-0.005605752037984725,-0.005091831889870809,-0.004081879726360038,-0.0021128020324150598,-0.0023152844915647667,-0.0011538447197955814,-0.00040648525439515213
2020-10-02,-0.007176982625825681,-0.007426388020956887,-0.007561784411625848,-0.007519474094063487,-0.007335173586654895,-0.007051101192625663,-0.0067039593880654945,-0.006243211324426301,-0.00573638013625256,-0.005235899849825773,-0.004313110152852728,-0.002629279464458457,-0.002608751546021439,-0.001423756360687469,-0.0006646094926822
2020-10-05,-0.006802594141372715,-0.007058856702661358,-0.0071880249384402425,-0.007115612760720429,-0.00689243615686327,-0.006565695800265929,-0.006186573674093006,-0.005701888780176096,-0.005181561144846417,-0.004664297648856641,-0.003668118506523734,-0.0017086783755107797,-0.001801815032849727,-0.0005472177011258594,0.00022470184791805473
2020-10-06,-0.0065079034586967965,-0.0069168230510417835,-0.00718946828063357,-0.007261356700766169,-0.007173964233426923,-0.006979349001476574,-0.006731404125632916,-0.006362058701356163,-0.005923851489080928,-0.005440675114157724,-0.004387561022670814,-0.0027062662598612034,-0.0029840812012426514,-0.0018486750091237982,-0.0010868401263449158
2020-10-07,-0.0070724497736428605,-0.007300964539279704,-0.007409270064619371,-0.007330937923948737,-0.007115690208530684,-0.006808747490233642,-0.00645545095994673,-0.0059863259580739065,-0.005462481062709327,-0.00492852545848451,-0.003911723725565689,-0.00250363981960611,-0.0022743274919381482,-0.0009873860438963998,-0.00021612004884716084
2020-10-08,-0.006827739088325318,-0.007149501748412971,-0.007319659956763435,-0.007280222428125568,-0.007087403128116411,-0.006779116249719316,-0.0064127874304285145,-0.005931588940171958,-0.0054070361952956204,-0.004882259642870799,-0.0038478885605736407,-0.0019226085189075453,-0.0019449919547396934,-0.0006593127872057379,0.00011556068091636286
2020-10-09,-0.006786303988980202,-0.007057132991891203,-0.007185974805321565,-0.007121003642597459,-0.006909442756254405,-0.006592182555999962,-0.006227375398400946,-0.005764441334477825,-0.00527186755967735,-0.004773463008971795,-0.003750421848853034,-0.0018467236873389923,-0.002122249819934483,-0.0009236946513369745,-0.00016387354672133187
2020-10-12,-0.007107854234475493,-0.007359612857798407,-0.007478596052149074,-0.0074149471100266205,-0.007197187302830889,-0.00687118954120046,-0.006489756005651056,-0.006007889894709898,-0.005492850095696496,-0.0049824264823823215,-0.003957668091520511,-0.002043874656996501,-0.00223624963691521,-0.0009908751277330611,-0.00022864255643052908
2020-10-13,-0.0063797460420004955,-0.00647484034522334,-0.006451982322667766,-0.006264584625130302,-0.0059698587202513306,-0.005624905317596195,-0.005244702051677546,-0.004763640114315358,-0.004241347438171671,-0.003723587177663876,-0.0027375524375134776,-0.0008998620305084703,-0.001075836245399102,0.00017234019074168958,0.0009451266132073624
2020-10-14,-0.006609679600249574,-0.0068573605742547105,-0.006966129166177557,-0.006881838355828204,-0.006652119512830885,-0.006336159192643376,-0.005971631204463248,-0.005509192944217296,-0.005005247618969955,-0.004497389511083585,-0.0034920760794046545,-0.0016552458169003022,-0.0017137601581162663,-0.0004304903001519406,0.00039223934625979683
2020-10-15,-0.0068579234470528185,-0.007089666297599809,-0.0072080709968442725,-0.007167435771767371,-0.007007718989329244,-0.006778143797453888,-0.006501459846651637,-0.006109505352335038,-0.005655674759945022,-0.005189058324496933,-0.0042946065370147125,-0.002834711033687643,-0.0027090558135195795,-0.0015240727428789936,-0.000704781240357678
2020-10-16,-0.006467336291363779,-0.006684912128277775,-0.006768556229350369,-0.006673647132900112,-0.00644887020474326,-0.006148274475178194,-0.005801424088923779,-0.005344969753083003,-0.0048397977652173164,-0.004328942481287032,-0.0033442319465888225,-0.0016307223264069323,-0.0015317499437905982,-0.000199221069112038,0.0006392609767522884
2020-10-19,-0.006535412140856159,-0.006778886901173982,-0.00687157550268836,-0.006772362827518739,-0.006540279484407784,-0.006229678105190983,-0.005870960722833946,-0.005412021532798762,-0.004911739250262924,-0.004412788545897646,-0.0034136813152018815,-0.001466006609213027,-0.0017094155884853478,-0.0004630273174679022,0.0003618862535298717
2020-10-20,-0.007019139011725195,-0.007386896003095061,-0.007612121185715939,-0.007641177570933218,-0.007518064266323797,-0.0072990857269823765,-0.007025930198317396,-0.006640063506767052,-0.00620047653581892,-0.005743254540486039,-0.004817871939643491,-0.003060831503952617,-0.0033796303513703154,-0.0022067193474525626,-0.001389227485559441
2020-10-21,-0.0067598727744692475,-0.007098878701425671,-0.007303322220193078,-0.007325585503020218,-0.0072051743745460105,-0.0069995972839784655,-0.006744882429593039,-0.006376489373415232,-0.005953877418476159,-0.005507157262033928,-0.004607309538915209,-0.0028932088248959163,-0.0032047469560656247,-0.0020414230333423385,-0.0011958092298334395
2020-10-22,-0.006848907569119246,-0.007239222770077545,-0.007475187178491237,-0.00750077854883032,-0.007364567752001685,-0.007121797337702639,-0.006820417221921539,-0.006398851604763712,-0.005924978464885976,-0.005437793796526402,-0.004479882274366442,-0.002764906293289027,-0.0027900254072226135,-0.0015534868562794967,-0.0006744049675231026
2020-10-23,-0.006556604045483889,-0.006836345375395206,-0.0069744606621425734,-0.006904603597481052,-0.006695152643711703,-0.006399126143024742,-0.006061090334239058,-0.005624367266358534,-0.005146564339969538,-0.0046657363499224705,-0.0036964969698854576,-0.001748589314574303,-0.0020656887203218217,-0.0008687096530324994,-5.326716392565871e-06
2020-10-26,-0.006641444314117862,-0.007022495226400855,-0.007264838439722814,-0.007302062336913347,-0.007177329268002172,-0.0069454365162187155,-0.00665817326383378,-0.0062591046603034306,-0.00581121977426368,-0.005347128786195926,-0.004386140011230576,-0.002558764513537753,-0.002859460208617582,-0.0016757072774253594,-0.0007767308921956587
2020-10-27,-0.006623235212817292,-0.006789310283878051,-0.006832613748694262,-0.006696195890397128,-0.006436361377537845,-0.006111416684558068,-0.005742118290179211,-0.0052625449480824035,-0.004739706014528267,-0.004225898645005704,-0.003280811568695072,-0.001665458000463135,-0.0016317126229812027,-0.00037305526305309424,0.0005102792570397317
2020-10-28,-0.007628981523851167,-0.007860907880197304,-0.007975044215940263,-0.00791297155571637,-0.007724642816105683,-0.0074421966319766185,-0.00710445890019622,-0.006657744582658119,-0.006174639065447168,-0.005719376480083638,-0.0048780270588113985,-0.0032045774533195426,-0.0034333377110884354,-0.0022891434570047743,-0.001472348058109927
2020-10-29,-0.006660912892701575,-0.00700658928825982,-0.007212935513201146,-0.007220166268053132,-0.0070781393777901835,-0.006834539721463953,-0.006528342154583157,-0.0061042412534073115,-0.005633253955257862,-0.0051594472974834426,-0.004226754255721343,-0.0022907757914918878,-0.0026027890385648157,-0.0013910741671609968,-0.000572002462595392
2020-10-30,-0.00674829161734578,-0.006980556604853692,-0.007118119554991954,-0.007067713567073898,-0.006885581406666555,-0.006642187846039814,-0.006369347277498313,-0.005993586558879096,-0.005574694658660987,-0.005148046594196367,-0.004316842879406976,-0.0027544134978251477,-0.003210391569844735,-0.0021423658905021393,-0.0013470227445189927
2020-11-02,-0.006886007186779911,-0.007312028918012544,-0.007573854450199778,-0.007623180101517738,-0.00751579090599293,-0.00731115876586809,-0.007039665666904811,-0.006632696037759869,-0.006168718496163125,-0.005693696226009127,-0.00477650071659523,-0.0031293952278913947,-0.0033059128397670075,-0.0020888734979062863,-0.0012631157281044866
2020-11-03,-0.006847287561497037,-0.007280252713052375,-0.007544315697862432,-0.00758241807493848,-0.007469788180299219,-0.007278850074322948,-0.007037806786421869,-0.006666827592904762,-0.006237343570879711,-0.005787806577172587,-0.004899394112822108,-0.0033724568042602966,-0.0037212863747501045,-0.002583595931676209,-0.0017752707176287724
2020-11-04,-0.0071437281076745605,-0.0075395766492370965,-0.007768629223133126,-0.007750714727403459,-0.00754777279521991,-0.007228199939964128,-0.006837741438406768,-0.006321696990752587,-0.00576564087538903,-0.0052139150398277,-0.004165038707639258,-0.002353301363245088,-0.002423405958391757,-0.0010377151435762995,-0.00023763775145814003
2020-11-05,-0.0071750151084200055,-0.0073939998205601945,-0.007473828465007278,-0.00733377780619393,-0.007062446180226285,-0.006730965017358782,-0.006363393216417968,-0.005892581536219835,-0.005386289622722909,-0.004893306798195195,-0.003977503107363817,-0.002352643044538759,-0.0026769566819020286,-0.001488713476263647,-0.0007141850873905546
2020-11-06,-0.006549787579790699,-0.006844606796239572,-0.006991467601471136,-0.006916390229031248,-0.006693657944325498,-0.006407310134952937,-0.006077915904284099,-0.005639939264397665,-0.005161370047642489,-0.004682444301649999,-0.0037724953207360734,-0.00210813528948289,-0.0023047631978927747,-0.0010628522581009538,-0.00025825345281847364
2020-11-09,-0.006914325356149497,-0.00724699995001322,-0.007446208261310401,-0.007436627202317209,-0.007246456603813469,-0.006954412076468573,-0.006595667947960272,-0.006129969343552346,-0.005629459912688537,-0.005132955067420045,-0.004160786655049918,-0.0023196234890964533,-0.002595116537888505,-0.0013078015254649078,-0.0004840204294989754
2020-11-10,-0.006655221081890746,-0.007172473302542924,-0.007517855368086519,-0.007696694666273257,-0.007627014838288521,-0.007421734617777306,-0.007144650376943302,-0.006744596637976229,-0.006292889127760513,-0.0058082683742458514,-0.0047641724078617805,-0.002968541118280631,-0.0032481759454439534,-0.0019973322558193337,-0.0011697287901833633
2020-11-11,-0.007202292681010259,-0.007476357178460239,-0.00763188379826787,-0.007651910472992425,-0.007477006878763683,-0.007206682857026998,-0.006880121660331339,-0.006437339540898972,-0.0059513403771876425,-0.005455547066974419,-0.004439599195258532,-0.0026008750918322947,-0.0031041183073617865,-0.0020060172285079067,-0.0011948146171549831
2020-11-12,-0.007217060379745493,-0.007490516740664915,-0.007655035112915725,-0.007695667261398146,-0.007552892017186506,-0.0073220722486795255,-0.007035368610709965,-0.006627889001085116,-0.006168186121351489,-0.005694297508681423,-0.004732267822169258,-0.003080147942808644,-0.0034554315202079554,-0.0023662115397643903,-0.0015749467547610501
2020-11-13,-0.00735695017272525,-0.00783978461362721,-0.008170640036590108,-0.00834648876436209,-0.008304236274372255,-0.008141960799897407,-0.007908345595762893,-0.007563807004589977,-0.007180018027713557,-0.00678131097800414,-0.0060188195918501565,-0.004073029810553007,-0.0042669337395379045,-0.003058575462665164,-0.002298413695132343
2020-11-16,-0.00759913282444964,-0.008022705757499065,-0.008307698819836439,-0.008442950273360048,-0.008373236667806129,-0.00819483063139956,-0.007950529833994129,-0.007574127790422389,-0.007138621908187415,-0.0066717813794383,-0.005690112327723951,-0.003962007862749425,-0.0044088072275177284,-0.003316760991047987,-0.0025637481841803075
2020-11-17,-0.007555368550938097,-0.00786580575094464,-0.008044048610749695,-0.008077390231176575,-0.007920205890905722,-0.007670923180775275,-0.007363583071001772,-0.00694850940184877,-0.006502530087590554,-0.006055037568029858,-0.00522267680076447,-0.0032797225920215968,-0.0035590709391065314,-0.002424110788787602,-0.0016436127824017814
2020-11-18,-0.007785683404255133,-0.008260246783856756,-0.008585381684017792,-0.00875173742268049,-0.008692651267890383,-0.008506001632338181,-0.008244484578231268,-0.007885929502227192,-0.0075076482117821895,-0.007129622912849252,-0.00643312936599959,-0.004239925816377847,-0.00465855122354839,-0.0036017875358928396,-0.002814789905023858
2020-11-19,-0.00832531963626633,-0.008701245256919487,-0.008966032170026306,-0.009100884053117311,-0.009035587320585358,-0.00885156032273865,-0.008593792361818255,-0.008229737852952184,-0.00783597235423916,-0.0074427734399222754,-0.006733400216446302,-0.0048767184664324425,-0.005194867914501735,-0.004121976999106915,-0.0033688305489400303
2020-11-20,-0.00795058769313093,-0.008153565911821517,-0.00823159003750971,-0.008181799284117204,-0.0079548946030384,-0.007650972227369175,-0.007290965211297789,-0.006827889972258558,-0.006337968873670223,-0.005856502485188373,-0.0049725834867597515,-0.003233159925763213,-0.0035276585775350484,-0.002422202318164671,-0.0016535842428045415
2020-11-23,-0.007754817109667552,-0.007760159179144779,-0.007705193790091842,-0.007567703556714103,-0.007301231779277542,-0.006999816608147486,-0.006670639699929574,-0.006256156536768165,-0.005823624072263128,-0.005403246331438252,-0.004655234817287784,-0.002884850846924179,-0.0034374980669777556,-0.002473297357479124,-0.0017022110889336874
2020-11-24,-0.007636494404889627,-0.008057458296626853,-0.008353916247116996,-0.008524108126324315,-0.008494714333980264,-0.008347223204489591,-0.008126524056207514,-0.007770766026525373,-0.007352888362418213,-0.0068982973193232,-0.005912572383038744,-0.0042847756856646164,-0.004760430585441174,-0.0037328821365495567,-0.0029610740691518563
2020-11-25,-0.008177446220933398,-0.008644363810496611,-0.00897756849150118,-0.00917669435477627,-0.00916030650515183,-0.009011695029442579,-0.008780287442577299,-0.008410204938864557,-0.007984029592687923,-0.007529706850545144,-0.006582133496695846,-0.004990256767031282,-0.00538123453723202,-0.0043473053272172334,-0.003578005016635045
2020-11-26,-0.0074755987797474385,-0.007719872317202852,-0.00785974323708865,-0.00788397749196745,-0.007742530023956144,-0.007524466637577188,-0.00724960724712026,-0.0068563801487788005,-0.006414388981334297,-0.005963085825327162,-0.005056811586260495,-0.003464527755368081,-0.003871451581806581,-0.0028682546364986804,-0.0020495374313220347
2020-11-27,-0.007553369994515031,-0.00797790735590437,-0.008267396879091105,-0.008428880449291173,-0.00839611087035713,-0.008264193118763455,-0.00807026074021467,-0.007736905886421566,-0.007341033828204523,-0.006900310657365079,-0.005949797334630182,-0.004440764968767425,-0.004886148303830322,-0.003928949448957911,-0.0031207365675149906
2020-11-30,-0.008173702630635275,-0.008603634334933167,-0.008910698021924478,-0.009086468855678,-0.009056865923394273,-0.008914147039970871,-0.008699491146930416,-0.008353215298014352,-0.007952005083006074,-0.00752014599085582,-0.006638953981681376,-0.005102172958479793,-0.0055210444958434055,-0.004529135267546591,-0.0037421164553915484
2020-12-01,-0.007371162640187674,-0.007820405524327893,-0.008126604144903874,-0.008287676261613,-0.008246321833608475,-0.008107857501055046,-0.007903382695400056,-0.007567491126671561,-0.007168367018276778,-0.00672209434465961,-0.005788196402417931,-0.004232883476399998,-0.004438450496848912,-0.0033475754052445022,-0.00253792394320286
2020-12-02,-0.00820035514189104,-0.00865469325549941,-0.00895580255259061,-0.009104795038200997,-0.009042887125180508,-0.008864996961008844,-0.008613464291871523,-0.008232968366504383,-0.0078019497327247896,-0.0073404318760767065,-0.00636649288977443,-0.0045868446406251385,-0.0052278799460416725,-0.004218513530656698,-0.0034445873621192537
2020-12-03,-0.007828771466511822,-0.008241348412912216,-0.008485502580882348,-0.008570335978480304,-0.008449203953846254,-0.008216283024261547,-0.007914917530247825,-0.007489945742718931,-0.007017491492013517,-0.006521156527531965,-0.005470586328354973,-0.0036158734465371427,-0.004037977091156179,-0.002889079908249121,-0.0021146781195569226
2020-12-04,-0.007823526023554454,-0.008139965711710197,-0.008323921285997748,-0.00837936241182531,-0.008264435873953285,-0.008076195173817163,-0.007837342574335847,-0.007475540614149397,-0.007059608148746042,-0.006616268097548139,-0.005712450744295121,-0.004158321108615367,-0.004514676179445769,-0.003463602822110222,-0.0026863394699841413
2020-12-07,-0.00783892185516643,-0.00832736209087265,-0.00865412040252069,-0.00882797944155826,-0.008789260625326287,-0.00863286526457851,-0.008402820056968963,-0.00805661133984083,-0.007669672173116667,-0.007256765371920431,-0.00641217382880005,-0.004433127869410842,-0.004817928615109814,-0.0037387130284872888,-0.0029282009621668277
2020-12-08,-0.007936579235344885,-0.008384312579450881,-0.008653431488592902,-0.008770825976462785,-0.008682878871182898,-0.008476958800846484,-0.008195478100580677,-0.007803878094164897,-0.007386506155195086,-0.006962581311356449,-0.006131681625157798,-0.004069507154295342,-0.00468740464549253,-0.0036196361205018744,-0.002839465786330676
2020-12-09,-0.007438501720745997,-0.007873938406231415,-0.008130384425858278,-0.008231957830862089,-0.008131318608535531,-0.007913763819553152,-0.007624950021480499,-0.007217423132688304,-0.006769089297233874,-0.006296697082489836,-0.005331058637264875,-0.0034744462017508603,-0.0038975020663055927,-0.002753350945583144,-0.0019216019082838314
2020-12-10,-0.007229841531691881,-0.0076457558875213305,-0.00788753266214469,-0.007979671220662553,-0.007889125864339106,-0.0076999310936789345,-0.00744386090436769,-0.007068014557182329,-0.006642759127240688,-0.0061938465501130925,-0.005275015154696679,-0.003417554496701606,-0.0038453639202315677,-0.0027284390151357044,-0.0018959715599313595
2020-12-11,-0.008637396184908216,-0.009180580193774334,-0.00956214594626199,-0.009800227573122261,-0.009837463045489086,-0.009751049315714445,-0.009603591021625852,-0.009312644841833938,-0.008978028710238034,-0.008608165352392248,-0.007803624605108795,-0.006101842910290454,-0.006907244581238568,-0.006017478903611694,-0.005249629053447781
2020-12-14,-0.007525638146225788,-0.007981526674402438,-0.008252350555648566,-0.00836274574274718,-0.008276128792022327,-0.008077928821249362,-0.007813905650455682,-0.007406990848101936,-0.006969331343208569,-0.006514211926108276,-0.005580136927649641,-0.003605351517649836,-0.004163644377631536,-0.0030132954727840333,-0.0022178294659255587
2020-12-15,-0.008150576068486959,-0.008575896394022049,-0.008835135405491867,-0.008945255001111338,-0.008861849397858845,-0.008661818290493825,-0.008395995960654016,-0.007989705019706719,-0.007548692349731364,-0.007087008762006946,-0.006165707270593827,-0.00445879637700294,-0.004802724561858257,-0.003690471414740242,-0.0028351637151092664
2020-12-16,-0.007098672699177748,-0.007407028440198744,-0.007541638148875665,-0.0075267072009256395,-0.007337441999727074,-0.007065134479080274,-0.006742020844503653,-0.006285404443966161,-0.005801700066118439,-0.0053075179152617105,-0.0043223617739876295,-0.0024167846389330015,-0.0028246536189663355,-0.0016385921823503092,-0.0007886511514053813
2020-12-17,-0.008106350351571161,-0.00851193098965544,-0.008741984383478004,-0.008824057631383973,-0.008725859331739857,-0.008525211296731026,-0.008267409483613231,-0.007868957761878294,-0.007441587100254171,-0.006999148400570573,-0.0060818647263573,-0.004268715984067822,-0.004991015875026768,-0.003995614901222156,-0.0031819453064133515
2020-12-18,-0.007392753607038364,-0.0077427990234679904,-0.007921666194955046,-0.007954803690303104,-0.00782339589968841,-0.007608650977288083,-0.007344111521898765,-0.006942523365844194,-0.006512920305693224,-0.006069155712713774,-0.0051443797773829255,-0.003255980656526404,-0.003977410405016471,-0.0029458409742562316,-0.0021253643151340302
2020-12-21,-0.007591390687298894,-0.007942116407019114,-0.008111777548946198,-0.008138707063771289,-0.008003328458780058,-0.007782507113108798,-0.0075055533539865535,-0.007086771033910175,-0.00663684749282091,-0.006171007405986622,-0.005229686851054228,-0.003362130516503338,-0.0038550504014447616,-0.002762896435933992,-0.0019240674044646389
2020-12-22,-0.007778953171175832,-0.0080408722740271,-0.008138648215264712,-0.008103757657981764,-0.00792808489181267,-0.007694536790557255,-0.007412045205211542,-0.006989865129977752,-0.006543866308401037,-0.006101999680018833,-0.005256379731523439,-0.003279386631288434,-0.003979749843916972,-0.002983548954020528,-0.002170262253400309
2020-12-23,-0.007826006007179375,-0.008042639110677475,-0.008070922888710894,-0.007951115647318983,-0.007687282105377087,-0.007355224919047252,-0.006972413245025616,-0.0064598801272584125,-0.005938056355258623,-0.005437929668296489,-0.004498407136143757,-0.0024359052548705877,-0.00298168551660216,-0.0019210988083730347,-0.0010876694643082822
2020-12-28,-0.0077656550433853454,-0.008024205179638075,-0.008115865293502562,-0.008074687885858581,-0.007898071470537787,-0.00766505250810771,-0.007389357468220754,-0.0069845266642544635,-0.0065526508625503915,-0.006115760951478423,-0.0052469485289476075,-0.0033478849951085925,-0.004063573980213036,-0.0031596876657113914,-0.002328922804829871
2020-12-29,-0.00780013976900332,-0.008133885575260123,-0.008290495163487767,-0.008303109174196681,-0.008166386553709166,-0.007965777733160003,-0.007721848284092019,-0.007347661332255925,-0.0069440422230682974,-0.006525748313996335,-0.005675928209301262,-0.0037117219893944156,-0.0045414467436945705,-0.0036748729325558702,-0.002846927902376814
2020-12-30,-0.007799155460709724,-0.008179353609875664,-0.008394697963407737,-0.0084661447129937,-0.008362866757533645,-0.008160538405151884,-0.007891504377139154,-0.007477967227597084,-0.007036954475810877,-0.006582735759675029,-0.00567546701342248,-0.0035994331422745866,-0.00429523406254655,-0.0033257553751017774,-0.0024824125815399787
2020-12-31,-0.007973840853080607,-0.008200577276874472,-0.008281817465558027,-0.008233520462305128,-0.008039069228420426,-0.007772075883537256,-0.007453167432912699,-0.007005593112501586,-0.006539296200236687,-0.00607451366679879,-0.005166770014285945,-0.0031790372101123555,-0.003941538117674272,-0.0030091844045405628,-0.0022062852918974555
2021-01-04,-0.007725492236994479,-0.00810748270381598,-0.008323137270563996,-0.008399436454488575,-0.008309327056940643,-0.008098098627888916,-0.007809158738088128,-0.007383357027544451,-0.006930971905163282,-0.006472184095372493,-0.005555206362355866,-0.0034649800603917306,-0.00416308938580512,-0.00320832522503592,-0.0023730094748779925
2021-01-05,-0.0077154730562524355,-0.008002633999174584,-0.008137674998463056,-0.008144645674652161,-0.008001966255187296,-0.007752540976421265,-0.0074310686126649525,-0.006973021124657186,-0.0064866093723376615,-0.006002136303752115,-0.005095324365765331,-0.003249156113166298,-0.003532719642416122,-0.0024760563694063396,-0.0016204894300934436
2021-01-06,-0.007229482746727455,-0.007491013442720813,-0.0076495208740050055,-0.0077111163485365265,-0.007645398519975149,-0.007491902562793576,-0.007272974403535052,-0.006909737012524909,-0.006499735429343254,-0.006076340757128915,-0.005260376093668648,-0.003582030018862761,-0.0039161755524343336,-0.002934830180918874,-0.002079270320212717
2021-01-07,-0.008283652339166114,-0.00852920526479225,-0.00866628689855515,-0.00869950681929991,-0.00857686263103822,-0.008341329860267484,-0.008026562254738875,-0.007584548230411126,-0.007126432413955148,-0.006686233639089052,-0.005898239348479881,-0.004035140964539916,-0.004448498820590181,-0.003432647388009637,-0.0026015744025853276
2021-01-08,-0.008439173482719876,-0.00856407165592874,-0.008590445175598123,-0.008534681598450666,-0.008363292161083466,-0.008117238936689251,-0.007808466303245976,-0.007382395615367937,-0.006943517153284837,-0.006530248918788716,-0.005800591614749882,-0.003946705896776628,-0.004552778837174604,-0.003662648769158066,-0.00282868590827486
2021-01-11,-0.007676456455656832,-0.007852346097638867,-0.007920202734552882,-0.007903148572319618,-0.007761561348799857,-0.007539064067109695,-0.007249653815057844,-0.006838626734319195,-0.006410866096734779,-0.005995672471822562,-0.005232974748079933,-0.0032232042102801712,-0.0037096988533044314,-0.002712576708781044,-0.00186442562118419
2021-01-12,-0.007731527539300336,-0.007984200357698472,-0.008096798321147828,-0.008104597528991325,-0.007966223593548037,-0.007728668459828993,-0.007409100846823321,-0.006956788319078177,-0.006490111832829459,-0.006036465392376416,-0.005228311375601348,-0.0031443151617294423,-0.00348083211747913,-0.0023198273710209856,-0.001464658736953885
2021-01-13,-0.008037710480802917,-0.008311128551345047,-0.0084320110164862,-0.008437353599407102,-0.008306481054676297,-0.00810493157324854,-0.00783766743898191,-0.007434005048370597,-0.007007311838464121,-0.006585925529296724,-0.005847675911631947,-0.003937917158397026,-0.0044944432543188905,-0.0034927804914687767,-0.0026720963610231776
2021-01-14,-0.0073441455012225754,-0.007544838500232707,-0.007582567879762569,-0.007515810007859053,-0.007348402995597146,-0.007154652589688299,-0.006904147756331006,-0.006509607331209876,-0.006084489575710457,-0.00566489220347721,-0.004976292422841528,-0.0033329223267343235,-0.0036139114675951714,-0.002572869509808007,-0.0017246816757879578
2021-01-15,-0.007926131604957923,-0.008182664398641962,-0.008288083385582788,-0.0082779743864966,-0.00812835552208613,-0.007910861676233585,-0.0076252336638430104,-0.007206339161008406,-0.006769443162939064,-0.00634528667077828,-0.00563644003454457,-0.003779160084666574,-0.00420928218423131,-0.0031324612393906245,-0.002273570120165604
2021-01-18,-0.008171734653258444,-0.008580481234718355,-0.00880410923548391,-0.008888632856177331,-0.008807589212644091,-0.00863750878752007,-0.008389559262186314,-0.008001607089700064,-0.007583385989436748,-0.007158435476436329,-0.006378102203911688,-0.004573993422562015,-0.005074171985072975,-0.004038263161175497,-0.003180625525021732
2021-01-19,-0.007453800728492499,-0.007665296336657588,-0.007732585345341099,-0.007687344980031334,-0.007522978306834689,-0.007308579477135452,-0.007035330223536998,-0.0066322490877138976,-0.006211020344734313,-0.005798570806886968,-0.005113044724908525,-0.003284341033150495,-0.0038211594827690055,-0.002768252981673138,-0.0019099812526786504
2021-01-20,-0.007892415641922003,-0.00832232332611407,-0.008579272435599422,-0.008688818239379508,-0.008628469563461657,-0.008453950811017229,-0.008192267317171646,-0.00778665165380717,-0.007369678974938449,-0.006965139752247081,-0.006217471688416791,-0.00390971191750382,-0.00465074019006167,-0.003566447245100274,-0.002685559815462115
2021-01-21,-0.00795888618195426,-0.008168481483500379,-0.0082229369248748,-0.008163441018433448,-0.007977741226504827,-0.007755762960445449,-0.007489481840381637,-0.007110401185544286,-0.006718645897924401,-0.0063411965609823885,-0.005714790827758587,-0.003912433303329691,-0.0046102300809735194,-0.0036348702790678948,-0.0027838233107696127
2021-01-22,-0.00783050205798237,-0.008376995295891065,-0.00867824655102848,-0.00880770383914662,-0.008748563373945662,-0.008586169243272636,-0.008330727962051733,-0.007931112065847745,-0.007503191762845723,-0.007075157344057784,-0.006306152831770365,-0.004218353898953329,-0.0046729715197798335,-0.0035103611780043127,-0.002634811737737064
2021-01-25,-0.0080241044541155,-0.008213826193207388,-0.00823694837874555,-0.00814423425178694,-0.007928502096019526,-0.007652793756178602,-0.007313708471390303,-0.006856822081532508,-0.006399151321066365,-0.0059789582320907714,-0.005274355240647677,-0.0032999907496534995,-0.003902932139879733,-0.002812570276944441,-0.0019716905050984348
2021-01-26,-0.0072039106341834774,-0.007514086199308141,-0.007665664495917895,-0.007688102775758595,-0.007572575647782115,-0.007384669320300765,-0.007119506940095812,-0.006717007588460819,-0.006290301846544707,-0.0058688807072183454,-0.00510848894016435,-0.003071036186136672,-0.0037149868211730913,-0.0026033735430342386,-0.0017001547887009075
2021-01-27,-0.008238147239393015,-0.00863440579284755,-0.008832319085205912,-0.00889075125893197,-0.008797435640486202,-0.008610903677192283,-0.008355189328368285,-0.007976228546933842,-0.007600940354099067,-0.0072571298490877595,-0.006683438500395143,-0.004507297496056316,-0.005434695635624728,-0.004572759797636994,-0.0036398677532704874
2021-01-28,-0.007265007511256517,-0.00753245357044386,-0.007647576396787401,-0.007629551768254254,-0.007460128948374516,-0.007226370497140064,-0.0069292590036770536,-0.006506447955039365,-0.006077198444174242,-0.005656709261031136,-0.004928020565717734,-0.002622089807113507,-0.0033659122697683747,-0.0022749693290535647,-0.0013712836679054198
2021-01-29,-0.007685531808709712,-0.007845968296124071,-0.007892592752695155,-0.007820158156493217,-0.0076086709905572245,-0.007346941133329461,-0.007012130724694407,-0.00654991451017822,-0.006082667924052306,-0.005652780480207898,-0.004984738299181947,-0.002830194961315025,-0.0032102387700307634,-0.002043600896600189,-0.001198181952515154
2021-02-01,-0.007434462357529398,-0.007648636793315784,-0.007750892363441395,-0.007732333676352958,-0.007578310641705688,-0.007377414902163119,-0.007098476119371032,-0.006707352185694758,-0.006297431585453921,-0.005931305330160242,-0.005234448542779426,-0.0029659035502355947,-0.0037210698129411537,-0.0026803054930340385,-0.0018368689431315145
2021-02-02,-0.007400121831494541,-0.007735144005219931,-0.007927921307094809,-0.00798338901382287,-0.007880046200601362,-0.007719704888029258,-0.0074654001437774505,-0.007093752675804539,-0.006690800622307196,-0.006325346370170108,-0.0056426131586642435,-0.0034763646549427238,-0.004152624918567182,-0.0031869242172584077,-0.002243070417195553
2021-02-03,-0.007383368478996889,-0.007808379751573455,-0.008064951305113338,-0.008168521059667961,-0.0081167964681392,-0.007997127521735084,-0.007778445346885861,-0.007421233216268418,-0.00701983002387059,-0.006647647260561984,-0.0059797226610820335,-0.004071642419204245,-0.004482922812994686,-0.00346878679475574,-0.0025243167928551023
2021-02-04,-0.006574761215259932,-0.006876299409155486,-0.006994651097664064,-0.006957513422572439,-0.006780920591406051,-0.006568268566720674,-0.006280963267693377,-0.005881849400591843,-0.005459116369703838,-0.005082335798518027,-0.004373490295792469,-0.002191940211322459,-0.0028201609587880524,-0.0018403620926316902,-0.0008656588320694701
2021-02-05,-0.006497234900760156,-0.006983669984404771,-0.007279352527747513,-0.0074084623286294156,-0.007371409847689375,-0.00724333599712529,-0.007021282007610915,-0.006677380209303387,-0.006297993683013868,-0.005924880346729073,-0.005125923124046743,-0.0028123219559283456,-0.00352216890640282,-0.002542965441822954,-0.0015823171112294544
2021-02-08,-0.006746130068336034,-0.00715068618977369,-0.007363306118155397,-0.00741022982095161,-0.007310624009548939,-0.007141666567636638,-0.006875914094840217,-0.006488497188543578,-0.006063480915236168,-0.005665033077427305,-0.004873030175978993,-0.002702638871050887,-0.0032939857231388146,-0.002321548531670732,-0.0013572773157358971
2021-02-09,-0.007297800962063052,-0.007843427905758208,-0.008139592791905109,-0.00821944770115328,-0.008103998119027468,-0.007869670199218803,-0.007520495347416214,-0.0070507265925829265,-0.006560764991228752,-0.006113169419211633,-0.005238208728839432,-0.002826780784019008,-0.003320907641839777,-0.0021873949510095793,-0.0012416310768852933
2021-02-10,-0.006698237209780468,-0.0070804060399686335,-0.007251056447665984,-0.007245020185784284,-0.007105504805121394,-0.006911511389779631,-0.006637648580393267,-0.006249377452559216,-0.005828962045961821,-0.005432530919981953,-0.004621701361743452,-0.0024678598960827937,-0.0031557240985013277,-0.0021867685252637435,-0.001197612746838599
2021-02-11,-0.006551131531997132,-0.0069125096011631165,-0.00707975515532167,-0.007085660602574191,-0.00696372874540698,-0.006800184216698156,-0.006558465791351384,-0.006203684269933344,-0.0058074155496364065,-0.00542609913277837,-0.004682920592001112,-0.0026857890983275064,-0.0032144640957863222,-0.002259278862521779,-0.001280866905747408
2021-02-12,-0.007234306798738899,-0.007978342708022472,-0.008463834338579043,-0.008724499436370839,-0.008756606605098445,-0.008658021151917161,-0.008440387711014994,-0.008095790081220765,-0.007707469230490852,-0.007316583662550893,-0.006466678537265295,-0.004113515074837641,-0.004878015767725449,-0.0038747291776402362,-0.0028782861319304174
2021-02-15,-0.007376113776665538,-0.008072775669792635,-0.00850281034476521,-0.008704815316529248,-0.008678436422679127,-0.008518912828028918,-0.008241164958733425,-0.007841391362612362,-0.007408143418425388,-0.006985334559438465,-0.006109419701397382,-0.0037220611589864863,-0.004264009144834941,-0.0031612916916297826,-0.002215772931437222
2021-02-16,-0.006693898414833131,-0.0072052527021599965,-0.007495174867720209,-0.007598218829024955,-0.007539051097360501,-0.007413855188948269,-0.007199034571213962,-0.006864508893281954,-0.006480558353230924,-0.006097233807387787,-0.005293169882782895,-0.0032024677122904238,-0.0038631211150705995,-0.002894407674205647,-0.001955209100345367
2021-02-17,-0.006840147566853943,-0.007193648372535002,-0.007338340921584041,-0.007306635878446977,-0.0071373722876207114,-0.0069184040962585475,-0.00662180350819342,-0.006219094563264698,-0.005787294962816878,-0.005387572479768351,-0.004634835095668702,-0.0025824530615505977,-0.003007346422061534,-0.0019298013011059237,-0.0010020851846434039
2021-02-18,-0.006981181017855115,-0.0074790434662348835,-0.007753132742129744,-0.007836945391048325,-0.007746807174429602,-0.007578565039199869,-0.007320819030538405,-0.006951198087099875,-0.006548249621535625,-0.00615777065909543,-0.00537027581306082,-0.00327166961844482,-0.0038929706003813353,-0.002908444305527138,-0.001999489406100747
2021-02-19,-0.0067466504048854115,-0.007298628935040544,-0.007601408814095788,-0.007695444586889217,-0.007596804980453514,-0.00740300766278691,-0.0071015875322756085,-0.006685968489646303,-0.0062422856115105264,-0.005827545595192769,-0.004989554224404981,-0.0027725043338584724,-0.0031983819433505896,-0.0020588373662313426,-0.0011417756273666452
2021-02-22,-0.00689300715314702,-0.007357102644069709,-0.007584823964020558,-0.007610737193340994,-0.007447684646500052,-0.007204509379064376,-0.006866378920524094,-0.006425609517687137,-0.005967406371054904,-0.005545895045656248,-0.004706458842897183,-0.00240844808080435,-0.003011924809342899,-0.001901258643548872,-0.0010018535003875934
2021-02-23,-0.006651248309009965,-0.007031663562288899,-0.007187645929506108,-0.007148272186567027,-0.006933981218518525,-0.006649721567940303,-0.006275152225920764,-0.005801169118966613,-0.005310958573646868,-0.004861601953236212,-0.003998116434608217,-0.0016381124384617553,-0.002038876545249326,-0.0008365004236700986,7.863244539420863e-05
2021-02-24,-0.006697927344962477,-0.007084483831903644,-0.007250971746468459,-0.007229989664294502,-0.007039013043048594,-0.006782173658251144,-0.006425756029636863,-0.005956868314608836,-0.0054579115696285685,-0.00500243197620006,-0.004183302902887473,-0.002142634529697807,-0.002131030137128977,-0.0008373652515174009,7.407216684131984e-05
2021-02-25,-0.006870571089710311,-0.007316694090979411,-0.007542192494110716,-0.0075773489670485,-0.007434518705474024,-0.00721879493882074,-0.006904022294260139,-0.006475919435196594,-0.006012807594036843,-0.0055796471803174616,-0.004756818967336459,-0.0026140860766060733,-0.0028295095448499325,-0.0016242990745541155,-0.0007075083945843612
2021-02-26,-0.007300134522174279,-0.007520314590384389,-0.007551017231947926,-0.007413003133604306,-0.0071299886954380625,-0.006803966008624013,-0.006393788996172576,-0.005877649760855765,-0.005347631153251677,-0.004875125660441038,-0.004009476345395692,-0.0019039871116126898,-0.0023173571252021355,-0.0011732379286270678,-0.0002591572621220374
2021-03-01,-0.006987515301563797,-0.007383395063542001,-0.007575711166331202,-0.0075880199886754875,-0.007427869706501409,-0.0072040292457781156,-0.006891975612891317,-0.00647413238193019,-0.006034391657454417,-0.005630426671875342,-0.00480965986365574,-0.0025160005596960057,-0.0033201401574061485,-0.0023537766628816733,-0.0014055441684132659
2021-03-02,-0.006975529915907887,-0.0072646523132774855,-0.007367025357985746,-0.007290248895279551,-0.007089070365423742,-0.0068493844283701154,-0.006526390799105435,-0.006109382156126834,-0.005628996960437351,-0.005143563148508693,-0.004219105591147199,-0.0025737732675873825,-0.0029098670291383844,-0.0017940680100942451,-0.0008653127132155084
2021-03-03,-0.007278522493760019,-0.007622166812471031,-0.007778370817200252,-0.0077552241188729035,-0.007586688374198883,-0.007353079562954173,-0.007033122039700441,-0.006623608086877318,-0.00616011283184376,-0.0056846710608245395,-0.004745691363874844,-0.003059021669712328,-0.0035528519415462855,-0.0025032764374443763,-0.0015978309370153813
2021-03-04,-0.007036052600596908,-0.007456619734078293,-0.007649492809252057,-0.007634759617707507,-0.007439936712077562,-0.007146365686462936,-0.006742298832936784,-0.006243495088650537,-0.005701678425094236,-0.005166702370979783,-0.004128930979323028,-0.0020788604711978963,-0.0022864853709043307,-0.0009852432440425978,-4.603277073039823e-05
2021-03-05,-0.0070265814418241585,-0.007382100420750342,-0.007507218587087944,-0.00742543774155979,-0.0071839237726743655,-0.00686807339334095,-0.006460910304032351,-0.005974009615626742,-0.005452053871682254,-0.004928022303741351,-0.0038418206619710554,-0.0016065829170492515,-0.002362667850400111,-0.0012533514322945949,-0.00031966790906431107
2021-03-08,-0.00735758429334687,-0.007929214439569657,-0.008248832588100862,-0.00833694499313009,-0.008214133252209096,-0.00796836424914581,-0.007605703316714014,-0.007147929789301339,-0.006643113928692469,-0.0061223761661941545,-0.0050086837713412945,-0.002751759864625166,-0.0034453484973959265,-0.002283901125995255,-0.0013428271448634465
2021-03-09,-0.007369917765562757,-0.007536048753702636,-0.007511445854325538,-0.007296702459396607,-0.00692072416632578,-0.006465828043514593,-0.0059181149331957875,-0.005298175839322481,-0.004660367311953689,-0.004056004608744373,-0.0029080197643824813,-0.0007316176553385867,-0.0010085656695901079,0.000309221187483205,0.0012593591960176642
2021-03-10,-0.007175779306709947,-0.0073843431410777335,-0.00737032184968269,-0.007158056106343606,-0.006790973253180297,-0.006356466075616948,-0.005824066680200243,-0.0052108727525211245,-0.004566495442208849,-0.003948606099794012,-0.002797685085908998,-0.0007506022896318918,-0.0009269996059975937,0.0004165712719417066,0.0013628855089091718
2021-03-11,-0.007329666626772356,-0.007794206882983583,-0.008012556227936314,-0.008005015836284208,-0.007778572471199759,-0.007422301766160902,-0.0069488618648240194,-0.006388984079338365,-0.005799649768805202,-0.005216086231965945,-0.004041498082738472,-0.0017086258648896725,-0.002140688391525545,-0.0008755253412074366,0.00011241799209633376
2021-03-12,-0.006882542815955205,-0.007392667785857107,-0.007696074908638231,-0.0077975360138660245,-0.007688257188128462,-0.007467753173500274,-0.007132368017097077,-0.006704459173013589,-0.0062126045351175024,-0.005691542749512198,-0.004611380000607486,-0.0025990966709078306,-0.0029461449887163414,-0.0017791096009237089,-0.0007874017567945288
2021-03-15,-0.006804358548551583,-0.007200494757835571,-0.007386465808994152,-0.007340532678672832,-0.007129035658601342,-0.006839537071029123,-0.006458284185300655,-0.005997511500413049,-0.005484023108027029,-0.004953166550263083,-0.0039008873463860306,-0.001851049587214812,-0.002134785263026865,-0.000884218049545759,0.00013267490807256218
2021-03-16,-0.007951418779223614,-0.008280085948321076,-0.00836309293497515,-0.008195471613420055,-0.007841308030456807,-0.007376685145761515,-0.006811664176874108,-0.006185029350216052,-0.005542295390512852,-0.004923262990579923,-0.003715509001890572,-0.001325111517447771,-0.0017554533193240493,-0.00044770992513173393,0.0005411165620783551
2021-03-17,-0.007324795468141102,-0.007643080543289468,-0.0077034074382097955,-0.007496275237591466,-0.007092057228604073,-0.006572670484024382,-0.005954758590210714,-0.005284934057806306,-0.004606038534095987,-0.003954955948966056,-0.0026788589361327877,-0.00020744672625489522,-0.000508635153316917,0.0008857657422319015,0.001911659119571931
2021-03-18,-0.008021812540658823,-0.008673162908792869,-0.009065379263914068,-0.009182825220310706,-0.009055189915051422,-0.008753316075545126,-0.008331063944623723,-0.007829441829770419,-0.007292187314868581,-0.0067337601120898705,-0.005530929533547934,-0.003136474101857393,-0.0037754699189618745,-0.0025964053760796487,-0.0015878316247311076
2021-03-19,-0.007734434570694513,-0.007675657954408755,-0.0073738684060299505,-0.0068247567743995275,-0.00611835974759733,-0.005340679624373024,-0.004489818286268788,-0.003620343818355529,-0.0027905071376913035,-0.002048171682722469,-0.0007002840915727482,0.0018787247809709357,0.0016001755405124706,0.003079990521689514,0.0041199383082751295
2021-03-22,-0.007211849105365902,-0.0073389735040981195,-0.007219156171240004,-0.006836205995786576,-0.00627576808906358,-0.005615414995315204,-0.004875493981369738,-0.004108263287883933,-0.003356624516550227,-0.002662876263453279,-0.0013361402380634275,0.0013046569683266458,0.0009688415489106576,0.0023895023811560286,0.0034581482219102648
2021-03-23,-0.006837591143352566,-0.006854264884754651,-0.006655993823457054,-0.006223528550117747,-0.005673114698509274,-0.005080858324165113,-0.004427279377275828,-0.0037359762425904575,-0.0030364145633560114,-0.002382423128636232,-0.001163819021974823,0.0011325421328156132,0.000758294743903814,0.0020479754813190138,0.0031038306972025493
2021-03-24,-0.007577830639997379,-0.007930338974693377,-0.008020540638607996,-0.007837570370414196,-0.007448788296198948,-0.006921893483278137,-0.006287354321776692,-0.005597012428697852,-0.004895684098664262,-0.004227586484000748,-0.002919260957832919,-0.0004377766877061754,-0.0007693910498110402,0.0005931394190927608,0.0016618095676439932
2021-03-25,-0.006852675961555155,-0.007168188184807019,-0.0072513258055744295,-0.007079788188087524,-0.006729724265917848,-0.006269028187059654,-0.005718353057227796,-0.005102378973606271,-0.004452665632624959,-0.003804870209185754,-0.0024928636263307686,-0.00011075419508647325,-0.000531470260320977,0.000730957336297551,0.001821973460045606
2021-03-26,-0.006199899511259931,-0.006011015761167073,-0.0055766446990612424,-0.004901771522577335,-0.004140921693056752,-0.003356338229011483,-0.0025344118324760667,-0.0017016816686828778,-0.0008866918198331749,-0.0001459230159977646,0.001269271265183284,0.003893993290200655,0.003197457874009827,0.004478687201834502,0.005598444024940563
2021-03-29,-0.006397075218016996,-0.0064742307784790044,-0.006310228176425087,-0.005902254297804208,-0.005360537395653142,-0.004758049129263451,-0.004100329206486937,-0.003414548648535446,-0.0027249849094555497,-0.0020622139414960116,-0.0007376148954966694,0.0016463263000768336,0.0009295407284215969,0.0020696134115944253,0.003141574193782479
2021-03-30,-0.006634160833337051,-0.006820675323832123,-0.006797689928163363,-0.006539041019073495,-0.006136370028439833,-0.005664160926830194,-0.005111155307636053,-0.004516123688571339,-0.0038947525836822627,-0.003292076635590989,-0.0020615566579511926,0.0003134777280316434,-0.0005985321189869797,0.0004413085167484631,0.0015181487573115125
2021-03-31,-0.006912259669812109,-0.0070997562305514786,-0.0070394466386782565,-0.00670380862222405,-0.006195942133093703,-0.005596316355477248,-0.004905912198151738,-0.0041800427528752215,-0.0034489945260135365,-0.002757840585722141,-0.0013825503093840147,0.001495798399922268,0.0005983388112834249,0.0018186908427286937,0.002874986323368269
2021-04-01,-0.007340767218359552,-0.007528257080264569,-0.007425700677734163,-0.007017399320888317,-0.00642551034894306,-0.005727816045439116,-0.004928287454208773,-0.004091086284571187,-0.003263897939078158,-0.0025100578714121772,-0.0010801850113655012,0.00165255892069598,0.001116215439453911,0.0024617987299736053,0.0035199236960472033
2021-04-02,-0.006692166681405375,-0.00691145643385598,-0.006895281389460407,-0.006602469207016697,-0.006140748189086606,-0.005588308249902616,-0.004937441291884326,-0.004242088650108697,-0.0035235112885143183,-0.0028519517744452234,-0.0015939267435566193,0.0007219881858582971,0.0006060489301448028,0.0020675731306280557,0.003073761377650537
2021-04-05,-0.0065374726991237414,-0.006757700736500398,-0.006707754409886146,-0.006362515828366362,-0.005841759867448335,-0.005229511306921669,-0.0045253498923383435,-0.0037908605197605094,-0.003053100562037297,-0.0023758494226662438,-0.001042189120089552,0.0017217927028301,0.0010594150090479802,0.002327769671230477,0.00340575758325427
2021-04-06,-0.006376242348919386,-0.0066239644686173545,-0.00656592765091631,-0.006189525974489763,-0.005630706711291418,-0.004980136430736686,-0.004236366741810197,-0.0034666426390394115,-0.002693064593819607,-0.0019804329182457076,-0.0005668662114007357,0.002235716730423495,0.0015034109384464466,0.0027942612398454926,0.0038734400499415987
2021-04-07,-0.006170053841869344,-0.006413918112574301,-0.006393828806661658,-0.006055294177815542,-0.0055329568528345125,-0.004924421006745619,-0.004227923902128607,-0.003504462064135686,-0.002773043715547821,-0.0020854631635312962,-0.0007270203477557898,0.0019586503225723626,0.0014100329019654904,0.0027174277262159586,0.0038091575271437554
2021-04-08,-0.0068435922257681255,-0.007081616994542796,-0.0070704974475298225,-0.0067538438789812635,-0.006254554312985452,-0.005668263185745406,-0.0049951080847679885,-0.004290663578333626,-0.003582939239525373,-0.0029206304781200787,-0.001611441350409815,0.00106504282832903,0.00012920428385567676,0.0012753666991521452,0.0023543454079678434
2021-04-09,-0.006668544285067134,-0.007003086736984103,-0.007084010695387343,-0.006846604919363928,-0.006412671525201998,-0.005875226203013127,-0.005240331054087973,-0.004571990725617905,-0.0038924887989745752,-0.0032486457136304487,-0.001944804339124897,0.0009004841236416338,2.876533731999793e-05,0.0012944334754636027,0.002360152234347346
2021-04-12,-0.006873467048655862,-0.007126573052393211,-0.007100992607455785,-0.006756440042114532,-0.0061988446688724195,-0.005531415227714489,-0.004770077364373665,-0.003984455001981706,-0.0032107325725139746,-0.0024974104609884838,-0.0010698243805774864,0.0019871836355776014,0.0010023414769196526,0.002353219481001197,0.0034131323722435495
2021-04-13,-0.006686672425319821,-0.007009778607932042,-0.007095084121394273,-0.006887479412911934,-0.0064584592115233,-0.005911690140724127,-0.00524961453426122,-0.004549701957091491,-0.003838668724399922,-0.003172777502287513,-0.001857494163816279,0.0009089761374120607,0.0002626694661082685,0.0017245197762487839,0.0027604593579478665
2021-04-14,-0.0066671140648462785,-0.007067899207239742,-0.007205389505438969,-0.007030280022006658,-0.006620538232725192,-0.006081132164512544,-0.005430264565766077,-0.004738062718201282,-0.004036877848471129,-0.0033725545592796936,-0.002018858247771882,0.0009260318641901553,9.660029586985858e-05,0.0014345508274275286,0.0024874159913386338
2021-04-15,-0.006571176529110426,-0.006984388250880477,-0.0071425466244037115,-0.006992597736189796,-0.006601026179878905,-0.006076654086902211,-0.005436939465917953,-0.004754315307053738,-0.0040505878680304796,-0.003372440865307593,-0.001982533857190099,0.0007613080000080678,1.7320542622970784e-06,0.0013518459794785677,0.0024379980764881533
2021-04-16,-0.0064074940880531235,-0.006734234384993983,-0.00678096152900716,-0.006496142796364737,-0.005969955571564819,-0.005315250325193208,-0.004548986015504037,-0.003749989422005712,-0.00294687403275134,-0.002194234023783555,-0.0006619716018650868,0.0024098440099415462,0.0014683070197131184,0.002873707884759573,0.004032311836516838
2021-04-19,-0.006331762761939393,-0.0065123004768308885,-0.006452803997847798,-0.006095597457107403,-0.005542365374875777,-0.004904885810505771,-0.004167920871519798,-0.003396826848132428,-0.002613643574611391,-0.0018841809064600286,-0.00044979803221636603,0.0023879045380872555,0.0016475316017955735,0.0030161364531413833,0.004195686662071398
2021-04-20,-0.00694681688429148,-0.007340711751906726,-0.0075070840529122,-0.0073608681196369805,-0.00697621526012331,-0.006471715783382442,-0.005845469023295342,-0.005164947082759251,-0.004452041083377642,-0.003764954186137598,-0.002369077576172912,0.00037042668624697296,-0.0005406395774477121,0.0007277173867006829,0.0018947520912539254
2021-04-21,-0.006232189701120888,-0.006673000372134783,-0.0068627861320458075,-0.006727583009627593,-0.006345751541290844,-0.005835340250420398,-0.005208469654219726,-0.004531991943468847,-0.0038293497442104876,-0.0031337001626020166,-0.0016530726441528615,0.0014592023322417623,0.00034442520067983645,0.0016550580922949014,0.0028510226048213028
2021-04-22,-0.00706531371739269,-0.0075153327296540685,-0.007713102185389139,-0.0075798457551420634,-0.007177623667951961,-0.00662202737868271,-0.005937919986841608,-0.005198531757689747,-0.004447212289131576,-0.0037218106560223648,-0.0022345103440283374,0.0008787785336620028,-9.393500214267386e-05,0.0012808123279954245,0.0024461542843615663
2021-04-23,-0.006777717664372924,-0.007270952423247119,-0.007562267967415547,-0.0075644205186793986,-0.007314698279200673,-0.00693786901946858,-0.006439993557244191,-0.005872419336113429,-0.0052588137901544395,-0.004623944056927079,-0.0032952603728331614,-0.0005231839204445709,-0.0014684372214472242,-0.0002032470425723218,0.0009515726241261644
2021-04-26,-0.00686039198880356,-0.007119504457618874,-0.007149273383273392,-0.006873358747774648,-0.006375883727796904,-0.0057772876270434145,-0.0050630348742425006,-0.004302843547372016,-0.003530735712188826,-0.0028006471610486266,-0.001326831702085504,0.0017463841215041944,0.0005810450397448067,0.0018849542695957213,0.0030764936378675804
2021-04-27,-0.007454882871420864,-0.0079064417383696,-0.008099501480253051,-0.007960486294479551,-0.00755707768569842,-0.007000768984153449,-0.006314578970592136,-0.005571349569767709,-0.004808379066710892,-0.004071222256240093,-0.002563302008500021,0.0005777744512944421,-0.000507726271640567,0.0008755727663314842,0.002040108467103499
2021-04-28,-0.006637740183163895,-0.006873217423774812,-0.006860274107345297,-0.006532984020712461,-0.005990528641892316,-0.005353498573716451,-0.0046187652462370745,-0.003848638253047356,-0.0030643128509674766,-0.0023103626080822103,-0.0007935457814250983,0.0022454133152480142,0.0011985098172970522,0.002511598752155078,0.0037076428439348852
2021-04-29,-0.006646725035382044,-0.007154714715892518,-0.007379388989725437,-0.007394958827342657,-0.0071219260572023095,-0.006730536944728788,-0.006228062077338679,-0.005658978046539453,-0.005035918783620167,-0.004380854504718465,-0.0030057269347567965,-0.0004864574878884493,-0.001322656088549898,-2.1250595334620145e-05,0.0011332560502703985
2021-04-30,-0.0068006916845224745,-0.006905759143552772,-0.0067580807725710025,-0.006425959601610372,-0.005861828625944988,-0.005236707999735598,-0.004525353280455287,-0.0037767678163001823,-0.0030124469791075257,-0.0022853721094612985,-0.0008884932746214297,0.0010170027395937419,0.0010142707488622429,0.0024279444972447966,0.003558299501910191
2021-05-03,-0.006541980671829215,-0.00685967377360447,-0.006892607841554006,-0.006711067235808912,-0.006248769708672928,-0.005675416350192965,-0.00499086904388417,-0.004259066347247486,-0.003504411117439061,-0.002767066434523558,-0.0012820028349789575,0.0009389343866486538,0.0009045787987915555,0.0024074374672100923,0.003556171303215671
2021-05-04,-0.007098820695951218,-0.007395454334748603,-0.007432588289012848,-0.007278127525793084,-0.0068608211192759845,-0.006347445795156965,-0.005731651928135695,-0.005062750505253533,-0.004360951595655438,-0.0036717940733255604,-0.0023141483886905674,-0.0005195697588442471,-0.00047837728115553515,0.0009089461205425511,0.0020277507659837817
2021-05-05,-0.0072106405367804854,-0.007587719754701122,-0.007682101168287022,-0.007573669463497657,-0.007201914789030493,-0.006719268761181847,-0.00613270142622357,-0.005484103900752709,-0.004799883483625471,-0.004116167622961128,-0.0027248100281741534,-0.0008035992072495865,-0.0010256200884084577,0.00035548437306070634,0.0014384729601109943
2021-05-06,-0.006554228154854472,-0.006856115173433071,-0.006896056426027409,-0.00675766472938405,-0.006379468572866658,-0.005922863656540665,-0.005366286512121106,-0.00475018074747393,-0.004085323210002976,-0.0034217375004657784,-0.0021308839368888517,-0.0005992232118351761,-0.0002990567558548818,0.001124969089287629,0.002217827269400132
2021-05-07,-0.006175823396823294,-0.0064396317176445336,-0.006424518961537391,-0.006205759186240706,-0.005747288716393106,-0.005207002064466554,-0.004579077561512556,-0.003905424942114535,-0.00320490113942295,-0.00249482204281598,-0.0010132798307987945,0.0012705006059606947,0.0008141824810324855,0.0021935305091155574,0.003349750138619834
2021-05-10,-0.007432987605367159,-0.007625341081861196,-0.007537598819967173,-0.0072488014261861446,-0.006718852487724681,-0.006089590270906549,-0.005369602396136807,-0.00460908373424884,-0.0038400438999062515,-0.0030940861486498895,-0.001627703096086387,0.0005300727439395186,0.000382726982220703,0.0018650683718689325,0.002968219257622585
2021-05-11,-0.006764272406739661,-0.00685744643844334,-0.006684783222333977,-0.0063214238263998804,-0.005744684754551089,-0.005095192591568239,-0.004369667235053569,-0.003612969691518558,-0.002845459532309827,-0.002099116205731128,-0.0006128095026871334,0.0015604164460628189,0.001348282757661072,0.0028156923205643536,0.003938914389749559
2021-05-12,-0.007447290760889718,-0.0077477108928022545,-0.007795346753764557,-0.007648198926634301,-0.007247523839090557,-0.006723969226339929,-0.0060978229257626256,-0.005420255786094773,-0.004714105427135451,-0.004010548905738074,-0.0026093363134018256,-0.0008097291255662212,-0.0006818143735897555,0.000768617939060842,0.0018780492613937423
2021-05-13,-0.007093806809883168,-0.007278853580927813,-0.007202452865716898,-0.006932251621690833,-0.006435059910258186,-0.0058446342411449465,-0.005174448591654955,-0.00447260164608273,-0.0037543852325119006,-0.003048379669349039,-0.0016118430454703848,0.0004563150056272094,0.0001982841643413389,0.0015648534675352021,0.002698307250014654
2021-05-14,-0.007156117618821487,-0.007340114167163967,-0.0072849384686584865,-0.007047528491530557,-0.0065883522548682094,-0.006038827513039852,-0.0054032777839882785,-0.004725588305016282,-0.004021325582289702,-0.0033277422880024113,-0.001961904712502067,-0.00018913080385824432,-9.181191785862875e-05,0.0013434200382300234,0.0024599678690816816
2021-05-17,-0.006959590322946705,-0.007296927253095619,-0.007379858171751365,-0.007275589140788854,-0.00692356373089486,-0.006460276756294404,-0.005897575415272577,-0.0052823388539026675,-0.00462211990965024,-0.003950776479613707,-0.002595702466582251,-0.0009700958496254248,-0.0007127460440887159,0.0007193345801735057,0.0018431960806252266
2021-05-18,-0.007174745032307934,-0.007375357758191631,-0.007329170171217911,-0.00711119580083391,-0.006680443438093172,-0.006164499274145693,-0.005564583071430633,-0.004909330752661721,-0.004211839152218179,-0.0035234546310762005,-0.002198780746218724,-0.0008726660843307437,-0.0004425089017899319,0.0009770245519051578,0.0021160302434049937
2021-05-19,-0.00686377027703951,-0.007265761779216912,-0.00736728817229182,-0.007242896846234158,-0.00684603597550203,-0.00630903005773741,-0.005665576973245329,-0.004973210284708538,-0.004249940017920253,-0.0035148704720499853,-0.0019610394722646687,0.00024878492326432924,5.466240356955454e-06,0.0013577059639977682,0.0025700918841069613
2021-05-20,-0.007855097267222529,-0.00815542111584432,-0.008206398481828407,-0.008079236651058431,-0.007719771159630875,-0.0072605899789945656,-0.006714190888603703,-0.006114658029373562,-0.005474647407900906,-0.004830097556254892,-0.0035484635735593155,-0.0020835526057001626,-0.00205784504612949,-0.0008155245209176265,0.0002893435637001721
2021-05-21,-0.007735140321424286,-0.008055380419675058,-0.008115127063051265,-0.007986115858211169,-0.007614306166855049,-0.007121627582118737,-0.006533615674165822,-0.005893055666850951,-0.00521174170437271,-0.0045322254254436135,-0.0032364678657531743,-0.0018437104578683556,-0.0013000599374278906,0.0002064150086104129,0.001292021713646856
2021-05-24,-0.007406915265365553,-0.0076303208446027015,-0.007590153231105193,-0.007348148185330548,-0.006866484514917404,-0.006279049480867733,-0.005597256795441017,-0.0048729442251496495,-0.0041233059771052264,-0.0033845082716745193,-0.0019280136867349262,-0.00010548975947736496,-6.420661139377158e-05,0.0014228758354022106,0.0025396426570308724
2021-05-25,-0.007673590716095574,-0.00802300906344598,-0.008066244142268602,-0.00787727000599497,-0.007402820511121922,-0.006784726957285063,-0.006056453583049506,-0.005284951743939771,-0.004496750702735612,-0.0037314026860007336,-0.002255006806560288,-0.00033568476918767486,4.6291798650581386e-05,0.0017272565635740005,0.0028326513683361847
2021-05-26,-0.007848366038290387,-0.008210171214310266,-0.0082974306121949,-0.008180479845949088,-0.007803156315236025,-0.007292339045466839,-0.006678124546923773,-0.006014665468370957,-0.005319375016969273,-0.004627227105181368,-0.003238299302111892,-0.001469622387953984,-0.0014652577076967438,-9.215329068807884e-05,0.001030054569506654
2021-05-27,-0.007075542716603983,-0.007140861765592417,-0.006957262616653869,-0.006592876157066392,-0.006039106008629634,-0.005433573391721305,-0.0047690019386098775,-0.004083081774778497,-0.0033794862168167756,-0.002690589601030653,-0.0012970885801314139,0.0005617767036115652,5.4846553121127564e-05,0.00131947046509965,0.002414217129138977
2021-05-28,-0.007375502035450204,-0.007560012130929548,-0.007493358637280779,-0.007258926891577201,-0.006819882009854853,-0.006306476594812889,-0.005718184373585025,-0.005090811598357106,-0.004418576001218141,-0.003765700881052712,-0.002522128996103746,-0.0013454121197411513,-0.0007872721253118853,0.0006638193149725966,0.0017203199374642149
2021-05-31,-0.007009501575165906,-0.0071336977897498155,-0.006969913633505796,-0.006596657002426235,-0.005990525375932815,-0.0052964093983714836,-0.004525099032456976,-0.0037343846233148965,-0.002940682144531221,-0.002186383790147438,-0.0006795059439777761,0.0014236848072896212,0.0012763483272950514,0.0027235474030469446,0.003839013727913394
2021-06-01,-0.00699088064171947,-0.007098260970707298,-0.0069334773176815325,-0.006579777821495661,-0.006013734857729302,-0.0053629746855028745,-0.004649277459618832,-0.003926956632887487,-0.0031950052383046797,-0.002519176316620759,-0.0011914993749185662,0.000685779236447468,0.0007788792989607161,0.0021868861625871927,0.0032705580403489106
2021-06-02,-0.006665910481829385,-0.006943448340056062,-0.006946804622708765,-0.006735608635936621,-0.0062627321013357575,-0.0056617155086711125,-0.004973232289661405,-0.004265229901763871,-0.00353970142151625,-0.002843564946377407,-0.0014153809756699237,0.0007159043605555705,0.0005910450394401735,0.002157296719416467,0.0031886707975603192
2021-06-03,-0.006385245254247221,-0.006464599198975167,-0.006277056924145695,-0.005896168001464202,-0.00530834630338509,-0.004646347460808607,-0.003917889732137857,-0.0031853474940761522,-0.0024485351953767716,-0.0017741673401918856,-0.0004282118982026219,0.0016259431110491843,0.0014628315952762293,0.002929803640992083,0.0040110604784780865
2021-06-04,-0.006945867316966395,-0.007251384393890294,-0.0072715870107683414,-0.007075950423494489,-0.0066148171025144946,-0.006020800809952848,-0.005333957012410777,-0.004629481625419462,-0.003910654971132464,-0.0032339047264379403,-0.001873017728993101,0.00015865009863447318,0.00029774285799965584,0.001852607364891123,0.002939897049890349
2021-06-07,-0.006377041432183638,-0.006559624330402517,-0.006456304508757548,-0.0061364592024579214,-0.005578964972860024,-0.004913652387523807,-0.004164858559346845,-0.003404866566333532,-0.0026363832057293094,-0.00191154272359955,-0.0004431061746820234,0.001855268446118578,0.0018167362160348495,0.0033726265289841188,0.004501444083205903
2021-06-08,-0.006698027466501709,-0.006925818058084854,-0.006862273181551998,-0.006580535835137786,-0.006044562826863123,-0.005398071810913543,-0.004673169996180098,-0.003940541092734934,-0.003201065691464727,-0.0024959648768888855,-0.0010463224361685248,0.001160862361383446,0.0009670462546310307,0.0024540228021619837,0.0035499184232894707
2021-06-09,-0.006810438734791521,-0.007238064186965711,-0.007341574660107519,-0.0072069178141186165,-0.006786006455396173,-0.006204250131527251,-0.0055339676452014295,-0.0048508158485549065,-0.004151452397946816,-0.003472124989737492,-0.001997363191187626,0.00041635868406839343,6.881075392193257e-05,0.0015738294730845708,0.00272070902290599
2021-06-10,-0.00698146131135522,-0.00697480249621825,-0.00666280556570212,-0.006134199298225222,-0.0053861695699025545,-0.004549481844530937,-0.003661982632555283,-0.00279640283356254,-0.0019530011119184138,-0.0011924066638275158,0.00031643871638901045,0.0026606033652358213,0.002469538568847829,0.003987583782836039,0.005116605839836903
2021-06-11,-0.006693468164374337,-0.006782871165397563,-0.006586215088438697,-0.0061834757527986055,-0.00558424656338514,-0.004902429020501323,-0.004174646777182398,-0.0034521870175606238,-0.0027162732480448264,-0.0020229370353228,-0.0006421695916708446,0.0004105374003907404,0.001244301719444923,0.002678388702219634,0.003823682712032986
2021-06-14,-0.006880014288510805,-0.006991533446192159,-0.006812726119366954,-0.006422568900586753,-0.005827222149179909,-0.005156882404566595,-0.0044509531379421955,-0.0037568974816241194,-0.0030490508877416694,-0.0023752826511762044,-0.0010351673161468717,-6.53944036693205e-05,0.0007150946123783346,0.0021386055531927707,0.003262731188247535
2021-06-15,-0.006718911673565666,-0.006922304847117617,-0.006800898967886323,-0.006439121256694532,-0.005836458624772885,-0.005110008930550832,-0.0043148828052754825,-0.0035239557446262873,-0.0027265709118324704,-0.001978083046003464,-0.00047859484094153444,0.0009054538761869703,0.001854629459030686,0.0034841156649048563,0.004584007437055496
2021-06-16,-0.00573838948780301,-0.005732015505439177,-0.00540919463844781,-0.004858702537752567,-0.004124312002576727,-0.0033283507828691873,-0.0024869302964102037,-0.0016587683984461527,-0.0008279740983663374,-6.455314998285722e-05,0.0014794989452273824,0.0031211362085196473,0.003720882008525012,0.0052893292051263766,0.006434403641992166
2021-06-17,-0.006922253718320123,-0.007229658872866793,-0.007177679265810711,-0.006862770941779405,-0.006272526018325725,-0.005514720829430686,-0.004653404962595238,-0.0037845478991980763,-0.002915467196943901,-0.002103595590677424,-0.0004566400413803821,0.0014190236166769501,0.0023189539252400455,0.004117866701102884,0.0052266161722319075
2021-06-18,-0.006314490960207704,-0.0064239779704329085,-0.006234599646784292,-0.005826990365133145,-0.005233779858661821,-0.0045524167731343925,-0.0038138606256107235,-0.0030756535019019777,-0.0023147423296701157,-0.0016056835396493388,-0.0001537667587120067,0.001127776657514248,0.0018234133197974451,0.003284203983882584,0.004403934337418711
2021-06-21,-0.006355477081926752,-0.006374627832840619,-0.006095763559570608,-0.005593952244888841,-0.00490433973749072,-0.00411778573643078,-0.0032593153495167476,-0.0024046327301322033,-0.0015553451786276813,-0.0007847430482128159,0.0007988379935362371,0.0026797642605363567,0.0030588367035309224,0.004574364388310723,0.00569932941302592
2021-06-22,-0.006614600343425656,-0.006656527553992813,-0.0064278393183636266,-0.005988265872054925,-0.005353429352771138,-0.004625926745337597,-0.0038339339692202673,-0.0030517212245277773,-0.0022634288523518723,-0.0015489695030880463,-0.0001261047197371652,0.0012296985572358208,0.0020180366599518414,0.0034609319242426386,0.004578357063885319
2021-06-23,-0.006435953059488168,-0.006524912703959183,-0.00634400303990835,-0.005944998652707242,-0.005326919478478034,-0.004602827785847224,-0.0037929199741254613,-0.002977445287891839,-0.002151445530201074,-0.001406213364074242,2.474152407389539e-05,0.001140456136438674,0.0023926117880690282,0.004021454232567353,0.0051319653633845105
2021-06-24,-0.006861158231615617,-0.006950051308662835,-0.006786201399984721,-0.006417178091550435,-0.005846580729425225,-0.005194057485945668,-0.0044738582920896336,-0.003740251492762246,-0.002993356461818235,-0.0022996167233224835,-0.0009260152356520421,0.0003623036447469747,0.0009313188622110592,0.002285652330013706,0.003370886927131699
2021-06-25,-0.006141721760092089,-0.006175311740823698,-0.005945573472346382,-0.005506451337410516,-0.004875633765768416,-0.004170049351868006,-0.00339763676179794,-0.0026198190144870593,-0.001829075749848362,-0.0011016750081572818,0.00033584372069651923,0.0016522008121083575,0.0024632571778789103,0.0039949252281807615,0.005097507959710859
2021-06-28,-0.006486294008141769,-0.006555521163671671,-0.006379403247582921,-0.005999169455680839,-0.005411726920635133,-0.004730437065935685,-0.003966619293055926,-0.0031918834758534005,-0.0024034965319729056,-0.0016843855897511245,-0.0002930698455939681,0.0008644769981188894,0.001974044548315464,0.003544300092511683,0.004648426966337066
2021-06-29,-0.005758330108856965,-0.005937919671323321,-0.005849253368718612,-0.00554341414153541,-0.005021704290932165,-0.00439244650042878,-0.003683587486251911,-0.002959445216046302,-0.002212816250354031,-0.001508557995450534,-6.30003097151819e-05,0.0013507264053926322,0.0021837689042167644,0.0037251115069058816,0.004838690051009875
2021-06-30,-0.006355252334773707,-0.006572753451994155,-0.006517069908710595,-0.006241001607449661,-0.005746445456086347,-0.005147370731564325,-0.004473346315854096,-0.003793157549800573,-0.0030910844807505926,-0.00244249805152388,-0.0011059567717829494,0.00018732387724859243,0.0008573449816330897,0.002271495915988666,0.0031481340918760115
2021-07-01,-0.006322045738704131,-0.006557522698256054,-0.006530649432890579,-0.006280436627647329,-0.0057929294736775395,-0.0051816951869176784,-0.0044880149664581715,-0.0037947426311355876,-0.0030898192639355064,-0.002446325468627116,-0.0011203588988635664,0.00040171561789809193,0.0010955211813980443,0.002561934661573455,0.0034259076961425244
2021-07-02,-0.006652878812681804,-0.006952469530671413,-0.006987937496567974,-0.006805237625199408,-0.006373587389605692,-0.0058108639311572445,-0.005155397964632017,-0.00448897197230493,-0.0038014840807550636,-0.0031744176358606763,-0.0018923366846165441,-0.0008107172988129731,8.515472655710359e-05,0.0014988632386050088,0.0023546797523208802
2021-07-05,-0.0067572113752095795,-0.0070595786201947145,-0.00712166433275702,-0.006963934801043106,-0.006544245121532265,-0.005981039354676863,-0.005321267096320698,-0.004656215090961089,-0.003982328147176391,-0.00337590821000563,-0.002115922002099215,-0.0007448939779121514,-0.0001391292545756457,0.0013100604992064592,0.0021630533914861914
2021-07-06,-0.006632264232997554,-0.006712106337196336,-0.006539974668696666,-0.006153715739872294,-0.005534979762951614,-0.004819907171443119,-0.004026358805715843,-0.0032426576879368025,-0.002463300789870913,-0.0017843077708616624,-0.00049570289207309,0.0005398194394873855,0.0016086900178438415,0.003071153763293055,0.003972297956997515
2021-07-07,-0.006667843599410022,-0.006815296379283703,-0.006727895215359206,-0.006441906644893262,-0.005936296106215714,-0.005334506550371342,-0.004656890666523305,-0.003980414372211725,-0.0032947722590874894,-0.0026863782472083594,-0.0015007099647470516,-0.0005415629451905232,0.00035620186447965453,0.0017013006457845374,0.002575205733055239
2021-07-08,-0.0065779960411285815,-0.006772773359660558,-0.006733626267929786,-0.0064843909488257875,-0.005993198176689711,-0.005375541065052837,-0.004653120140472933,-0.0039249638629009695,-0.003194096829424741,-0.0025601303957924837,-0.0013259782409580933,-6.083712535153861e-05,0.000942010186817233,0.0024704834690941705,0.003362251478772897
2021-07-09,-0.006379340982043964,-0.006725735240354051,-0.0068240420195083825,-0.006692043684502357,-0.00628644550583039,-0.005732409709623613,-0.005062397653977252,-0.004387898409240474,-0.0036990382789388733,-0.0031005772386594006,-0.0018838899698787614,-0.00042443539403605045,0.0005907691758179336,0.0021166301879652688,0.003027543990388706
2021-07-12,-0.00621391534863288,-0.006482164879120368,-0.006486052135442756,-0.006264058020830424,-0.005777972344517388,-0.005157122265172422,-0.004435893504018633,-0.0037233966735879644,-0.003015312271399491,-0.0023945438681886432,-0.0011233027850931702,0.0008163358131040457,0.0014490180442130497,0.002979614791140431,0.0038977471333037643
2021-07-13,-0.0064763214690678516,-0.0068177262406434345,-0.006921600510098628,-0.006808683138890303,-0.0064263450080681095,-0.00589493419124258,-0.005254894360978617,-0.004605436593938842,-0.003946706268605351,-0.003358365267261309,-0.002117024020786265,-0.00034203105687246607,0.00023481176505474658,0.0016551430660008619,0.0025520813937171282
2021-07-14,-0.0064415520483392915,-0.006740067921018434,-0.006773393590971315,-0.006572093204104715,-0.006098941656466683,-0.00546952581405978,-0.004731987364492003,-0.003994765391230656,-0.003266418969966875,-0.002623390058288097,-0.0012525291989203544,0.0009690611931536398,0.0011847683830815562,0.0026590167563211404,0.0035641009264551927
2021-07-15,-0.0070293849733390696,-0.007307325124609305,-0.007332055255054467,-0.007135249485402199,-0.006673307530763441,-0.006060342318703137,-0.005339685444615406,-0.004613316393037143,-0.003890216166335349,-0.003257382037682187,-0.001963102033777924,-0.00021744370096419717,0.0002826026855655123,0.0017618604662884283,0.002631964862644609
2021-07-16,-0.006603945382112319,-0.006869554579574132,-0.006896306424196477,-0.006704738458152682,-0.0062665954714147135,-0.005682934204140844,-0.005008488371091229,-0.0043348658653062444,-0.0036560725964268773,-0.0030361289655234085,-0.0017105907834549425,0.0002227697229784224,0.0004275555454472437,0.0018237497357737715,0.0027096798034163512
2021-07-19,-0.006325046702827344,-0.006314189104416416,-0.006047182897573802,-0.005568340200486766,-0.00492476573145304,-0.0042067707930528615,-0.003436512684408618,-0.002680899995810207,-0.0019336208932274035,-0.0012741440047877093,3.7297549837201315e-05,0.0016394625471663044,0.0019353071457251486,0.0032636193976702454,0.0041731806913406656
2021-07-20,-0.006016198291510584,-0.006125957936961952,-0.006029478083686548,-0.005740198794370562,-0.005252990770741742,-0.004667686487857688,-0.004024173283132407,-0.0033938770208864046,-0.0027518514928268397,-0.0021522579214165987,-0.0008829979131549817,0.0009222012940428696,0.0012562474493306537,0.0026157078623120543,0.0035232105269335694
2021-07-21,-0.006234827614345488,-0.006441547007094425,-0.006451106231550209,-0.0062718461834787124,-0.005869618105753985,-0.005347540519856473,-0.004763845045316845,-0.004188878964704642,-0.003590220272781918,-0.003008021032656865,-0.0017441571932977503,-4.04843108895452e-05,0.00032407542928668606,0.0016692358984537166,0.002606137454669858
2021-07-22,-0.0065986052784646814,-0.006783989667558284,-0.0067800635090529415,-0.006583005683990929,-0.006147965223193677,-0.005570654702454822,-0.004916260139474484,-0.004271946433830544,-0.003623267765973207,-0.003025343479656121,-0.0017481569511930957,0.000253231405945436,0.0005631465991831303,0.0020286981390282674,0.0029198295387672527
2021-07-23,-0.006390240303314785,-0.00629532705359266,-0.006037283044046783,-0.005613225716567295,-0.005040168459621683,-0.004395319586521759,-0.0037096295495533697,-0.00304253869049654,-0.0023731414189181797,-0.0017664688333846076,-0.0005250869320397265,0.0011859499081714204,0.0014767684400676892,0.0027796582124373394,0.0036688781760446966
2021-07-26,-0.006656621705645021,-0.0067439903905331475,-0.006659312963634082,-0.006406479724773016,-0.005981995342751891,-0.005451370151027274,-0.004850336851507812,-0.004249898622441762,-0.0036288320190520796,-0.003068609752712207,-0.0018562980133625664,-6.592191670999468e-05,0.000160657231753809,0.001542009411864205,0.0024193188027602343
2021-07-27,-0.006396203680098735,-0.006427522091758936,-0.006286382129646867,-0.0059826165955591355,-0.005513742458033711,-0.004953596332627865,-0.004327032259473896,-0.003700750094274347,-0.0030577244450660356,-0.0024675563386735272,-0.0012370028048623056,0.00043644208071901415,0.0009088793590069772,0.002315495281012915,0.0032092998571489704
2021-07-28,-0.0064800293346663805,-0.006543121697279493,-0.0064291544582876095,-0.006151766776706696,-0.0057102399384474836,-0.0051785196345661795,-0.004587997943294108,-0.004000042436225068,-0.003389277956415184,-0.0028226477576231705,-0.0016293332831335335,-0.00015687120801928848,0.00029057060182931406,0.001666643010314005,0.0025160880376152023
2021-07-29,-0.006633413387539382,-0.00674320024774962,-0.006690340634296512,-0.006473781057634865,-0.006065663151371792,-0.005573900238237197,-0.005021308962144254,-0.004468967621299894,-0.0038865227767125687,-0.0033327502965929397,-0.0021750250537128685,-0.0008058294393462057,-0.0003591791237295959,0.0009704701456147955,0.0018514040878011833
2021-07-30,-0.007024693582194175,-0.006971768181594755,-0.0067797328513234684,-0.006434964797289091,-0.00592422062640325,-0.005335065103411541,-0.004714952694639716,-0.004086427522630642,-0.003410342870105675,-0.0026972300071538666,-0.0009320246165202734,-0.000254983833919097,0.0001296611551987112,0.0014137348792850714,0.0023105723644599872
2021-08-02,-0.0068888446492552016,-0.00701671295362026,-0.006965890420030005,-0.006727558354692583,-0.006277804625834792,-0.0057216058971998815,-0.005113232056790647,-0.004489080534822451,-0.003799551635494978,-0.0030509571114757097,-0.0011725082341621465,-0.00033167687543673736,0.000241865008346218,0.001761669904754416,0.0026530893292218373
2021-08-03,-0.006807598737636334,-0.0067909073891099375,-0.00664553034986749,-0.006351729634814985,-0.005903575734014684,-0.0053702797088557895,-0.004798927754622001,-0.004204405052618286,-0.0035388213525724033,-0.00281660921368758,-0.0009920293453909474,-0.0004234452196574883,0.00016076730362947917,0.0015782910784648257,0.002480988247054728
2021-08-04,-0.006457140330327348,-0.006496839281038488,-0.006414140854305909,-0.006175571990191978,-0.005771032021701846,-0.005283026197190846,-0.0047580353346161055,-0.00419874732505755,-0.0035606281947926544,-0.0028395388879537665,-0.0009635953643419824,-0.0002759983619928647,-1.0120953848599245e-05,0.0013569120228532898,0.0022728848798788644
2021-08-05,-0.0068920515832080285,-0.006934323491187178,-0.006863711873366551,-0.0066404075488909605,-0.006240988292963088,-0.005764472924732311,-0.005249473679446692,-0.004716519612131707,-0.0041198887724445,-0.0034620433233643645,-0.0017589872625087934,-0.0008895415697013837,-0.0007955679564076721,0.0005376211127991694,0.0014304808885362967
2021-08-06,-0.006782499908117943,-0.006783377128874443,-0.0066676138620377886,-0.006405002969115362,-0.0059724546061086185,-0.005478342877851575,-0.004946737583571983,-0.004388007225196363,-0.0037544142998492515,-0.0030522263929013945,-0.0012769213606390684,-0.0008593486274808566,-0.00025013084306733653,0.0010130216917636561,0.001923806149173417
2021-08-09,-0.00699556446511322,-0.0071997164512609246,-0.007264296905889523,-0.007165608838452199,-0.006878704487115591,-0.006493541568101248,-0.00605511890809026,-0.005573676814559768,-0.00500890853585523,-0.004363040322127359,-0.0026484702456509614,-0.002095346419092353,-0.001801658843700891,-0.0005820936817929255,0.0003419336135284701
2021-08-10,-0.00708823498262492,-0.007429357569020325,-0.007588752800068516,-0.007553322057882078,-0.007278997985974672,-0.006856300294220886,-0.0063475026884571295,-0.0057850433760110115,-0.005145750580600159,-0.004441933652569343,-0.002618729371866382,-0.001753531334957937,-0.0012231979700630736,0.00032596029544380015,0.0011624548149520443
2021-08-11,-0.00678211120148994,-0.006955097315150624,-0.006971630811900519,-0.006814993004848074,-0.0064419137188971316,-0.005970908051711442,-0.005440615658096036,-0.004889689196088315,-0.0042775746324986005,-0.0036094746448448256,-0.001885501166377111,-0.0009831619780970831,-0.0007294046577396634,0.000627681570131416,0.0015785342233675496
2021-08-12,-0.006682507624965284,-0.006933009795577931,-0.007055879772397883,-0.007002460348904089,-0.006718942065924079,-0.006311684830151267,-0.005833167408354005,-0.005315519549448945,-0.0047166362873765424,-0.004043754497233212,-0.002297170337701277,-0.0017400132043163073,-0.0010405326308456707,0.00039850713228751936,0.0012734786418322468
2021-08-13,-0.007094696482624328,-0.007361088445006788,-0.0074511108116622204,-0.00733906973720421,-0.00699427252480092,-0.006537920574813496,-0.006025539797716195,-0.00548409379855046,-0.004869109066433815,-0.00419284221196287,-0.002455163524727403,-0.001903215513667704,-0.0013068077175477524,0.0001091692010262795,0.0010002582904051773
2021-08-16,-0.006652450371728845,-0.006897776792399596,-0.007006936827179478,-0.00693864778336664,-0.00665379923333265,-0.006283467844660404,-0.005884341205554203,-0.00545699923293978,-0.004931850735936563,-0.004299527811310328,-0.0025755539060359845,-0.002344483891781988,-0.001743877634999186,-0.00047135297599720154,0.0004138658863689547
2021-08-17,-0.006977134082133213,-0.007267044350668558,-0.007416855069966392,-0.007387086629920835,-0.007122225121063141,-0.006759156287578487,-0.006364096030876768,-0.005934154308523293,-0.005411544692978101,-0.004769434052424413,-0.003020915735889021,-0.002778363738624879,-0.0021857176677981542,-0.0008707379285446378,9.437142197260854e-06
2021-08-18,-0.0068291676116931195,-0.007125397143581328,-0.007252069072020035,-0.007183232412116638,-0.006860988446663153,-0.006435527879032191,-0.005950732129329484,-0.005445735092655568,-0.004875683615676222,-0.004235885578393772,-0.002582867723562904,-0.0019260806272179232,-0.0013126553780502363,0.00011334461613256904,0.000993666346098886
2021-08-19,-0.006907134664141896,-0.007205431581486932,-0.007321903640122861,-0.007233743425303596,-0.006892970788114431,-0.006440890592455622,-0.005934929433166028,-0.0054048262050447535,-0.004814313882302086,-0.004151125324815206,-0.0024112513240628648,-0.0015285014407499325,-0.0014118249395221492,-3.620801986999305e-05,0.0008645166705394274
2021-08-20,-0.007028987494209234,-0.0072939521372092034,-0.007382574946282135,-0.007273230490730094,-0.00691266275949369,-0.0064593918914506825,-0.005964360406747468,-0.005453993111595972,-0.004878006237163392,-0.004223012941822388,-0.0025132909980717833,-0.0019373282181401343,-0.001430181967593582,-6.903585460798925e-05,0.0007935855633664731
2021-08-23,-0.007368566143883005,-0.007621788950535544,-0.0077118350076490795,-0.007609078445423436,-0.007263762877747268,-0.006818188880369462,-0.006327441204098375,-0.005808762428213119,-0.005225590191882503,-0.004567181499461292,-0.0028465196712874103,-0.0022214939791186136,-0.001908118304270309,-0.0006068801656480658,0.00025949295874336926
2021-08-24,-0.007713785852930579,-0.008015324815259855,-0.00812749503621994,-0.00803002770073296,-0.007661108348962203,-0.007165201586226291,-0.006606317846897939,-0.006018470329356588,-0.005374326067149483,-0.0046700063499218875,-0.0028983742504587384,-0.0022849507078766943,-0.00163597533189696,-0.00015694271482337083,0.0007249393806131477
2021-08-25,-0.007412181327099443,-0.007757363450946621,-0.007951944933344071,-0.007951888056742224,-0.007691407679071609,-0.007327725490353114,-0.006912537236131073,-0.006467930050361584,-0.005938890888052538,-0.005312856227361651,-0.003635957125801834,-0.003059793178594396,-0.0027541739186406474,-0.001494809963009978,-0.0006235939684197081
2021-08-27,-0.006787419599266981,-0.007213510964444306,-0.007451609085149992,-0.007465066278814445,-0.007176246171943911,-0.0067483064689405885,-0.0062335303248746005,-0.005687451891855285,-0.005071504211870159,-0.004382093915418086,-0.002608775778504723,-0.0016177564272886707,-0.000987006574394808,0.0005369483749528966,0.001425759460094757
2021-08-30,-0.007805278417424012,-0.008275214541825117,-0.008562275159683727,-0.00863318893848407,-0.008406177667358692,-0.008039862447728016,-0.007599828168023909,-0.007110310583491158,-0.0065396089923054745,-0.00587098685129764,-0.004130721859483275,-0.0035324573532556774,-0.0030070887400708325,-0.0016597834222855127,-0.0008237859129852127
2021-08-31,-0.007901597439370977,-0.00851007547045864,-0.008929301605738342,-0.009130446353724987,-0.009020211192392318,-0.00874871433294428,-0.008392074261521412,-0.007976719121856522,-0.00746794327538387,-0.006847409711846799,-0.005178068123891563,-0.004630414908692537,-0.004107307406230796,-0.0028347522115254164,-0.001980500778807041
2021-09-01,-0.007579654262797135,-0.008036597064484707,-0.008313159026218713,-0.008349990795796436,-0.0081696905782481,-0.0078682531391557,-0.007509596512764756,-0.007105925978422523,-0.006598737210335813,-0.005984685495394336,-0.0043501229215200336,-0.003753251964954591,-0.0034203508824061073,-0.00227546005506756,-0.0014180000844170625
2021-09-02,-0.007497597969387603,-0.00792423929999817,-0.008134575948208054,-0.00809844546249215,-0.007861126249530838,-0.007506653148816567,-0.007087393747092281,-0.006620749563222988,-0.006058609354447262,-0.005409239412387104,-0.003727375877770394,-0.003022840647510489,-0.0026119819999244212,-0.0013572128076505211,-0.0004927220746992933
2021-09-03,-0.007417134298770551,-0.007907252032888938,-0.008168934323818643,-0.0081663991832567,-0.007935090993222864,-0.007568670664775732,-0.007122047767292506,-0.006631427501141518,-0.006049093372278143,-0.005385868433854862,-0.0037030268584574673,-0.0029318299145693885,-0.002535544629087951,-0.0011053743061843948,-0.00021125907452516218
2021-09-06,-0.00772411652752804,-0.008216297089455009,-0.008482865762102478,-0.008487886050011204,-0.008259251304357763,-0.007879787463491862,-0.00741690882298356,-0.006905072226375879,-0.006305609329754755,-0.005620822007371241,-0.003891767215833297,-0.0031705019622899782,-0.0025114115900494935,-0.0011669888755022786,-0.00029616236372167646
2021-09-07,-0.007553625951005574,-0.007986770227858424,-0.008222528111363462,-0.008216052756101091,-0.007999832839412021,-0.007649570930663057,-0.007231729148191089,-0.006769233463367471,-0.0062113935237601125,-0.005559913578532978,-0.003851513544313616,-0.003138726723036596,-0.002905947831717842,-0.0017282983348789363,-0.0008460695376825986
2021-09-08,-0.007796680386308952,-0.00819557042600357,-0.008403258931733729,-0.008363613167457741,-0.008102483152935812,-0.00769115034736956,-0.007212250572245887,-0.006696940027069915,-0.0061031554978064,-0.0054363396014682226,-0.0037310850839755005,-0.0029917105128558653,-0.0024251055472476017,-0.0010782330343810506,-0.00027692268762247825
2021-09-09,-0.007753438106962495,-0.008041937087619916,-0.008167504330789041,-0.008066518430582523,-0.007773514676233318,-0.007370465424250849,-0.006901815794952406,-0.006390739455156366,-0.0057945875841277,-0.005124779313963767,-0.0034776829841649363,-0.0031167561084977937,-0.0025014471034619395,-0.0013073044627201387,-0.00046535541100196877
2021-09-10,-0.007815871292164581,-0.00808690355160089,-0.008176901140304534,-0.008027309098755073,-0.007692215831451594,-0.00725435284888403,-0.006762625598083088,-0.0062341396531819596,-0.005623672642369082,-0.004943881045019685,-0.0032696877891195304,-0.00287528733907056,-0.0022710758403501475,-0.0010709565259873445,-0.0002043587749890074
2021-09-13,-0.007237614620903818,-0.007534075942548756,-0.00763033589354378,-0.007526534432034694,-0.007263335853326009,-0.006871774763971992,-0.006439922919419604,-0.005963780226555919,-0.005418929335057751,-0.004691842926260613,-0.0031358207667425758,-0.002460999994330096,-0.002329470177352719,-0.0011461880266714177,-0.00033502051464163367
2021-09-14,-0.007959957501656737,-0.008331118263183834,-0.00852077894861592,-0.008517613712838464,-0.008345662582822277,-0.008030215939152607,-0.007670105381845048,-0.007257347005348443,-0.006768067383989804,-0.0060946691252814905,-0.004648071635850193,-0.0042517436427046765,-0.004054750748760973,-0.002942498563478226,-0.002148002548742531
2021-09-15,-0.007914826055750149,-0.008338143137683603,-0.008563104219736049,-0.008593113803514452,-0.008442665195098164,-0.008133114729158218,-0.0077636957523156405,-0.007331272292232526,-0.00682494786905647,-0.006132786155983649,-0.0046512665451374615,-0.0041678137531750165,-0.0039021464355699555,-0.0026826303487417747,-0.0018677092470698493
2021-09-16,-0.008074713497585026,-0.008415652127605514,-0.008578638414977323,-0.008562935642591746,-0.008380925074432227,-0.008044767681945354,-0.007647051147883083,-0.007185749376286438,-0.0066577617940190075,-0.0059625048110823935,-0.004499052316868887,-0.004121173008572979,-0.0037584265213789045,-0.0025154972070741007,-0.0017403957250876649
2021-09-17,-0.008008763812676793,-0.008381880791524174,-0.008561339792070343,-0.008543432511175045,-0.00833912887277487,-0.00796602040009754,-0.007525264632203375,-0.007024062501439285,-0.006464615543373428,-0.005729986048585111,-0.004183175684482225,-0.0034840884780840183,-0.003142296990790373,-0.0018698698191010703,-0.0010806572499518243
2021-09-20,-0.007763063120010484,-0.008084500046195332,-0.008236483379020457,-0.008221226432255679,-0.008061759133635427,-0.007773698269397379,-0.007434906360841407,-0.007029282998887093,-0.006542668576002908,-0.005856641833933814,-0.004392021252537295,-0.004164962099966155,-0.003880736292285199,-0.002784943164912955,-0.0019938762209866095
2021-09-21,-0.008008426894912758,-0.008288689092260926,-0.008406721426595005,-0.008346623137203347,-0.008125018681885643,-0.007753460857901647,-0.007317611451423369,-0.006819828110012501,-0.006258254703956708,-0.005520221621500095,-0.00398753203284639,-0.0035261590747717782,-0.0030929706776391883,-0.0018073692776702488,-0.0010164959868588022
2021-09-22,-0.007835667986825223,-0.008222918496797321,-0.00844599767546096,-0.008493584252801572,-0.008364893368486396,-0.008070231703294293,-0.007696545859557351,-0.007251013973021801,-0.0067300501942728005,-0.006018265941697189,-0.004493807692194665,-0.003963281919852072,-0.003671398487069955,-0.0024369514218119167,-0.0016365001902132264
2021-09-23,-0.008028264464106014,-0.008338003827070242,-0.008500401200836704,-0.008501840139883796,-0.008348878335761933,-0.008038861438780706,-0.00765715551822401,-0.007199494013418768,-0.006671343753722558,-0.005954449566178683,-0.0044384489555108686,-0.004115939591537564,-0.003738323222377835,-0.002520130531880324,-0.0017317403285805918
2021-09-24,-0.007645535161140496,-0.007906678614166138,-0.008019500151647423,-0.007971358892901508,-0.00776734803889324,-0.007412384236906391,-0.006989564528621713,-0.006502607360454524,-0.005948049603709806,-0.00521360915541899,-0.003646887621659673,-0.0031927099963421487,-0.0028921499470151183,-0.0016453047029610138,-0.0008349426739769834
2021-09-27,-0.008272001975820824,-0.008580265752996039,-0.008698724171426662,-0.008646657186785566,-0.008429511387269188,-0.008054801016226043,-0.007604471343901432,-0.007088750346986111,-0.006511048219123736,-0.005784253839556742,-0.004256818652568809,-0.00377176457299755,-0.003465771257961708,-0.002197705384482876,-0.0015484135614974963
2021-09-28,-0.008090662062848074,-0.008516976663895328,-0.008761829271074589,-0.00883367555632453,-0.008718550281317976,-0.008426861224179042,-0.008049782711251629,-0.007597220369883743,-0.007070105368348813,-0.006361817639545844,-0.004853177626132503,-0.00446183529707581,-0.004000803093645461,-0.0027315094259143568,-0.0019198517985635909
2021-09-29,-0.007859191177714012,-0.008071052722543375,-0.008150610532620277,-0.008081963888289842,-0.00786125602020524,-0.007487747443889892,-0.007043509900819981,-0.00653781986751602,-0.005968838039290299,-0.005238669029484712,-0.0037122324111028733,-0.0034423451251170516,-0.002800579023517679,-0.0014886555267907943,-0.0006839368669446641
2021-09-30,-0.008008577757581833,-0.008357215152825084,-0.008568904668354669,-0.00862844952728741,-0.008512620748826596,-0.008210461640630825,-0.007821570922738772,-0.007358140210167195,-0.0068274023525152685,-0.006124257231719775,-0.004605657053507285,-0.004270290392562054,-0.0039060086171582575,-0.0026344426636160045,-0.0017991858126598483
2021-10-01,-0.007858758993429697,-0.008067185264234018,-0.008144399192933562,-0.008055502460612436,-0.00780550875258836,-0.007389285260743045,-0.0069047546191363645,-0.006368456098533578,-0.005784831023003725,-0.005051037332126664,-0.003518829010980765,-0.0031332345796212004,-0.0026779832460096112,-0.0013980560371244042,-0.0005578327383698287
2021-10-04,-0.007301543503068331,-0.007608985618519311,-0.007752229723400949,-0.007714690838033083,-0.007504730331888024,-0.0071277390361677555,-0.006680867533612254,-0.006175698368961797,-0.00560467797284773,-0.0048586370123929745,-0.003256113253472941,-0.0026115393897344673,-0.0023650148090291786,-0.0011046778740306704,-0.0002488029138113311
2021-10-05,-0.0075388210246904175,-0.007873694979912615,-0.008030229443412182,-0.008017238820881695,-0.007835669095470767,-0.007494225038568754,-0.007085636216839818,-0.0066176283985036775,-0.0060847295029509574,-0.00538245817683749,-0.0038721288943119325,-0.0032423805383950018,-0.003087657462792128,-0.0018133637101629442,-0.0009673283677122651
2021-10-06,-0.007327903741506315,-0.007659254726314716,-0.00779708255276162,-0.007770847135783761,-0.007570863157306826,-0.007204169389235188,-0.006770664678829648,-0.006269576945848954,-0.005700836543362078,-0.004955327189267642,-0.003368480300707604,-0.002936829763585184,-0.0023237238381538863,-0.000986706298996793,-0.00012532058540885198
2021-10-07,-0.007651840276318924,-0.007945027226783427,-0.008063558002606823,-0.008029036667875376,-0.007837170704142256,-0.0074975858579690614,-0.007105027054340093,-0.00664757791709238,-0.006121242022979095,-0.005408434048938315,-0.003876026955445982,-0.0034917957721156256,-0.003241058398313665,-0.002031050467193855,-0.0011753374575850144
2021-10-08,-0.007828424788751355,-0.008137825336601128,-0.008288378237901291,-0.008284575417836547,-0.00811138078884985,-0.007774902459947004,-0.007377057572996437,-0.006911160352002452,-0.006376555120124684,-0.005646441453078972,-0.004085155194457595,-0.003547039842016123,-0.0032219455403316873,-0.0019194804881377202,-0.001051682824350769
2021-10-11,-0.0076643828100965965,-0.007945124893918626,-0.008024517663528873,-0.007927486278421372,-0.007650867717544104,-0.007195753115276943,-0.006667762602679177,-0.0060757818504058436,-0.005432732066839963,-0.004628198876407226,-0.0029447498305843417,-0.002122439986272882,-0.0016535199295142134,-0.0001953134548134238,0.0006871168496886343
2021-10-12,-0.008121112790654465,-0.008458819105327689,-0.00859406322806458,-0.008558308388682809,-0.008341873273022864,-0.007954391978451276,-0.007502354494352296,-0.0069916693364943236,-0.006419655218169782,-0.005680521544395673,-0.004107735647574677,-0.0034466726554273964,-0.0031390083202123293,-0.0017741992801615552,-0.0008984667374797852
2021-10-13,-0.007998385368695416,-0.008110824337754645,-0.008056320957264468,-0.007856844790134097,-0.007541993458445976,-0.0071243837691932314,-0.006683707075780507,-0.006197022495251297,-0.00565051934255534,-0.004932055083903191,-0.0034416192372378135,-0.003308808863037613,-0.002855501366542638,-0.0017561308868114722,-0.000887671647875554
2021-10-14,-0.0077301773874318535,-0.007961239324972351,-0.008003793703395597,-0.007880008079601234,-0.007614931070113058,-0.007227008895850181,-0.006806450306781332,-0.006333997668649801,-0.0057960588734324615,-0.00506914201826392,-0.003517088976456464,-0.0031711910805324577,-0.002861379635986639,-0.001792232284297556,-0.0009037865605106914
2021-10-15,-0.007550280249757336,-0.007821966865639296,-0.007896616645360448,-0.00779155220118506,-0.007527589373221831,-0.007121698568996688,-0.006676258618021538,-0.006179832344182148,-0.005617973872655185,-0.004867075957930754,-0.0032512926574495464,-0.002552231796038412,-0.0023618594076961668,-0.0011911149616896594,-0.0002796730260913897
2021-10-18,-0.0077482874348407844,-0.00791601518401735,-0.007876193256009028,-0.007669071108884002,-0.007341319121230301,-0.006920674006799399,-0.006498152042117896,-0.00604053941362914,-0.005515280711381795,-0.004800650174722374,-0.003252709891388137,-0.002852749225613486,-0.0030002181294374675,-0.002033204433526191,-0.001156047856664703
2021-10-19,-0.007453204507924754,-0.007664445235153784,-0.007666029940805199,-0.007496672272375484,-0.007195483926824897,-0.00679110348729527,-0.006364464995299555,-0.005892627127648589,-0.005346263699513959,-0.004610832843692435,-0.003056306907078204,-0.0028987614818285572,-0.0024315278014980465,-0.0013147670654776395,-0.0004011124970822559
2021-10-20,-0.007599073305516772,-0.007882107684584479,-0.007932896651925222,-0.007781059452958988,-0.0074669072095161475,-0.007033090717254886,-0.006591504856921002,-0.006113684255570698,-0.005570066999143436,-0.004819638745008124,-0.0032247171939547327,-0.0027739170397470285,-0.00249557130093921,-0.0014103056152811977,-0.0005092516901877434
2021-10-21,-0.007820907954403874,-0.008126532165548064,-0.008203259463366495,-0.0080658903349271,-0.007741626332494221,-0.007273281980259607,-0.0067919078519746165,-0.0062809202210044185,-0.0057182749279632815,-0.004964762443737752,-0.003360618553691031,-0.002499358124285902,-0.0023843166634920864,-0.0012326178342954037,-0.0003602707837306045
2021-10-22,-0.0077660409759870526,-0.007877305496144403,-0.007764027599482422,-0.007468376169564773,-0.007026256205328409,-0.00647676448660992,-0.005935342908009246,-0.0053726146942932925,-0.004767107878691097,-0.003972006619323624,-0.0023040530345797864,-0.0016266708786180253,-0.0015217623016623365,-0.00039624124291115677,0.0004893956189230371
2021-10-25,-0.008025952698878604,-0.008285229104077621,-0.008319573454458799,-0.008157575089491264,-0.007806953806865561,-0.007311975509440129,-0.006798377608969966,-0.006254212240905392,-0.005650519565400636,-0.004862088703361845,-0.0031999285892352156,-0.0028555439367431673,-0.0023152090382442987,-0.0011280276239525981,-0.0002861534323286693
2021-10-26,-0.007294518297234367,-0.00746505866121153,-0.007424953568989229,-0.007216221204398221,-0.006872368935635439,-0.006444963283771013,-0.006046442658921802,-0.005631142304116935,-0.005143139850761283,-0.004430190566741667,-0.0028766297881045243,-0.002708049989087755,-0.0026062404205894896,-0.0016639687150699196,-0.0007985688949825737
2021-10-27,-0.007128180384599796,-0.007178694123190114,-0.006974021057728378,-0.006575654486211717,-0.006044240666806528,-0.005447619357179082,-0.00489677871291664,-0.004353194924205885,-0.0037574636515067786,-0.0029625491383650226,-0.0012800768236923134,-0.0009577203210648596,-0.0009581859459219921,8.534751562074266e-05,0.0009928061720501724
2021-10-28,-0.007699601955560965,-0.007915777841719752,-0.00787923408912832,-0.007633125858568391,-0.007202655560128722,-0.006646770840398636,-0.006101261437977925,-0.0055437945841201874,-0.00493815786159055,-0.004142916576074875,-0.0024607073387625453,-0.0019811535877682146,-0.001721121562743076,-0.0006071987976058214,0.00024683056977971296
2021-10-29,-0.007971344532908032,-0.008224216864802817,-0.00823312645724979,-0.008034136453403513,-0.007647172602058586,-0.007134741248699083,-0.0066325854927314935,-0.006119495190337569,-0.005549067396512815,-0.004789539975297711,-0.0031781299759655953,-0.0030027738727943136,-0.0025722833507366527,-0.001539212513274179,-0.0006863725777503547
2021-11-01,-0.007697153041206595,-0.007849707650368928,-0.007720210765382952,-0.007364732869514984,-0.006820171826761731,-0.0061502785337990955,-0.005486071957693899,-0.004818034268133381,-0.004122024307625762,-0.003319815281824638,-0.0016559623204528055,-0.0011160226028380346,-0.0003770265246855198,0.0009438088930393946,0.0018890666802394117
2021-11-02,-0.007627378798898576,-0.007748293042082202,-0.007576099982097505,-0.007169813133869129,-0.006584305694546998,-0.005882410122764265,-0.0051986468233224895,-0.004519080886254429,-0.0038202819357984223,-0.003021600038713756,-0.001346038816973921,-0.0006012894265750679,-0.0002421342518975694,0.0010034379928963396,0.0020080370567325196
2021-11-03,-0.00715584340465528,-0.007377460616770047,-0.00732919047969951,-0.007072761461060094,-0.006648304088345161,-0.006101017974971212,-0.005560709234295151,-0.005008729900923865,-0.00440721646837013,-0.003677315164375269,-0.0020720780368603696,-0.0014526662751758231,-0.001159527173685795,1.2261084911514408e-05,0.0009869031169396913
2021-11-04,-0.0075664044661024575,-0.007728566043769621,-0.007583778340707675,-0.007203759969931868,-0.006631889814918701,-0.005915132972111235,-0.005200827585375841,-0.004481295386080974,-0.0037431024505762767,-0.0029168317981427463,-0.0011993292765881585,-0.0005325037195246616,0.00024404515932458437,0.0016764234541636635,0.002688549991693041
2021-11-05,-0.007259215101253902,-0.007442962354849531,-0.007344340177108538,-0.007034408257061855,-0.006562881292589346,-0.005984895003226555,-0.005425625902960984,-0.0048605259133897485,-0.004247750475060084,-0.0035122521078620045,-0.0019232533717845205,-0.0015418120390927829,-0.00103431520277343,0.00013729114353101422,0.0010868865404400092
2021-11-08,-0.007398884355377485,-0.007328964028764588,-0.007009645808883477,-0.006512858008879607,-0.005910355686094645,-0.005248878091454845,-0.00464049939477545,-0.004039229252800003,-0.0033996577770862217,-0.002638111850858954,-0.00101454117247855,-0.0007993828345504109,-0.0005590395999249846,0.0004938439631070567,0.001439366754456598
2021-11-09,-0.007105559064799292,-0.006953001638523371,-0.006537185253144564,-0.005932385477709067,-0.0052181645846457935,-0.004435759770497231,-0.0036914541740595314,-0.0029589690927505283,-0.0022009203752013803,-0.0013660471597756025,0.0003565187475901509,0.0007879040531171299,0.001502144630799113,0.0028308091617791614,0.003818353459743796
2021-11-10,-0.007613513978694456,-0.007451942185911059,-0.00702047396650912,-0.0063966759026852504,-0.005660328819079139,-0.004855731711103258,-0.004099347387133913,-0.00335988027012304,-0.0025991399277913614,-0.0017599591537467043,-3.370149696989549e-05,0.0003078167091084029,0.0009725799247148961,0.002299141014376571,0.0032243457366721347
2021-11-11,-0.0072822727582363056,-0.007263508150842558,-0.006990863270662298,-0.0065412782375117405,-0.005973421542463367,-0.005327718685806799,-0.004731609153722443,-0.004141641779035999,-0.003505578127778841,-0.002753534480262441,-0.0011470758208507576,-0.0008720853215090068,-0.0003919614807995535,0.0008390767141976015,0.0017434930360283184
2021-11-12,-0.007785112988664577,-0.007758585239437719,-0.007487786724181423,-0.007017011526746233,-0.006391227379168139,-0.0056490271102494355,-0.004937507460720423,-0.004234916476533238,-0.0035230672937705126,-0.00272334197119398,-0.001051178426038646,-0.0001576101002202778,2.864218172144318e-05,0.001315369863869456,0.002197616175145488
2021-11-15,-0.007383734270277881,-0.007495284742957686,-0.007360891894027992,-0.0070323861157178475,-0.006537275455694729,-0.005917927633361123,-0.00532587510377283,-0.004731666572438655,-0.004101179285507455,-0.003346552365405338,-0.0017199346815578412,-0.0010935660397507797,-0.0008847897684384921,0.00039466346881659184,0.0013033327584467257
2021-11-16,-0.00758143272253096,-0.007167291588406606,-0.006520357591085552,-0.005723819533576344,-0.004881308375899489,-0.004022299690583726,-0.003274135342313918,-0.0025641294416976386,-0.001865620230523589,-0.0010883994839982457,0.0004928742411299191,0.0010504110124844256,0.0006713535991460638,0.0017069079964657907,0.0025749630230434244
2021-11-17,-0.007326358652977387,-0.00697830418952746,-0.006389895833173436,-0.0056781589764104395,-0.004912428238243128,-0.004126317987522093,-0.0034228401104655546,-0.0027424028360118003,-0.0020501572199790093,-0.0012763167519142147,0.0002856061518196093,0.00024337862980979962,0.0007029252749623975,0.0019106777080213912,0.0027707640267462877
2021-11-18,-0.007700933515452495,-0.007431003823835021,-0.006921100784777494,-0.006272705570594152,-0.0055548283430837345,-0.00480070293599619,-0.004121884467464464,-0.0034639945756432915,-0.0027873251771190592,-0.0020183395227183687,-0.00045524055248158694,-0.0006138254800751369,-0.00022449019015255032,0.001014717539411878,0.0018535984217680564
2021-11-19,-0.008370748499664436,-0.008039611407694172,-0.007474604679373056,-0.006798219474752468,-0.006086293678855331,-0.00535625432920408,-0.004719625368599111,-0.004095567454984843,-0.003450696779292251,-0.002711278015389205,-0.0011907284293381643,-0.0014451285065770043,-0.0015015300246010678,-0.0004920863052935119,0.000330403924899966
2021-11-22,-0.007195576773773215,-0.007052349338569925,-0.0067087703270066155,-0.006294207464975252,-0.005833671604294071,-0.0053456593948931225,-0.004923053090002532,-0.0044949572092936076,-0.0040024710991848475,-0.0033609788198071346,-0.0019592242809205783,-0.002333176508499184,-0.002050897098417106,-0.0009329504600012418,-0.00013288701074245634
2021-11-23,-0.007667205447674879,-0.007450193779832994,-0.006952001893568122,-0.006348568838077646,-0.005683737405780331,-0.004982948349821604,-0.00432325725442637,-0.003669917050971156,-0.002989632294547169,-0.0022227311839366935,-0.0006392456181968998,-0.0006072876024630829,-0.000317279991876206,0.0009456790961497776,0.001746828975339536
2021-11-24,-0.007041627937145862,-0.006815606136783439,-0.006339682138619522,-0.005766440868425011,-0.005144062829082136,-0.004487247533067035,-0.0038709523813504646,-0.0032423437347776584,-0.0025727506066425673,-0.0017872979978473561,-0.00015941907105183374,-0.00037322777040650536,0.00016902244828206084,0.001452203652258135,0.002293697524870591
2021-11-25,-0.007437967841833489,-0.007246578163816967,-0.006814879494930229,-0.006290571841715469,-0.0057243703505378074,-0.005126098335528263,-0.004568430683115496,-0.003994578686237368,-0.003381148260309101,-0.0026380960417806496,-0.001097921809774356,-0.0012429934939980863,-0.0011394212542971509,-8.039012219487646e-05,0.0007804030049483913
2021-11-26,-0.005825964973420417,-0.005701536207873163,-0.005333401544719311,-0.0048669816000618754,-0.004347670392738198,-0.0037973910883770797,-0.0032907570287490275,-0.002786230187652295,-0.002247922111943426,-0.001565261586325333,-6.388721691560608e-05,0.000437251529690208,-7.352961506347055e-05,0.000916680796434336,0.0017311680058878895
2021-11-29,-0.006761662762701696,-0.006440515366081284,-0.005957593791392107,-0.0054535602820043085,-0.004971174531800222,-0.004492159982162534,-0.004076921763108681,-0.003650796879678921,-0.0031803377553093004,-0.0025928541610008423,-0.0013393562615817542,-0.002244053221321893,-0.002190821598475978,-0.001385455271171998,-0.000658797578681847
2021-11-30,-0.00716024056054239,-0.0069008544031603156,-0.00641163291863901,-0.005868220994537766,-0.005316937128159924,-0.004747687928899437,-0.00422262101855576,-0.0036824798638069966,-0.003107182441371042,-0.002427064334308841,-0.000994409920645584,-0.0016413519601277808,-0.0016854595755124184,-0.0007818391817752204,-7.138849522589905e-05
2021-12-01,-0.00472721844335428,-0.003995264861531792,-0.0032154130630310538,-0.002551412853860298,-0.0021477840611905776,-0.001972510626227192,-0.001966626483062971,-0.0019489392772453684,-0.001809540868504192,-0.0014407174953592098,-0.000521078652275796,-0.0030044757951090866,-0.003610157132781673,-0.0036473333585586836,-0.0029279275041675414
2021-12-02,-0.006395312380893639,-0.005988074594423768,-0.005414090073096865,-0.004820622921613775,-0.004297683239278564,-0.00382147145323323,-0.0034175425724392375,-0.002980203471576295,-0.0024674388130225466,-0.0017849456175378197,-0.00034639242606938133,-0.0018096544731691356,-0.0015593376910394412,-0.0007564702466088703,-4.0588887850844316e-05
2021-12-03,-0.008435807240626704,-0.008218374519188762,-0.007842812532604715,-0.007386750599413037,-0.006875358602656854,-0.0062803618951015935,-0.005680168808883702,-0.005037874093288397,-0.004359069796129915,-0.003566329228695771,-0.0019224546231368057,-0.002271197334706657,-0.002012869170988104,-0.0008314111537638668,-0.00012528083976293635
2021-12-06,-0.007058113024339237,-0.006886987903022424,-0.0065723933870624135,-0.006253740497362796,-0.0060114928468791235,-0.005803968006276598,-0.005650644406431469,-0.005434443389885287,-0.005117427930355533,-0.004580090547316492,-0.0032916296994903857,-0.003810709023011061,-0.005204826090641381,-0.004888574981173284,-0.004148183930151877
2021-12-07,-0.007975170757746123,-0.0077104605623767915,-0.007245401777532889,-0.0067178401541983495,-0.006192453827123558,-0.005628808002150805,-0.005058329468043574,-0.004424757128740094,-0.003737010891443184,-0.0029158432393492613,-0.0012355225462273478,-0.0017919323497647907,-0.001495613717431257,-0.000389814188550277,0.00034844829996737137
2021-12-08,-0.008824409925730664,-0.008621499175526784,-0.008209120311249063,-0.007713135756722572,-0.007190639453732018,-0.006596730941617241,-0.005983233742477221,-0.005294694900315831,-0.004545215620770063,-0.0036553335954184096,-0.0018757613421661633,-0.0028356337069709667,-0.0019730956673196477,-0.0008588469750489556,-6.626899919273286e-05
2021-12-09,-0.009759051764555722,-0.009689257201722215,-0.009459990138125152,-0.009197052497277137,-0.008946732925184357,-0.008635469205342718,-0.008339821341181178,-0.007943806478822901,-0.007441241942142546,-0.006748713168481836,-0.005292678046877109,-0.007024820784595876,-0.006398652625444465,-0.005565563635288901,-0.004884763379874585
2021-12-10,-0.008281047319533356,-0.0077208086161917305,-0.006954282428304354,-0.006138539155272308,-0.0053879406245504816,-0.004640494750596102,-0.003923210020092074,-0.0031604918298008813,-0.00236201105056982,-0.0014623448876732066,0.00032494942167769227,0.00011854730576289167,0.0002669853064770321,0.0014443770970271929,0.0021762931559286412
2021-12-13,-0.00762366151304767,-0.007182649075530077,-0.0064935860506873605,-0.005757164926707282,-0.0051128629839495565,-0.004520132551233279,-0.004010813881323827,-0.0034287381912912274,-0.0027752297981161974,-0.0019502800430472925,-0.00024617691820795723,-0.0010784623096213794,-0.0011579118341669575,-0.00018523318228927822,0.0005502923896509729
2021-12-14,-0.009477951169174997,-0.009300284291826586,-0.008859998322509157,-0.008352192483612665,-0.007874326922535743,-0.007368753218244003,-0.006920350091052486,-0.0063726468053229264,-0.005750869257958613,-0.0049589296487235245,-0.003313144896330781,-0.004332224671463443,-0.004263565686290371,-0.00335345224184892,-0.0026604610085836063
2021-12-15,-0.007355501895247165,-0.006847595209770053,-0.006163716310604975,-0.005447006147290874,-0.00481748828382559,-0.004216186317391696,-0.003682928112937997,-0.003075478560932784,-0.002381613214930873,-0.0015052254861615663,0.00029572969473269715,-0.0007541140352976729,-0.00026662805671478097,0.0008742697692691278,0.0016177224638374088
2021-12-16,-0.007787728352380814,-0.0072889646208501675,-0.0066430623534314715,-0.005947941857609972,-0.005304137036793683,-0.004667798844077335,-0.004114303217417821,-0.003521286178907194,-0.0028739672846780115,-0.002067137971662628,-0.0003931793185528011,-0.0006388275305219179,-0.0008532427415514289,0.00017949153925887534,0.0009405893900439879
2021-12-17,-0.006856069742343721,-0.006487822508722444,-0.005936397361662482,-0.005321404184211636,-0.004748007853837801,-0.004197849574585314,-0.0037442854030636952,-0.003247291241405899,-0.00266320089309678,-0.0018705402830442438,-0.0002145645819639475,-0.0010424241011659195,-0.0007038338960077962,0.0003903472290932284,0.0012283650830826813
2021-12-20,-0.00849403952514784,-0.008412395607039972,-0.008106460064406434,-0.007668176217097885,-0.007159693870087983,-0.006559141855518103,-0.006004582305842923,-0.005395339943076801,-0.004720158566990783,-0.0038390201927956816,-0.002028948453488302,-0.0022929790705894446,-0.0018200886720425792,-0.00044025801369972865,0.00027493395371536644
2021-12-21,-0.0080045343532301,-0.007784501969986984,-0.00733856887982123,-0.006806174903983069,-0.006310866536744542,-0.005822982802206358,-0.0054500100146648404,-0.005033891590996101,-0.004537683081781968,-0.003829691965810001,-0.0023474634245664334,-0.003444006250845266,-0.003401838126660754,-0.0025616282880281246,-0.0018397685272698737
2021-12-22,-0.008424040447404945,-0.00817962520682135,-0.007664192595651343,-0.007039020315596729,-0.006418614349753325,-0.005781227898308727,-0.005256224096866682,-0.004689636467511681,-0.004052908526146043,-0.003196965718920044,-0.0014189316885820282,-0.002011673630479315,-0.0020762920880177693,-0.0009830544164868612,-0.0002973256556598417
2021-12-23,-0.008936501725273502,-0.008676151275840687,-0.00817568479086921,-0.007570886833203339,-0.006934066361015153,-0.006212071748862682,-0.005540044059131401,-0.00479988842573062,-0.0039960363995911715,-0.003015565168216414,-0.0010238284819200157,-0.0017994170398312609,-0.000953131535876107,0.0005210068075241694,0.0013303509718017943
2021-12-24,-0.007448494688611449,-0.007256546668266452,-0.006933134731059665,-0.006584105839607702,-0.006244858538334711,-0.0058701679769668814,-0.0055495146451885165,-0.005165796849178871,-0.004682931839623629,-0.003958711630915335,-0.0023680507253707175,-0.0030921457511745697,-0.0031768639497440953,-0.00217491135381445,-0.0013671431050846176
2021-12-27,-0.008157969910213175,-0.007960249273215246,-0.007569665086956712,-0.007080745727891353,-0.006544219789888905,-0.0059339580304863925,-0.005341073266837769,-0.00469731078050119,-0.004009855322723761,-0.003145143554556466,-0.001385530943046635,-0.0013813401382781801,-0.0013824613332384735,-9.22240589446557e-05,0.0007346504761691316
2021-12-28,-0.008284250212863383,-0.008310642001877049,-0.008139348909063506,-0.007860967050809398,-0.007513563534716897,-0.007068148609957223,-0.006623917312520389,-0.006102243316577997,-0.005496414310002187,-0.004661988226711588,-0.0029165202160921335,-0.0035842770315557826,-0.0034322942095613863,-0.002326875157022592,-0.0015008123882068994
2021-12-29,-0.007998875818744021,-0.008062824106867043,-0.007840295725721855,-0.00747768973482379,-0.007041026511566943,-0.0065110322040851315,-0.005987687784590124,-0.005382969732653431,-0.004715754270690639,-0.0038319497700094714,-0.0020302662619206056,-0.0021561053186651214,-0.002146413475892662,-0.0009005789090708481,-0.00013522313316562552
2021-12-30,-0.008220504249266613,-0.008218260955413623,-0.007999159394521001,-0.007670727974450093,-0.0073122168770659475,-0.006868686379657672,-0.006461638908013934,-0.005969096335287947,-0.005404491036109209,-0.004617832331006935,-0.0030036202693542284,-0.0033939790528102346,-0.003450120001988783,-0.0024452305738959994,-0.001693077205376562
2021-12-31,-0.008173195756230309,-0.008273881193646374,-0.008109388582661258,-0.007802412757351797,-0.007426501420865336,-0.006962310308162607,-0.006531340869170641,-0.006031566419793886,-0.005470778282773115,-0.004700482193127625,-0.003134143546401672,-0.0032567859837203776,-0.003244357856209166,-0.002114188222355959,-0.0014487682910331767
2022-01-03,-0.008111728565431364,-0.008159908234399596,-0.007950754920670799,-0.0076014178374593,-0.0071803558488420455,-0.006662415249766295,-0.00616199643617594,-0.005605326486924805,-0.005010396196658661,-0.00423789074117676,-0.0026807681761434176,-0.002153066024942796,-0.0023704575283494188,-0.0011549531322304087,-0.0004296895613385616
2022-01-04,-0.006302900424804654,-0.006160130473596596,-0.005745324248163581,-0.00519909387956021,-0.004632865619681766,-0.004049008806272143,-0.003518131803645248,-0.002956068252107161,-0.002348008771886765,-0.0015518404623403787,2.5763050226155094e-05,8.115613862877749e-05,0.00028685552551388147,0.001528722025602531,0.00223856201189521
2022-01-05,-0.007659570516953318,-0.007602027022309144,-0.007350369319242936,-0.0070089117681100144,-0.006656116037087857,-0.006257684090098359,-0.005918396568291096,-0.005518036902634204,-0.005055275815868244,-0.004377190423583749,-0.0029890236906499265,-0.003275383546666104,-0.0035503625904317543,-0.002668826326080542,-0.0020308242047376896
2022-01-06,-0.007220594556541928,-0.00718120824077656,-0.006888516916691094,-0.006483314961129588,-0.0060441163137766075,-0.005545948958923595,-0.005100302224653036,-0.004605875600209487,-0.004075571861258357,-0.0033690431599635445,-0.001945541894567043,-0.0016816309757276232,-0.001694083322358657,-0.000581643444986857,4.430762256936666e-05
2022-01-07,-0.007735421018611788,-0.0076602590239466225,-0.007304501615147186,-0.006827016495831952,-0.006327978732455804,-0.005785632994502216,-0.0052889158447256045,-0.004744950827431633,-0.004166662244195791,-0.0034289816917337287,-0.001975469032104244,-0.0019541853991561792,-0.001983366755994848,-0.0008425205181583494,-0.00021245411318322033
2022-01-10,-0.00785944797507674,-0.007964124083913329,-0.007802576169697818,-0.007534535207402897,-0.007227814301292258,-0.006844870162513129,-0.0064756400335223485,-0.006019084136346465,-0.005497234976248758,-0.004765752310701289,-0.0032823831090266014,-0.003438070227494677,-0.0033388120365933716,-0.0022234870990564494,-0.0016044922875116624
2022-01-11,-0.0071396518283989375,-0.0075076006294997645,-0.007480705257134346,-0.007290502530266303,-0.007030551514829293,-0.006696451309102266,-0.006383610948922506,-0.005995068571356087,-0.0055448314959141935,-0.004890199262308326,-0.0035459327438250856,-0.003397744141145619,-0.0034203082024142776,-0.002299985461813268,-0.0016799071637346647
2022-01-12,-0.006295977469519614,-0.0066045171691093505,-0.006540505489410599,-0.006327864559189455,-0.006066913173308246,-0.005752988776707325,-0.005474208056958826,-0.005117595898338747,-0.004687289999775672,-0.004033292156437114,-0.002686637680711288,-0.002897123628101378,-0.002750408874170099,-0.001658184681764461,-0.0010522739010936815
2022-01-13,-0.006871396229184917,-0.007168109676877269,-0.007125515105730421,-0.006926529305017729,-0.00667992651941283,-0.006373235625434947,-0.006098363692171239,-0.005751181576370135,-0.005344792730513046,-0.004740209452491394,-0.0034987306978037738,-0.0031454318425165736,-0.0036222702428472977,-0.0025852999738665648,-0.0019784631120776984
2022-01-14,-0.007348519558278304,-0.007537293734809067,-0.007419024970384846,-0.007160340179958021,-0.0068450139105400865,-0.00644038409169328,-0.006031242514561247,-0.0055323347557977316,-0.00497090318440901,-0.004247739933397645,-0.002786551906633506,-0.0027999516572159485,-0.0024715343205577076,-0.0011078469699509934,-0.0004606791726766541
2022-01-17,-0.007159373474487791,-0.007536579661232552,-0.007519072543733865,-0.007333956232943472,-0.0070587690392516405,-0.006674369161860565,-0.006264936927689036,-0.005753636259444625,-0.005169734329900358,-0.004409016852687309,-0.0028608238358473984,-0.0028386867472641585,-0.0022554009792266,-0.0008257240928003277,-8.492650207461228e-05
2022-01-18,-0.00737983581906732,-0.007732253654461838,-0.007659600637448206,-0.007413656185094575,-0.0071011962968944185,-0.006703004955326443,-0.00628587410366624,-0.005773393185857919,-0.005195003013154374,-0.004459106960786587,-0.0029634546713537204,-0.0029002524446890086,-0.0025729114102433343,-0.001218186716573996,-0.0004774096555893953
2022-01-19,-0.006821287691495814,-0.0067156394786955995,-0.006274178473918186,-0.005715997790281891,-0.005193758342991311,-0.004670889301787032,-0.004192248067151223,-0.0036406212428031492,-0.0030246123154735313,-0.0022534476296541964,-0.0007142475170169893,-0.0011450834033025759,-0.0009154526358180082,0.0002843542370755106,0.0010140607441199744
2022-01-20,-0.006740929647001407,-0.006721561306731337,-0.006398282840613009,-0.00596075328391045,-0.00553297787297946,-0.005073917871064186,-0.004650198884805104,-0.004147048048930773,-0.0035770060880898976,-0.0028408753350953856,-0.0013425126477303226,-0.0012738537617989472,-0.001197144599599775,0.00011211560077755984,0.0008922535252145866
2022-01-21,-0.007133990229005562,-0.007006559232003989,-0.006586700920065698,-0.006073179546673086,-0.005595502473013666,-0.0051011692365802285,-0.004660985669468649,-0.004136060481829463,-0.003543072607153617,-0.00277492906201657,-0.0012227438799252528,-0.0015325529944872766,-0.001338047252145144,-0.00010839905173353761,0.000638538488017638
2022-01-24,-0.006993356114173914,-0.0070255942475197074,-0.006740149673780982,-0.0063341503954387375,-0.005911748880523161,-0.00542974820831123,-0.004972032668683788,-0.004425604330662102,-0.003814352949704704,-0.0030362397982581194,-0.0014547620513544028,-0.0012698297432802747,-0.0009762939508792708,0.0004405224670025774,0.00119264302369582
2022-01-25,-0.00723325563277471,-0.007179357466281231,-0.006818208999665032,-0.0063748157458718285,-0.0059651754337301174,-0.005530009036025608,-0.005127952584356242,-0.004632710702463178,-0.004072437076907488,-0.0033389183023687,-0.0018433105286131063,-0.0018139236003523198,-0.0019602348253883965,-0.0007532119935946058,-3.449945437376616e-05
2022-01-26,-0.0071759159835223015,-0.0070759747593894485,-0.006680684768846769,-0.006190207104451653,-0.005717631602608858,-0.005217441160819223,-0.004758407506449864,-0.004220861007969914,-0.0036257661819480208,-0.002873057406631304,-0.0013685377480674714,-0.0014406742818979035,-0.0012869515013066502,-5.023483000873028e-05,0.000729307985595575
2022-01-27,-0.0072543867240496265,-0.007149599030946984,-0.006790310520249944,-0.006348798116079136,-0.005933595602313539,-0.005479812005505065,-0.005061232030037421,-0.004546757756523841,-0.003947971189377429,-0.003159930591756739,-0.0015518887632922553,-0.0021244087893513446,-0.001862307188460599,-0.0006836230597721364,5.565313480635197e-05
2022-01-28,-0.007819643838684495,-0.007808900071654932,-0.007519714427518574,-0.007163017679189006,-0.006807554599881464,-0.006403032289733599,-0.006025285288836837,-0.005561655476851483,-0.005021189078039057,-0.004300758178837776,-0.002820369470426606,-0.0031073015337146643,-0.0029943298380744705,-0.00180312217758328,-0.0010937314951826736
2022-01-31,-0.006765568745539092,-0.0064909951129094815,-0.005945493926797865,-0.005354747231114399,-0.004826522600843138,-0.004307074677106903,-0.0038397795150642605,-0.0032967611299958427,-0.0026747826790039756,-0.0018786917656045553,-0.0002703408867096909,-0.0010228345148132678,-0.0005664818263448027,0.0006635086537648627,0.0014029109240377333
2022-02-01,-0.007240754546246389,-0.006714995311500967,-0.005977277850344777,-0.00519617622302798,-0.004499069012092343,-0.003820196001850738,-0.0032245530636768518,-0.0025573805126805,-0.001861218306830319,-0.00100536465019884,0.0006822263426696498,0.00012598076138385173,0.00034995082357030215,0.001579666636969086,0.002348654138742967
2022-02-02,-0.007080615186098498,-0.0070186457366944325,-0.006723543072931151,-0.006381889494170549,-0.006037222696817026,-0.0056475703897838955,-0.005291344556212425,-0.004828705100101159,-0.004279871696708348,-0.003498851271101039,-0.001849659968147288,-0.002688246898789834,-0.002120764118579155,-0.0008518588191006558,-1.87957285695331e-05
2022-02-03,-0.007073653325018589,-0.006727702317933061,-0.006130570780154911,-0.005505183478455718,-0.004929085721580531,-0.004353893812660209,-0.0038250156304271686,-0.0032168030995469617,-0.002564748512904623,-0.0017331358277961572,-5.788111511268769e-05,-0.000554094916991103,-0.00019201367672946022,0.0011329545160863796,0.0019493890751151625
2022-02-04,-0.006491440767360943,-0.0062202529272813115,-0.005724645692606847,-0.005198333460816756,-0.004729813286828668,-0.004258984924152559,-0.0038493101327518155,-0.003349356170059157,-0.0027770906538868885,-0.001997612665813568,-0.0003779525589496383,-0.0013177021555077439,-0.0008416296636985328,0.0003529600785341933,0.001198766123778723
2022-02-07,-0.0068682204782914485,-0.006578373288611985,-0.006051519753406257,-0.005507362700240654,-0.005040797718115527,-0.004585450236460864,-0.004201333661385881,-0.0037151491372075895,-0.003143260622067108,-0.002340561947908803,-0.0006719578819068591,-0.0019679787508709965,-0.0015697058338465827,-0.0005097032542170678,0.0003317180600131012
2022-02-08,-0.006753817840255628,-0.006381704284628053,-0.005765302612555808,-0.005122187476247703,-0.004547103460539886,-0.003981187793536458,-0.003478448319373797,-0.002893145774418166,-0.00225135000993995,-0.0014274545829306025,0.0002471478897442198,-0.000457996151906101,3.685019805985514e-05,0.001302398476923605,0.002151730535519297
2022-02-09,-0.006361624764095385,-0.00572353053010792,-0.004861737196808561,-0.003991487076002261,-0.003255967482793876,-0.0026013644514863475,-0.002060997321030792,-0.0014714999322079643,-0.0008366413599851632,-3.943748948182207e-05,0.001544070861971769,0.0009527589092674484,0.0012207754605300454,0.002405178323125981,0.0032804415520342927
2022-02-10,-0.0067487080541385495,-0.006201201296221764,-0.005437874033624602,-0.004657306797949684,-0.003982833897800967,-0.0033618198663007428,-0.0028394373932182112,-0.0022625553789011104,-0.0016422511469044393,-0.0008544024292859251,0.000712587780161299,6.622118805908305e-05,0.00030284156007947833,0.0015227000972958607,0.002321356165964664
2022-02-11,-0.006636765088367902,-0.0061737830406893264,-0.005533657050652672,-0.0048795365516579765,-0.004333206639647893,-0.0038338459484671935,-0.0034358722637811865,-0.0029693813461985166,-0.002437880962013956,-0.001712303662283479,-0.00023900268573582304,-0.001121367017293609,-0.0009384860526109812,0.00013798667720776913,0.0010045164509595128
2022-02-14,-0.007212774266564225,-0.006773522437186749,-0.0061323309238785675,-0.005491990380200927,-0.004948948260826326,-0.004446668578492973,-0.00404178622909093,-0.0035632731457532177,-0.0030136236737272636,-0.0022549672461272515,-0.0007039376543050927,-0.0018128551777110442,-0.0015211710197516569,-0.0004292256564053217,0.00038719183336344883
2022-02-15,-0.006902923574893399,-0.0063153930742860746,-0.005593241132674239,-0.004887382368275354,-0.004292452575924435,-0.0037437675222977257,-0.0032972918769436153,-0.002796426285645507,-0.002246276757530458,-0.0015230130874984652,-7.866076036468477e-05,-0.0006962644184610443,-0.00047888730655239013,0.0007096513794338879,0.0015090172081527794
2022-02-16,-0.006959134707911562,-0.00659013717106328,-0.006078363416062071,-0.005580292774697765,-0.005149340589537999,-0.004722795849013642,-0.004357081596501066,-0.003947411688011408,-0.0035198560199792006,-0.0029533677974796393,-0.001916305038011208,-0.00116976991489459,-0.0010744065237655604,0.00036793059884936315,0.001160481937487164
2022-02-17,-0.006659985887521428,-0.0059129497082384954,-0.0049875112800408855,-0.004066909317082539,-0.0032805888842822534,-0.0025490066924440413,-0.0019316788119791016,-0.0012724140362650133,-0.0005897678468208068,0.00023787728458325892,0.0018679741642300511,0.0011609517132977062,0.0015841429543921432,0.0028641036345280683,0.0037698416497109265
2022-02-18,-0.007525041315035767,-0.00699073999949028,-0.006276655505282384,-0.005568997305797114,-0.004969666406355012,-0.004390683008490886,-0.0039036060356870653,-0.003341482986097599,-0.002724254790907819,-0.0019198226051172474,-0.0002864213869757477,-0.001254929160629456,-0.0008897393765271151,0.00032766317911119827,0.0011623754199579076
2022-02-21,-0.0070442719331111625,-0.006310642680985837,-0.005355414958075029,-0.004410154208891709,-0.003644418732620897,-0.002979012619159187,-0.0024555902047079413,-0.0018936847491724605,-0.0013088154917352335,-0.0005669286711101528,0.0008537644990217527,0.0001363737688282649,0.0002755859058809721,0.0013521772121418358,0.002182597060426084
2022-02-22,-0.0065462763286961234,-0.005938030631088965,-0.005058773005260398,-0.004129198773549707,-0.003333824817104341,-0.0026179662256823827,-0.0020278595842335104,-0.0013990759038600734,-0.0007317598538737565,8.319522151731222e-05,0.001689310656529532,0.0009687314408326248,0.0014544315044952387,0.0026847306448781983,0.0036127763651866715
2022-02-23,-0.006858514145218028,-0.006296307987417643,-0.005436736506832364,-0.0045284871742799025,-0.003750695524126415,-0.0030492185571372767,-0.0024737645537490447,-0.0018573966233746864,-0.001205843668485568,-0.0004003767935601371,0.001195621079031113,0.0003763591792999564,0.000811767185445314,0.0019332557294068882,0.0028998374708010615
2022-02-24,-0.007282034579949957,-0.006975655036372244,-0.006353568386993054,-0.00567787011080789,-0.005089613882572026,-0.0045071106871338055,-0.004022239121537776,-0.003447888021518801,-0.002798905847868333,-0.0019301747286074242,-7.859646111934345e-05,-0.001656307697993529,-0.0010911224369421445,-1.6768970469274724e-05,0.0008902972999561085
2022-02-25,-0.00697431457849527,-0.006600724185653004,-0.005953661533315241,-0.005261891043958852,-0.004663300865551912,-0.004091956134402642,-0.003623532588088481,-0.0031025818537184944,-0.0025392655031479146,-0.0018100584099609266,-0.00035116999497244224,-0.0007876191762814207,-0.0002861072918755018,0.0008038029854847549,0.0017288915783118175
2022-02-28,-0.006585907900480509,-0.0060920094858915134,-0.005376380947108699,-0.00465809784237773,-0.004079851250495488,-0.0035706073657642435,-0.00319437259959793,-0.002768760897287405,-0.002281345707609469,-0.0015922760493683862,-0.0001894839081265842,-0.0010358378484039367,-0.000682749670626509,0.0002115067467679311,0.0011406408949917474
2022-03-01,-0.006288456245543895,-0.005555618656801547,-0.0047174618978348525,-0.003934479568033655,-0.003306851743869395,-0.0027569617047498696,-0.0023387773209909866,-0.0018934034966465315,-0.0014147209759016038,-0.000781981480922903,0.0004345301527289751,0.0004671464598453006,0.000885857707992363,0.0019380124259401996,0.00274590078721212
2022-03-02,-0.006634020859165784,-0.005706261915863535,-0.004763961959613731,-0.003932408151741199,-0.0032948946275379817,-0.0027905721134758987,-0.002445108453698717,-0.002049312105497684,-0.001568275241448141,-0.0009152473302224096,-9.152065926943407e-05,-8.238449574668244e-05,0.00013735411036683884,0.0010984781516254418,0.0019235932936284856
2022-03-03,-0.006459147490432595,-0.005258833146813428,-0.004062998390296597,-0.003005485403878987,-0.0021795310076826043,-0.001501080134157964,-0.0009831678136075362,-0.0004141620908797004,0.0002237326415465697,0.0010100714802012962,0.0020551254434171464,0.0020534998243275857,0.0024930888889403684,0.0036689293090322313,0.004593067886481049
2022-03-04,-0.006036749726840448,-0.004843490350089489,-0.0037318837875610017,-0.0027904958648178086,-0.002097144150619029,-0.001534674116344599,-0.0011352528524741978,-0.0006500496504774213,-6.526053358460893e-05,0.0007017639888139064,0.0017515704045275608,0.00155804098395623,0.0019925100783613073,0.0031888014809911412,0.004012827043645707
2022-03-07,-0.005617325436565344,-0.0039888750911132136,-0.0026304559782298624,-0.0015856807575743235,-0.0008539949843143929,-0.00033418489108775866,-1.7821950142494526e-05,0.00034928516509609084,0.0007933865796498703,0.001407859892555241,0.0020253230526142666,0.00220513546390834,0.002338161052667487,0.003383994542463695,0.004062307427597984
2022-03-08,-0.004310914766483641,-0.002185363087162783,-0.0004067883500073091,0.0009102988536748079,0.0017488010053756087,0.0022155797394386645,0.002405883694828559,0.002596057906425383,0.0028601091728920783,0.0032849712938414367,0.0034890502474926232,0.003533136206916436,0.0033122889870070317,0.004063346883937254,0.004648781131337108
2022-03-09,-0.005540067311316772,-0.0031196049901421837,-0.0010014254824156081,0.0006602981991188903,0.001806570011309024,0.002563203199673862,0.003029725765924727,0.0034641926346787267,0.003915331421443358,0.004451284028193902,0.004795877074137457,0.004984716214737825,0.004963802486739369,0.005862185629758724,0.0064995813737508045
2022-03-10,-0.006380283678705492,-0.004664880032658899,-0.0032432715672532134,-0.002227580684920333,-0.0015901599584606007,-0.0012299256959837752,-0.0010953001678596797,-0.0009965219135025013,-0.0008739385263604842,-0.0006753158951264783,-0.0009979592207364617,0.0004610364636892699,0.0005229404476993415,0.001567142769616866,0.0022353356014117214
2022-03-11,-0.0056126908661908075,-0.0036768911268593284,-0.0020090859095075087,-0.0007695606627893987,2.2006128422733147e-05,0.00045625597310577394,0.0005984478124710672,0.0007101886908179823,0.0008835849265550868,0.0011957660586731792,0.001187026545629898,0.001471193126300758,0.0014032233409520221,0.0020336971958143735,0.00268198242222729
2022-03-14,-0.005061429500582635,-0.0032786666855902516,-0.0017897340892838033,-0.000692125913646733,2.5339338564808224e-05,0.00047982731789473695,0.0006947674683602124,0.000936680194698853,0.0012823994611511668,0.0018341051777910006,0.0024749386471750318,0.0020513095736657758,0.002312656664105471,0.0029521563124273687,0.003683105066218764
2022-03-15,-0.005562500338377345,-0.0036650445783074064,-0.002136099127094224,-0.0009623134277221179,-9.309583998134627e-05,0.0004472753734889737,0.0007793925917995159,0.0011265539219528524,0.0015361187497314518,0.001932031386253813,0.0027819937388628823,0.0023638839079262153,0.0025866513595108743,0.003343574142883299,0.004072243269629505
2022-03-16,-0.00554677845551545,-0.0033315931958094276,-0.001622503724942409,-0.00032906565413810037,0.0006064577590898378,0.0011896981083344073,0.001553839337262308,0.0019014221169042296,0.002280845573504167,0.002597537479630447,0.0031643736771914417,0.003388585477066777,0.0035499954144225924,0.004347021708979875,0.005047137533912479
2022-03-17,-0.006183510299777495,-0.0038451011796919654,-0.0018946814396655037,-0.0002889621471694711,0.00094280100251022,0.0018491603598252307,0.0025548930296078456,0.003248795742116769,0.003952081197300829,0.004565054406357551,0.0057632816537374915,0.005807246609828817,0.00636011053809765,0.0073791512195054455,0.008179774860985806
2022-03-18,-0.006452567337811285,-0.004463306503228868,-0.002854884669953082,-0.0016450220918771369,-0.0008239205623145952,-0.0003669516303746018,-0.00014365983106707017,8.760971254219993e-05,0.00038685941760689853,0.000714851643598126,0.001385385032358577,0.0009894026787552399,0.0009217139448462995,0.001250788352353289,0.0019663978690435107
2022-03-21,-0.006888733764805019,-0.005210031580423808,-0.0037444359860447952,-0.0025744810114661687,-0.001670239156345997,-0.0010424784752497578,-0.0005789603680173179,-0.00010399145845382211,0.0004086988481134734,0.0008852030677901673,0.0018831329742560127,0.002060003183783526,0.002478321519330376,0.003270674960230929,0.004148930317283792
2022-03-22,-0.007085839787574685,-0.005656819657929784,-0.004365660764056626,-0.003297230634829839,-0.002430807939440896,-0.0017850699426603086,-0.0012812092611964431,-0.0007395278924216177,-0.0001434169211308482,0.0004325109906315478,0.0016767316117035592,0.0019002957933581584,0.0024566598061012915,0.0034415034260341245,0.004297828804936453
2022-03-23,-0.005862314168805538,-0.003436525454342635,-0.0013787500742786533,0.00022649674495046814,0.00135554025550314,0.0020249369309655817,0.0024478751399958287,0.002849992598821089,0.0032805272100761957,0.0036594574889880402,0.004261428264214529,0.004296454609318823,0.004149462882389189,0.0046176704444275685,0.005526646318122049
2022-03-24,-0.006139571805143141,-0.004028519087589484,-0.002220344659648518,-0.0007905940662743995,0.00025323151683118465,0.0009313269768930323,0.0014048723048204399,0.0019182708625142203,0.0024993001860291937,0.0031039656776768597,0.004381466875526926,0.003619852296705632,0.0038541808809925914,0.00436572480504342,0.005282591996154479
2022-03-25,-0.006508230869783211,-0.004763278498495523,-0.0032011076108361303,-0.0019179990430871333,-0.000922964960622827,-0.000233350894554403,0.00027540234697553305,0.0008050546187788978,0.0013716004971648051,0.001933533845345098,0.0030526171517275737,0.00297893778935675,0.003496149496330413,0.0041255465621306085,0.005098970814517853
2022-03-28,-0.006080690251702997,-0.004547537486290506,-0.003177025783319077,-0.0020684829262092945,-0.001222319922156617,-0.0006689558738294465,-0.00032619629850888857,6.0760857402406e-05,0.0005324600571686598,0.0010909166170960547,0.0023409882768777304,0.0017976009696415067,0.0022986573716198178,0.002615039481681735,0.003524260765342327
2022-03-29,-0.007020692687042664,-0.005579521860795153,-0.004180467857954529,-0.0030105746992713884,-0.0020796255407434573,-0.0014501884526607275,-0.0010275446997848295,-0.0006132515883379456,-0.00017326451811370495,0.00026543644994932386,0.0011226909046972238,0.0009874206229576513,0.0015497365660436854,0.0014889852548842578,0.0024196092849002706
2022-03-30,-0.006160326551478765,-0.005275775296999122,-0.004146059457858022,-0.0030548177978235924,-0.002088549581094952,-0.0013328035377272174,-0.0007551574873795931,-0.00017644923964586215,0.000444040483610738,0.0010676439178823765,0.0023804572985866527,0.0020233786944085057,0.0029476902056975477,0.0031728331833685407,0.00412974314650296
2022-03-31,-0.006628014404077158,-0.006007669644709816,-0.005198319915967852,-0.004421691613478648,-0.003713676900718473,-0.003153672753926001,-0.002739993144847994,-0.002273364538274895,-0.0017190957816136789,-0.0010997699632191871,0.0002899837642458686,-0.0002049514379074646,0.0005485800791522211,0.0007610726503046138,0.0017312003508841095
2022-04-01,-0.0061792909681171685,-0.005042011743973588,-0.0037798932878406986,-0.002617844612825052,-0.0015825757835964882,-0.0007718957238547317,-0.00010372087468125631,0.0005626563652312961,0.0012535013613725159,0.0019107967151522005,0.0032773896014816942,0.0030963789917853616,0.003878960906554931,0.0042685149522047,0.005457311389891868
2022-04-04,-0.007799755635982431,-0.00675073352944551,-0.005354327563753762,-0.003909287041641741,-0.0025462974338270467,-0.0013810376492195313,-0.0003921417247155024,0.0005699673882937125,0.0015194856829055395,0.002368550345869631,0.004096140017933337,0.0037563775936967025,0.0046317116144207575,0.005109723794334085,0.006092325195420672
2022-04-05,-0.005535861103306874,-0.004818164609801405,-0.003952108730757648,-0.0030945510296880602,-0.0022842257368313225,-0.0016246020287659447,-0.0011309636496153897,-0.0006079185069195916,-6.300838612046441e-06,0.0006209644011409485,0.0020383671650265425,0.0015180805357254698,0.0022461421390200867,0.0024463048768112268,0.0033987960071149297
2022-04-06,-0.005640577693634373,-0.004597547259769019,-0.003407388851056554,-0.0022209929974003487,-0.001093327411359011,-0.0001475718289790243,0.0006022838668202969,0.001369391664521798,0.0021965762920141364,0.0030105218972215956,0.00481607782987635,0.004158925722767764,0.005037684230289562,0.005436725989595837,0.0063383662142009346
2022-04-07,-0.005457550133569206,-0.004320085597969505,-0.003233114750011539,-0.0022147456918837965,-0.0012752334091262634,-0.0004572091763198733,0.00023790566919243048,0.0009660998327463851,0.0017686581760276128,0.0025229849242588333,0.004228671038791941,0.0037829983331658457,0.0046777346383229945,0.005009653121740753,0.005951535213055166
2022-04-08,-0.005622757130771085,-0.00382837727041334,-0.002345130971903447,-0.001099498357974085,-6.813135214701481e-05,0.0007074341640897028,0.0012856822236895296,0.0018403974694949615,0.002418652412486629,0.002929808438853434,0.003908774624239141,0.004458444925242458,0.0053235764870704725,0.0054524823123374856,0.006216748744815924
2022-04-11,-0.005067745035716633,-0.003390419007871164,-0.0019176748171346166,-0.0006137650042080936,0.00046778150411388563,0.001307514272686685,0.0019286244304366196,0.002570307208821737,0.0032964289227536405,0.0040543683784762825,0.005746180667283298,0.005080497200140954,0.005947783582573156,0.005867111374911175,0.00678906449690394
2022-04-12,-0.004201850216548563,-0.0021657464668233726,-0.0004579209547039508,0.0009775983388438105,0.002089968356608186,0.0029097251518829803,0.0034813260136499847,0.004075327309655228,0.004768709817708766,0.005511303535084043,0.007138287212224857,0.006517718778664045,0.007236871435566668,0.0069521400714520854,0.007721132478374365
2022-04-13,-0.005607072699219011,-0.004227941502795175,-0.0030389309522940583,-0.0020213457120113127,-0.0011701349082941616,-0.0004863849386419068,2.717990603747335e-05,0.0005876738128032994,0.001254057388003279,0.001960657683935569,0.0035994070276748934,0.0031337523954928907,0.004037189767715096,0.0038672492508615777,0.004684336040686894
2022-04-14,-0.005576236273874346,-0.003906492742939836,-0.0024382779072009784,-0.0011301723539961718,-1.6506433321934657e-05,0.0009209104470670581,0.0016674335232696933,0.0024470451577319604,0.0033092344060755867,0.004169482465849163,0.006098611438277713,0.005635903409839027,0.006650315516963973,0.0067037053320985265,0.00743113912985972
2022-04-15,-0.004256280663530222,-0.0020471729797829274,-0.00025631293492409644,0.0011939072946943563,0.002283676982847249,0.0030527000169893394,0.003565040065679703,0.004095559282509314,0.004719773837971188,0.005393153680628945,0.006856549341619582,0.00653594491666786,0.007323021667065819,0.007167832345880972,0.007760705068234342
2022-04-18,-0.0041827904722936925,-0.0018361886430050432,9.697061383836907e-05,0.0016580428868627568,0.0028122335777289913,0.0036163394581760397,0.004177528622944684,0.004758610176381764,0.0054293593968638325,0.006117652558206888,0.007567526309283428,0.007206728445475134,0.007918332026034881,0.00776279830345711,0.008414310486741496
2022-04-19,-0.005121343191882463,-0.0030195479933172653,-0.0012813107000466365,0.000143246880523272,0.0012426788129139953,0.00207578156058469,0.0026959903945795627,0.003339225390913839,0.004055939768860069,0.0047649465768198306,0.006309087570267491,0.006025201572624095,0.006907304006912677,0.006848925384234146,0.007517989894622178
2022-04-20,-0.003763062924191326,-0.0012944273525193812,0.000663879117441602,0.0022297590596061134,0.0033847811740495056,0.004229519118287156,0.004819599237008544,0.005435296407520096,0.00615685689370792,0.006906691422675628,0.008640362895879324,0.007453819101862526,0.008131052681969297,0.007831879253616513,0.008540373006775416
2022-04-21,-0.0048218657646703685,-0.002195188059128356,-0.00011877549630598264,0.0015283885315949682,0.002718028931759396,0.003564144160635855,0.004139507236158249,0.004733362342173485,0.005424800764839109,0.006142417817820883,0.007778023499860556,0.006330836695100199,0.006758208338238915,0.006202732966488217,0.006940637396278697
2022-04-22,-0.004183605086651454,-0.0014235481582928072,0.0006807826166891791,0.002290740942304568,0.0034024271225756375,0.004146364818434632,0.0046232454284100355,0.005122635915143335,0.005728700481473268,0.006362412028731355,0.007789343450809493,0.006813882063430095,0.0072960253795711204,0.006938167173743731,0.007591644378958597
2022-04-25,-0.0041377007806559,-0.0013707545177549028,0.0008272978694591378,0.0025791181098744264,0.003856550619161573,0.004772085431953324,0.005424361011458181,0.006106300973973786,0.006891281503651942,0.007692057597039786,0.009523623704643101,0.008178290359189105,0.008963703510772022,0.008566241977007198,0.009376913057213046
2022-04-26,-0.0030593558065006967,0.000915124171912886,0.003872892771776438,0.006030027083732003,0.0073813606424571136,0.008114076804750913,0.008462887527076942,0.008780932853736144,0.00916983476574378,0.009562580431586911,0.010278266682156315,0.009269460308385548,0.009329386351993887,0.008536395261237381,0.009096516204389407
2022-04-27,-0.004262736605108376,-0.0011633418830573998,0.0012561449345921318,0.0031159767786257103,0.00441207781497731,0.005272534356920136,0.0058338397273163325,0.006403268154873985,0.007047586500062509,0.0076871390885693515,0.009116367567516433,0.007680525599702852,0.008075191189872245,0.007553669369350787,0.008312319909435675
2022-04-28,-0.0024939028956296964,0.001608013521167898,0.004626032593395271,0.00681903066928727,0.008221481914943254,0.009013135815256165,0.009423787551083132,0.009808959434166115,0.010256665075032374,0.010733866299737597,0.011691962129164015,0.010665192079801598,0.010839236588930597,0.010311635695113498,0.011037742617604129
2022-04-29,-0.0037129946195734133,-0.00018197203049111297,0.0024454704672787486,0.004364492149969848,0.005589103189238979,0.0063013911302618785,0.006689621323598125,0.007074865571249573,0.007525605222158505,0.007992679242824385,0.008925515366360614,0.008108386435491631,0.008329985349875096,0.007851448742215696,0.008546061391753929
2022-05-02,-0.0033522421891813013,-0.0001269655694235293,0.002231845239360794,0.003923119451944233,0.004995522683548016,0.005605566074805146,0.005891610653364932,0.0061750202695245926,0.006529645229670034,0.006953312355871145,0.007897059726285363,0.007045580520127684,0.007199543196269266,0.006696958307619906,0.007313527260356365
2022-05-03,-0.003311526153697581,0.0003846669272027266,0.0030687129040257296,0.005021824904320976,0.00625759136235738,0.006954136754422862,0.007297521302943684,0.007590320561862893,0.007917678827127309,0.008244739072759764,0.008777850268934767,0.008847656902326567,0.009024264291681933,0.00878342040677386,0.00933481071550441
2022-05-04,-0.0016121175442664329,0.002252602174489101,0.005051849853412248,0.007085194711718279,0.008373363467778531,0.0091135500933908,0.009495883281979554,0.009851504421743897,0.010277478262369147,0.010742897149389906,0.011688531414480363,0.011144288456218718,0.011375425551390664,0.011031730527208104,0.011614705360800002
2022-05-05,-0.004487855240591315,-0.0009134492265186686,0.0016375499226795659,0.003415486525816719,0.004539193022730873,0.005192161788628859,0.005575231203821434,0.005910153235419211,0.006252764869088444,0.006528121756417391,0.00696595214086787,0.007476081326089493,0.007977741815646651,0.007824711388791013,0.00843952454758857
2022-05-06,-0.0023914476270185587,0.001731118421141244,0.004710469042075758,0.006793690735017004,0.008205965029408725,0.008995914994806944,0.009457469636720393,0.009869806403244393,0.010307240912810049,0.010706486605248157,0.011377565432636473,0.011573355127096622,0.01211876213818006,0.01191357797091057,0.012564160391558797
2022-05-09,-0.0024758924858621217,0.001032769559848835,0.003451989083966914,0.0050964075023132716,0.006142999664763876,0.006658501396737688,0.0068580601464476015,0.007069387687801144,0.007379262964988253,0.0077631418418573385,0.008622105716206226,0.00785828438956546,0.008110910880867026,0.007548709145526223,0.008096438398526655
2022-05-10,-0.0007354295177537532,0.003705090198645314,0.006834645804854714,0.009039277437185854,0.010510630632267341,0.011336987680245342,0.011818735430215192,0.012257970498871127,0.012730109749728087,0.013180987244946095,0.014005411562113672,0.013891185432414792,0.01431050665708838,0.014056844247194394,0.01458101686972543
2022-05-11,-0.0006799292933214341,0.003382735094378811,0.0061361693769113775,0.007965295319169959,0.00906580070935788,0.009552298706299464,0.009693630886394978,0.009845823685344694,0.010118266945001519,0.010483802427642398,0.011315266627234626,0.010103695575095734,0.010133155652268636,0.009300236528702346,0.009783670418381048
2022-05-12,-0.003943838614863441,-8.380866163452266e-06,0.002729000516912725,0.004633415363573212,0.005910663461729627,0.006652687981517085,0.007118053580446378,0.007539947498662783,0.007962100743945115,0.00830984196690287,0.008876728639856802,0.009251459484313457,0.009717427743990877,0.009619002452137735,0.010070652089778476
2022-05-13,-0.0014958547099877286,0.002584618083632225,0.0054601144014565384,0.007483606664887869,0.008824362145118945,0.009541554962661925,0.009904141328591586,0.010243417701762295,0.010658228731512853,0.01109938892608021,0.012018277517264822,0.011321681237716635,0.011527278669742935,0.010889924683361233,0.011121155153138584
2022-05-16,-0.0028051669593985667,0.0006764304551574491,0.003210655422382163,0.005107712858012958,0.006422776343468595,0.007255693542711384,0.007793845780644826,0.008321267465862023,0.008910370607085601,0.00948955371180735,0.010747427811475248,0.01012733624686335,0.010602361229070868,0.01016653389616384,0.010443758895104682
2022-05-17,-0.0013968029385800977,0.002586919661899588,0.005474459475359198,0.007628521922694951,0.009099805298671137,0.01000392941543557,0.010574469816288594,0.011112828060551621,0.01170259167406106,0.012274906332024143,0.013453720367669376,0.012964096976455855,0.013441708332494428,0.013025888519150711,0.013299605564566904
2022-05-18,-0.003151139397471597,0.0006352756508330596,0.0033183816202417148,0.005254473277366587,0.006563133296681214,0.007366249992384464,0.007897231596203431,0.008384245768209127,0.008888008409895449,0.009278981499149758,0.010043988273484503,0.010261026985014975,0.01075353892567292,0.01052953761644453,0.011110083509798994
2022-05-19,-0.003791185619232407,0.00021056866487226267,0.003127586428998985,0.005288692440436843,0.006773766868542126,0.0077147295041502095,0.00834415018429616,0.008924935664069473,0.00951437492920088,0.010011073323114756,0.01097902727655987,0.010524835748090045,0.010736620025974123,0.010315212165749432,0.010818296011717191
2022-05-20,-0.0012023431736302302,0.0027351569079047617,0.005424235583525483,0.007318054474135553,0.008549411543939702,0.009254846325437088,0.009637869519888733,0.010011502030375905,0.010460741085852529,0.010933508732807441,0.011945910754463088,0.011190195277223376,0.011332894297533203,0.01081926447361084,0.01135630504835084
2022-05-23,-0.0009332347671276871,0.0025109013685453846,0.004846275773866865,0.0065162224106204095,0.007663940135207072,0.008427913974666586,0.008953440435681994,0.009508310863931668,0.010144318941358147,0.01081106625144717,0.012325453546869047,0.01162810702292579,0.012098568142838372,0.01185089506457677,0.012474804806732805
2022-05-24,-0.00042321077019027075,0.003075492788566081,0.005370919097559378,0.006923714890998861,0.007934754697480954,0.00855261877807882,0.00895072339940327,0.009371207171798191,0.009865094459695857,0.010406532321057706,0.011639339577271157,0.011170557438412037,0.011563475842425295,0.011291874757446727,0.011904273012929331
2022-05-25,0.0003191477379771398,0.003881304310727838,0.006243808487917774,0.007865781163964834,0.008928721851463366,0.009581801127541225,0.01000214797435854,0.010445885090702534,0.010963006433013877,0.011522118454480822,0.01277052696841317,0.012357004099227336,0.012670400787162476,0.01249233690075879,0.013040892810586116
2022-05-26,0.000127145618875256,0.0035307956237412303,0.0057349106294205116,0.007205320162901934,0.008135820709517814,0.008686995758271738,0.009018729062243843,0.009371621579833532,0.009794519940228692,0.010273313957030517,0.011319712433570748,0.011067871351887899,0.011336404666058683,0.010945462946095328,0.011455025197838479
2022-05-27,0.0005753919828666126,0.003824156985203793,0.006099781567249595,0.007803124438197787,0.009044893458199338,0.00995890190880426,0.01066376426280942,0.01139009669966151,0.012175178088512973,0.012956391422506437,0.01470154045157343,0.01405692473962081,0.014689884974027572,0.014397615311174517,0.014958575127610427
2022-05-30,0.00042156574347548695,0.0037702628749157465,0.005830495955608708,0.0071071442239466955,0.007858654042461843,0.008261048067907775,0.008473444463404842,0.008713947533491275,0.009012566546445043,0.00935643464609965,0.010046294765386586,0.010310726724504162,0.010731622251304668,0.010432879574530176,0.010956889531092164
2022-05-31,-0.00047339443303066084,0.002293939127993524,0.004216280570315648,0.005657091704974282,0.006771752631428013,0.007701003132942246,0.008534781373637636,0.009386710234632462,0.010254114818874891,0.011034846228083216,0.012735194738904502,0.013676177661849797,0.014109021827645837,0.014276274305288796,0.014855967508494173
2022-06-01,-0.0005315683384283026,0.0028570635829899974,0.005057864284395051,0.006540669144699236,0.007505250813694922,0.008124214589123229,0.008547019823091445,0.008978535348658048,0.00944654290030209,0.009902557046990444,0.010832061784050691,0.011490454552556822,0.011226337523896464,0.011033732037638466,0.011576169965359236
2022-06-02,0.0013919695059651286,0.0052876731655798585,0.007836045133280052,0.009585485580801098,0.010710301136161787,0.011406999290519885,0.01182932837694397,0.012247459891218886,0.01271794605581134,0.013216584728148562,0.014288434948928876,0.014357398862244209,0.013710495211829819,0.013147599826560875,0.013669775357495787
2022-06-03,-0.00033740235790430916,0.002893219817248595,0.005116992192397745,0.006739708163623417,0.007920359143580738,0.008808988900715155,0.009511340020814666,0.010202203947985239,0.010906485657875085,0.011543140917284731,0.012882325311609391,0.013628130490858785,0.013769737101351792,0.013420295775913098,0.014547673629310889
2022-06-06,0.0007292928212737295,0.0049154602653108705,0.007893246532803736,0.010049992694165295,0.011542492031314163,0.012505589970809555,0.013196444588894978,0.013825997798459213,0.014417182582372812,0.014843113995368102,0.015476164486979856,0.017199663463665846,0.01723423924814791,0.017186971021263382,0.017864690310456288
2022-06-07,-0.0006085549410316542,0.0032689843987653614,0.0060971868495441105,0.008200342293794863,0.009727184634727316,0.01081698450036223,0.011653090849725857,0.012431366724745275,0.013172175398388698,0.01376425507957982,0.014942140965828035,0.015745420874756243,0.015538278399348961,0.015243945632375373,0.015876666832108425
2022-06-08,0.0007339855468821972,0.004304797194189489,0.006928759058806149,0.008896347150993484,0.0103134900886113,0.011294914112891512,0.012005379010139339,0.012700153341876023,0.013427539473466338,0.014094815593193009,0.015550823934725842,0.015428778846896632,0.015212706658223838,0.01469572989364334,0.015254926862778023
2022-06-09,0.0001771275383367393,0.003453149594392755,0.005843860347741669,0.0076234414293244014,0.008900434052705443,0.009785240378810494,0.010421584895983932,0.011049290105245921,0.011714258220486619,0.012305957454836765,0.013607044665029279,0.013750681309041172,0.013540484468226113,0.012983725471721929,0.013657356577504392
2022-06-10,-0.0002439924437205899,0.0013740153217548636,0.002673078650520714,0.0037292543800517366,0.0046137097784182575,0.005371927406368332,0.005981658738200366,0.006647924237006289,0.007402377254764789,0.00817471426046927,0.01006652554357006,0.009773899742468275,0.009997770167822207,0.009594388544236377,0.010199813373350335
2022-06-13,-0.0006589212393346889,0.002181114276689422,0.004365006438772179,0.006057178287865795,0.007351052171674741,0.008337574541473693,0.009110846204599711,0.009838329333424038,0.01054382819463841,0.011118444764685771,0.01228562308479214,0.013146278609831913,0.013225444425231402,0.013043618143197993,0.013470743058115908
2022-06-14,-2.7304721534951166e-05,0.0023540062644643906,0.0041036222740395275,0.0054842008837328576,0.006537464105192193,0.007373360967574848,0.00798904133109834,0.008613553101405104,0.00928892159995474,0.009944102399657057,0.011435547469390139,0.011581047496593258,0.011558825023155757,0.011088523786480469,0.011617142035128283
2022-06-15,0.0019383126501363683,0.0052295355764161635,0.007437236997376135,0.008990003916858178,0.01001481970281278,0.010696701314092394,0.011133172157292117,0.01155121529121639,0.01200001788787149,0.01238312225731278,0.013163071242155242,0.013977451562559253,0.013701445527458316,0.013288752293831719,0.01384376311547623
2022-06-16,0.0011500661990618342,0.004338151688692695,0.006539834945532072,0.008139037614729531,0.009243590042157959,0.010015647262934132,0.01053932045584198,0.011050455219287467,0.01159040628931857,0.01208755186930486,0.013158429785330099,0.013495873666687527,0.013115486776942893,0.012509316395605413,0.0130200407267749
2022-06-17,-4.983051916966283e-05,0.002285879210701925,0.003985235859595625,0.005293839827058459,0.0062663411896972795,0.007044518765868464,0.007646229817408951,0.00826762100082454,0.00893726388921692,0.009600399974550654,0.011097363284206786,0.01129011202240614,0.011167766757671569,0.010696949039750558,0.011097338751980792
2022-06-20,0.001353892282629341,0.004287787397773919,0.006359373670128861,0.007906703743203746,0.009010576078504647,0.009845096059149558,0.010487471118365026,0.01113349002900925,0.011804319255233994,0.012428620149334865,0.013734492992953243,0.01450739701179931,0.014580476456022295,0.014259745014674146,0.014805998733430139
2022-06-21,0.0012662383324038037,0.004452402998245053,0.006708897766946846,0.008383528123844264,0.009551903041177912,0.010406246263432515,0.011042245373520401,0.011670906673574412,0.01232137096139512,0.012941195905936346,0.01419577875994173,0.015042644374214972,0.015073862483522214,0.014681096318747425,0.015082927493284833
2022-06-22,0.0007308298812145984,0.0035821206429815715,0.005551090634025003,0.006984736577916144,0.007985121231669442,0.008736886907211054,0.009316936992999786,0.009908998281199621,0.01053219986330238,0.011136368957607647,0.012372954114320739,0.013628070826064754,0.013932266983279378,0.013683429046811316,0.014209509717214725
2022-06-23,-0.0003115593187528799,0.0022401981061806265,0.00403577085715176,0.005359952389310993,0.006313338927475161,0.007061839625367736,0.007678038627549362,0.008297805865584306,0.008929558923565466,0.009506585224051182,0.010675288481043795,0.012307914617438406,0.01283504318735559,0.012699051331355307,0.013223079028560519
2022-06-24,0.0005201600015960668,0.002948400838929135,0.0047170492327284486,0.006057502274444239,0.007028604607384642,0.007778541554720551,0.008363957492942992,0.008975401675849478,0.009647064561554937,0.0103307119696357,0.011816015884543193,0.012807018416728039,0.01337982679166475,0.013016860152556573,0.013644301178638699
2022-06-27,0.00022489683025435673,0.002350809541969788,0.003910410707564297,0.005127458685697517,0.006043908983946295,0.0068138748130523435,0.007453714291546502,0.008162548968387758,0.008955680132615742,0.009779110122033126,0.01162943493953754,0.01215067074108003,0.012906695974205615,0.012562742528818407,0.013176037312148305
2022-06-28,0.0005437206253183841,0.002925527698818725,0.0044599762674272835,0.005505866964589865,0.00617595862164864,0.006664368224715582,0.006997738154750477,0.007391468867720154,0.007887715874191783,0.008464804515316445,0.009810123180421647,0.010280233856682926,0.010571645240150432,0.009959988187618878,0.01077849584815245
2022-06-29,-0.0005656057644861643,0.0022098215759329028,0.004137357587557667,0.005548069071140339,0.00654325262303869,0.007320629193530483,0.007944025356262896,0.008575822383701649,0.009225312702096393,0.009821370170015251,0.011042448919273667,0.012401283515459261,0.012809013825026116,0.012496246946587065,0.013374496768210252
2022-06-30,0.0011747322847138067,0.003960045177979635,0.005788733166095966,0.007066338290294776,0.007943577999730273,0.008590978750612458,0.009063838932946522,0.009590257720498922,0.010195128697113295,0.010845963766057079,0.012270191362402677,0.012969822572509669,0.01348353424585132,0.012991901203627776,0.01360919609324954
2022-07-01,0.0010409463764414792,0.003635890245746138,0.005383150793216189,0.006674558706272902,0.007663530709457245,0.008487291790697503,0.009168287580420053,0.009883879398895835,0.010648100321693492,0.011399858712022641,0.013029506324122907,0.014282778771264229,0.015197373502659886,0.01500815548928072,0.01573879754191422
2022-07-04,0.0026496134970114215,0.005622921292613147,0.007573925095496798,0.008950865100289872,0.009903662950367417,0.010580766261080296,0.011046186461731278,0.01155855553616814,0.01216010027999053,0.01279968612950174,0.014187178922040217,0.015122477984068952,0.015810295828837452,0.015426275576316411,0.016167525226370077
2022-07-05,0.0029810023372895886,0.005741679514715093,0.007527762412106122,0.00879838511169116,0.009699082752118733,0.010381480935547778,0.010872711056295723,0.01142226149023092,0.012063493615511445,0.012746585974545982,0.014272856789352183,0.015076767834263413,0.01585333976707929,0.015453889786011598,0.016153051232338813
2022-07-06,0.0011812824340143662,0.004333714831261773,0.006349965077949736,0.0077595156369497185,0.008726910505341095,0.00943180354191466,0.009912889782303343,0.01041777706299137,0.010980245424590165,0.011547308833207828,0.012765328452312154,0.013506835825576593,0.013931742182101466,0.013425190967893026,0.014095623771079785
2022-07-07,0.0035546012442683067,0.006283207925807497,0.008073481068031761,0.009333136699166331,0.010240445884640358,0.01094152028737789,0.011482428719213962,0.012098798656170393,0.012811060299790544,0.01356401374421208,0.015295596699988496,0.01574738202102761,0.01661646084952944,0.01616995591155915,0.01679732105686973
2022-07-08,0.004666687770196865,0.007131245915087686,0.008584718343964902,0.009515858587251793,0.010125274422376162,0.010571341712798353,0.010859901258578095,0.011230141344755463,0.01172871185672762,0.01233288065024281,0.013803911653815235,0.014307523663898994,0.015088122356881107,0.014643961367307366,0.01520181328446727
2022-07-11,0.006341659599855617,0.009563911758486742,0.011562615234019637,0.01286488342034741,0.013692695996143396,0.01422677248057954,0.01453937822550767,0.01490985529715092,0.015387604817926077,0.01597600959415238,0.01732635091101951,0.01757879439824585,0.01812134251606469,0.017543320341641633,0.01800689296213288
2022-07-12,0.009161350510250273,0.012867327956633094,0.015046567720788655,0.01638479809296796,0.017147524756756738,0.017551865052027986,0.017724621263781236,0.01793245410947373,0.018246477185596077,0.018642251363098442,0.01962135797028971,0.01985381402508526,0.020249580126657545,0.019442092304614116,0.020099798949099308
2022-07-13,0.012173666780246995,0.015865919590762088,0.017963854458405832,0.019155160728554776,0.019762759381099466,0.02003409748255776,0.020105830461949727,0.020238548665050704,0.0204978650243013,0.020923234229362635,0.02196740076401196,0.02252193538386429,0.02327095106612144,0.022469735389985097,0.022982546861848197
2022-07-14,0.008779382565448803,0.01119346014217545,0.012743493206056188,0.013839154108598723,0.014617317194598013,0.015248512482208331,0.01576734277889185,0.016424769062956274,0.017256359191255406,0.018209120711181265,0.020529151116198133,0.020101299264812102,0.02091642618176299,0.020138940282420442,0.02056236419376637
2022-07-15,0.010405118682830897,0.013923983300135542,0.015961384505226682,0.017145773677953134,0.017764367263196683,0.018037799882056116,0.018111250256566215,0.01822870514961128,0.018462179916161836,0.018839525754240593,0.019699478417460677,0.02085371904214759,0.021304471126809867,0.020310227789722322,0.02113726781403799
2022-07-18,0.010464174247474574,0.013506730576717502,0.015285337715609568,0.01632735694503075,0.016878095030559804,0.01712422964300897,0.017201427674638742,0.01737887312375587,0.017715594383622742,0.018269353790411537,0.01959615841887046,0.020274648326135018,0.020909200267866218,0.01984201365653848,0.020383789067418945
2022-07-19,0.008879199423974362,0.012361713557213608,0.014626788548147642,0.016178262864936087,0.01718609100113541,0.01779486512155774,0.018142041265953483,0.018559043950720902,0.019104440801036238,0.01983558510825958,0.02144853057994332,0.021592731294558208,0.022077766619550836,0.020938133818143637,0.02109011334720902
2022-07-20,0.010057733996036109,0.013674466564672662,0.015789621471982727,0.01706052079978107,0.017766533889487093,0.01810556911407413,0.018223292319253927,0.018404667601370175,0.018708666633491917,0.01919579781461316,0.02023097421025391,0.02181862171666771,0.02255985256477675,0.021757390237047085,0.02210956381222855
2022-07-21,0.008812867519960006,0.011825125202210067,0.013838422110537547,0.01522883692021494,0.01614796162686066,0.01674093346543875,0.017157392256746645,0.017667892851629115,0.01830138493672505,0.019048905657283035,0.02069136854054325,0.021345719910991212,0.022070035847668035,0.021320964870444627,0.021340237424018957
2022-07-22,0.006591148581329163,0.00840411568577099,0.00981356169627903,0.010974708463830373,0.011917802487894978,0.012738149374153102,0.013467812291696525,0.014287497743323222,0.01519775964908925,0.01617652895515046,0.018347248916260706,0.01921073325089509,0.020394132534458004,0.019829583160959605,0.01954048748954496
2022-07-25,0.005393313940458585,0.0073107539917179635,0.008793191566289126,0.009941627933729448,0.010816420425830451,0.011503205333368904,0.012089895261440955,0.01275985861648557,0.013529340582076551,0.014349586781828792,0.016170127151013982,0.01686489012346379,0.017674042676411178,0.016830097336711453,0.01684004561418937
2022-07-26,0.006275398555796695,0.008962498994417494,0.010792713398478461,0.012056125108773352,0.012877219935028742,0.01337952505766742,0.013677115885105857,0.014038819487248073,0.01451771579833431,0.015097002429724503,0.016385304131392782,0.01690358370559316,0.01738484650654254,0.016320326347177342,0.016123681359078573
2022-07-27,0.007031355542801994,0.009936744999331672,0.011909665305382663,0.013302232475839913,0.01426543523642944,0.014928833162333843,0.015395905564543084,0.015908632219038224,0.01650471965654943,0.017165994101090664,0.01860084213872959,0.019744753127013803,0.020614628789079475,0.019755113833958737,0.019486470368879162
2022-07-28,0.007391453081581111,0.010226221505028145,0.012214035994472834,0.013657902287229915,0.014682799381127857,0.015418684890530526,0.015969876232585972,0.016616010635993918,0.017382823818837254,0.01822479612265604,0.020116152058652977,0.02018159044237802,0.02099952307549686,0.019969342597021426,0.01977755140540966
2022-07-29,0.006851405896439267,0.009936204680103145,0.012062067976393535,0.013582092721019384,0.014652401134376195,0.015404450740058934,0.015957586855948284,0.016562679883325687,0.017262223829672546,0.018031647868400953,0.019689660409068853,0.020211387669188445,0.020977175706104686,0.02013610402645274,0.01991233507412434
2022-08-01,0.006049977004227958,0.009311102042034865,0.011544946646933778,0.013167352308667425,0.01427079893922773,0.015001991343868013,0.015509415194227988,0.01608816618729912,0.016794635064818837,0.01754578432036245,0.018219016559022628,0.01936646391133486,0.019478991190930113,0.019379849878535686,0.019189887471639914
2022-08-02,0.007028042857367603,0.01039895459302967,0.012567051924952107,0.01401965658143298,0.014944105509933329,0.015484964605234812,0.015801206485493685,0.016124258245686706,0.016538090359735108,0.017019021688127793,0.0175441453960362,0.01918881954978411,0.0193903257688644,0.01925393069735898,0.018978562085856094
2022-08-03,0.004924304164078847,0.00807850180610846,0.010278825837702257,0.011849194895558197,0.012945054660881096,0.013693273599972688,0.014252121494689476,0.014801169613432603,0.015405690283847284,0.016000089324575622,0.016836921770342392,0.018105094040426865,0.01824538665147223,0.01809142086788418,0.018223076201259927
2022-08-04,0.006369485847534443,0.009506814001849655,0.011646574831841129,0.013155133653076018,0.014165995423976632,0.01480035919859694,0.015217465719264887,0.015649299543244666,0.01618402336924424,0.01677820498519672,0.01746473470107637,0.019001559678316078,0.019288167926864178,0.019178042885072986,0.01902239482422553
2022-08-05,0.005660532955107628,0.00859882070863078,0.010646515590806344,0.012180982335706466,0.013266747332895,0.014016107059939959,0.01452473983380749,0.015039376645281492,0.015653537083547785,0.016317239866112967,0.01734809227262976,0.018281848328591765,0.01839863165554314,0.018254862511399,0.01843715756946823
2022-08-08,0.007324925733699276,0.010650091505762571,0.012827233547727647,0.014336982800743223,0.015335101636011653,0.01594976874718418,0.016309338917245446,0.016657249009240194,0.01710088656155711,0.01762606884653485,0.01836523325900456,0.019726935197905096,0.01976346317937136,0.01952471710116845,0.019281076691587445
2022-08-09,0.0038316142598210532,0.006650950213048166,0.008662181246552644,0.01020087490224188,0.011326005543669361,0.012116938559305394,0.012667248011584014,0.013197413544203493,0.013784212011648492,0.014354947491924978,0.015045435663133728,0.01667195422012721,0.0165921087428558,0.016509763325833482,0.016454469567152265
2022-08-10,0.004151882387652219,0.006309324710202294,0.007871334721216946,0.009083982195191293,0.010012430622015914,0.010692247512258241,0.01118502711945029,0.011723259549733144,0.012373828972649024,0.013083618919903488,0.014181365588764327,0.015464605534421954,0.015719026100799286,0.01562807363131983,0.015549975217837329
2022-08-11,0.0028733192395144153,0.004565566298237683,0.005738091089017671,0.006652244631112589,0.007332406525753477,0.007815759148499924,0.008106552623898627,0.008425992157022014,0.008842178292795006,0.009333791845941106,0.010041008190679282,0.011651103872569624,0.011637827828246575,0.011591512158786385,0.011279235013756012
2022-08-12,0.005177743300982579,0.007462279777818264,0.00907957796115439,0.010339039513076787,0.01129460506906074,0.011994546408991183,0.012503522375559047,0.012993235717078772,0.013528475773247495,0.014081958735176332,0.014936958523838334,0.016721484102209146,0.016822081837459302,0.01679518017068388,0.016724911291163
2022-08-15,0.005251702977144267,0.007403752840449636,0.00879918649182808,0.009834516720142353,0.010586049955993111,0.01110426328109079,0.011444143713673253,0.011786533852575849,0.012209794391439804,0.012691357950592478,0.013377158390345562,0.015630725161162682,0.01596537389588996,0.016144999809633114,0.016163796997378223
2022-08-16,0.005362119118278752,0.00844820987381838,0.010527741471232227,0.0120203473643756,0.013037929885419224,0.013650669967184292,0.01399914728895664,0.014297697729851455,0.014638694641509471,0.015001263806390393,0.015344219910178024,0.017292208364443923,0.017112105171659415,0.01713730656693446,0.017107356379653327
2022-08-17,0.0049103136802212104,0.007874411696508096,0.009857325703729602,0.011279934378882556,0.012240417073076066,0.012807732595536282,0.013103330698239803,0.01335608266346881,0.013661071273818624,0.014025397118276033,0.014425321390282035,0.016000955990046337,0.015700330525351823,0.015594238602027442,0.015487258480887629
2022-08-18,0.00569830390486354,0.007249919780371435,0.008310133590160609,0.009118853970919388,0.009703385646524842,0.010061197842119294,0.010198876896906385,0.010386758065171163,0.010719361678098461,0.011258048059369571,0.012468662902124342,0.013118925516172586,0.012958022308670322,0.012579795778661342,0.012196150105561144
2022-08-19,0.006770497424719793,0.008880892544876454,0.010279021247854713,0.011313857593861443,0.012022094034849655,0.012398996605374349,0.01251526625228501,0.012586430760121354,0.012736321206980972,0.013034624425559268,0.0138708128997386,0.015495370762171798,0.015228736789302881,0.014957401919906242,0.014790835683413373
2022-08-22,0.006449147826847135,0.007732239213351032,0.008627955614450657,0.009335980033131023,0.00989514140761613,0.01025560148958752,0.010432930887727437,0.010587598134328833,0.010818145989630778,0.011212604318537888,0.012166238111458009,0.014137566265422896,0.014370874310102331,0.014430081040685225,0.014199047445808733
2022-08-23,0.003988063949076786,0.006480586117886666,0.008463045529024802,0.010081858308882061,0.011294186843600784,0.012108824271371315,0.012645491752515087,0.013112641058424246,0.013621779721237362,0.01416925753963,0.015476870042118089,0.015853415540778473,0.015353758239822091,0.014898052375010691,0.01478074002305656
2022-08-24,0.0028756746747558718,0.003975838520859002,0.004910251405934062,0.0057461621744174535,0.006454821665891125,0.006993576807891924,0.007371317762635295,0.007750172178817401,0.008224079410921327,0.008826237019836229,0.010208233863008453,0.011046863637272475,0.011003849649092314,0.010839451957794352,0.010374642740613157
2022-08-25,0.0025893054118741087,0.0032960792028394886,0.0040423557805789245,0.0048353596376343125,0.005610204565011758,0.006290156430483748,0.00685024337545964,0.0074242546076692595,0.008084455165996287,0.00883834828810473,0.010600125219289856,0.01132015088882491,0.011399446708967326,0.01139125560972528,0.010866545355977053
2022-08-26,0.002736115693791686,0.0036045291806004933,0.0043710535039523934,0.005110988635086555,0.005813679253832548,0.006427799683609228,0.006965720176347401,0.0074713628135051925,0.008008691040083296,0.008558135141710565,0.009672255662739368,0.011833979326252365,0.012231768099481047,0.012571769137392722,0.012544688315775073
2022-08-29,0.0019919971306617892,0.003281833465152508,0.0042033391900407335,0.004960781559771066,0.0055712679144717305,0.006010454916803378,0.006299927517067482,0.006551939679500887,0.006845307851347495,0.007162579947264878,0.007556938173292801,0.009514289110913064,0.009375662366084177,0.009494190311163605,0.009607861336325199
2022-08-30,-0.0009186572792630493,-0.0004995405491056719,-1.4051394139084385e-05,0.0006022894615888058,0.0012078002036158175,0.0017545346950962142,0.0021904030867191853,0.0026129293566180085,0.00312820675079134,0.003672070083841808,0.004234845626926451,0.006085164646888574,0.00607641384152967,0.006412552116209468,0.006663858213892853
2022-08-31,0.0013391619270449447,0.0021588644993967496,0.0029888851902417483,0.003917853085932451,0.004761054607986698,0.00546785186213624,0.005994751912605958,0.006492277302410399,0.0071225057935091485,0.007821272149977743,0.008737769252298997,0.009688356369339242,0.009472628383744627,0.009459322202518248,0.009392037659426842
2022-09-01,-0.000255493481692245,-0.0005294204443764342,-0.0004231119297706818,2.735794476277321e-05,0.0006304192296983438,0.0012938044150551309,0.0019010789786931567,0.0025430828532517083,0.0033341308412517577,0.004170742522847648,0.005241715749512882,0.006652102119816492,0.00688976033595705,0.007284918697128152,0.007334279674726979
2022-09-02,0.0012329048263795416,0.001146527025754095,0.0013869780907618259,0.001940929446013854,0.0026326026063033144,0.003373411959435514,0.004069780155150217,0.004798357077229025,0.00567445241821598,0.006611460072210405,0.008030842868929921,0.009421712510922619,0.009867972331920327,0.010291238288552142,0.01020559045862638
2022-09-05,0.005308459569434569,0.005594040117244314,0.005981609690589551,0.006573259920905246,0.007175794265578609,0.007697002260631339,0.008076037556412204,0.008486185419252713,0.009113428424489242,0.009914948080297619,0.011232114834893354,0.01221919816376496,0.01240901981641028,0.012470605664479717,0.0123051271701734
2022-09-06,0.00493545633495453,0.005584211235144724,0.006029260227458211,0.006533125174236721,0.006973690799899798,0.0072959842017790676,0.007479006447509938,0.007669328728490556,0.008021903743774676,0.008487507106053071,0.00883823268779875,0.011161412209179055,0.011461336189884333,0.011910989936774292,0.012174610615199718
2022-09-07,0.005980030341036172,0.006386137394384832,0.006834609631095298,0.007469413257568953,0.00811017170611378,0.00866670412854168,0.009102885194046152,0.009587895601808526,0.010267408554364102,0.011076958863351388,0.012273993499006344,0.01377543773804068,0.014181491912925254,0.014440198405100885,0.014504944189027626
2022-09-08,0.004393843414776037,0.004871964629863843,0.005412086208636448,0.00617228312850471,0.006951437885682022,0.007653718560718221,0.008233869208207421,0.008855574953511327,0.009657612522071288,0.010550190956158662,0.011764043302534267,0.013420323082142246,0.01389263353483882,0.01429126451239049,0.014437240273306857
2022-09-09,0.0027823469961048156,0.0034666522133317288,0.003983796490440988,0.0045507899837440476,0.005068601695671746,0.005501266105002079,0.005814732725064448,0.00614987782577311,0.006666663613170096,0.007292667545493906,0.007928216784048887,0.00948991332244726,0.009503155153987138,0.009734007399530452,0.009756457346166368
2022-09-12,0.004699809285227299,0.005039819341963825,0.005301083045207638,0.005667607882392002,0.006055015921632423,0.006440198169666523,0.006757674271094233,0.00711902045087575,0.00767981109096609,0.008208383166697624,0.00946303274956178,0.010788535396241505,0.011036434431533682,0.011151384063566683,0.011294841699757151
2022-09-13,0.0031044385381538567,0.0034993116144290083,0.003850325414661064,0.004279655393723383,0.004677726927897231,0.0050340659052384665,0.005314311014046308,0.005641894363068975,0.006172104964316017,0.006695072329176426,0.007899403734943777,0.009031293303477511,0.009103170067811783,0.009179616285049095,0.009237912659054713
2022-09-14,0.003611625595354565,0.005021930200525363,0.006023128028883438,0.006887838316895529,0.007529465387310906,0.008027227758880692,0.008411656150684305,0.008823371396730631,0.009411751233788377,0.009904224720847453,0.010968764638576226,0.012010234106614073,0.011934644159693579,0.011971408099788345,0.012163041686024115
2022-09-15,0.005236294640575593,0.006931573475333923,0.0081887849072447,0.009287332180897941,0.010110394435770682,0.01072288132946143,0.011177992708214183,0.01164754664976686,0.01230632478300337,0.01288172768151233,0.014020443095623964,0.015007581369307632,0.014900706248649712,0.014952134647032995,0.015178969933776314
2022-09-16,0.0038950793115884604,0.004935761279560916,0.0057951223784368285,0.006656911723225004,0.007349482746394065,0.007942857313435544,0.008476978514413749,0.009046120837805972,0.009801361980870747,0.01043870941313056,0.011709248633463183,0.012999985093038081,0.013149706083918177,0.013384541730570293,0.013599479663224213
2022-09-19,0.004749763628886695,0.0061340063499025895,0.007175045612674241,0.008079475160678019,0.008705073676580752,0.009114504659591599,0.009387385800577018,0.009704677487817847,0.010237341972238228,0.010691947984074723,0.011622509377308961,0.012393392702979133,0.012070478268413431,0.011967378627185832,0.012135338164153341
2022-09-20,0.0014125850273077074,0.0021598776328186683,0.002920995274940094,0.003764551291133178,0.0044740212387877325,0.005091116673477759,0.005645190194767729,0.006259194133580202,0.0070689920568808885,0.007715822645734915,0.008807321343827076,0.00992137550345527,0.009829865592861486,0.010048101645238236,0.010259347238990389
2022-09-21,0.002474882512244465,0.0034813721050342156,0.004355128115464325,0.005198500006457392,0.005857740557226057,0.006360774115165047,0.006793396751159949,0.007277442161819405,0.007940047166317316,0.008421998119803781,0.009263689998506375,0.01043482437409277,0.0101635688954001,0.01033128606010967,0.010564045862719472
2022-09-22,0.0012558754563029833,0.00167985053859236,0.0022706722069940014,0.0030186446202848122,0.0037346701997033275,0.004413598020543067,0.0050812745050465395,0.005807778078716873,0.006702737564365634,0.007388364621297485,0.008551267913127741,0.009993443938576183,0.009984241564629633,0.010363924342304901,0.010626352537049633
2022-09-23,0.0029002105719301233,0.003369918906942781,0.003884756294176483,0.00450219815544272,0.0050694365936538935,0.005587426374390943,0.006099506597960411,0.0066759359210821385,0.007443799283304953,0.008034557045994638,0.009201177030832421,0.010832550965565055,0.010987355743724385,0.011288206997629321,0.011488404314663124
2022-09-26,0.003960004641990308,0.004799962472276494,0.005532583559238406,0.006261622632857528,0.006847312256752553,0.007325594407479607,0.007751378367562952,0.008242277272959963,0.0089273259266539,0.009530345020948275,0.010750280050899551,0.011543201588236449,0.011238568068652244,0.01115192528411494,0.011214710065709866
2022-09-27,0.007164834235564885,0.007792670581678478,0.008310780025226762,0.008886472863186378,0.009392060207483975,0.009831921245968097,0.010245664795217381,0.010745575525584706,0.011479560589880452,0.012119873529779815,0.013544187446317366,0.01438260369859494,0.014210754183496176,0.014053427173893686,0.014014607470604911
2022-09-28,0.00761557836303801,0.009035655267620277,0.009917652749267774,0.010637689409318479,0.011126366564030784,0.011449346649377998,0.011689706019393842,0.011980443059342972,0.01249065570622299,0.012919041482591547,0.013811059536257869,0.015275354913234899,0.015051633182836458,0.014995872376155815,0.015193877350259583
2022-09-29,0.008062534401162854,0.01035842128246945,0.01168369977844478,0.012613206430920534,0.0131542741219423,0.013444475992787048,0.013630754751557813,0.013857911934110187,0.014298292712032413,0.014636527615798398,0.0153244750222211,0.016921277603347336,0.01671137715789861,0.016694822849345533,0.017000707313121928
2022-09-30,0.007029775654122919,0.010069563075164552,0.01177780484047367,0.012937228057207352,0.013615669311534243,0.013991497284008855,0.014219720386419226,0.014439195729002485,0.014820238072682592,0.014994879076023824,0.015226764052706352,0.01711118280967175,0.016713607444107326,0.016780766109679927,0.01735585682210578
2022-10-03,0.00482199264032613,0.006437209862061694,0.007441298937954706,0.008315060674831051,0.008983340202737085,0.009530777380736237,0.00999817246619211,0.010530055524085763,0.011278540434605756,0.011874899121081781,0.013108552631210815,0.014274259520006638,0.01414882919691257,0.014205491670584424,0.014395057143295554
2022-10-04,0.005292215702135797,0.007961154770911152,0.009617918252438733,0.010863622272559811,0.011692590920200767,0.012189668844184745,0.012499412295036486,0.012820623792947844,0.013326646518423387,0.013677713182212952,0.01433703355445612,0.015898078862045008,0.015583093026407523,0.01562551952716201,0.016063302619473578
2022-10-05,0.003919318310657705,0.006483210819137251,0.008200588481660531,0.009563363004190615,0.010528831838430156,0.011162104237202724,0.01160173242483262,0.012048807687558215,0.012651322138586633,0.013041433980180662,0.013693498264034928,0.014830330196750924,0.0142065220630078,0.014085543279614048,0.014487432628537142
2022-10-06,0.004740909643167875,0.007017361723439685,0.00856700604774964,0.009804196546957031,0.010665385727703907,0.01120884992833539,0.01156249692193272,0.011919427155405813,0.012428634452004823,0.012745961902223163,0.013303265462765272,0.01431048788546299,0.013578513870096532,0.013277810445225769,0.013751776054062073
2022-10-07,0.007573386202865363,0.009418259274194263,0.010777262556543207,0.011960618599204933,0.01283029620213044,0.013365136600545537,0.013685620313217734,0.014042944533907642,0.014637655014466316,0.015097879020506346,0.015890302517792214,0.016694666060063153,0.015896055956345058,0.015469686883369234,0.01591360860779137
2022-10-10,0.007388029155626662,0.008387540677534758,0.009162963525405469,0.009940925058445864,0.010580373862976784,0.011070039705940959,0.011465579303383502,0.011923703353351914,0.01258967144409206,0.013087480410511027,0.01406124562363405,0.015313533872070866,0.014869641486668746,0.01472882586649427,0.015122705173028744
2022-10-11,0.010618253317817202,0.011523797989055092,0.012184635767826378,0.012824789662389513,0.013308138521965801,0.01363538283756955,0.013825922347303898,0.014072918986753134,0.014543902086666415,0.01498349191056508,0.01611861109974797,0.016522862621584932,0.015659345863075904,0.015000889868822233,0.015239186513657797
2022-10-12,0.009944357905011955,0.010509843149213011,0.011053083739905782,0.01172811932135212,0.012335554543984868,0.012844409060868209,0.013260410940937184,0.01373266484182757,0.014427326834707014,0.015069359446283568,0.016491269951051817,0.01712866353721289,0.01639478907941898,0.01600271264368612,0.016255833027213853
2022-10-13,0.009624615469955498,0.011635924101740379,0.013131044378306863,0.014454226419539962,0.015450425458670541,0.016181197098119264,0.016745894904049586,0.017316016938792186,0.01804901958801123,0.018663460990808636,0.019993217367311158,0.020351868148789296,0.0191477227218467,0.01865269782169307,0.018975549805599345
2022-10-14,0.011244481986072903,0.01219124498005527,0.01258158042994833,0.012846276589713672,0.012930611639419241,0.012907320396058247,0.012783736756400326,0.012738303255174164,0.012944592447649814,0.0132269882869002,0.013999904395616413,0.014465457991468748,0.013097180802838188,0.01247829604704302,0.012799187455357372
2022-10-17,0.011350202993793742,0.011689162536607673,0.011891012678237965,0.012147999166969587,0.012316419024686845,0.012404037128972414,0.012427712451604907,0.012558572502946078,0.012969765982703961,0.013461127803206836,0.01463475135164189,0.014774488917839236,0.013362964341317538,0.012687046361620286,0.012900436086984959
2022-10-18,0.016654168002459356,0.017508490283840168,0.018013672649358055,0.018426283049573902,0.018641941578209142,0.018652188163256863,0.01853386013997524,0.018468625016795158,0.018654017889378635,0.018951531267529104,0.019841175105583364,0.020624850543280115,0.019303823468404067,0.01866528849225533,0.01904634298564344
2022-10-19,0.015663757790249377,0.016275524744137914,0.016782052091248275,0.017306775653986403,0.017701194445747866,0.017926754325195558,0.01802486357949702,0.01820871401973795,0.01864311169532612,0.019191403175421666,0.02053795440139204,0.02053559180065894,0.019092932681970577,0.018276913244318835,0.018479708140247277
2022-10-20,0.014833406092978344,0.015088195530825915,0.015289230734816889,0.015548990230761032,0.0157397949251677,0.01581071916980994,0.015788614247597334,0.015839108480735335,0.01612374816785189,0.016519698134227268,0.017437354659580392,0.018203381307803048,0.0169900467362208,0.016465215499470803,0.016856700772768716
2022-10-21,0.01908689509162991,0.018872929910819725,0.018720957096262054,0.018714601247676488,0.0187283484825324,0.018613256025677552,0.018396631459032524,0.01825925139229101,0.018388513624464767,0.018709899338258024,0.01959159368293239,0.02090987432041125,0.019952338403788593,0.01945107902102211,0.01985074409008335
2022-10-24,0.01865582888129381,0.018484661419661666,0.0184641692383741,0.01857389675964699,0.018625857963170553,0.018475892673930863,0.01817407002344013,0.01799376809677755,0.018119503594331704,0.01842984405473393,0.01935397312280198,0.018891790247840247,0.017028438144773998,0.015738499815050627,0.015839056852632497
2022-10-25,0.028308833040941294,0.028592486403255696,0.02883899657759695,0.02909738435524905,0.029162416077311945,0.028829784580132366,0.02819878102730917,0.027666810038764412,0.027501115432100716,0.027740674381633336,0.02894284459249377,0.027495458876294607,0.0251636329990866,0.02308024669682743,0.02282571244281724
2022-10-26,0.021807826299595465,0.021379793734676356,0.021374500920960687,0.021649027204046992,0.021954930712596146,0.022042543973610152,0.02195420987661077,0.02196275353618693,0.022256170106497712,0.022715954385977177,0.02394708188617027,0.02401440113971067,0.022611981566952915,0.021518854268697853,0.021451232670503445
2022-10-27,0.020583635737278276,0.02096572714965374,0.02163979591198907,0.02248194833731167,0.02323955751398512,0.023721745769478508,0.024008059486622744,0.024322698119880536,0.02481108966384157,0.02531538235070364,0.026640851069402074,0.02683800297568235,0.025685493422627763,0.024574931778320912,0.02452070070665439
2022-10-28,0.017901543186822293,0.018072673029459085,0.018600590244359956,0.019320777780773405,0.02000300102939109,0.02049034725146426,0.020820125964010464,0.021184313594986945,0.021685645216972027,0.02218852029411159,0.023523949690603792,0.02337527727891448,0.022262817849662015,0.021054483743941164,0.02088780325995168
2022-10-31,0.018059680835061383,0.018984877480675212,0.019947969031276533,0.020891810053242088,0.021710579146591753,0.022256509849227793,0.022624351286450746,0.022990261744949444,0.02344699773401438,0.02389534436472306,0.024939430242514236,0.025683823934135815,0.025068965009042703,0.024072929478633487,0.024089973367548177
2022-11-01,0.015951965659138898,0.015787573156750924,0.016001785748965824,0.016413612578771386,0.016890106524204727,0.017230781743980607,0.017431440183316348,0.017656842507402837,0.017993778092824052,0.0184044044024677,0.019513359216936168,0.019878099336384975,0.01909373226631878,0.01810977198515381,0.017889297630422473
2022-11-02,0.01719241056194925,0.01593977851587574,0.015656581161439954,0.0159235654185214,0.016467286418745578,0.016974180080379486,0.017369576914825133,0.01785939211850433,0.018544660750734056,0.019339496430714472,0.021257653706817373,0.021241315517586106,0.020637362605707827,0.019568561298649496,0.01916636323131684
2022-11-03,0.016586710663943415,0.014838973764137174,0.014133703273933285,0.014050629930283049,0.014322497004128434,0.014650664014046346,0.014913300083878797,0.01528425204222505,0.015849878717664457,0.016524109970673433,0.018234518826893382,0.018341384300926147,0.017665559973943444,0.01657364727497932,0.016212730179433633
2022-11-04,0.02272192673407016,0.02230075495250826,0.02227008009340846,0.02248309208383087,0.02276261638403531,0.02286664783620164,0.022787800161694356,0.02279989282660138,0.02304810295344842,0.02351630363975648,0.02489701945297316,0.02447973908215452,0.0232976899857217,0.021619466183973018,0.021263385379936058
2022-11-07,0.021179705828161654,0.02167774801175609,0.02260790780751151,0.023726207951640318,0.024840280631741915,0.025664874677001834,0.026301104544553065,0.026932874773395562,0.02765924698550019,0.028323598086563356,0.029913506437302326,0.030430223022640725,0.029805077535841936,0.028563193918615122,0.02854495536778453
2022-11-08,0.020530333086171717,0.019709549193245867,0.019683977650468386,0.020033123055780477,0.02059145258722888,0.02104200420521709,0.02136292765405629,0.021782899743034254,0.022389721798491236,0.02308728645638368,0.024759648350791683,0.024910059957357317,0.024159315241996226,0.022651992583317987,0.02216591255242122
2022-11-09,0.018331626955067865,0.01847301652179461,0.019046042432482816,0.01979325881145228,0.02062162399795421,0.021283076790335732,0.021794456757929036,0.022323711257044423,0.022922407516991747,0.023476173162710823,0.024785933772255235,0.025688596107968975,0.02522569228348701,0.023905934276005375,0.023274653899588625
2022-11-10,0.021089754800036963,0.020742062473896553,0.021148308701781318,0.0218972352845873,0.02279862852425487,0.023559453686055835,0.02416563279430958,0.024853237076627923,0.02568373166445475,0.026501680503406427,0.02848345118007262,0.02858482850213494,0.028036165583440437,0.02617276157506622,0.025045135387623846
2022-11-11,0.02009388541464667,0.019794232291428532,0.02006011184094638,0.02057318000035084,0.021231318809478757,0.021784785917754495,0.022206916379798287,0.02271262049988349,0.023360335686630446,0.024043362970748598,0.025597126432037196,0.026448052846966018,0.026287637935983835,0.024705625743396742,0.023761570812916143
2022-11-14,0.018202224047929226,0.017312068907260544,0.017353659585941292,0.017888220321888033,0.01872873107867529,0.019610558759492046,0.020430862347882738,0.021327541774628443,0.02234582184874238,0.023351806170756106,0.025566984418931744,0.02678622215973795,0.027161922658107823,0.02596552366567054,0.024875208099294006
2022-11-15,0.019319603666358112,0.018337765358506515,0.01819862636697712,0.018524813628554473,0.019151538283140195,0.01980207494595864,0.020394230486238195,0.021092866730521048,0.021972750869151216,0.022882358850115556,0.024867216316582407,0.026099458371715394,0.02655679109574568,0.02529360826566765,0.024272003950764155
2022-11-16,0.021266351180777323,0.020677928467221232,0.020570572151236997,0.0207016826105713,0.020995365513090336,0.021225539637394014,0.021349462980011263,0.021589730389500888,0.022046715934579186,0.022660887046672025,0.024151342796207436,0.02483232695015082,0.02483452346585738,0.023280945010394072,0.022291810371556017
2022-11-17,0.02089416648621077,0.020568373871132195,0.02060492390873405,0.020846795749578314,0.02118676063133764,0.021405978599462257,0.021510965963442943,0.021730921190091592,0.022193048283104623,0.022783713765067264,0.02412050898322894,0.02491169171284588,0.02472097174630137,0.0230135150636623,0.022022390301242596
2022-11-18,0.021952493286710374,0.02241711257487071,0.022907445288923113,0.023394382530594955,0.023818417763666305,0.024046145355650222,0.024149525894632925,0.024353098968271463,0.02477266776681202,0.02529132338480815,0.02643835249625854,0.02741745799477869,0.027237049795364194,0.025410336186020004,0.024502397633461466
2022-11-21,0.017587503382794897,0.01765275265248853,0.01813257916783413,0.018822682588098813,0.019585260758095465,0.020286985793579095,0.02094177054558135,0.02167377208344803,0.02253294140934596,0.02332702223995339,0.024928499706563433,0.026151386465105307,0.026424779567615055,0.025047479194270104,0.02405509719920653
2022-11-22,0.02232832512357084,0.02217919838936891,0.022469091174159357,0.022996109643993883,0.023601840506540288,0.024088465342885692,0.024459895056774088,0.02493290059997074,0.025627535021725552,0.026408559038309576,0.02815332928023665,0.028704223164244477,0.02870439292183223,0.02692100736086128,0.025830942173240008
2022-11-23,0.018632036342213835,0.018458695758881923,0.018496813307910642,0.01866971115060262,0.018918289710654436,0.01915906302135278,0.019392366077835926,0.019713051229755557,0.020195433073629157,0.020712345461852452,0.021804161547416073,0.023294549362692395,0.023525775425466515,0.02213942024414649,0.021367101205747294
2022-11-24,0.01851939874021866,0.01723943357421532,0.016639688687096782,0.016430085452008816,0.01651141823580042,0.016703500800570495,0.016932187601290716,0.017278154126360593,0.01780864923379114,0.018461958279046353,0.019909790795616254,0.021396100881593244,0.021836715918850738,0.020614684107229116,0.01966118062462809
2022-11-25,0.01755137205763897,0.016769770413177783,0.01666450527130697,0.016888152084788572,0.017347562100360703,0.01784344979184475,0.018341391681852146,0.018896766634622357,0.019548255979135228,0.020210054896082748,0.02167771346382552,0.023186673649143733,0.023601583807278923,0.022546014748763006,0.021634645101757517
2022-11-28,0.02074819434827606,0.020320991810732866,0.020433649434477702,0.020781128594548524,0.02123209442716931,0.021575074383389542,0.021843095458040092,0.022177403644226146,0.022669932543633284,0.023256640725405918,0.02462011143985727,0.025522753566192425,0.025483711860941755,0.024073146623514362,0.02308008066468416
2022-11-29,0.021416502405640796,0.02053496299649743,0.020153717583129033,0.019987114993182144,0.019999996143986773,0.01997256510994109,0.01992962275271229,0.019996646878898905,0.020260028164180672,0.020653762582403264,0.02159760058287044,0.02268369677513762,0.02264183414619438,0.021364165750170732,0.020530167818933107
2022-11-30,0.018991358342326292,0.01807523646518601,0.017736514913198734,0.017651586541515274,0.0177763636076837,0.017921663729411744,0.017985549698267836,0.018109925861363962,0.01832708902287293,0.018735024518139454,0.01978358398461385,0.020062317246572637,0.019674105712291667,0.018240168472499287,0.01753653284446217
2022-12-01,0.019531295512496966,0.018222619757224542,0.01762314067097806,0.017365555293830073,0.017370912133074637,0.0174257329478509,0.01742865563046199,0.017542033841438882,0.017804155492273748,0.018251287950151917,0.019325851776822656,0.019538642147834115,0.019070680785009037,0.01761239763576414,0.016840599701055458
2022-12-02,0.015422758491115279,0.014880472087403347,0.01484790097824302,0.015066366668702987,0.015468588962783992,0.015938537706426434,0.01641747784310306,0.016957091958465426,0.017540759726952057,0.01801672502558583,0.018875485173319356,0.020140744270926908,0.020062504724711307,0.01934101733194401,0.018828354267632803
2022-12-05,0.018834137266730736,0.018053656847110553,0.017676086232019383,0.017513678509735734,0.01754904504297932,0.01765926902787155,0.017762347189775204,0.01793821279704493,0.018199179819545525,0.018495942516314964,0.019130828486250414,0.020272447948985726,0.020016715222894787,0.019184005142016774,0.018687742520219937
2022-12-06,0.021507398020862767,0.02148528270946823,0.021655029735195716,0.021918333416656794,0.02222147077950776,0.022474033239316307,0.022643198968910823,0.02286616404770494,0.0231955598996421,0.023566068187785633,0.02442358581615979,0.02473910130620896,0.024020515421056352,0.02279497607264808,0.022135169279649376
2022-12-07,0.022851160980163793,0.022242793009350226,0.021896282324808895,0.02170472431219426,0.021656285741201074,0.021639651925232352,0.021587356957361793,0.02162102171495062,0.021789173886969982,0.022083056764807603,0.02283707181061247,0.02349304637261746,0.022970439113695614,0.0218251438057277,0.021264710568220636
2022-12-08,0.022622140060416414,0.02175382501083657,0.021324126905163904,0.021134641502197172,0.021169317247892987,0.021272385634938662,0.02134549464655999,0.02147426767327254,0.021704555148699935,0.022078835118750872,0.02308299123813915,0.023760408703297296,0.023283488947093586,0.02213887216203913,0.0215374614085526
2022-12-09,0.02344655640795998,0.02222154476259054,0.021673174253115407,0.021474177041710153,0.021547301850182148,0.021647823386532025,0.02170240734969923,0.021804503351508332,0.022046794563266477,0.022466279771241875,0.023660997424944936,0.024540867770796775,0.024204311290109404,0.023005825861614822,0.022535710482942707
2022-12-12,0.02476151396256444,0.024167438623738692,0.023837587075758917,0.023643627349190788,0.023603430604259203,0.02355550073030045,0.023441532634800703,0.02338408901429968,0.023466149466877074,0.02376341107076587,0.024665973129471636,0.02541397887094709,0.02476822086335405,0.02340179975163587,0.022900081570240847
2022-12-13,0.023055692099776693,0.0215190616057194,0.02077722481036944,0.020440487898553166,0.020486890401834337,0.020614159517248376,0.02070477996238199,0.020859420180400302,0.021134599604546625,0.021598840928815442,0.022752096798891966,0.023841136856696716,0.023487224546923494,0.02236605708349631,0.02184059374208764
2022-12-14,0.021962615179224255,0.021012691425542084,0.02053800309186222,0.020317633691240802,0.020375526945693483,0.020518798430171736,0.020639930073857258,0.02079679150109632,0.021031348504122593,0.021428673161688123,0.022432804046749896,0.02396959818928952,0.023791079411948107,0.022825672018563108,0.022454260885927394
2022-12-15,0.02590238535738262,0.025259593326935916,0.024897907260703185,0.024677925217495907,0.024603635815221514,0.024521166014785836,0.024343924886903713,0.02422810625685661,0.024275717178103014,0.024637547113269164,0.025760512817026477,0.025751675565314446,0.02471533039109959,0.02292618043946021,0.022293236132848997
2022-12-16,0.022855378647135022,0.022040911618795844,0.021565323438541315,0.021302529134244484,0.021268933417073324,0.02132887481050966,0.021371147543727882,0.02147362444286776,0.021682339033864115,0.022069801453646176,0.023132036619174432,0.023941350414932328,0.023462208836412098,0.022139053257293477,0.021749099447795774
2022-12-19,0.021685216324642452,0.022349469416975656,0.02280115050226128,0.023119785576458017,0.023396979507865834,0.023586139178656877,0.02369489607091829,0.023817875540201944,0.02399813476904703,0.024265793658445917,0.02489218105432562,0.025834020838399176,0.02526870286215209,0.023973472953180665,0.02373645314528279
2022-12-20,0.023310457366745245,0.023477967802059484,0.023334129999887744,0.023049436777705663,0.02273492943006033,0.022371373424310743,0.021936232640429872,0.0215709514986868,0.021346426322970645,0.021368040452698477,0.021679688188021573,0.022179901314315978,0.02130053750639376,0.019722840045157848,0.019502670579311758
2022-12-21,0.02570132178606355,0.026660572578816703,0.027105360402138255,0.02729131042311493,0.027306696352954407,0.027168077441118696,0.02691795213415983,0.026718555996149293,0.026657437801138897,0.026772768990021213,0.027322335305922874,0.02757868678887915,0.026595506639968524,0.02483042167041684,0.024436634508857455
2022-12-22,0.023938550556630973,0.023575657332993886,0.023174380414143624,0.022818247287579783,0.022510049938965195,0.022204926728258752,0.02183961405715274,0.021558389626616443,0.021449051258996484,0.02165551081615643,0.02250962849527681,0.022488282581503816,0.02158280597331503,0.019828268282751638,0.01928263646524595
2022-12-23,0.022462267267012916,0.021775165427894955,0.02125154274512626,0.020888336140088226,0.020668993920368882,0.020527573004338197,0.02037492729141704,0.020319969525752567,0.020428739064797655,0.02077044532233781,0.021805116515104465,0.02188085847344914,0.02113431489312323,0.01950232320521539,0.01895918808321184
2022-12-26,0.020962556211600834,0.02038826971507038,0.01993017952728073,0.019589551172428363,0.019374173482291073,0.019245605748892284,0.019146702574030703,0.019124359412842563,0.01922400705101733,0.01948019260258685,0.020256748822734615,0.020563445023402224,0.01990917115224582,0.018398187218260843,0.017966588320000382
2022-12-27,0.02154089252073047,0.02201941818316944,0.022127628199061875,0.02206459192201783,0.021925392259757343,0.021745748816803984,0.02153986596266397,0.021387324881605607,0.021341217114321884,0.021400272255549364,0.021697578820250005,0.021825896607941528,0.020813441077058303,0.019112774450701947,0.018806246434575798
2022-12-28,0.016389094660356734,0.016144593096167698,0.015847800881077564,0.015590052111926262,0.015458528546948826,0.015477508155337728,0.015600993427285837,0.015769387031396923,0.01597403051268671,0.016138635958140884,0.01655706944155316,0.017690026752597673,0.017422886536744182,0.016454155363773516,0.016256013850015762
2022-12-29,0.021146156715623057,0.021148100049664286,0.020937910375487416,0.020638676539856293,0.020365815717092145,0.02012400764445965,0.019922775194862394,0.019796407686503918,0.01978318674408433,0.01985401900966891,0.020157079365716903,0.020512803969761705,0.019750424595562567,0.018240673740066583,0.017930026420310736
2022-12-30,0.020408218515459722,0.020965683603591183,0.021101655669900493,0.02108708910543528,0.02102097756425432,0.02102914168723754,0.0210876855978236,0.02121812442143679,0.021411039854275456,0.02155520540789979,0.022060922741945713,0.022174270741973978,0.021332197559021625,0.019741982305794402,0.01935160696245297
2023-01-02,0.020370973717679035,0.020185859612411382,0.019694213010343596,0.01916964601914382,0.018713912186440786,0.018397493217307787,0.018144822504463528,0.01801287050834731,0.01802809259945259,0.018099815718058344,0.018371354315285932,0.01856065160765846,0.017672991311015122,0.01609393721469756,0.015780329539723442
2023-01-03,0.020383872927456134,0.020652213414660437,0.02048877638220498,0.020174968343965288,0.01979545637458124,0.01947013931959299,0.01918785590388699,0.019011416840566404,0.018976324458116728,0.018908312255781674,0.01900127556974302,0.018550302985323994,0.017049403256780178,0.015178929460942892,0.014877915158608502
2023-01-04,0.01934143301269614,0.01883740813048139,0.01828773361360265,0.01778229302350852,0.017385932625832795,0.017147545234998902,0.017000945196640572,0.016954982126732174,0.01700076785432093,0.017099194389783932,0.017511479168944542,0.01772939695376266,0.016857692234680453,0.015350768351412846,0.015003921782099184
2023-01-05,0.02012289218164475,0.019883136365031154,0.019360352137489382,0.01875810339548782,0.018179118548014593,0.017698798628728443,0.01727063144021701,0.01694564316567306,0.016743843314501405,0.01662367123869786,0.01667590989256763,0.016583922030461534,0.015347639482637763,0.013605422930547312,0.01335039817199178
2023-01-06,0.01837812407357603,0.01798318418117007,0.0174645481052519,0.016974067572381325,0.016572238193900166,0.016353008059873022,0.01622419943346137,0.01618712054173394,0.01623375032052189,0.01628389120671936,0.016613926357065382,0.016417526266220374,0.015193912567568852,0.013481982543231007,0.013127796745237112
2023-01-09,0.019060261270392433,0.01852978167344187,0.018023161987918954,0.017617506205025734,0.01735138432016963,0.017273853356141976,0.017301129834364472,0.017446659876322438,0.017687782837272237,0.017875191607582292,0.01839090596181558,0.018424216310306416,0.017355666690319977,0.015774989343213378,0.015395548946000918
2023-01-10,0.019845943744529325,0.01925457398984177,0.018554068750248513,0.01791272518640763,0.017400065929637075,0.017089526290743406,0.016884452528357918,0.016813305295211654,0.016868632929267435,0.016938995357943305,0.017235413764029203,0.017266510600628424,0.016073832265395868,0.014423147480707691,0.01406285840769545
2023-01-11,0.017426504700158007,0.017359524383252625,0.01703776516850006,0.016673528543578908,0.016395578919156266,0.016306090106724798,0.01633818662364006,0.016436633474745808,0.01655349271741702,0.016572388038351316,0.01670678900528477,0.017612555420934352,0.016821327597711835,0.015652359502470195,0.015491487039801834
2023-01-12,0.021545342198673153,0.021239006653331456,0.020833107157684362,0.0204611299958728,0.020186296968147024,0.02003397154336843,0.0199366998261152,0.019943246886636172,0.020071988929801124,0.020187629761175344,0.02064399567011613,0.020535015296807718,0.019419304009826166,0.0177808545267066,0.017360302659711595
2023-01-13,0.01996599352367505,0.020896884267137258,0.020957467734771335,0.020695410216122787,0.020233895975616145,0.019777069346282358,0.01930507835819328,0.0189056756548166,0.018585889569335677,0.01830421646971613,0.017989917359872532,0.017695574413279513,0.01602093491135466,0.014279110552019234,0.014060554000280091
2023-01-16,0.02427540745100922,0.02329138745097313,0.022381123294579502,0.021667782363777758,0.021164494492189816,0.020865285288117683,0.020635177568850974,0.02051352342995235,0.02052019531607315,0.020683682894606464,0.021407734965529765,0.02117129842352576,0.019935786501167875,0.018252395613286294,0.017734351568577826
2023-01-17,0.02119812329045369,0.021440393596778608,0.02129366900496083,0.02107868155770763,0.02087284425565465,0.020759426089953948,0.020675370070713007,0.020646674416894675,0.020678226314781663,0.0207529825632512,0.021130521323622174,0.0212882547260433,0.02013279847202919,0.01877985715927071,0.018438442192483105
2023-01-18,0.02355516181593844,0.023481546965026735,0.023163347473248615,0.022857828355604674,0.022600233230898572,0.0224330258503436,0.02229063775954299,0.022227619322942878,0.022283114723051875,0.022424654713657115,0.023024707607022223,0.022997370526072248,0.02180791616249939,0.020399280455043974,0.019962719756778657
2023-01-19,0.025754101606499356,0.025215832795820896,0.02457484162878819,0.024034585067570197,0.023616476394131454,0.023300761207077095,0.023002130810931578,0.022809884095882058,0.022787058491747895,0.022942717517693067,0.023609621882752226,0.023601157030337903,0.02253277456553052,0.021116124805078667,0.020610543322796094
2023-01-20,0.023980683395577216,0.02375500811107346,0.023236597058763516,0.02269857412914523,0.022230350460960245,0.021874502416188015,0.02158203252512616,0.02138057338615961,0.02131179592669477,0.021367776129449182,0.021788210084470766,0.02173526906765426,0.02052704249866621,0.019175025241738163,0.018762419118764393
2023-01-23,0.025497961602030834,0.025169505732324498,0.024516505754995303,0.023863311086547448,0.023283916400128002,0.02282886535816754,0.02241479917494948,0.022095122068681826,0.021914792641342547,0.021910728037352504,0.022324394547276832,0.02211710510047074,0.02090038282990795,0.0194054345455272,0.018962819493551324
2023-01-24,0.027151975508341523,0.027365743755921743,0.02707717963699475,0.026674050760023816,0.026230061009083677,0.025816009641039132,0.025390617817108656,0.025049356964569024,0.024855602027156972,0.02483715220875279,0.025229806794076225,0.024702003104517263,0.0232446314894178,0.021532122935133947,0.02104624326058789
2023-01-25,0.02649681633809141,0.025693904981205534,0.02498253089503362,0.024492170188296566,0.024172180927922164,0.02398646193403258,0.023851599336099493,0.023776358798178396,0.023821877986716117,0.024037019111752267,0.024963625473305835,0.025208375694218223,0.024350316984867146,0.02302375069185944,0.022561215085528885
2023-01-26,0.025486396666459007,0.025306849319973505,0.024982833532762892,0.02474567240313813,0.02458978356581112,0.024533461253902517,0.02451477136904874,0.024590567181560934,0.02479885738559765,0.02511706456091039,0.026098808786061464,0.0260551815971637,0.025026683735848737,0.02368783861886956,0.023071705905947155
2023-01-27,0.027813030198565257,0.027552740146771226,0.02716119441715999,0.026878174404332173,0.02669046822158872,0.026589727759186173,0.02651095845688734,0.026525973458478118,0.026691083012504776,0.026965078878616787,0.027991321120188047,0.02765669093550371,0.026549610561372124,0.025053527706038907,0.024368910536045913
2023-01-30,0.025862078868347748,0.026151439960080756,0.026217234681904233,0.0262558963846076,0.0263044274791182,0.026397967468008578,0.026509936828318554,0.026705910023732064,0.02699231520116574,0.02732085454809622,0.028247607091276605,0.0284443014401624,0.027566643935399884,0.026461512944897746,0.025930382436841183
2023-01-31,0.026331817425372796,0.026359267520586323,0.0258338067504172,0.02515740356271789,0.024532524652034038,0.024019293939943537,0.023566360005309043,0.023209306760370193,0.022973388661179876,0.022886731557873498,0.023022645812148163,0.023734717909646916,0.022820787223999762,0.02187576479395683,0.021657077580993618
2023-02-01,0.03001950910266024,0.029201295224012044,0.02826523101160008,0.02740385529134146,0.026744172486274993,0.02624768748587133,0.025817814704114126,0.02550540246447825,0.025356861913063022,0.025432917815810505,0.025943553988147898,0.025823052529209682,0.02467874949485736,0.02330332810628788,0.022825099161936677
2023-02-02,0.028448012415736326,0.026593984629151458,0.02513101060993006,0.023996589019706235,0.0233191376938239,0.022970119863015687,0.02278418782570217,0.022707360212225955,0.022748353723629842,0.02298437791600583,0.0238192125780375,0.02424076859514096,0.023593664607848043,0.022575229102529917,0.02210638628258373
2023-02-03,0.029706455106800964,0.027465874363384185,0.02584828500371362,0.02462699566103811,0.02386038836069134,0.02339565888110339,0.023068434385792126,0.022885670511631963,0.022858817364004337,0.02309904271263201,0.024022911638575117,0.023568698446459837,0.02249348642286577,0.020987347732265155,0.020323480101319
2023-02-06,0.02960177496566078,0.028227630943711092,0.026965993796040776,0.025832418779032515,0.024989577773223134,0.024394408839153052,0.02391670396438081,0.023549133135013278,0.02331411889314912,0.023368518959691647,0.023943935136091478,0.0237957993472665,0.022702296737472483,0.021279474023236794,0.020783187962580732
2023-02-07,0.02870899142151441,0.027609783605938368,0.02667670196592908,0.02590995300742524,0.025440382085052584,0.025222211558278147,0.02512071426492032,0.02510449983302277,0.025176939942354863,0.0254487700149193,0.02633774649888219,0.0267096514386822,0.02590789294440137,0.02459919369735476,0.02413926793166369
2023-02-08,0.028660722514556612,0.02705594516583805,0.025720950852363606,0.024601063679022067,0.023838856040642408,0.023356517080903375,0.023008061070756473,0.022774618784231464,0.02266130480032086,0.022845078391614013,0.02357210636425329,0.02393317234182433,0.023004621602192556,0.02163943373453738,0.021240799967590433
2023-02-09,0.03078385603436281,0.029351885954497996,0.028035341520077077,0.026866431683097144,0.026019319112500997,0.025448396400467668,0.025008136224256367,0.024684183447263523,0.02448827441113438,0.024657674237725524,0.025474776980979025,0.025730403801036195,0.024737907163492234,0.023247196502133603,0.022854534439440834
2023-02-10,0.029084907486972823,0.027268910646862737,0.02566908527215831,0.024267280106543512,0.023247541557713535,0.022555206002686682,0.02202091824729308,0.02163431299652028,0.02139829236793782,0.021531715624606883,0.0222508022966776,0.022244206233755573,0.021141416573870593,0.01962520821669462,0.019205845369882502
2023-02-13,0.02925073109708174,0.026701102746987636,0.02470432274001633,0.02312518277726111,0.022087341701163176,0.02147295785117642,0.021051418018846,0.02080896161044381,0.020750086505951736,0.021091534574773984,0.022199799611694774,0.022165639039954176,0.021314227515709938,0.019938805631943956,0.019492709725957836
2023-02-14,0.026969208682373916,0.02496668314172213,0.023338627066828026,0.02202717987803744,0.021210554247129264,0.02080344896097675,0.020608176084421517,0.020554450565268154,0.02062446240914385,0.020980061077729005,0.02197474856070019,0.02252891884997034,0.022109994584660217,0.021074293746006584,0.020813534293673434
2023-02-15,0.026065341140915292,0.024610016303266286,0.023376716769717018,0.02234789987210905,0.021690125123587756,0.02137016539508801,0.021225270331132834,0.02121265515961625,0.0213110841376877,0.02161134977992122,0.02249505708156372,0.022812142689283766,0.02216579304383111,0.0209980014901771,0.02075506240651377
2023-02-16,0.026497140820971307,0.024191123819119392,0.02239850221430087,0.02096757141284427,0.02006507778649665,0.019588299861328422,0.019328993230036298,0.019224890377417068,0.01924763344021805,0.019586938806298786,0.02055384402273471,0.021074228436575554,0.020608565502573208,0.019432906260896363,0.019157092892534658
2023-02-17,0.027580261173594238,0.025775329947648036,0.02419694896966499,0.022850384969439037,0.02190537975412826,0.02130124415335743,0.0208681212887157,0.020596825831562176,0.020485284645261406,0.02072073021141328,0.021455945901740825,0.021668984877291207,0.020851599750607203,0.0194486592044986,0.019147926126652393
2023-02-20,0.024826439629176508,0.022654295276505643,0.02092487231304445,0.0195495298608977,0.018670276471640317,0.01820616341619203,0.01796302973734369,0.017880272373001077,0.017924184639844673,0.018266841604090055,0.019171656138609498,0.019673802524535627,0.019243135912854443,0.0181256072124477,0.017818402663819087
2023-02-21,0.026400339208076416,0.023923252528806494,0.021858885630200695,0.0201735580044302,0.01901179257046766,0.018290721193450956,0.01777349035058652,0.017435220780004753,0.017262532647632188,0.01750993678160888,0.018317673133129632,0.018720168457998933,0.018171091604667955,0.01693770048229507,0.016649796124540345
2023-02-22,0.027267122778314022,0.02582574585284879,0.024514572857606796,0.023396288242121553,0.02261014481446761,0.022119182430504484,0.021744110846404114,0.02150466388030062,0.021397471417962145,0.02163235916386448,0.02236379916492636,0.02231113685443594,0.021446007349975215,0.01993006942725321,0.019610949193112754
2023-02-23,0.025994689388782174,0.024303552106930516,0.022790025274457004,0.021492239636537337,0.020577827088159743,0.019998746680646762,0.01958261496717927,0.01931919828155623,0.01920198117850978,0.01940967296350192,0.020041427390938973,0.020246629143773894,0.01953625323130408,0.018240627042073448,0.017999040658896456
2023-02-24,0.026164622629638618,0.024657011624181005,0.023334865005998,0.02222401517422875,0.021461904340027198,0.021017124420297403,0.02072457283478798,0.020577524115877658,0.020561126748732547,0.020812695370667135,0.021510754260331236,0.021747936620339286,0.02099426128941129,0.019657229043582223,0.019403641921066115
2023-02-27,0.026774934312198684,0.024847075238488815,0.023342137025655036,0.02217585092247958,0.0214545585821578,0.021084666651173558,0.020881380554716923,0.020819007510057875,0.020887011423368875,0.021236544020474882,0.022183506707376583,0.022360402869401302,0.021678962949473857,0.020323368611529218,0.02003013083713976
2023-02-28,0.026072819360507492,0.024362140327669493,0.022884262391563895,0.02166917264486622,0.020854308182451615,0.02037409770575162,0.020040868278333884,0.019840763264777496,0.019758949696740642,0.020000071669713577,0.020635990044132094,0.020909267056990716,0.02017185939307166,0.01883394908558594,0.018623540501652505
2023-03-01,0.028089944271221082,0.026725441009881216,0.02544790238442523,0.024338980348668125,0.02357783299248707,0.023125040533098457,0.02281774500741132,0.022644869633249784,0.022597686800391235,0.022855942615513335,0.02358781215655099,0.023760682756345436,0.022971324615257863,0.02151103869292813,0.021262752554220197
2023-03-02,0.028321439233506628,0.02750026817927974,0.02652491418933375,0.02562882773273951,0.02493656190863725,0.024501337367376513,0.024173970758625055,0.023991974095466176,0.023994873043029538,0.024201559088684065,0.02469178203667265,0.02492497168236681,0.024116897597684477,0.022686393810100687,0.022508497190898705
2023-03-03,0.026441411338411443,0.024888159590319803,0.023376748551476895,0.022060003604219332,0.02114683443158334,0.020692039683434943,0.02044060598764358,0.020333022974853378,0.02037691612596049,0.02063614702104442,0.021328748935405463,0.021882199417284934,0.02148027157914416,0.020479346983843665,0.020317448375614267
2023-03-06,0.029143399033549157,0.028103210611367547,0.02701530349799356,0.02602428466413783,0.025300028161552485,0.024839737208299552,0.024487241630872517,0.024276392878023197,0.024240821291698727,0.02444306796184579,0.0249342225105098,0.025437020687482336,0.02503417576344058,0.023989863239089113,0.02391955482388298
2023-03-07,0.02749510686011878,0.025338600113465504,0.023670649949893666,0.02239233383648534,0.021576788700195824,0.021138638307029153,0.020847265207938916,0.020728953276753132,0.02079677928325775,0.021117260251688554,0.021856217740787772,0.02205515012570922,0.021669631972436206,0.020582118189362245,0.02041499267469739
2023-03-08,0.028114287659731375,0.02640106840018944,0.025029146171055384,0.02398569315552104,0.02331991963026441,0.022956888900225354,0.02270165643842434,0.022594596373489956,0.022672893164893612,0.022963669259622194,0.023641592038441666,0.02365081897612471,0.02304488587409695,0.02177697724128841,0.02160499181122247
2023-03-09,0.026698656891734042,0.024440111813722055,0.022661784606241346,0.02131360891420817,0.0204905324968997,0.020129117140637937,0.019961447386789257,0.01993497049231228,0.020059511152827666,0.020361509362851395,0.021083008033085444,0.02150657064786699,0.021242674267547855,0.020233898188585304,0.020153532948159452
2023-03-10,0.027637064673129676,0.024917424841486232,0.022857427237221443,0.021313559077681034,0.020340948006609905,0.01984888334252487,0.019557888657326092,0.019434668285300993,0.01949899632248301,0.019774583421130542,0.020462898290466647,0.02059147595625688,0.020147224075302943,0.018955043969735193,0.018835252885804316
2023-03-13,0.029276645828466546,0.027139665791182304,0.025346590397612626,0.023904056273100313,0.022923026598314196,0.022337468959821253,0.02191850164886869,0.021663171662087782,0.021602336651197894,0.02179211999606247,0.022286035888262216,0.022638993591101303,0.022127115689601348,0.020902282895443203,0.020880259676496926
2023-03-14,0.03004080623400622,0.027754582290945917,0.025901752120544665,0.024450421527919618,0.023489694179023003,0.022934996305775265,0.022554652065106186,0.022338205065652022,0.022318269825525906,0.022555147102644734,0.02323371809974661,0.023602021109780946,0.02310737820135868,0.021887571528625718,0.021840051304240014
2023-03-15,0.02829180503922773,0.02590800966900229,0.023965292396622775,0.022386201648626904,0.021346519040870374,0.020780082642659205,0.020385201247122238,0.020147063131281406,0.02011513129909067,0.020283132640897636,0.02088122067863202,0.021310620555266495,0.020778731550541357,0.019560773003162224,0.01956829534716361
2023-03-16,0.029925605158350823,0.027944048409416826,0.026269858276698956,0.024858901734495256,0.02389518895927075,0.023325597766337587,0.02290586593522196,0.022645870934586053,0.022603378226240985,0.022786241864826418,0.023444728919091093,0.023711872999122634,0.022950525226352287,0.021573077810175242,0.021518882788262694
2023-03-17,0.029657279622294544,0.02725018786001009,0.025451955974113934,0.024046370572928764,0.023206339482470497,0.02279250534274062,0.022570372110172366,0.022516896311847622,0.0226739421106894,0.023029273903656767,0.024020393775214463,0.02470304628608507,0.024329857561358456,0.02324099721071299,0.023222863998543446
2023-03-20,0.030269203574753177,0.029017619334314952,0.02784059630868559,0.02676808512622246,0.02601135955491958,0.025526777816483298,0.025153195525781737,0.024921303803067348,0.02490478895313912,0.025054171234235464,0.025548066041064996,0.025760283871395277,0.024921270484291116,0.023521801217443464,0.023508869589701994
2023-03-21,0.029994184562405622,0.027732508652923888,0.025949875201277,0.024493606977155802,0.023542320224603334,0.02298503124967602,0.022597922250355968,0.022388256857099248,0.02240861682011766,0.02265205221273088,0.023363762711277256,0.023693904524729893,0.022994370428409922,0.021690950522656665,0.02166737394468013
2023-03-22,0.031842048068181916,0.02939227160605005,0.02745516159940281,0.02585561804513134,0.024768284874861317,0.02407014926075183,0.023546211584902596,0.023206281764567495,0.023108733821423436,0.023286124580342744,0.023942379736100736,0.02414637919321229,0.023372395526824876,0.021849650896950797,0.021844218439442235
2023-03-23,0.02982754079028778,0.02802292262449191,0.026451417293465618,0.02506585982047966,0.024080111105698895,0.02344438392939839,0.022974284873541816,0.02265200243683755,0.022526530995716117,0.022633730775817398,0.023101974704625813,0.02357818670191952,0.022885315144783397,0.02156843164742137,0.0218495350808273
2023-03-24,0.03197788501773181,0.029524060416310633,0.027642328832123794,0.02613198654308008,0.025146388280520102,0.024545853499757304,0.024100260886685994,0.023821029715697134,0.023777822853736336,0.02402358632577721,0.02482863790325221,0.02521172796894196,0.02448759619725959,0.022963355385161813,0.023020233685040144
2023-03-27,0.03225858412715756,0.030955721586715737,0.02984688164788401,0.028886722818465032,0.02825819502740503,0.02790664222567298,0.02766741457399101,0.02755241722862439,0.02763024487424712,0.027904172679693234,0.02870865173192951,0.02915396912509759,0.028353233528891235,0.02681983179823208,0.026937363031231072
2023-03-28,0.03313354866846392,0.030956799364854157,0.029089271959723932,0.027472995549628815,0.026326735989190816,0.025568246762407643,0.0249814189466764,0.02455863049996994,0.024384045938690917,0.02453280612674138,0.02515828921057492,0.025774313963762268,0.025048542852754062,0.023587088875984916,0.023808639911095195
2023-03-29,0.03430746904398848,0.03242308488110165,0.030776472692557958,0.02933499422833852,0.028310568542540496,0.027648621434921337,0.027149580882942198,0.026796805270440895,0.026678810473781137,0.026917316710766644,0.027747122473781603,0.028202930251890135,0.027354348060713553,0.025688043206414893,0.02581337364674361
2023-03-30,0.03530654207634553,0.033542570434050685,0.03194428976445133,0.030537410827049093,0.029491455044684124,0.028787233135216514,0.02822766761510343,0.027835093105567563,0.02770349845561479,0.027879938071577366,0.02853496228155697,0.029001114196724274,0.02826792560956853,0.026563165357599075,0.02679104044506793
2023-03-31,0.03340313505725089,0.03125718965926547,0.029465947569402472,0.027975011512090364,0.02693993869369759,0.02632781283577319,0.02590158707583285,0.025651733198120877,0.025636715588459404,0.025871223624550348,0.026602568155194736,0.02717287033619365,0.02665319427874023,0.02511364213933021,0.025403316997679802
2023-04-03,0.03606184351236511,0.03405838860443694,0.03228159438935726,0.03073212380533443,0.029576162403204476,0.02878295117250761,0.028143367010319952,0.027690704617279047,0.027510727574496054,0.027671677132683363,0.028313452094859956,0.0283352367605051,0.027436803275705135,0.025526816094072372,0.025749393534041914
2023-04-04,0.03527757048242891,0.0335258557224027,0.031827356491762035,0.03030217636910356,0.029184982132839377,0.0284989553745896,0.027994378769005752,0.027642121311527792,0.027510411331296305,0.02770215665790253,0.028346195610731928,0.02884284172303585,0.028299770791195035,0.02663812134808292,0.026962979190734104
2023-04-05,0.036768721434670394,0.03536691218288829,0.033734584522274826,0.032128840637010755,0.030839539339251064,0.029948297943608006,0.02921948332561045,0.028651405757081885,0.02832352466558254,0.0283629239414505,0.02867025971301733,0.029114496273680648,0.028428038156332616,0.026669675754875607,0.027053461990773436
2023-04-06,0.03752955349373302,0.036016919101660334,0.03436677778126561,0.03277960850909104,0.031516897660450044,0.03062668569074574,0.02987839510821062,0.02930833200809232,0.029009090049710588,0.029094091245671194,0.02949676638996718,0.02980041392090411,0.02907711611238975,0.027217503693317886,0.02750214795379294
2023-04-07,0.0342058233311797,0.032970984198942836,0.03153428750717708,0.03010205115205235,0.028948579583097836,0.028151474611048045,0.027497316084853524,0.027016522018836323,0.026769211792121984,0.026836989064430123,0.02711008549208179,0.027386513153135502,0.026673359465623145,0.0250181831743682,0.025305361678465987
2023-04-10,0.031447782620804235,0.02918881991724865,0.02727796887300161,0.025664727689554665,0.02455548045182807,0.02389197962637237,0.023421881812497637,0.023128339583947326,0.023070962244125304,0.023273644921847983,0.02376127138154489,0.02443439662779652,0.024080181701609513,0.022789521607356016,0.023116242166346015
2023-04-11,0.030159164795330148,0.02745002871119156,0.025457434398804303,0.023931461347650146,0.02295653816693771,0.022415160664543864,0.022024803857079587,0.021816009684374322,0.021823376780393026,0.022121665460987153,0.022918815122397494,0.023599169681202715,0.023404700797490942,0.022157797329469896,0.022392023657164358
2023-04-12,0.03133236557527259,0.028990734895680204,0.02693323373624138,0.025189699445165175,0.023954585346013593,0.023167779583867378,0.022562291702691747,0.02214375198494531,0.02200120368185081,0.02219701977243792,0.022678389431788796,0.02347043985836387,0.023162567613719175,0.021797349993502774,0.022149030990072986
2023-04-13,0.02955515533724157,0.027549733873965004,0.025665603884169073,0.02406946792565681,0.02289587634023027,0.02217215165256558,0.02161117077510659,0.021233620056203283,0.0211266952567914,0.021353538695892498,0.021945189777599506,0.022370774414798487,0.021937002382334717,0.02036038231934641,0.020601345596770782
2023-04-14,0.024239312312592076,0.022920120427067547,0.021816936353019588,0.02093871610982929,0.020431759993214647,0.02030381618806264,0.020361673327644485,0.020562387447037374,0.02091268609199542,0.02137157760525751,0.022299035572551616,0.023561912830507264,0.02362388940715212,0.022660382677696232,0.02307308481383974
2023-04-17,0.02278584731266396,0.021516254055873645,0.020533225204888133,0.019782548150235797,0.019405415910185915,0.019399689138612584,0.019563419246349325,0.01986651732113867,0.020303248499255154,0.020792980678625655,0.021708690942063236,0.023241348193693685,0.023382425565236592,0.022587979437013937,0.02304273009125332
2023-04-18,0.022801222716724953,0.020552330508459535,0.019112344596339637,0.018176951384674574,0.017792779326583474,0.017837241464586897,0.018099316799828048,0.018529383647504394,0.01913822687764014,0.01980993099877576,0.021107023526170783,0.022722972799259833,0.02311766191578577,0.022339474690921658,0.022719024240619334
2023-04-19,0.024806773975196386,0.023425351514397327,0.022463007686983106,0.021831805776231818,0.02161906486599293,0.02175754625633776,0.02207598525718445,0.022531324832647727,0.02316376700348836,0.023797478273188108,0.024948692393957476,0.026825465005912014,0.027159668122667624,0.026296895857711448,0.02677797798037687
2023-04-20,0.02569413887843552,0.02457883401407251,0.02347713976424395,0.022510096177762142,0.021837194812924964,0.02148685064517675,0.021273676301155085,0.021212764722496787,0.021352476302443187,0.021650458879802967,0.022252210083690768,0.023100719223981287,0.022663749087134723,0.021222607776306624,0.021638187060486543
2023-04-21,0.025438160044632722,0.023331318621052734,0.02195212759282683,0.021036354104397862,0.020676218937062816,0.02075585205204735,0.02103417309145937,0.021449806701147975,0.022013702624910356,0.022650993585125918,0.023915702794177707,0.02552349946104212,0.025816077220845626,0.02493851492168498,0.0253509154498916
2023-04-24,0.024143732011486597,0.021721950733357028,0.020118007905341375,0.019019174271726245,0.01850964752436112,0.01843835908860703,0.018559662875678777,0.018825562238527858,0.019262938889992396,0.019805187263014577,0.020893438675044035,0.022375062509454903,0.02260080448208388,0.02174622638297978,0.0221649805548401
2023-04-25,0.02580174820617915,0.02373997410579076,0.02233184239355024,0.02135095683027279,0.02089274864555389,0.020822008312567256,0.020907382586147355,0.021121328217930817,0.021502210071085503,0.02200496353896801,0.023042377059092765,0.024338443108353692,0.02441152952825836,0.023415182036795747,0.023846135114785415
2023-04-26,0.027122046654784217,0.024418433984340564,0.022676728813213386,0.021523753579446123,0.021018135058242526,0.020944059661428142,0.021058001555514783,0.021322593866031987,0.021783638492404164,0.02235936144075961,0.023535897089889565,0.025113730899753637,0.025462862844829695,0.02463930680965125,0.025089936339457438
2023-04-27,0.02492859717869875,0.023417198964148872,0.022362768070434764,0.02163719538306004,0.02131959219335689,0.021318978567759356,0.02144679391472021,0.021689544052550642,0.02209697049848858,0.022586974713917653,0.023563817047271018,0.025037237662053874,0.025205722611441335,0.024339258014810024,0.024853473645632555
2023-04-28,0.025883724561609412,0.024438694243605317,0.02343018987504917,0.022724090080573994,0.02241901267765839,0.022427674301360365,0.022579339564778863,0.022869514938490394,0.023332406696492076,0.023854858220774603,0.024889632783944134,0.02616840907385455,0.026184296002495597,0.025134136813055423,0.025577429789291853
2023-05-01,0.02863291610724812,0.025050406279527565,0.022771164484364847,0.021290953381173736,0.0206575520251022,0.02060943028838989,0.020797471164905146,0.021167443878223623,0.021758794214508836,0.02255493942364429,0.024265321158938244,0.02540173434961774,0.025627905768791266,0.024583454476024003,0.02481536925787743
2023-05-02,0.02956350506325151,0.027677191103151595,0.026432837872567245,0.025589668916040795,0.02522325623887578,0.025206692516554753,0.025320582460139053,0.02560824947903991,0.026116780878635136,0.026757280321255687,0.028102468104667735,0.028809374643517287,0.028566718307361835,0.02721733726441508,0.027436917678114403
2023-05-03,0.02986264049807833,0.0272128063429378,0.02536116332162114,0.024033130065845405,0.02338585991391085,0.023226806922634194,0.023275956204188257,0.023483418512840415,0.023893532024304578,0.0244837176883715,0.025746029905838422,0.027334985496830395,0.02764276229830588,0.02673331211800923,0.027137679530397855
2023-05-04,0.023879245775177665,0.022175976800589445,0.021120118374270493,0.02036558949839812,0.020134650214151447,0.020248569211714022,0.020484803427021275,0.02084377013090547,0.02134724607789975,0.02192109712875863,0.02304415668815021,0.024264496566438018,0.02440666116867519,0.023491140172871367,0.023916006276959785
2023-05-05,0.02644401716219211,0.024321237013069652,0.02305046554800199,0.02220118874023408,0.0219937963328013,0.0221958871343647,0.0225541446818841,0.02305417720903727,0.02372091601239289,0.024434845462662145,0.025847404052024497,0.02729251481411031,0.02770916830801804,0.02688666002107205,0.027257279097956885
2023-05-08,0.024480028635137898,0.02411269765481197,0.023783732344839673,0.023435341285661826,0.02333781314781437,0.023426510500198484,0.023547172078349242,0.023776425230953652,0.02415493267154504,0.02456360766175868,0.02533623873263921,0.02606554278718865,0.025792504301600384,0.02457299864397408,0.024996157337924246
2023-05-09,0.028358893028385776,0.026669989490140565,0.025493216891255506,0.024567006347065205,0.02417281315079357,0.02412437902464374,0.024201926765486072,0.024421316988054716,0.024832401309886346,0.025363310368692014,0.026423534690787977,0.02778099228879875,0.02797140310103148,0.026973380738760138,0.027422973579866592
2023-05-10,0.02985270007922413,0.02797987222320934,0.02667430243337545,0.025648275405762776,0.0251922901145392,0.02511789492622387,0.025190395148234446,0.02541292898577128,0.02582685582577579,0.026359034848583117,0.027426025070778397,0.028733433579029345,0.028852972484317226,0.027834123648125524,0.02830014681889031
2023-05-11,0.032590669123299984,0.030245091308391023,0.028515313064027787,0.027088426424580297,0.026248382927263413,0.025813847988418116,0.02549458704172402,0.025345008471039866,0.025438418406565723,0.0258139939349547,0.026623412637569725,0.02740705335291276,0.027143182406770286,0.025741461598098477,0.02619852508012557
2023-05-12,0.033029310151624997,0.03118586813641895,0.029826586826317655,0.028697279066475345,0.028100945476588344,0.02785584392043239,0.027716341710441156,0.02773458991414758,0.027984882742059746,0.028435700673982232,0.029358668414743237,0.030458202063202294,0.030423191411917256,0.02920206427422682,0.02970476283532399
2023-05-15,0.032430713706966624,0.029944219811957985,0.028356358293843857,0.027210871486231317,0.026732724780328905,0.026683460057219926,0.026773802190072284,0.027037594564555744,0.02752472252427756,0.02815373130863512,0.02941197527384737,0.030554576355787257,0.030696072178419884,0.029552541996907915,0.02996032063833786
2023-05-16,0.02935642151917723,0.027169338921460652,0.025578580130629504,0.024292110216591355,0.02357435462040009,0.023258914538368838,0.023055708622681585,0.023003378712601594,0.02315293122790246,0.023510949885477275,0.02425315632155011,0.025142198596139573,0.02500230444885536,0.02381068637851688,0.024317897329214605
2023-05-17,0.03243411320938789,0.029479686717347138,0.027471720188621176,0.025955617475101035,0.025175480868757483,0.02487162525175946,0.02473484169248789,0.024763233341440913,0.02502060489852337,0.025527800899994194,0.026588769609319537,0.027949921669382562,0.028120180578436144,0.02705494122868158,0.02756198225699221
2023-05-18,0.028673005044447017,0.0265057926586447,0.02502436581701699,0.023901348473746233,0.02336680365104231,0.02324948685344078,0.02326480008396581,0.02342330786999607,0.02376612776645127,0.02424707730791965,0.025183107211074834,0.026496464952155845,0.026558295132042973,0.025512473530600786,0.02604166354639232
2023-05-19,0.03221783762378433,0.030431256591335196,0.02912403133742774,0.028051014952568207,0.02745643337178858,0.02717591016963748,0.026971777072607377,0.026916471409527628,0.027087607552849374,0.02748478677033084,0.028319105575471744,0.029088771822029867,0.028681927301400584,0.02724573530145821,0.02773130307264504
2023-05-22,0.03129474372661274,0.029392101992656856,0.028085757729671503,0.02706083465649877,0.026544370315530894,0.026351898047101745,0.02624543920046924,0.02629009957767037,0.026557051307845997,0.02700921963499371,0.027931080145519788,0.02885992657891626,0.028498407957825725,0.02716002445798368,0.027640257276778695
2023-05-23,0.031860133844454734,0.03010909740503417,0.028748958237808136,0.02759723402844438,0.02693078854623045,0.026613202935035354,0.02637962594631469,0.026290555126192366,0.026422631333078074,0.026786872849819468,0.027564338448814903,0.028565624737187413,0.028013746159241827,0.026604484149057868,0.027155077189979667
2023-05-24,0.02887943042240427,0.02625167827146439,0.02460502200738111,0.02343629504644479,0.022962349705904186,0.02296084300268851,0.023110217927276907,0.023409182487062898,0.023892621174836107,0.024522535061445007,0.0258198578913435,0.02707150259058682,0.026978120442255695,0.02587488860458989,0.026333864856804765
2023-05-25,0.03265580227997683,0.030194954216140015,0.028406308785873937,0.026986287889834683,0.026211291971849675,0.02587599582444771,0.025669988156388476,0.0256376542706219,0.02586106053469953,0.026316285288684578,0.027284380777532025,0.028387190799227437,0.028148825513196155,0.02679717680224761,0.027313852683715858
2023-05-26,0.03248060210470225,0.03020795280295825,0.02847678429567558,0.027079235282789178,0.026286041331488794,0.025918847890132525,0.025675250117814487,0.025598851137109607,0.02578322108309192,0.026211509381492373,0.02711423287049668,0.02803385392052805,0.027712347197655893,0.02630560534191203,0.02684691548174996
2023-05-29,0.028378006852788337,0.025715576987161173,0.023865174789362377,0.02247300939491475,0.021791346064178357,0.021639140054689608,0.021653182346350313,0.021830239061828356,0.022208717234433104,0.022788799917169353,0.023990660659339778,0.024989147722957333,0.024937275253589904,0.023793579385352932,0.02426072762391128
2023-05-30,0.028897264822604966,0.026575890280239448,0.024820858024584162,0.023415434275930562,0.02261519885948951,0.02232304095773433,0.022177492256579636,0.02219155090225277,0.022415954286052288,0.022875039118054614,0.023843056004210057,0.02479308346913734,0.024619775101969884,0.02339126349121271,0.023922842142433554
2023-05-31,0.028411798123749377,0.025863218452053437,0.024275459898392495,0.023238534591400847,0.02292750999743633,0.023159936938328914,0.02355251130337216,0.024085185687676716,0.024793942638589535,0.025579690047170565,0.027171168003842523,0.028481019891937253,0.028740501187282413,0.027805553653362475,0.02829160814014954
2023-06-01,0.028446869054657722,0.02578035222802554,0.023862783670630296,0.02240133155133345,0.02162723466429857,0.021414261289491667,0.02136550991192342,0.021481234566890564,0.021806037512148022,0.02231367480219803,0.023373977705805002,0.02457228231248887,0.024573969364994317,0.023518072464569394,0.0242433786692195
2023-06-02,0.02656991129635614,0.023657910838598677,0.0216247670780696,0.020056543960750923,0.0191997879361713,0.018908845403632416,0.018783334122418154,0.01883827472922546,0.01909685741428231,0.019551129679600265,0.020539333289625032,0.021424187533297424,0.021057624160927272,0.01983301339157216,0.020480507303872755
2023-06-05,0.0275745076172747,0.025017356567352662,0.023258171632276087,0.021944096195328965,0.02130115350861033,0.021177492994563698,0.021194385559156134,0.02136475774154549,0.021733507068333553,0.02224574190567276,0.023305819997759995,0.02445948464888614,0.024363936212801328,0.02329738491954807,0.024049203044410515
2023-06-06,0.028661026302115006,0.02614071841444498,0.024495892247889586,0.0233242461627676,0.022836942468289545,0.02286235991962374,0.023029571862618132,0.0233592056620109,0.023884137810289235,0.024514103997103315,0.025793358093740986,0.026960020152836627,0.026941136076435886,0.025862620339276995,0.026533958895668695
2023-06-07,0.030304047219116625,0.02792196537873033,0.02622151584287742,0.024896826933047754,0.024222412335461956,0.024033957890376784,0.02397748812845884,0.024079376811915673,0.024395788521409757,0.024889427786834627,0.025918581220291132,0.02724318489554273,0.02722051494319653,0.02614758177164022,0.026941949957323835
2023-06-08,0.031283513081363075,0.028392051667743674,0.026357371676106585,0.024786282781609364,0.023944688465210914,0.02362838859525643,0.023459742215791446,0.023462141203762603,0.023704500911164463,0.02418628700529462,0.025231271124866842,0.026409235713216846,0.026314498053665224,0.02518928146985892,0.025901724049463268
2023-06-09,0.028093491554732786,0.024574251392788623,0.022300193055273133,0.020669156697224727,0.019887176490774483,0.01970040900328891,0.01969115880877607,0.01987089293699453,0.02027601479526081,0.020858264098628985,0.022089188411103827,0.02316963781182213,0.023154542402089688,0.0221367564803915,0.022781883227733425
2023-06-12,0.028771134455238285,0.02540160318925832,0.023240331779982217,0.021702771071009628,0.021008187453783543,0.02089994075397001,0.02097629944335911,0.02122446680025498,0.021677746151698086,0.022304481911231286,0.023599612122770876,0.024948612088030068,0.025340439044278382,0.0245128117277432,0.025244821668560555
2023-06-13,0.03138907478488754,0.02905209838621179,0.02750974717032927,0.026360480376653585,0.02584190053728424,0.025754903328399643,0.02576652167081181,0.025947716091367777,0.02635586329242623,0.026932281225223006,0.02814871807617434,0.028958704576779546,0.028894066058055903,0.027616318798607167,0.02829598064613255
2023-06-14,0.0283679754748477,0.025640516968998064,0.023827080023729675,0.022477480670317643,0.021868295190882507,0.021747224172320133,0.021774592632776334,0.021973552599455357,0.022389367461910024,0.022954857272748264,0.024139395504300533,0.025321652425625105,0.025469259156602895,0.02443703180778223,0.025185384880807203
2023-06-15,0.029745323745286056,0.02724110575059434,0.025486931436064394,0.024144358825307813,0.023504891903826174,0.023348405056240206,0.023329424566125526,0.02347175610075833,0.02382586937485904,0.024385125782923813,0.02560914225875056,0.02694694735245945,0.027134998317232862,0.0260643115556942,0.026860896200091786
2023-06-16,0.030875883003241036,0.02776984098734201,0.02566662988814988,0.024087786468817887,0.023297988085968006,0.02302018014726793,0.02291279844639571,0.022995476855524936,0.023318939843060445,0.023885267233470057,0.02512388904282349,0.026294782855429858,0.026420182806697334,0.02526455502035847,0.026018567343880108
2023-06-19,0.031643201181582675,0.02935043733999744,0.02762636902026765,0.026211317367240753,0.025414579549875763,0.025036542075045912,0.024776935454577844,0.024674547895969873,0.02480487087504881,0.025239582261475987,0.02621599871246837,0.027180303383531137,0.027037054440750736,0.025655698429530065,0.02644968529446221
2023-06-20,0.031131240040666273,0.028829485458940485,0.0271565630702229,0.02582164228636666,0.02511873764409038,0.024836746769034173,0.024677550432317327,0.0247053651242576,0.024963954127129206,0.025422052342892798,0.026412752326463465,0.027425351439635388,0.02737266213330285,0.026097651488133023,0.02686228998306069
2023-06-21,0.03169829763652435,0.029559354379704205,0.027874749140592694,0.026454077903343448,0.025630583135894884,0.025241897680064712,0.024990167994002173,0.024923219777991033,0.025094653112264182,0.025520731174367484,0.026455084484547763,0.027568087198952144,0.02743279520852474,0.026138971219709255,0.026960851093990455
2023-06-22,0.02968368210415306,0.02730895405008822,0.025570690591532302,0.02418471687823174,0.023463590141387023,0.02321634647145891,0.023126214282924724,0.023211416162013276,0.02351586263447127,0.02401776087262098,0.025041164953328508,0.026378748784997817,0.026549278134266732,0.02543220976294706,0.026307635129852628
2023-06-23,0.029907241552797108,0.027619513424776986,0.02592844958232791,0.02455819483375954,0.02382759340954689,0.023557211635356082,0.023445629190566763,0.02351128094068527,0.023780604679104003,0.024241645784461238,0.025228294816197382,0.026535641533292628,0.026592753124311495,0.02544953071409433,0.026312691803406982
2023-06-26,0.03091399115891776,0.02900479724151264,0.02747982478153912,0.02619951798014545,0.025490651138448728,0.025194121114481806,0.025027578447725362,0.02504392684678881,0.02529628919793723,0.0257460534041412,0.026662035119282775,0.027813147346494854,0.02777179180086207,0.026489862602444018,0.027379640659779547
2023-06-27,0.03069078981540763,0.02822062613567264,0.026276734570800032,0.024681301745497538,0.023774926510548747,0.023400777983504456,0.02320435900485075,0.023205138873579077,0.02343874885651739,0.023918771389306304,0.024933666011453408,0.026124829610948152,0.02619128485647731,0.024967566178780265,0.02582766893764647
2023-06-28,0.030181515614294073,0.027746568786976993,0.02590159852782375,0.02438542087331243,0.02352698018457807,0.02316309609611167,0.022940927786505277,0.022907783245870998,0.023102402639775227,0.023574761842171436,0.024575636183250874,0.025685614295252082,0.025728333223091714,0.024455200834805013,0.02509807008562596
2023-06-29,0.03015832619338243,0.027331662893917866,0.025242733148527728,0.023548911981752036,0.02260545120663599,0.022220454811577743,0.022018157833900924,0.022010211860712246,0.02222519209765971,0.02271056330455441,0.023769385508750632,0.025046763193904746,0.025276164471524244,0.024194081359560887,0.02502787572970726
2023-06-30,0.030446105552617404,0.02733570029047766,0.025056504595289925,0.023233074615034172,0.02224215631782899,0.02185510635048908,0.0216675473002819,0.021711932540997295,0.021963784343140908,0.02244235845520813,0.02355382167059959,0.024824796239460947,0.025060266822154197,0.024026398382519458,0.02478853948134043
2023-07-03,0.031193554123406967,0.028672652308695205,0.026611431794407243,0.024829235506392957,0.02373006499855785,0.02318427204179907,0.02282222422318774,0.022701822395442856,0.022798963849524394,0.023140513537316942,0.023962194088516693,0.025156986648069677,0.025206975013227256,0.024023644458703038,0.02492633673195531
2023-07-04,0.03178502897928216,0.029256036910309386,0.027221929338244872,0.025508005569148687,0.02452736057772909,0.024127996384260636,0.02391863822417451,0.023946237621183756,0.024182815929397333,0.024617615136153237,0.025599744012117315,0.02692995851167424,0.02713723891244344,0.026031918731337724,0.026911165939788578
2023-07-05,0.0312461012582343,0.028924519556350163,0.02707136835048097,0.025499008777970938,0.024610449895365195,0.024271062052459744,0.024111666436590316,0.024181458666019503,0.024449571747049745,0.024895241502497844,0.025891327253466045,0.027161102281126597,0.02736455458190653,0.026263500733741132,0.02715643131533143
2023-07-06,0.031846556637222814,0.028813452370532747,0.026586707178899643,0.024813252723791448,0.023857274559692627,0.02350876095992158,0.023373584966600563,0.02348507067937083,0.023804648665152243,0.024306534136199286,0.025422953135645673,0.026643090427909383,0.026845646270744924,0.025700241675476094,0.026506252113626533
2023-07-07,0.03204103908397527,0.029252000350546068,0.027075450621767194,0.02528775381838557,0.024273849138817746,0.023855992442088744,0.02363124798060486,0.023644780560480888,0.023871952299306824,0.024324085765313107,0.02535766719087852,0.026471025754433303,0.02654120864664851,0.0253057216099728,0.02619695689100779
2023-07-10,0.03208345114815756,0.02909656066828997,0.02680671952423548,0.024964284372991835,0.02394505095751261,0.02354150108913105,0.023348432972831627,0.023389462213048287,0.0236346108834216,0.024114921999907755,0.02524951483318052,0.026401316945186545,0.02655880949653345,0.02538084794723637,0.026198278483963815
2023-07-11,0.03189498957158685,0.02883576232179933,0.026474587090364297,0.024548361454082193,0.023470635373155486,0.023027421864732403,0.022806567466958267,0.022832025847105128,0.023062557460982,0.02351252082042944,0.024568427773133034,0.02588416061760647,0.02611548070185455,0.02502973818273984,0.0258807964787329
2023-07-12,0.03148528029808122,0.028064392307776468,0.02560367182537231,0.023709148042381018,0.022736528129934288,0.02242170388718259,0.02234547158978981,0.022516780306719063,0.022885988769237992,0.023431443558578915,0.02468394029884439,0.02599196554904369,0.02633115524110174,0.02531909641525182,0.02610728227061437
2023-07-13,0.032215215134232845,0.02940990186071711,0.027279532799354418,0.025569726283236362,0.024655277846008655,0.024321691698301028,0.02419843017020358,0.02431262204642171,0.024619792661966212,0.025100412043797957,0.026217651797555076,0.027636291869038005,0.027939126245311287,0.02687597080271213,0.027717319977555624
2023-07-14,0.034091799764883794,0.03077105276952975,0.028325155632714268,0.026396469559316963,0.025316267741411696,0.0248494742440447,0.024618491239220944,0.024658641451338406,0.024921394665842683,0.02541407523999711,0.0265459502165654,0.0278376049182027,0.02803928293517332,0.026822286892420496,0.027606506942640045
2023-07-17,0.03260792435606512,0.030040110251726124,0.027885286634612625,0.02605181694348573,0.024904150607252918,0.024314710942891567,0.023918037901578575,0.023766851591184635,0.02381836213596891,0.024130688777180415,0.024926460205187195,0.025876843191908878,0.025713339215290804,0.02434391595952744,0.02518934689397579
2023-07-18,0.03436655107762183,0.031606550105259944,0.029349740277662666,0.027451593272331026,0.026285480369371082,0.025697502130968778,0.025318784360636223,0.025202213007320597,0.025298943698306934,0.025648768198305177,0.026510353270363635,0.027587983705638617,0.027588044139212415,0.026243604589548657,0.027053388128688294
2023-07-19,0.03427531365384334,0.03162093128300739,0.0293120453635907,0.027288673094949627,0.025962404853594266,0.02523517089552279,0.02472805019813616,0.02449076759744231,0.024472281293502263,0.024744757281789303,0.025475138575723602,0.026536627755775172,0.026469326973991555,0.025119147844649498,0.02589152930760913
2023-07-20,0.0346277927617273,0.03122926267959591,0.02856054577851567,0.026361846798472813,0.025001344551295473,0.0242925743757681,0.02383804784047885,0.02367619497522274,0.023746911352415096,0.024069960989384496,0.024871577136789336,0.025929214062314188,0.02597438140761659,0.02462757027029693,0.025301156668944853
2023-07-21,0.03568684025861317,0.03270852771379731,0.030226831532564113,0.0281040998445991,0.02671742716503154,0.02590771944469796,0.025311894272844707,0.0249935394064592,0.024912764700857095,0.025115371867206842,0.025653770835354226,0.026290907150696468,0.02600430686528433,0.02435718376093041,0.02504268230588462
2023-07-24,0.03443668314997213,0.03098596146890897,0.028143077066876247,0.02575219349239647,0.024227736469127285,0.023404705717139273,0.02284118791673964,0.022571866885175988,0.022536344167609582,0.02279304591341048,0.023468541367231963,0.02448845020527249,0.024580625560430697,0.02325415691233966,0.02399419325099495
2023-07-25,0.0328593795599684,0.029236385004493177,0.026394058453788862,0.024044125670123102,0.022606299532869318,0.0219019770818667,0.021477106871560493,0.021337461830682365,0.02140006183796128,0.021730272409463854,0.02255996731607981,0.023643412055789775,0.02389147755926909,0.022742680743363733,0.02341598932530451
2023-07-26,0.036820641999815405,0.033841433116909736,0.031206593815325586,0.028860949125721343,0.027247248556889262,0.026231112941693273,0.025428831677433844,0.02493608674779124,0.02471650349356428,0.024836937503083457,0.025227397772998966,0.02598732818446789,0.025804463573359603,0.024253602413921573,0.024981252160960598
2023-07-27,0.03467790817783192,0.031187808443719732,0.028409365884040437,0.026088578509122128,0.02463629960098624,0.023868368966714036,0.023351883524779397,0.023139747329150057,0.02316290706674711,0.023488352158611246,0.024279706209150043,0.025173805463829527,0.025215701833733416,0.02384901386095207,0.024510485753113882
2023-07-28,0.036791275975854104,0.03368932610368774,0.031084263155685157,0.028843970699843957,0.02737178699731804,0.026495485723001092,0.025831501845330805,0.025467081771206566,0.025361040782133037,0.025573502448590944,0.026147688415700306,0.026803315442454404,0.026578734589996936,0.024962987369001825,0.025636755151259495
2023-07-31,0.03675022405950025,0.03389229661761246,0.0314206011634557,0.029249453222049828,0.02779612075319427,0.026897608010556417,0.026202940039452494,0.025799489473205723,0.025654651922417233,0.025840845859941397,0.0263885704210054,0.02690980653313326,0.026546243910266606,0.02487675735690626,0.025527993278131017
2023-08-01,0.034344010771194096,0.03104353197325833,0.028355606199344997,0.026169275512720747,0.024736369110183325,0.02393435249030501,0.023401327460803367,0.023154418556497178,0.023150477165584528,0.023404419563565263,0.024010190358098964,0.024954087957624306,0.02486698668604583,0.02350047185537015,0.02411006523519168
2023-08-02,0.03677170708340417,0.03392640966162316,0.031631604409604566,0.029751189474022343,0.028520958992302378,0.027810483300680887,0.027325033745698717,0.0271384902179303,0.027216096312662016,0.02752682796187902,0.028203065712060136,0.028568020290615077,0.02832908962763155,0.026616635108932144,0.027078895035859647
2023-08-03,0.03522985724474796,0.03238430601514342,0.0299286706522385,0.027844628859257318,0.026403339746237733,0.025506146402267775,0.024844263824327178,0.02450856073486833,0.024460405840631493,0.024673697957647758,0.025111726340084305,0.025547097368422252,0.025258761518662142,0.02365825104276193,0.024186057084272097
2023-08-04,0.036126794767509324,0.03263787619055241,0.029812348010069316,0.02750186506473526,0.025952628423863054,0.02501345018765272,0.02435603041001281,0.02400409380672705,0.023917243725607554,0.024145890798028147,0.024658905029292286,0.025330110966247106,0.02514269094010867,0.023583850481343437,0.024196979826160415
2023-08-07,0.034625097786458676,0.03167586916187319,0.029246495129846936,0.027246841672401538,0.02591054989028513,0.025113750024417063,0.02456490752794923,0.02431003358938239,0.024299432813642517,0.024536272653084376,0.02504009835561393,0.02552079732233601,0.025252847197411343,0.02366353050280529,0.02425445958201785
2023-08-08,0.035207595361858156,0.03230895183398853,0.02992404377485944,0.027960158648166245,0.026653886334818955,0.025886086806962385,0.025356877957307743,0.02510669897808219,0.025101956578284398,0.025381137884362866,0.02599244823430258,0.026683941559635986,0.026494429582810165,0.024955599079106692,0.0255641201402548
2023-08-09,0.03576599831013477,0.033087848869102106,0.030768229435054483,0.028802737090866153,0.02743963450398739,0.02658978554261695,0.025965552357892052,0.025623472973008724,0.025534730172249574,0.025738207540352484,0.026248756043091393,0.026746570081479695,0.02635079459473275,0.02467698616603556,0.025363101683763677
2023-08-10,0.034365049255734234,0.031118860969042518,0.02852542137641108,0.026450507249027703,0.025166921595702847,0.024522059656622845,0.0241649966741343,0.02407105759344222,0.024185187825699117,0.024573061803863483,0.025451363868758466,0.026638441172861488,0.026894258863789128,0.025786908466682724,0.02639898351653638
2023-08-11,0.03508705242131921,0.032160264406956476,0.029688643519195562,0.027628097527540137,0.026232384378979352,0.025377314809903916,0.024764034924513803,0.02443154413725008,0.02435289801142255,0.024569989296863007,0.025137857048277625,0.025771796685508778,0.025499390013040604,0.024052400589963954,0.024644754336805248
2023-08-14,0.03485683642281119,0.03150648167689459,0.02879811728056178,0.026609470009812702,0.02518244848417043,0.024361686576088035,0.023804711228582066,0.023529066516359665,0.023502489805666302,0.023803475152671193,0.02451887787534564,0.02523579259773812,0.02510722415676485,0.023731684890046425,0.0243128714748707
2023-08-15,0.035495715299587165,0.03227543643380661,0.029611784012284603,0.027399905900619116,0.025918492770874574,0.025013500439701436,0.024363901588235905,0.02399611167972575,0.023875744682252162,0.02410104055700667,0.024684665027981334,0.025284358050126438,0.025019027195415895,0.023560517066190053,0.024145175131166784
2023-08-16,0.03449413549522738,0.030895682975789717,0.028056359934717157,0.025776065075816916,0.024306374664783723,0.023459945078670028,0.022886343591706763,0.02259985915781092,0.022563274727287492,0.02285842036385105,0.023574788832342986,0.024214624013470184,0.024033680403285407,0.022667780234276753,0.02321655467696587
2023-08-17,0.03479474816080498,0.03095840754189512,0.028072918779645843,0.02581743881849585,0.02443055001868057,0.02367565871073562,0.02320446134583619,0.023026805107728567,0.02309443810860095,0.02345665451632028,0.024281272719274077,0.024855237502414473,0.024680732514875084,0.023275208326918765,0.02381033433715601
2023-08-18,0.03638064549122428,0.03229405351941819,0.02924745845899272,0.026889524644728772,0.025436665567657495,0.02462617406056605,0.02408987756979679,0.02384160187369881,0.023839235223414933,0.024181984798335047,0.025081235367880032,0.025377776527189918,0.025016440344780906,0.023434191951965923,0.02394738182729184
2023-08-21,0.03474510075705939,0.03099098784062504,0.028119801134350544,0.025854738637124047,0.024457071971464545,0.023677943280467063,0.023171152866701135,0.022952066548193564,0.022972916777205248,0.023299551533681594,0.02405766303058758,0.024893015065286076,0.024832380620450782,0.023539505054273602,0.02410792261596051
2023-08-22,0.03492023145485325,0.030948025924737763,0.027899869782374884,0.025490483551318402,0.023987760847076534,0.023124380063733775,0.022534960328232857,0.022248380908488796,0.022226379310960838,0.022553121543747206,0.023312322397231487,0.024008138553637655,0.023919947870437212,0.022610357519524563,0.023162546255924395
2023-08-23,0.03520918304338005,0.0316691365325729,0.02885490811254437,0.026593220353268388,0.025133921658792586,0.024262198363484304,0.02364596700076937,0.023318575409140854,0.02325278250138744,0.023526285303345745,0.024181694324286088,0.024665161084294757,0.024350220588902436,0.022882909983203616,0.02343847808405556
2023-08-24,0.03686387031628377,0.03289470045513549,0.02971820799524385,0.02718044232253494,0.02553711517006308,0.02453051972912775,0.023775012503566874,0.023309527237371373,0.02313658279652079,0.023382768822143973,0.02403829817573752,0.024771386748369408,0.024619988050566415,0.02321999542903745,0.023786357947696027
2023-08-25,0.03615246394825627,0.03228345006795083,0.029218657061399422,0.026760597159694054,0.02515600693866106,0.024147588465561816,0.02338954632995483,0.022946157758415277,0.022790468236155128,0.022995141533855692,0.023517461657467296,0.023822013154456492,0.023435064281815125,0.02190408197273043,0.022415289999593323
2023-08-28,0.034801780680257285,0.03127901964240669,0.028516713716212082,0.026311597544758997,0.024922517364664873,0.02409936659542612,0.023505371167761933,0.02318786336115858,0.023126795245720533,0.02343317903589326,0.02413925281936572,0.02474017265667259,0.02450508564962867,0.023113403124809948,0.02371215282700044
2023-08-29,0.03499382127885623,0.03071330983076326,0.02755350540210881,0.02513845653905615,0.023737852394146063,0.023020789609911853,0.022611822458056534,0.022488793063639177,0.022600621412643955,0.02303930726026733,0.024061700506193474,0.02506842520905741,0.02519827700336159,0.024139022453073793,0.024629664345415584
2023-08-30,0.03554119449239126,0.03190525524272037,0.029106401855812224,0.026928299641075945,0.025563610932800653,0.024799339219460627,0.024237571474675482,0.023957405807745785,0.02396859740098704,0.02424080209452473,0.02497924437999772,0.025540275314610304,0.025245731480925057,0.02387627228245582,0.024309918998333725
2023-08-31,0.0363324432335059,0.0325314551106316,0.029566602460051352,0.02721196736185946,0.025691710194003937,0.024785505672388162,0.024096744005517406,0.023697868608308366,0.02360220452538498,0.023809307565374315,0.024405688687980234,0.02515081590384026,0.024873710432913955,0.023552971457347808,0.024005875652443318
2023-09-01,0.03309119278399855,0.029836730660441384,0.02756095628893568,0.025932177955380428,0.025083674293476535,0.024781293699687346,0.02467410092693077,0.024813725812975355,0.02517753455265885,0.02564382422582788,0.02664330936314365,0.027403955045935093,0.027436544024376855,0.026356644484042627,0.026675249936520828
2023-09-04,0.03376783680909727,0.030664497770652464,0.028365748277381128,0.02666166407029947,0.02571899269753638,0.0253198724723915,0.02511134203147983,0.02516264832885973,0.02545859351214843,0.025876799316504065,0.02674642309784547,0.02767032378572522,0.027758932095318316,0.026719713871237682,0.02706076053962707
2023-09-05,0.033575920720974484,0.030127869300998738,0.027683826257846194,0.02590444248631534,0.024932678377335274,0.02452238338460207,0.024307500276726554,0.02433558865743814,0.02459583494776054,0.025007391533188095,0.02589789847512785,0.026813738595230736,0.026849954865063162,0.025835068761032517,0.026155594072068855
2023-09-06,0.03279756138215777,0.029637006797281006,0.027427367335743844,0.025841089882405594,0.025005680605288117,0.02468587918729932,0.02454305966595908,0.024653180441037266,0.024998106232887243,0.025448571324652742,0.026410008581792446,0.027224503006935026,0.0271781024118842,0.026138466353654265,0.026448853877771628
2023-09-07,0.035881903270661264,0.03214628352177543,0.02941741808070933,0.027386302003995174,0.02620574227782889,0.025612145603375828,0.025222027967545024,0.02510137177465199,0.02526983693719704,0.025656922863839807,0.026538683375065583,0.02728752214026408,0.027206433810022065,0.026002796708400996,0.026411388051388335
2023-09-08,0.032332570422704786,0.029259675184222147,0.027071410531612453,0.025477998456824958,0.02462834185200276,0.024303805533228376,0.024168327539499653,0.024279672375834005,0.02460914722185548,0.0250365063965521,0.02592624453354898,0.0269450480722755,0.02707730219357546,0.02616098635110945,0.026658682577148367
2023-09-11,0.03526584716317017,0.03189955963288989,0.02945611585397807,0.02765701966391985,0.02662734397844627,0.026119158299579146,0.025792072958212793,0.02572724709212777,0.02593786985882117,0.02632187378700312,0.027158438445140032,0.02769144190983036,0.027500756152283812,0.0262445363852236,0.026627697975161055
2023-09-12,0.033685813094156004,0.030605520556637546,0.028330329567884272,0.026814824845080014,0.025954899635811383,0.025623030919307108,0.025471246657029618,0.025578813530760507,0.025885233792705502,0.02631411094090837,0.027231740460848558,0.02790338493385504,0.027808452589648248,0.02676193436007646,0.027158254379765087
2023-09-13,0.03527405424456534,0.032143348399032996,0.029724076252186808,0.02802601866689252,0.02697279884060102,0.02644457169819787,0.026079403621398177,0.02597756231991151,0.026103649642245284,0.026438289918663975,0.02723450852843278,0.02764560811115085,0.0273804417612772,0.02601879617621512,0.026455846767260517
2023-09-14,0.03255331157330898,0.029770182314882748,0.027484066676814908,0.025790374149706276,0.02469742705484767,0.024075602057690663,0.023591257759905,0.023348491591101726,0.023316984347184162,0.0235041855680326,0.02398184082015828,0.024157313417706692,0.02364677165926728,0.022285388476506074,0.02269698874270187
2023-09-15,0.03590938642893451,0.032765015136505156,0.030357261616513063,0.0286500851805237,0.02765481567329269,0.02716826034355672,0.02684482405212197,0.026766336899813167,0.026902880837080055,0.027237191976288953,0.028049158882495075,0.028524414334840778,0.028313403203463358,0.0270253430475769,0.027447532468757634
2023-09-18,0.0343125940185746,0.03134014041020045,0.029057464745527322,0.027439126546345904,0.02651423150880347,0.026099719757729862,0.025858337310251056,0.025860710926198693,0.026054404477354604,0.026412620024317497,0.027242741971967778,0.02794907249969547,0.02801026327527065,0.026891035109612466,0.02739111827560618
2023-09-19,0.03564757928681041,0.03270270097935839,0.03034155836456037,0.02861765351627185,0.02757519186788569,0.027037994940019933,0.02666645285534493,0.02653857810497899,0.02662036627392637,0.026916381393052496,0.027620685829756405,0.028322372013818146,0.028302011565659875,0.02711431560057988,0.027619836808741274
2023-09-20,0.034016389768742675,0.030530991277184238,0.027922087935879934,0.02610291271681759,0.025104326282589278,0.024703938896040466,0.02451940828860688,0.024577268776659368,0.024837291334347426,0.025267433569181853,0.026241625643505313,0.027120920239583707,0.02721764758547716,0.02627246218477752,0.026803107818019756
2023-09-21,0.03300058258739982,0.03023906571273755,0.028059107249901183,0.02649631667563045,0.025585765618089264,0.025164687549987592,0.024906643965159857,0.024895037830497985,0.025080222247288418,0.025423212366585797,0.026205766991970598,0.026783577589426795,0.02666962153404508,0.02553049826518603,0.026038651766578942
2023-09-22,0.03375715034695879,0.03079838287438471,0.02843065829639326,0.02669078483806598,0.025620450294841342,0.02505772285335367,0.024682591785747696,0.024554726265018065,0.024625346635909737,0.02490237082273245,0.025565917597904667,0.02635724683433334,0.026263520736562296,0.025170044193108174,0.0258207213164653
2023-09-25,0.03218351724855272,0.028289986105381804,0.025391088587612208,0.023396657978760636,0.022286098984953297,0.021804431506512203,0.021550872748697134,0.021561449918669602,0.02178311514193103,0.02220688443941251,0.023190911149385273,0.024020053983255737,0.024152456183372632,0.023258044143870227,0.02381081852577558
2023-09-26,0.033677541845745854,0.030759925589136157,0.028523915521393856,0.026964550966209387,0.026091059973944477,0.02570958603502873,0.025511904466949217,0.02557570596204489,0.02584593922658873,0.026251935854781062,0.02714036071302072,0.027914063154887293,0.02793809115674368,0.026911929411026617,0.027556441040834833
2023-09-27,0.03399453929877409,0.031025905770422274,0.028598248147446024,0.026782649395249814,0.025666126269786295,0.025090167593075332,0.02471065987661808,0.024603810162837775,0.024711291465942326,0.02502357227815777,0.02577802656277002,0.026433661035301516,0.026361872463462336,0.025267092702939364,0.025917412816390723
2023-09-28,0.03660444275082332,0.033588231190588264,0.03108018600012628,0.029164220504970615,0.0279139969718437,0.027151469131515317,0.02656219446240453,0.0262504028051284,0.026190069619503136,0.02640994789426597,0.02702150600470264,0.0274686917838785,0.027112975412889647,0.025763937303714905,0.026373920043003297
2023-09-29,0.0318964585297622,0.028415039703323826,0.02584499807226561,0.024079596708195327,0.023136225292876237,0.022782466673471103,0.02266247295055024,0.022814338782349636,0.02314703922475369,0.023612629319138125,0.02464081478997356,0.02558857786069396,0.025843986561224594,0.025013002463201987,0.025649535574518392
2023-10-02,0.03373922022024103,0.030105669945467334,0.027439477511793913,0.025601876400936852,0.02456584804677576,0.02407649017689111,0.023796284746670168,0.023784510362419294,0.023978084824157052,0.02436252544572281,0.02522371917221449,0.025922309972620728,0.0259159196947475,0.02493541008726168,0.025541746682704227
2023-10-03,0.03399995009642763,0.030496812946785648,0.02791729729514,0.026128886218731346,0.025116451529079143,0.0246329876370393,0.02436423660284348,0.02436894655127471,0.024573386419872188,0.024961166903830743,0.025815190190134826,0.0267348776545995,0.026838395067915258,0.025899743675380726,0.026569472501980735
2023-10-04,0.03536923730127516,0.03175461986608689,0.029008409001724952,0.02704967452745266,0.02588978764280709,0.02527501935182137,0.024873367578322633,0.024750144566170678,0.024844745317801353,0.025174691344716518,0.02595151038512009,0.026767328443067555,0.026855572133503505,0.025833236979568557,0.02650066260850209
2023-10-05,0.03479100271354199,0.0317387417946498,0.029485009989188602,0.02797171786359848,0.027171650201057728,0.02684716057114923,0.02669530742604754,0.02681042660271503,0.027127640482807455,0.027577209770615962,0.02852099768107358,0.029387008165449837,0.029524944754395162,0.02851490714191069,0.029178661552076934
2023-10-06,0.03411576717915262,0.031102916872433366,0.02880606032511773,0.02719357489691118,0.02629847513186655,0.02588423229292206,0.025656202020698817,0.025689410428899485,0.025911007865122255,0.026297984096688053,0.02715216808902957,0.027961766255477315,0.02800197401025418,0.02698034252148076,0.02767062977412762
2023-10-09,0.03535938305739137,0.032127986011280384,0.02962259518284662,0.027825891658919428,0.026755633164296192,0.0261786263051862,0.025795134980639366,0.025687146104474305,0.02579994113768982,0.02613146432875867,0.026878647854135806,0.02769540135294674,0.02773159216680314,0.026682780581919016,0.027384127686226875
2023-10-10,0.035887045532583456,0.03246776332728744,0.029921314769167883,0.028148328484964957,0.027151238981969486,0.02665726498026726,0.02635889208945593,0.026332303616830536,0.026532061094634345,0.026936773090532436,0.027834221001376745,0.02859832894055975,0.028658886177164763,0.02764663893922665,0.028289012547272743
2023-10-11,0.0349698722701184,0.03184284906586808,0.0294857752467657,0.027837944001200363,0.026916826779958544,0.026480795938031182,0.026229568852774512,0.026246331721077258,0.026460457129257944,0.026858763462153545,0.027759274082648104,0.028585582134757127,0.028661326010287008,0.027631204289950223,0.02834989741866306
2023-10-12,0.03699898602773802,0.03367867632924285,0.03113664231798695,0.02932466226446,0.028261228205500193,0.027690754225948543,0.027308932640117987,0.027214071204059602,0.027343025161951043,0.027686009789775576,0.02849665304558308,0.029149126065352256,0.029027480677157873,0.02782787834407473,0.028429795619776547
2023-10-13,0.033704969972660974,0.030265946699439796,0.027588721633035638,0.025605447274413773,0.02451523797586292,0.023987157749191856,0.023708036898190253,0.023713169230360338,0.02390608969247535,0.024287559112830086,0.025186481390371072,0.02622918915413847,0.026477475600536423,0.025706088117660564,0.02631201275559836
2023-10-16,0.0348220475977212,0.03177951654264458,0.029455240110407593,0.027776046154122956,0.02690808001504552,0.02652547325671698,0.026352612879909237,0.0264570032733326,0.0267453731953828,0.027187587881780096,0.028205353011435348,0.02915740133308877,0.029406945256624926,0.028497181344348504,0.0290372313388386
2023-10-17,0.03478998841240764,0.03159080475195814,0.029163637656794007,0.027407400574797222,0.026496321596564773,0.02609173010580304,0.025914244628716606,0.026012290694539333,0.026292182544393975,0.026738952416617202,0.027785859654043375,0.02888925078444497,0.029242140148063908,0.02841659079295651,0.029043564820407253
2023-10-18,0.035688988089763264,0.03291182304207048,0.030674950240512287,0.028990802080529954,0.02804244322488183,0.027532378150143057,0.027209114354199187,0.027162743135247015,0.027317137105987637,0.027667196245422094,0.028499085572637837,0.029238447765757118,0.029265404768105657,0.028156863143667322,0.02874680236697869
2023-10-19,0.03799278280113868,0.03497523450739506,0.032496838266939096,0.03058574681097772,0.029448549148414507,0.02876737437134106,0.028279112449253643,0.02808985541769874,0.0281378741640484,0.02844848862930075,0.029223134683416842,0.030039703810400522,0.03010850769593609,0.028934418477527542,0.0296027034810074
2023-10-20,0.03454250280282303,0.031241580338828942,0.028754888010899836,0.026973665094025483,0.02607020098063238,0.025696119361344933,0.0255594482723257,0.025707296484917416,0.026037691882585992,0.02652254660963494,0.027587702922154844,0.02881521308317417,0.02930322675217337,0.028528609299379764,0.029241393471483964
2023-10-23,0.03594246029819136,0.03294978034397911,0.030583082576604647,0.028846381411890946,0.027920315565046382,0.02747562003830063,0.027238347082768653,0.027275303273953545,0.027499468095804985,0.027891009204812012,0.028769446132386547,0.02986092591665767,0.03021593048353665,0.029325700986370218,0.030062719409594856
2023-10-24,0.03706704703909306,0.033534800403886685,0.030858926700545613,0.02890575919550097,0.027863323711110534,0.027334236763783354,0.02705172920950602,0.02706673514001325,0.0272841046803055,0.027702567737399268,0.028607571259786163,0.029686126029929892,0.03005711820278995,0.029207371994825423,0.029984406691476943
2023-10-25,0.03673083251664867,0.03380006338784689,0.031528188779560054,0.02988542350807627,0.02901397037975949,0.028573915368931082,0.028316009453578483,0.028331710678198688,0.02854394058197096,0.028943852047137755,0.02981169428394193,0.03055611016764754,0.030718909157202472,0.02967602844111006,0.030466891599204276
2023-10-26,0.03714738411772155,0.03396327280261457,0.03161113287936498,0.02997086459285246,0.029146118217031017,0.028766939494021777,0.02859670750126722,0.028715878879315607,0.02902681551721845,0.029496100683139397,0.03045840277510513,0.031398881921777796,0.031757580989621316,0.0308835708239306,0.031665724984998006
2023-10-27,0.03628004799572871,0.03330370763428151,0.031232375647445104,0.02991433107784858,0.029377265885599177,0.02924814755433591,0.02928686540672621,0.029559576521940273,0.029989558427918676,0.030523797533553755,0.03157963671641122,0.0324472979927097,0.03267753493526357,0.031749144636328684,0.032650043300007855
2023-10-30,0.03475758545198738,0.03116398682402791,0.028544671832280225,0.02674435185569857,0.02588132279944874,0.025560333335562013,0.025467936177063645,0.025634443365934394,0.02595682748226612,0.02645419896625087,0.027475109259684435,0.02851614500268032,0.02899604608638403,0.028200410921952673,0.029019243464506232
2023-10-31,0.03751290550235781,0.03471026968313595,0.0326055705020455,0.031157367141094253,0.03049584684324405,0.030259714908237954,0.03021510010173747,0.030403962218803593,0.030741182998940235,0.031223063711383506,0.03220057712500837,0.033308993149473526,0.0337217264355623,0.032877210512835355,0.033763224309565645
2023-11-01,0.036275375951812246,0.033066636811845775,0.030696532002723306,0.029078112872873558,0.02828418100057547,0.02795088832906196,0.02781735804743719,0.027926649561994737,0.02819279531749632,0.028642811438346485,0.029518226247214868,0.030270719515998343,0.030434290246936516,0.029496564264907498,0.030236714690038597
2023-11-02,0.03606922659622537,0.03295454259571072,0.030694372922865292,0.02918137617692781,0.028491367961736874,0.028240148564696876,0.028162554247308492,0.028298423989579505,0.028580392335243003,0.029050858532375247,0.030018209974881166,0.030872917501429314,0.031094402076365525,0.030140161406373288,0.030909214361805576
2023-11-03,0.03566926970554354,0.03241216776864422,0.030170600185409253,0.028779502951703364,0.02829563627983849,0.028264483297749034,0.028424358792934014,0.028787379297690048,0.029286511108549823,0.029898749717504485,0.0311173101290434,0.03234086813854678,0.03293718233415962,0.0322765575290717,0.03299417646514737
2023-11-06,0.03404964052008921,0.031195232118890085,0.02932108080040089,0.027949744849274243,0.027518522018605596,0.027507248078542143,0.027671966442964813,0.02803199294714223,0.02850587073953493,0.02908593171091395,0.030217133730223594,0.03130237923366198,0.03173932735089036,0.031042599750735665,0.03164800640756848
2023-11-07,0.03563177277670021,0.03202741598942249,0.02956953627164962,0.027708575360143185,0.026937860191725973,0.02667698841782031,0.026623260427620244,0.02681061142521253,0.027138877863956766,0.02765523453224809,0.02869133585040862,0.029830626831450643,0.030325535468173508,0.02957172582845482,0.030255891907601945
2023-11-08,0.03377491270205813,0.03039490797583432,0.028256555108320855,0.026744992218704945,0.026286979542671018,0.02629942806487226,0.026509528124795664,0.026942162727151643,0.027501109503474196,0.028156808349723023,0.02944542967201041,0.030607610887964144,0.031150141986447104,0.030522328964478387,0.03110327159678755
2023-11-09,0.035147846650955605,0.03190577421130779,0.029720665679075615,0.02810176631802074,0.027483829312766217,0.02731399548648057,0.027332808291710146,0.02758888148375748,0.028011337305257775,0.0285814471928327,0.02976257120030084,0.03091605568990156,0.03126433066429396,0.030533636148263443,0.031185587759849195
2023-11-10,0.035349299834348986,0.031811760721482694,0.029401390422839173,0.027665067149868366,0.026875157791956067,0.02662511386374915,0.026583573166465597,0.02680006129084436,0.02718817561042748,0.0277259144379454,0.028828213094885077,0.02990142221113534,0.03023901319305666,0.029408829535597713,0.030041923202900972
2023-11-13,0.03562886505582503,0.03161320429236362,0.028850473427437014,0.026834560449103245,0.025833825938552945,0.025443030442660303,0.02529258042665508,0.025409196957068458,0.02571511181035989,0.02624671867788241,0.027391597138926135,0.028399902437828032,0.02875991053777115,0.027901029884341032,0.028408020052773465
2023-11-14,0.03575206060312822,0.032826961181805336,0.030767201792506967,0.02924198387062291,0.02851392367538523,0.02823372880403092,0.02810436917225837,0.028220614122336677,0.028514388958142924,0.028985620436518388,0.02996191252335854,0.03069258258919314,0.03079127326306853,0.029749250014134015,0.03029334078865957
2023-11-15,0.03755161526845687,0.03412539402310079,0.03169579286197357,0.029897912976542883,0.029004076796753417,0.028637985289930314,0.028460172007196898,0.028530412578862813,0.028787314714049994,0.02927168623835206,0.030310839004877813,0.031145580491018572,0.03127403245172888,0.030224081618977203,0.030748760933697477
2023-11-16,0.036755924582960356,0.033479549953497965,0.03112898672329849,0.02935449578944019,0.028440392589612087,0.028063932240087196,0.02787899225971283,0.027962126740106508,0.028227008504921842,0.02869464511586199,0.02964956915665467,0.03065533988670971,0.030932579906468822,0.029932824930634185,0.03048653008982673
2023-11-17,0.035937462562607325,0.032585812485880855,0.030331645331415677,0.028685385288990346,0.02802414183729197,0.027858971772641114,0.027887600332226536,0.02816616197591255,0.028605268829584536,0.029200552139642903,0.030419651409986554,0.03134286552545549,0.031592266802313626,0.030564241137557922,0.03095518875962515
2023-11-20,0.03692624578197057,0.033680658156537424,0.031466095481738204,0.029819889637760916,0.029158671577097523,0.02897979063305769,0.028987515066226453,0.0292331086770727,0.02964420723722359,0.030237264542781788,0.03148287347368189,0.032525989275272275,0.03294128104762553,0.0320359783963259,0.03252567761325077
2023-11-21,0.03623643393714349,0.03264635208127254,0.03029605544675627,0.028621451514297135,0.02797371245023956,0.027827800849210757,0.027881696992552052,0.028201335670095917,0.028699861251054802,0.029352654830237575,0.03068112913088037,0.03151775443455535,0.03179711241332817,0.030845319793738606,0.031206189578870558
2023-11-22,0.03510710357426001,0.031910215938939925,0.02978438313134443,0.02824076044365945,0.027682620395930554,0.027608683750635597,0.027716867574826044,0.02805829877837467,0.028550431415258155,0.02917618816525764,0.030486186340492796,0.03147526147163658,0.03185670184019058,0.031020745890549366,0.03144530218180304
2023-11-23,0.03668986155045714,0.03315117512475652,0.03083402072268407,0.029167699095266574,0.028529631800347406,0.028394025423556016,0.028455066423172415,0.028774654381921755,0.029264711486278037,0.029927012052235073,0.03124427196095165,0.03211474165086686,0.0325357805916821,0.03160451119517376,0.03201757578703084
2023-11-24,0.036670737925444744,0.033524881572361775,0.03139833356622965,0.029835323465823148,0.029246583163169342,0.0291275732738136,0.029178633526695773,0.029483602000940485,0.02995440360090171,0.030594928265769254,0.031874304024735685,0.03289393436465303,0.03332127067017094,0.03243225758027746,0.03304332463488507
2023-11-27,0.035250645310173294,0.0317964172219878,0.029555579568928757,0.027961632269985003,0.027452348611187605,0.02748102247648442,0.027729185703722962,0.02822062914919247,0.02884119107554059,0.029580280213117295,0.03106927347350492,0.032519508114209915,0.03330027527074394,0.03278636222885508,0.0334848179511903
2023-11-28,0.03414075555152534,0.030694110675818162,0.02850311865086598,0.026982271346219534,0.026554044315627343,0.026663410803740767,0.026991808117717293,0.02756400226414684,0.028258080943612856,0.029044860979494345,0.03058980951000584,0.03199716288300222,0.03281001173371138,0.03234575411992516,0.033073720101086286
2023-11-29,0.034472169411206725,0.030993057714925942,0.028827641217249733,0.027364466124150312,0.027011253705649163,0.027191092025860297,0.02758068446185494,0.028203161461425548,0.028945791375681866,0.029769487790444228,0.03141066867980287,0.03275516595561119,0.03355480948615966,0.03294328876161973,0.03366218513902067
2023-11-30,0.0350717922904643,0.0318695938042803,0.029769635544413604,0.02825920731969959,0.027749460486446723,0.027754026846170638,0.027961608136785887,0.02840502525276074,0.028982091110968788,0.029702513370636566,0.031157421149970665,0.03251353818834545,0.03329875514095271,0.03265642146679008,0.033366568634161334
2023-12-01,0.035313109006558534,0.03222679984041929,0.03022111599456044,0.028809100691944797,0.028373300973832116,0.02840715660619103,0.02861553585298243,0.029064694714944307,0.029671512335746726,0.030414330049714076,0.0319388175787781,0.03328517171182624,0.03398430733524833,0.03330291456701864,0.03397605005348427
2023-12-04,0.03712140369562566,0.033876425570892266,0.03183166180135001,0.03039528732697557,0.029965504284852746,0.02999888438424087,0.030204441705625425,0.030672622656138994,0.03130559834333867,0.03208973056659715,0.033657352707044855,0.03496359526591799,0.03566039443755113,0.034830094177556725,0.035802887749069465
2023-12-05,0.0349779800836672,0.031492811771868884,0.029307886214295118,0.027791768844767414,0.02731904208645021,0.027349391416170484,0.027580030902472037,0.028056498275513098,0.028691414047410022,0.029480074103617658,0.03106561923433903,0.03241774820585194,0.033158480042999275,0.0324329211868859,0.033120226723176056
2023-12-06,0.035435840480727926,0.03188556544133121,0.029630875301814588,0.028060813541182766,0.027550298365458536,0.027554429393201227,0.0277721576485992,0.028247072122084573,0.02888222341522327,0.029661563868803746,0.031224475687967154,0.032711182501068484,0.03348237696918526,0.03278505184467527,0.033571333565379766
2023-12-07,0.035010274568695376,0.031597430640932164,0.029433542102142416,0.027931164155026,0.02744093778775715,0.027427896552622823,0.02759699744009826,0.028015347393722558,0.028600662309693253,0.029312973360812167,0.030785197391159147,0.031858070513148734,0.032241595275082774,0.031273761152443416,0.031920585839532084
2023-12-08,0.03392270010221723,0.03032353055221969,0.02799810312252348,0.02634763672136406,0.025741782542812217,0.025645726726368494,0.025757606636622576,0.026130335326707582,0.026663210584732353,0.027337680724458815,0.02874883012437264,0.02985830632083297,0.03037018764111115,0.029453005784052938,0.03003651548995664
2023-12-11,0.0359250886936531,0.03270027058978386,0.030626127703327538,0.02915397086877168,0.028636426131093618,0.028563582943108262,0.02867253517437,0.0290338823013635,0.029554170550050593,0.03020149271406808,0.031579081241789236,0.03278663441586084,0.03327090338475691,0.032282041490347156,0.03288644191233163
2023-12-12,0.03435289963856274,0.0309284886115888,0.028693103220103745,0.027104402438677108,0.026510486072177725,0.026410497906742148,0.026508461475102874,0.026862282793121264,0.02737251132478045,0.028017747729158732,0.02938892630906021,0.03044897622964372,0.030876111905773072,0.029900596805792306,0.03042370198627063
2023-12-13,0.03449087276115952,0.03120149445216945,0.029062208032870643,0.02757647198008398,0.027068274405732173,0.02703452317561221,0.02726780176750109,0.027723561468748697,0.028334350623985365,0.029029323869547596,0.030472671201537644,0.03191134851859254,0.03269829972806735,0.03185086522505897,0.0323379612872053
2023-12-14,0.03578988060916231,0.03181992730380884,0.02924489634075892,0.027483681557683708,0.026825392387719332,0.026724538871847153,0.026918746697181684,0.02734022897052809,0.02793527368097312,0.028659424685307317,0.03021204211812031,0.0315862203589393,0.032366280176496856,0.03151258202899727,0.03198703838301741
2023-12-15,0.03547043949662304,0.03242074043367676,0.030360473775968594,0.028878587333854407,0.02831131974763911,0.028177262634982488,0.028310295332016254,0.02864839583921314,0.02915231391324471,0.029793170286130682,0.031137686568383276,0.03222207938444297,0.03276146676278553,0.031708606511562445,0.032176885100925506
2023-12-18,0.03496029943833956,0.03128644997255501,0.0287301990510832,0.026867623063120277,0.02602932051066842,0.025714852793541094,0.025681371388405393,0.025891174026244145,0.026291903953835277,0.02688106929749479,0.028127866853808366,0.029339939706142622,0.029908918793710132,0.028864078685327837,0.029444352453811523
2023-12-19,0.034210960484864175,0.030728891402000857,0.028381128885915066,0.026728775127613093,0.026080941398280565,0.02594047377468819,0.026082862748067932,0.026451643714919832,0.026987428770136976,0.027645705200897115,0.029042098606641576,0.030344838918954575,0.030979036807520302,0.030080644958917678,0.030615465398154514
2023-12-20,0.032542304061903504,0.028773829853672862,0.026157673764816276,0.024253326221747525,0.023417098637706735,0.023154824450500266,0.023221840986185877,0.023518276102541723,0.023968941558535767,0.024567906390561042,0.025864827378679685,0.027101328830474135,0.02773108873775032,0.026784985609044392,0.027307172483428854
2023-12-21,0.03625236301747377,0.03224825560022004,0.029525011486499202,0.02757751519586308,0.026717715118274497,0.026415397586244088,0.02643837223703508,0.02672072152497948,0.027209015483305045,0.027843131220391597,0.02914799264145533,0.030467867832964672,0.031227222987215975,0.03029680942551034,0.03077410806416369
2023-12-22,0.03140682858083277,0.02827864466891255,0.0259008418277245,0.02405619837394682,0.023088067407054925,0.02262106359058015,0.022437946508600436,0.02249307028926651,0.02270742834806451,0.023092047115377327,0.02390262094571854,0.024986426937174292,0.025383445603690914,0.024398045173984327,0.02501061358672635
2023-12-25,0.034643112770681564,0.030888856536406658,0.028211866332433413,0.026236538412190306,0.025261683429009342,0.02481947930592039,0.024670723111818275,0.024779911219151685,0.025088911893344834,0.025589952231055563,0.026637673890730865,0.027609320017613924,0.02800569219375752,0.026931704076000706,0.02738091968789382
2023-12-26,0.034403574688378104,0.031063448992908665,0.028705725714616173,0.026973239408917722,0.02619652082099866,0.025901467179517905,0.025892331093675874,0.026112495781531003,0.026498604851274872,0.027047639523988358,0.028210128295743982,0.029296468692261837,0.02980640504434882,0.028757486791392693,0.029249539695224758
2023-12-27,0.03359595582088624,0.029709950973188074,0.027120082271369864,0.02530693546957714,0.02456836834120539,0.024374364098976385,0.024512254038079564,0.02491176596536563,0.025473749105621078,0.02615803748114013,0.027567447442242557,0.028929515987008058,0.029757317377638856,0.02895483507398613,0.02941596387417276
2023-12-28,0.03228238514361166,0.02832755409419363,0.025725808489969054,0.02391093194641919,0.023187861504939077,0.0229985895478494,0.023118038678512587,0.023473670184359478,0.023972887683443286,0.024595303650899375,0.025882391941616394,0.02714993325136409,0.02789888837337892,0.02708414870197036,0.027563019426018485
2023-12-29,0.03533437571716681,0.03147195091479933,0.028994201845267093,0.02728818391897003,0.026594265441483324,0.026341224691723848,0.026354125376927252,0.026616563666994192,0.027077284005906456,0.027706698263774962,0.028995302038542805,0.030033433879412288,0.030542754295886605,0.0294575106500933,0.029940299539205073
2024-01-01,0.030671019342382505,0.02673440756519741,0.02416395417588336,0.022359408520884756,0.02158757348614139,0.021308732482393546,0.021310597833408062,0.02153012733793597,0.021895846383290146,0.022437168604312243,0.02362334434781535,0.024631650312434097,0.025159930668806608,0.02425108514098161,0.024671468983232265
2024-01-02,0.029736263064847977,0.025151345438369773,0.022195208495683322,0.020167388724588432,0.019329840815683147,0.019087082014628023,0.019168156228043156,0.019496609233780503,0.019968671348714988,0.020583923466177774,0.0218445726737758,0.023154223640904217,0.02396531702035346,0.02327926932225027,0.023694709022330465
2024-01-03,0.029740018478234397,0.02539650304298968,0.02273983405040745,0.021016479402443947,0.020455510727180937,0.02043387176073,0.020715854998806,0.021217758722726087,0.021847278084483356,0.022546050535223187,0.02394209320477586,0.025312215007356514,0.026227223947532737,0.02561202694615821,0.02596063322724048
2024-01-04,0.029724874927381968,0.025011377783517568,0.02210006288624579,0.02016965214421877,0.019458740069152797,0.019316807802636372,0.019507936615743918,0.019929258638764526,0.020494874641178242,0.021173998364617988,0.022516353608892224,0.023881341599380657,0.024747315074628542,0.02406250167783925,0.024452521364200328
2024-01-05,0.03201175280933329,0.027091675047817704,0.023861251489365624,0.021563080784467156,0.020475657872566014,0.019947922889536805,0.019752913231204965,0.019820712564012022,0.02007828415986024,0.02056043202842877,0.021566375356491616,0.02248459926618673,0.02287215645521903,0.02184183235791556,0.022195529782080826
2024-01-08,0.03298830674453721,0.028555364591436212,0.025881586906474845,0.024169194504684986,0.023577886783173782,0.023460524254129166,0.023622315755636916,0.02403127589496322,0.02461993092580233,0.025298929563426952,0.02663932428968492,0.027518094038128837,0.027980325334281637,0.026901577697335508,0.027070476843882956
2024-01-09,0.03337637391984065,0.028871251978196323,0.02610570527109294,0.02433822088074688,0.023725630848754405,0.02359134005501593,0.02374305047890679,0.024140230719848596,0.024714019452870467,0.025390273871542003,0.026721688441650904,0.02775642040874062,0.028307039870830886,0.027283242340399468,0.02756686122157454
2024-01-10,0.03357057164834149,0.0300825538472992,0.027638387633592866,0.02590100207173429,0.025093596549126747,0.024674520113593383,0.02448732546401633,0.024528569526792384,0.024770562774966497,0.025188380899199926,0.026063529282548216,0.026762657183620746,0.026855244275452207,0.02553996467211026,0.025930176662390773
2024-01-11,0.03188220694713418,0.027238490358643303,0.02389884555948767,0.021381460927145372,0.020183309235460252,0.019499566162198563,0.019155413544581255,0.019081957606172505,0.019228732289911284,0.019654590120597972,0.02061070151334488,0.021630751462602203,0.02212677114171458,0.02111819113433916,0.021472511987240754
2024-01-12,0.029229184891629824,0.025216401625316784,0.022474356328614324,0.020520881812110463,0.019794695831874536,0.01952134605309818,0.019538654246230497,0.019793722382586545,0.020206952221274464,0.020787508995659426,0.021983661543565697,0.023110361079170354,0.02373611540342172,0.022977310682287862,0.023309620293680392
2024-01-15,0.030439304214266803,0.02682146591665549,0.02427083079237852,0.022397677868308263,0.02168761708373434,0.021329686742368306,0.02120339504764722,0.021292197055093644,0.02156496280624687,0.022037755038477488,0.02303327220034139,0.02399499100388807,0.024459166875871546,0.023237717924512888,0.02370766558732843
2024-01-16,0.030435416719850318,0.02576106102192669,0.022445644256381646,0.019997306580396584,0.01892224571619024,0.01836542764015195,0.018143454933683235,0.01817428478901223,0.018400215396454235,0.01886774556801547,0.01990091339448722,0.021182512178152618,0.02195610491883574,0.02122483081068016,0.02164251500659283
2024-01-17,0.025884360461451695,0.020863370409271154,0.01754092406639684,0.015254080899058591,0.014466529115113907,0.014258613806654923,0.01440401209101301,0.014779221404344014,0.0152860014952825,0.01591169449437004,0.017238430869379165,0.01858166732406676,0.019547977707207977,0.019052311858173625,0.01938288537758156
2024-01-18,0.026430158558322942,0.020984475529904012,0.017408621409052073,0.014957083893631191,0.014061643773587039,0.013768760021954245,0.0138465038188474,0.014168426105394599,0.014644536122827696,0.015269109132351744,0.016578314594958173,0.01776038543514219,0.01860159544310755,0.01803859596530935,0.01833982898851913
2024-01-19,0.02808372761392183,0.02291329607110315,0.019660725176228713,0.01753764228460023,0.016955668274097342,0.016919078838397335,0.017236540214769717,0.01778773617950288,0.018479606654787553,0.019246582106793437,0.02082112740878556,0.022203130266676037,0.023221361836532277,0.022712331160944715,0.02291932878360509
2024-01-22,0.027990549360382883,0.02290022641642954,0.01959719850520133,0.01737189879947013,0.016656454709613716,0.01647366897990154,0.01663141840464677,0.01702658180789977,0.01758044136277668,0.0182609640200681,0.019667936418904283,0.02100143405569593,0.021930232625511567,0.021401879220882745,0.021808407715079678
2024-01-23,0.02920523924476162,0.024417165036193393,0.02116251962123457,0.01886845954250332,0.018012177201878123,0.01765562667236953,0.017623455653513007,0.017831442749868698,0.018216524051459848,0.018784167397752745,0.019990806826273754,0.021284878758554573,0.022086871718499684,0.021459161364116543,0.021933329569965028
2024-01-24,0.02703198577919945,0.022854415476428504,0.020146187802439167,0.01833596833795872,0.01785788705437883,0.017798988761707008,0.018018694308424944,0.018446028057079768,0.019007560462526385,0.019646714355380544,0.02094438512067679,0.022094792458391584,0.02282525018054542,0.022191591858369532,0.022610173443679327
2024-01-25,0.026106689652349288,0.02283475357176382,0.020235288607345067,0.01818594739368973,0.017313170201991794,0.0168480709479848,0.01668008800895197,0.016719072069270924,0.016890478639483966,0.017249703557032252,0.018034602322575075,0.019625673214210916,0.020497711528930943,0.020098782027393958,0.020695420441112465
2024-01-26,0.028195113480807638,0.023960878169112635,0.021001185654972925,0.01886183951975011,0.018030446679250765,0.01763239673993325,0.017536871564935132,0.01765991595086048,0.01793380102593132,0.018399379946843052,0.01943140347307428,0.020324618219265678,0.020812126237806556,0.020011258817791876,0.02028631229943511
2024-01-29,0.025585739724495658,0.020984277204190414,0.01810174777566199,0.016249371821023414,0.015792410850848686,0.01579626683130273,0.01608585046497024,0.016579548821985424,0.017194737968990088,0.017904861704297288,0.019338630660611568,0.020605194972103075,0.02154071358342776,0.021056412770849162,0.021230089333024137
2024-01-30,0.026398006212597806,0.02179287025906405,0.018942432613445387,0.017134051130707314,0.01670656531159468,0.016716283790309053,0.01699562208085453,0.01748068658977285,0.018097283664538347,0.018808377454002493,0.02024052154387463,0.02131248047993261,0.022096231473674365,0.021466831134839822,0.02158168729371378
2024-01-31,0.02992706988443826,0.02545384162868265,0.022562607266835746,0.020644157404295108,0.02006846234589366,0.019914984177842515,0.0200483197119984,0.020412142298836266,0.020941194741500156,0.021588576267856145,0.02290186244547876,0.024034497967782155,0.02478108385631097,0.024131487141955413,0.024352702731271353
2024-02-01,0.02763115777228671,0.023253846948156066,0.020312646960844838,0.0183358206354917,0.017601341679711124,0.01736335449508093,0.017375905874646127,0.017592487862145498,0.017957305055885633,0.018505001375383464,0.01967251718112481,0.020680242200595014,0.02128442303907717,0.02059173578377036,0.02086206029340692
2024-02-02,0.03092945661313607,0.02564595864300854,0.02221371344745053,0.019978352151289867,0.0191495961777271,0.018892646367443266,0.01894130431834036,0.01923661053868506,0.01973462698375778,0.02041015657058224,0.021813667305482086,0.02308107003710929,0.02395440765285834,0.02336868287854254,0.023651288270840173
2024-02-05,0.027413985665425602,0.022968095728573928,0.020076697275262574,0.01821241518464315,0.017599305899676614,0.017466827865402514,0.017593555659813943,0.017923166910761387,0.018412196202372735,0.019036436242601273,0.02028719933923181,0.021473514667492734,0.022265050545894987,0.021659588428730548,0.022011018674349046
2024-02-06,0.027915153653062522,0.023764959239345657,0.02107254785007943,0.019357411483692497,0.01885369770807333,0.01878193496215233,0.01893935424996081,0.019279700519116007,0.019786836365267752,0.02043286306403067,0.021744851538253788,0.022844654471752907,0.02350366376002725,0.02283734471245815,0.02313773269322943
2024-02-07,0.0304358522173987,0.025988213562725557,0.023059384686897947,0.021168041185395055,0.020516425449332756,0.020310850072638362,0.020331747203597695,0.020549667977065988,0.020977068210441232,0.02159692333738002,0.022884118812901966,0.0239580439768441,0.024531889606117303,0.023723540845486998,0.024001339599131328
2024-02-08,0.03095707155945007,0.02668337545015299,0.023881546850305534,0.022089673686573903,0.021536688407521463,0.021442428911115547,0.021597472539230892,0.021949172254953193,0.022499504169092355,0.023213600379475657,0.024658061717470356,0.026057761348918202,0.026898274452837028,0.02629319979422928,0.02664179981382764
2024-02-09,0.030824806164545332,0.02604589974235478,0.02294483098660533,0.020985238814333132,0.020328877672899773,0.020154621276355842,0.020225318411765572,0.020508076374046738,0.02101963515309133,0.021710266535717157,0.023129484640417017,0.024249673868502825,0.024891039398395192,0.024128697985177538,0.024365587956667496
2024-02-12,0.028446731738004438,0.0235721142610988,0.020528099155762047,0.01865903751470852,0.01813622779487052,0.018110776610694036,0.01835056109111529,0.018781044733631732,0.019406466821552604,0.020193907765539594,0.02175400555261161,0.02306344535454148,0.02395850168508406,0.02341862032105296,0.023704514155948098
2024-02-13,0.028153246196083653,0.023849070531050537,0.020991332538610092,0.019166683383022704,0.01855256857055966,0.018393501061775102,0.018466115785402033,0.01872738060499357,0.019186625414286416,0.01982130283707659,0.021120338672742076,0.022334200066597656,0.02298572838092939,0.02233756089749501,0.02267308351514167
2024-02-14,0.029810585641317593,0.02568142257383318,0.023081320670707398,0.021517324335856396,0.021116238064899612,0.021089588587934898,0.021250907315611703,0.02158283604639788,0.022111196134948826,0.022777844462755246,0.02413713362432998,0.025103086254462573,0.025580689919653433,0.024749790810856574,0.02496029814895338
2024-02-15,0.03014456716160356,0.026119723725293142,0.023485886340669306,0.021835334563718133,0.021301284344638866,0.021150254121095377,0.021195631617832573,0.021432813896475247,0.021877186920028026,0.022477904570354992,0.023663250332660108,0.02461354742324242,0.025031004074356426,0.024139998484295946,0.02441708113627065
2024-02-16,0.02738391303459297,0.022599798572906112,0.019574088911892776,0.01771617709929023,0.017137948649076657,0.017053005928420656,0.01722663138133212,0.017594791022496774,0.01813881799078744,0.018814613540024706,0.02014183008746575,0.021356479587171736,0.022129009177032418,0.021531864773976287,0.02180228329366357
2024-02-19,0.0313202719652506,0.027367778987272835,0.024736144423981556,0.023058969219240492,0.022479020734221436,0.0222614231016142,0.022232775845130864,0.02239001673393861,0.02276638404167252,0.023323959775514876,0.024435059605276713,0.025432806666177827,0.025863151332335806,0.02491643462715201,0.02518440815385843
2024-02-20,0.029816747337713327,0.026058434633082418,0.02358211635422059,0.02202598501752207,0.0215392533732929,0.021402942738991043,0.021449445932913706,0.021660427780920918,0.022060123232569336,0.02262505754745153,0.023783838404532305,0.02478996543314641,0.025176708676384867,0.02432876473385085,0.024596262159498596
2024-02-21,0.028488641226860005,0.024214214328870096,0.021397103703705886,0.019600891394715207,0.018964412968503853,0.018757783903200233,0.01877914873125127,0.01898893673262685,0.019389784122110936,0.0199683362400279,0.021141645656492833,0.022222729961885263,0.022742720597121693,0.021960302362464254,0.022180174124567617
2024-02-22,0.030897104949249667,0.02650706743498665,0.02364925786886285,0.021855960512752334,0.0212579849017813,0.021098325220116728,0.02118005219933862,0.02146105026472498,0.021946233857383573,0.022598348291174877,0.02389606772686509,0.025253400598937964,0.02600719469544192,0.025385720234107283,0.02566048578496448
2024-02-23,0.029920174858097143,0.0258505038524344,0.023258198388861315,0.021672335870945022,0.021193366985136287,0.021077800150807954,0.021159415538451132,0.021411567046039512,0.02185408179442283,0.022470483907696206,0.023725990009575298,0.024710311275405045,0.02521649679580052,0.024388483006024336,0.024600610971260282
2024-02-26,0.02724334031391038,0.02362973699031682,0.0212711956526846,0.01982752597804167,0.019420931054937276,0.019356269531024352,0.01948088364795664,0.019765526777075555,0.02022013133554873,0.02080880504085795,0.021978604895091305,0.02315422846678466,0.023757428649220626,0.023124335410166806,0.02350572530098536
2024-02-27,0.030517768718145124,0.02572486614556694,0.022626545776869275,0.020684030250626484,0.02001908371843084,0.019837998789164743,0.01992396764928584,0.020216180547689387,0.020714311816725384,0.021411426549690124,0.02282121256577052,0.024228945979481834,0.02513336350441381,0.024667608782089394,0.02508067738904515
2024-02-28,0.03071341937352334,0.02705887733267179,0.024558986896032222,0.022940837723086756,0.022370114126014015,0.022157357593589846,0.022136102620546966,0.02228586889287284,0.022622628559535733,0.023169386764875177,0.024295365660011586,0.025385660601405707,0.02590087224806864,0.02516347874941827,0.02561195414141377
2024-02-29,0.030900536600877895,0.027364112730931752,0.024878374767634975,0.023219112103408632,0.0225859201526443,0.022283404273980765,0.022159717006916813,0.02220366332845108,0.022437900722243324,0.02291747576601671,0.023924142025344108,0.02493674599663747,0.02535625429727413,0.024526290081679628,0.024960357364524368
2024-03-01,0.030858488574047875,0.026745767734129424,0.023979327423526754,0.022201595437830533,0.021529248425083167,0.021300222732110168,0.021301750722739134,0.021473860397441355,0.021875569138010833,0.022452077427066747,0.023681627575232598,0.02489483181612692,0.025569323019104834,0.02489225010213901,0.025136878506829198
2024-03-04,0.027607382431015667,0.023537370858144335,0.020894739289948106,0.01928101333183127,0.018769996985564693,0.01872054853016806,0.01890859200033499,0.019267787220517595,0.01978828489351382,0.020384318868205704,0.021628768121909617,0.02296169462096102,0.02377786395823151,0.023321338128929288,0.023760124414318955
2024-03-05,0.032343715516251266,0.02847136558027919,0.02584725048942433,0.024189941474037763,0.023549751124309466,0.023302961181186896,0.023246598698286252,0.02337046344520073,0.023728653329948085,0.024253533692963878,0.025348866700051115,0.026474547602234832,0.027079495978022266,0.026278015077191474,0.026617618794409527
2024-03-06,0.030210526184008404,0.026513133797155388,0.02398205332418224,0.022383329816060497,0.021774109530472072,0.02155540585628457,0.021515346187259764,0.021635581550879943,0.021962617144831845,0.02244990747423388,0.023518793308501845,0.024566000380445735,0.025125086142439926,0.02436155482204807,0.02477897284060589
2024-03-07,0.03308043894611183,0.030169697374060576,0.027990740968402743,0.02651500863325227,0.025857776143967996,0.025488327583215294,0.025260860002155074,0.025200268269360775,0.025378788198258225,0.025758672782571723,0.026601243912851968,0.027557815180629684,0.02790663492612469,0.026950207415564528,0.027361106399865345
2024-03-08,0.02911001541920462,0.025251583172407412,0.02258981367130289,0.020876675091596946,0.020181392181666934,0.019929720245312907,0.019911337677325336,0.0200719145008267,0.020437652347784684,0.020960513273864168,0.022066986735539758,0.02345084141947154,0.024283421736502855,0.023801017906027212,0.024276660695297804
2024-03-11,0.03247861912262227,0.02909259651146866,0.026818497433357423,0.02541785933858929,0.024903516732759427,0.024714075459904703,0.024702693190560013,0.024860495049127206,0.02525464446606101,0.025782568878071035,0.026879524832046676,0.027895186571996786,0.028412741595031297,0.027509435672180345,0.027831951995504124
2024-03-12,0.03129948796944245,0.02767800243613102,0.02524254415836874,0.023730649791447567,0.023147448176543576,0.022923895695967676,0.022900028381695227,0.02305484622856028,0.023437420492351684,0.023957336223449123,0.02503289792283668,0.0260403269836844,0.026561552096257008,0.025678632748638363,0.02600350925383563
2024-03-13,0.030439920127891956,0.02704541652486187,0.024631622246142675,0.023044747166395544,0.022372488445539594,0.02209017161639533,0.022031964477658303,0.02215082785168941,0.02247745728009107,0.02293980740510549,0.023922483589274207,0.0252254616672722,0.025889825053410084,0.025186292519927968,0.02571102541744392
2024-03-14,0.03077997459138769,0.02736337438622547,0.02506746970894752,0.0235106338303399,0.02290390234069768,0.022685137184250997,0.02270164179977184,0.02293083964268023,0.02331003487774479,0.023802951029827702,0.02487518797180188,0.026234877190913844,0.02696007691255383,0.026280421226224718,0.026669098294167606
2024-03-15,0.030927216814710994,0.027172992746932283,0.02464329521205988,0.02291560069663641,0.022194985602049314,0.021903983373844246,0.021871219317666574,0.022067449251434026,0.022413380280547672,0.022896717347979538,0.023998704662243114,0.025397761981338623,0.02619447285211885,0.025507227069181737,0.025894512839588834
2024-03-18,0.03206753752630617,0.029087776891932433,0.026769933519030356,0.02500022080877969,0.024118772986126785,0.02359081720832424,0.023293935088157212,0.023230993178437544,0.02334606379616102,0.023666404255608363,0.02446775501560412,0.025731443144045647,0.026241445463033777,0.0253331100924934,0.025835989341662802
2024-03-19,0.032902565066611496,0.029870304564084314,0.027626346566767445,0.025969194495647153,0.025209885055022332,0.024790508579857647,0.024611083162239998,0.024670104958910824,0.024901325393179567,0.025307306638318223,0.026256022042993644,0.02754217723019999,0.028115921972847176,0.027256450427771084,0.027670616082831626
2024-03-20,0.03168100327677801,0.028327273879678035,0.02589745821985637,0.0241284255338497,0.023320760226611902,0.022872870493171157,0.022667556587685354,0.02270235343504405,0.0229123112041123,0.023314074652010554,0.02424843438805762,0.025432389321433584,0.025959889592178504,0.02509456717041802,0.02550265331285607
2024-03-21,0.030563712076691056,0.027427056300671413,0.025229104174713527,0.023699335014795334,0.02309409941347102,0.02283182858943863,0.022808907809577256,0.023024822191695677,0.02338475993916428,0.023851727735113206,0.02484058754301863,0.02607045286324872,0.02672035355515473,0.026002589806430946,0.02634870525592823
2024-03-22,0.03205065892013303,0.028862372023180993,0.026492761523031427,0.024744204982212505,0.023909857693439653,0.02341487516018849,0.023165724186326564,0.023179563249321373,0.02337114263926132,0.023740807358639437,0.024543833156619444,0.025544412058851784,0.02604252283629949,0.025141992494177364,0.025517454209427037
2024-03-25,0.030223761962825925,0.026654165169234273,0.024079709009857005,0.02220801474979258,0.021350728419977774,0.020906820649851894,0.02074677337696854,0.02084457547164182,0.02108999908055657,0.021469132679024193,0.0223012497797208,0.02348818437345489,0.0242534539208349,0.023579433327540547,0.02397850030861272
2024-03-26,0.03167475859965317,0.028128810541427535,0.025545977256942298,0.02366504548696416,0.022776061117475647,0.022290123500490935,0.022099874445437703,0.022182125302945173,0.02241315212754649,0.02278672474601124,0.0236324106383564,0.024836406240949065,0.025582242786363854,0.024978075118140274,0.025302188041532978
2024-03-27,0.03276547836660983,0.02903659545489031,0.026486388428011577,0.02470719930302315,0.023950410694115774,0.023575982487636097,0.023485840448880746,0.023665689342499074,0.02399721796469829,0.024428219104808607,0.025373707720054497,0.026454507605073597,0.027108245414330604,0.02636723109956246,0.026584536918018275
2024-03-28,0.0333638828900538,0.029920903347085675,0.02748723886328002,0.02575663544433537,0.024936701002327512,0.024447066727203443,0.02419863876505034,0.02423311458808753,0.024448527190101998,0.02480141143878269,0.02555949055364301,0.026312501215694208,0.02665240933578421,0.025687340692258486,0.025790461785317458
2024-03-29,0.0335691104024956,0.030174736839115812,0.02771504712952507,0.025912366132946604,0.025044799344287123,0.02452436922499407,0.024276740954386977,0.024304218922919705,0.02450140849856366,0.02485187761196142,0.02562921392093209,0.026769689195477703,0.027242028527318773,0.02661319592202999,0.026969274037628756
2024-04-01,0.03135714073164027,0.02787784807696117,0.025442345218577366,0.02370884817049485,0.022904098746457553,0.022492748869085796,0.0223642076653523,0.022494785309905365,0.0227650561865549,0.023157236845453837,0.0239942769974939,0.025300549775905325,0.026006256251010468,0.025565589035675407,0.025784036028419166
2024-04-02,0.03118794444178069,0.027839584298847937,0.02527794140099949,0.023330258346793566,0.022258776909184316,0.021570501485439438,0.02114889322144984,0.020985783698424795,0.020987548399465112,0.02120173128516712,0.02176136695927179,0.022738735141179474,0.023072200670945855,0.02241719816470982,0.022679975175120562
2024-04-03,0.030937937421855615,0.027763370091443636,0.025503711850842718,0.02388026283972045,0.023115079149164008,0.022688568803343984,0.022522271450613213,0.022620068157742874,0.022858616329077864,0.023208669868541466,0.02399607030879202,0.02509808767639254,0.02563764658587797,0.02507718676241004,0.025270626533310147
2024-04-04,0.03455185860430124,0.03120332265277612,0.02881222248444899,0.027075222602394547,0.02621404819427635,0.02566119033902007,0.02534171121184449,0.02528344295187089,0.025406123666363353,0.025697080902177503,0.026394609759165712,0.02738194875924541,0.027753366670902804,0.02700939728932565,0.027207477090139653
2024-04-05,0.03112712689400691,0.027568033506737685,0.02515395984134027,0.023498419128194333,0.022780349481022383,0.022419578856107996,0.02230635219720748,0.022437334820706256,0.022714182178035513,0.02309363646608162,0.0239466794853172,0.024975945801728846,0.025488384330443217,0.02492961628007289,0.02509435760393491
2024-04-08,0.03318002063228116,0.029473395957584945,0.026915315981971926,0.025127305722489456,0.024300700159440265,0.023828272302747287,0.02360906084328933,0.023653893877505067,0.023871583062481074,0.02423796885092766,0.02505224264181141,0.026038438808450054,0.026500322667528366,0.02583991487696518,0.026022871159460927
2024-04-09,0.03153869250419541,0.02804284443671456,0.025636903053773773,0.023950443316279844,0.023191155520376386,0.022779024710125922,0.022632025414018275,0.02273223420918584,0.022979571070420833,0.023350986729155733,0.024191930044843823,0.025351452757874298,0.02588653032089968,0.02532857611456895,0.025568650890716416
2024-04-10,0.03206145717086417,0.028167064423856955,0.025558118639587766,0.02379147041908441,0.023021741525644658,0.02263193181817404,0.022502684658215394,0.022626961251303746,0.022917156400565276,0.02332859402329215,0.024243849872262302,0.025290756294334114,0.02576487468256076,0.025126058480448077,0.025295914032305293
2024-04-11,0.03177828696049819,0.027977070773052563,0.02538614213825152,0.02361209806425474,0.02282805235232943,0.022416956980487176,0.022261177664848496,0.022364274489074496,0.022627149486583897,0.023017473571545728,0.023867097391439593,0.0248618240396795,0.025307359417007066,0.02464545658506875,0.024850469334967096
2024-04-12,0.03295922500375639,0.02895014285482907,0.026331454551528,0.024591340806913956,0.0238636913680316,0.023502812104075295,0.02340175673056574,0.023567034081052596,0.02391987054562813,0.02439332022535545,0.025396722892095016,0.026222807269607434,0.02665866818765027,0.025895353430592842,0.025966007158598498
2024-04-15,0.03243423803057885,0.029061657426023346,0.02669948963434379,0.02503585637332534,0.024273546556995537,0.023847089494607402,0.023673264608230504,0.023753519396565292,0.02400345304041752,0.024385051874644174,0.0252256201396291,0.026064412577747314,0.026447536219785815,0.025643860152326708,0.02585232082468545
2024-04-16,0.03271046065321165,0.029510855080201525,0.02724764172327973,0.025656244316452026,0.024949106434274563,0.024554177479447027,0.024395285744974744,0.024471563629599662,0.024711764975445003,0.025088196346285497,0.02593084305543292,0.026854569541844425,0.027272280857263447,0.02652782975948076,0.02679697187193008
2024-04-17,0.03181672474824872,0.028134538490317305,0.025582399846342915,0.023816332448599813,0.023026861950583725,0.022611779547380414,0.022460560918052024,0.022550611395737632,0.022797957218441106,0.023182946710138395,0.02403221314001111,0.024864367573479654,0.02528481738647552,0.02456572676042581,0.024794351721079768
2024-04-18,0.031918096291011014,0.028566161659850778,0.026298088224553703,0.024770662061563052,0.02417569561254844,0.02391645777164341,0.023914330156987042,0.024148400109616282,0.024522892279053892,0.024979222351566587,0.025950935089005405,0.02694190191350866,0.027474727874182946,0.02685869117559427,0.027148782396384002
2024-04-19,0.03297437220635842,0.029177936982035864,0.026583453660872582,0.024797053199367643,0.024018119281087016,0.02358879722426012,0.023414310607658608,0.023483623018670522,0.023721927009431203,0.02411029658353084,0.024990763462549137,0.025773736023786478,0.026133022419256434,0.025386822316983866,0.025624917626456547
2024-04-22,0.031985806538825524,0.028622725823228248,0.026230901467786012,0.02453655981485393,0.023769143363953343,0.023335801098470277,0.02316553162591989,0.023235896067669952,0.02346315039637871,0.023837406170474213,0.024708858103697218,0.02569675109340041,0.026195734565822155,0.025580150604867017,0.0258730006420765
2024-04-23,0.03165393383830103,0.027919649685255538,0.025334100757530766,0.023538448411968216,0.02270904349414313,0.02222884239908625,0.022009950723943145,0.0220466936883263,0.022261626843988774,0.022628431862838302,0.02345614936511361,0.024066001040775657,0.02434283323319774,0.023446851925210982,0.023595956837966257
2024-04-24,0.031424376621720124,0.027997496635828605,0.025492787895214822,0.02370386626854458,0.022843473334162114,0.022332247402344383,0.02208096641440081,0.022074820192641984,0.022239278439175527,0.022561404136788945,0.023329939163747974,0.02410159015886869,0.024422357994950544,0.02369219533585321,0.023942535842893187
2024-04-25,0.030191295150111947,0.02639272849817381,0.02373072375638275,0.02187865601605612,0.0210288137033824,0.020558925363230025,0.020374772214964202,0.020443200771135196,0.020674283930589597,0.02105153824560446,0.021933694022633638,0.022673544495785077,0.023051700685509883,0.022374040437952738,0.02260177325621137
2024-04-26,0.03144055799287624,0.027909339013905063,0.025432221858133874,0.023711206345232726,0.02294623469855232,0.02251746763645678,0.022369321779662124,0.02248140488413036,0.02275414995646333,0.023149132063697012,0.024031576759629705,0.024835197706418476,0.025209523195384154,0.02447243939229818,0.024707174095109148
2024-04-29,0.03093877420718829,0.027667001553594434,0.02523730140305001,0.023467985518536773,0.022599380287873422,0.022052963624736455,0.021780399102367787,0.021765403473355465,0.0219117921988472,0.022215064709094835,0.022933849457185955,0.02372456163556391,0.024010281972408908,0.023254750816286508,0.023562003191314223
2024-04-30,0.030714505840988632,0.026646053729832895,0.02390350392726355,0.02205575767347578,0.021263567126226936,0.020863627687750328,0.020769392429931102,0.02094443506830474,0.021280314246364763,0.021729053629696404,0.022713865015745204,0.023450275667433792,0.023856494375628184,0.023135343006240768,0.0232904374777214
2024-05-01,0.033153112832541576,0.029525703462240704,0.026943480743378045,0.025133556635990432,0.024273633055134133,0.023749673148147996,0.023488423595866798,0.02348764428965757,0.023672000019655224,0.024030520487571344,0.024831550390422067,0.025566273062119744,0.025856599574184787,0.024993210319929546,0.025256437939887313
2024-05-02,0.03052773664256121,0.026972758421105875,0.02459955495136094,0.023055980800914654,0.02249633029520218,0.022278208788491374,0.0223252948716897,0.022616350141621087,0.02304428299280166,0.0235299913232769,0.02454264326454437,0.02544460375750018,0.025971798833465867,0.025359110146711498,0.0255598909698817
2024-05-03,0.030536124758549558,0.026519570173937777,0.02371239987093525,0.021788439968811718,0.02093226969603512,0.020498902435846303,0.020379566160954498,0.020523365445828366,0.02081815272586432,0.02123243482708409,0.02216898671461561,0.023180543619738616,0.023726972605030316,0.02314642140824923,0.023406366340861316
2024-05-06,0.03176025398987073,0.028394645944613314,0.026117980533810148,0.024622388263904272,0.02405829919615663,0.02380071637364707,0.023804006373125648,0.024062988073747568,0.02446573928952467,0.024926761897306488,0.02588028291019695,0.026665966546896788,0.02703696240096289,0.02622555466972542,0.026391718786351295
2024-05-07,0.03178315672082052,0.02821615244140576,0.025655205423499645,0.023860425221060782,0.023012899695249056,0.022521756174052103,0.02231640839325531,0.022376915842891407,0.02260801622319521,0.022984135663473723,0.02380302387322468,0.02469873373225908,0.025038485373650013,0.02424767989500637,0.024543456550387463
2024-05-08,0.03217956766993829,0.02897732158041429,0.026622914321833564,0.024942227049479692,0.02414339332593748,0.02365309264776929,0.023409538448203322,0.02341268046441192,0.023578764424773708,0.023889095099936395,0.024634679275072492,0.025418571254127775,0.025597876319069506,0.02472949479205496,0.02500217081363124
2024-05-09,0.03292608501222656,0.029245969456023473,0.026539675977807393,0.024597751592112433,0.02361289034126003,0.022991400781191634,0.02266134771575283,0.02260656959672306,0.022743641900035878,0.023052640465360638,0.023780430582583684,0.024592911122164555,0.024771456074452976,0.02386500178466692,0.024162246708824768
2024-05-10,0.030701529834304866,0.026945884324252763,0.024377346015424517,0.022641884715994202,0.02192698827343424,0.021598420462096334,0.02156424770678362,0.021794849548232187,0.022151828978770337,0.022571016647236472,0.023465526647068986,0.024511716165455777,0.024875439154087787,0.024196666003938033,0.024429722993875448
2024-05-13,0.03274969800569606,0.029973664190827285,0.027821874122923668,0.026253612533983693,0.02550091587346554,0.025010376276537512,0.024749297580546878,0.024747046525354366,0.02492197780598375,0.025233264469946858,0.025941410206572237,0.02661342034666908,0.02663568717885776,0.025620855302138746,0.025850896215611097
2024-05-14,0.030391664318274385,0.027045834765653642,0.024599598438456587,0.022894829590552224,0.02216626362300576,0.02179754760630328,0.02168313613356046,0.02180336867649357,0.02206820743285366,0.02244846977124954,0.023293737465616377,0.024117765061068167,0.024450367341606345,0.023638151697861032,0.023847937149877044
2024-05-15,0.030794201336983688,0.027741362116725964,0.025580547040072444,0.02411484326217044,0.02355288629795008,0.023291254347319743,0.023263182549177152,0.023458389573798675,0.0237791150082753,0.024181098011457257,0.025043496241768316,0.025914433816950785,0.02626766977795911,0.025473816288188626,0.025671434801205966
2024-05-16,0.03184782704991134,0.028645831035915226,0.02622961665524147,0.024486616285491605,0.023677622516406992,0.02323083365450801,0.023052700736721287,0.023121286017473302,0.023341584628826684,0.023692549132010004,0.02448520695784267,0.025537727172136534,0.026015135323485556,0.02527293737788048,0.025609607354189354
2024-05-17,0.03188072118721213,0.028827865585535885,0.026533756651962538,0.024899454758668935,0.024154849927414606,0.023742926715959782,0.023587283509581454,0.023680983153447403,0.023928863274623464,0.024297537499143235,0.025106685412329705,0.02606883954708967,0.026517472289842196,0.025750432376569002,0.026034692745387163
2024-05-20,0.03313890388524851,0.030045438452832217,0.02769661715201628,0.025992618360956486,0.025168395332678527,0.024665452316305667,0.02442447915206256,0.02444177299836635,0.024627915996308012,0.024953668227359973,0.025693388552111646,0.02658393578043207,0.026976947074172006,0.026104034630217616,0.02639489271852032
2024-05-21,0.03056662076288996,0.027752286967402503,0.025582124414282564,0.024003222056266177,0.023265097404586807,0.022844546568773806,0.022679753077020075,0.022751909496324052,0.02296757301428932,0.02330477841129323,0.024034188748773305,0.0249883667151679,0.02546369146365096,0.024727207901659394,0.025114140723598844
2024-05-22,0.031810036520533026,0.029195391602315948,0.02720453722968901,0.02578273519291502,0.025138039587963658,0.024767952572917702,0.024638981381888844,0.024754304418280255,0.02501171327981516,0.02535252394751016,0.026083336160409313,0.026830860404756567,0.027100956049214794,0.0262416657733007,0.026474088788800924
2024-05-23,0.03239541174145683,0.030359990643235434,0.028749732650194544,0.027594754345852953,0.027120046031922928,0.02685569636685976,0.02679379394458997,0.026950599082151718,0.027237465756338806,0.02759561626808415,0.02834187100596174,0.029191475498664368,0.029551708661441148,0.028705607717781634,0.028983854641732802
2024-05-24,0.03182845491658307,0.029070290356925935,0.027016028626726828,0.025579092360420885,0.024966657101363605,0.024676474578441077,0.02464271786657991,0.024843692080017743,0.025174273410648106,0.025588576163238317,0.026461673359882386,0.02743125091950483,0.027976109660589683,0.027291848754660678,0.02754166333040415
2024-05-27,0.03251954737885634,0.030047962786983944,0.028043596587458114,0.026549444567597218,0.025796691631372496,0.025317925997629536,0.02507566387932413,0.02508003757326336,0.02523874987603744,0.025526422117559483,0.026170848985337055,0.026941855395655148,0.02722536083738742,0.026370664726406347,0.02661689178548222
2024-05-28,0.03226475220253105,0.028985223458730794,0.026545441854276666,0.02480810927232145,0.023959372543395238,0.023477217343317907,0.023279793586251558,0.023347007732574993,0.023582049845985675,0.02395039229598376,0.024774074523247064,0.025487112980486126,0.02582565633157374,0.024960495404475456,0.025118808694388726
2024-05-29,0.031606453679269765,0.029016290392382967,0.026956302268541756,0.025446679431922654,0.024699628285962193,0.02425459581469312,0.02406343600577729,0.024119145509921044,0.024323001210255286,0.02464161104789121,0.025342681002469027,0.026157012904066003,0.026492702629173567,0.02562064456584935,0.025858329523125313
2024-05-30,0.03213253565440627,0.029548372135289585,0.027616386495979042,0.026281663674527053,0.025688443610420993,0.025401780668012245,0.0253625686435116,0.02556364528661647,0.02590462399844649,0.026312291356425592,0.02716290373717494,0.028027849316784554,0.028440330566330715,0.027616752658237084,0.027807972010798425
2024-05-31,0.031769516518144136,0.02903720306172966,0.026879751968635502,0.025281070457013177,0.02443756631765856,0.023939651979069596,0.023721279669501962,0.023755698551985966,0.023935481906554472,0.024248826105325135,0.024964149303897183,0.025853883378433543,0.026201040950080873,0.025423956469245747,0.025673726731511165
2024-06-03,0.030409099581446844,0.02693345264609212,0.024356527900275222,0.022519272692994842,0.0215984810223924,0.021119893559878797,0.020983020083568216,0.02111161699465132,0.02137511046057202,0.021760275430452673,0.022618813844363227,0.02375994874784058,0.024439184796698946,0.023963634354583527,0.024168174726756277
2024-06-04,0.03318859387084053,0.03025664056870823,0.027988384517024296,0.026328707302035025,0.02544958368912836,0.024889149390638632,0.02460356657270113,0.024593256406380572,0.02475564798165675,0.025067234371023327,0.025757105978218137,0.026560196435317786,0.026915569334946265,0.026093360912866553,0.02623526885860996
2024-06-05,0.03111919876611995,0.028542514012872104,0.02641303402597738,0.024802983397434704,0.023916318984985932,0.02334999090265305,0.02306086310855696,0.023031446824583083,0.023158809882115407,0.02343294667304609,0.024064682449098606,0.024901572195434846,0.025238759283071364,0.02446716302434762,0.024625531822031484
2024-06-06,0.0316163207491008,0.028572972617548053,0.026249297509993372,0.024570671977028058,0.023701647327801712,0.02317244039607556,0.02293781514576338,0.0229761897110935,0.02317843947678632,0.02351669221432774,0.024255024977015642,0.025103716769632526,0.025525176996102402,0.024772406617018523,0.024865485147803207
2024-06-07,0.032673284156547404,0.030229653915302412,0.02825021514225623,0.02678272589988945,0.026000700166917686,0.025480766201954445,0.025206283218643672,0.025185425297628735,0.025326915612337915,0.025617610793532804,0.026266442702662277,0.027047354776124962,0.027384147134328695,0.02650352622563777,0.02662448678579297
2024-06-10,0.032739320540717425,0.02997132344241039,0.027746183263039483,0.02609267480298134,0.02520761435975903,0.02465530713487991,0.024400095662850448,0.024428083985057494,0.024614597105248232,0.024948011739145556,0.025693188809621147,0.02701109708462051,0.0276526671114174,0.027116562170540343,0.02729238285379877
2024-06-11,0.03335334693277073,0.030600645609897583,0.028451052920376897,0.026881712449654527,0.02604981670044201,0.025508199533166145,0.025233824209888515,0.02523015436377557,0.025407656441534903,0.02574239685154739,0.026474713525645815,0.02734897656387861,0.027719109279713338,0.02688726746200119,0.026971341260837237
2024-06-12,0.032633413383364875,0.030264246416902965,0.028338573121410273,0.026918891031822264,0.026175205738409774,0.025692505984361392,0.025458806650596976,0.025484341627134404,0.025664629924140987,0.02597998767018512,0.02667000133057798,0.027648464350569276,0.028098400687092236,0.027341636151095285,0.027483532657380967
2024-06-13,0.031809734026979064,0.02938058524837934,0.027417738992857658,0.02595913368063124,0.025188795785866643,0.024698486996221267,0.02448491359366025,0.02452799255073938,0.02472292829229817,0.025053799394060702,0.025824390070681297,0.026822326244544316,0.027264238859274183,0.026523662931316708,0.02663276550627197
2024-06-14,0.03204834162181058,0.029928779326067075,0.02815973965534671,0.0268471970439783,0.026152202329981864,0.025667936367906544,0.025415720952175435,0.025415128476739626,0.025580010173535256,0.02588322343277975,0.026565517928775505,0.027357128773808925,0.027679472964540524,0.02676263136387434,0.026866998527360374
2024-06-17,0.032247892892431025,0.029739762374745373,0.027724179932512128,0.02624426715369506,0.02546128360908417,0.024950847389612424,0.024705710328832193,0.02472644978650368,0.024914148151613916,0.025247828022607086,0.025986834119006263,0.02690577211397388,0.02734111803102852,0.026559589063164375,0.02669663104150618
2024-06-18,0.03211273467262014,0.029843459409210092,0.027921661090869895,0.026467349587917355,0.025653827230217585,0.02509078119915806,0.02478329413448132,0.02474853834691441,0.02487923789539986,0.02516449170987819,0.025802813327711255,0.026786977177328163,0.027221916313287343,0.02643303466461932,0.026590530665682538
2024-06-19,0.03180286524083036,0.029452153592613863,0.02753084085720647,0.02610839273959226,0.025363860607643098,0.024890445949158766,0.02468080410570445,0.0247245001997509,0.024920876478264617,0.025250786518619908,0.026021829979841583,0.02715979071878871,0.02772790789831831,0.027073027914626,0.027264458747351776
2024-06-20,0.03228439466154169,0.02918431138406696,0.02691332068681255,0.0253477900117612,0.024584734743034353,0.02414432900553374,0.023983758783183706,0.024098778738315323,0.024385914942577566,0.024797633937862378,0.02568266410691931,0.026548262533281585,0.02702229695540011,0.02625431528067171,0.026281628275535356
2024-06-21,0.03326753387469131,0.030515851239959067,0.0283018982544618,0.026652899194744534,0.025725757336279548,0.02510232696028958,0.02476149918009765,0.02470072411769115,0.024820718311533846,0.025123500206841988,0.025826219305182953,0.02678043931264242,0.027207451355827944,0.026400520842590067,0.02655512987530968
2024-06-24,0.03314108360902836,0.03080500806016437,0.02880787119567026,0.027268208461164237,0.026367082338793,0.025724782004343614,0.02534154324338946,0.025215163580446454,0.025278753960987062,0.025537335978905756,0.02614556914350335,0.02683330443494954,0.027015029894644067,0.02604814695963301,0.026145168229607697
2024-06-25,0.0320780396920124,0.02981840978117946,0.027849525706988426,0.02631109909284917,0.02539702552772566,0.024752751059436334,0.02437393196370556,0.024241721616104293,0.024286930581037657,0.02452449582933171,0.025120576371778693,0.025929036083316016,0.02615670173843935,0.025307904605779544,0.02544306779527912
2024-06-26,0.03158628305257615,0.029208836283393227,0.02728284171490745,0.02588670889612911,0.025157838314041232,0.02469707283822032,0.02449181031966175,0.02453778381065445,0.0247331075649676,0.025051119536422705,0.02575986011871307,0.0266376649702605,0.027030629411469793,0.026284864636340482,0.0263625728937522
2024-06-27,0.03414191791596711,0.03158313174759636,0.02958259372329645,0.028170544367717418,0.02745623115288418,0.026986325195463113,0.026746154846282247,0.026767690154908003,0.026951633221352106,0.027274169539487986,0.02796901906703844,0.028802285480812564,0.029206548470028647,0.028288141608833,0.028283905367789956
2024-06-28,0.03393668485470973,0.03143331759756212,0.02949282731825026,0.028119377234520782,0.02742862697847067,0.02699640079752265,0.026805747774146692,0.026865462951178795,0.027090717840724414,0.027462984191716416,0.028274085787030553,0.02930089190977459,0.029874367972985635,0.029135777389318426,0.029142165647681753
2024-07-01,0.033119082977716104,0.030901538920007594,0.02905787758062542,0.027699730931594543,0.02696299032057933,0.026455997656444876,0.026175293904209692,0.026142518660873592,0.026270545771762324,0.02655395366690122,0.0272003711997466,0.02808194468137417,0.028456665515487034,0.027642857112572358,0.0277358373538041
2024-07-02,0.03183321522627011,0.029443622343083686,0.0275150472312489,0.026076648681809787,0.025303849824359483,0.02482443612840934,0.024592077113602687,0.024585424782178383,0.024741564294887934,0.025065485439951966,0.025795729885833767,0.026735265746301005,0.027222475390865298,0.026529201033726385,0.02662172733492085
2024-07-03,0.032856726384374556,0.030401810446025763,0.028440361139458126,0.02698462446650073,0.026191732310694608,0.025668644287107342,0.025386782598262752,0.02535091836521255,0.025486808402782894,0.025787779477378283,0.026454272797571062,0.027298045193687344,0.02767143635723258,0.026858835920484686,0.026963179256465512
2024-07-04,0.03306207239519506,0.030813539173947982,0.02894061680983816,0.027501159442684327,0.02666839687872119,0.026069610445059854,0.02570398058097526,0.025573184467836733,0.025616994964957503,0.025860277344642097,0.02645317215036886,0.027111818101906965,0.027344359697103963,0.026431677301549234,0.026543837458525607
2024-07-05,0.0331964801136741,0.031012008345782167,0.02920452619935464,0.027833847727695038,0.02705736926706865,0.026508756276249358,0.026194246463503216,0.026118876120424534,0.026214925941245543,0.02649092958609835,0.0271207889210469,0.027824348465030353,0.02806640521188351,0.027178283392771757,0.02730034368858636
2024-07-08,0.03330075653305629,0.031080403285791838,0.02934254245157961,0.028074518952815347,0.027394643211731164,0.02693365387133761,0.02670150577637974,0.02671582231649131,0.026892195793196662,0.02720749401922094,0.02788590821782112,0.028631756797547404,0.028890916095552655,0.02799272803433213,0.02813133823878437
2024-07-09,0.033480506899637934,0.031236859714974363,0.029508200417470595,0.028267217632131567,0.027637381486586968,0.027222376334823082,0.02703611907196431,0.02709936493779907,0.02734200941371038,0.027723237326240897,0.028461549013368597,0.02931873784181806,0.029726134517834256,0.028882314710396775,0.028994731861388016
2024-07-10,0.03293514245714037,0.03049806715576418,0.028664074568503492,0.027395699780171576,0.026778018921110407,0.026385174880724924,0.026216041699485652,0.02629300070039511,0.026527409492505365,0.02689059950894596,0.027609710080122772,0.0283565873244014,0.028625621084005227,0.02788207946781034,0.027995050866499883
2024-07-11,0.03261796938028928,0.030311422201138506,0.02849600279083464,0.027170870374923238,0.02644570797425013,0.025940104990839565,0.02567930114915876,0.025678881655367924,0.02584102535538081,0.026168048245859398,0.026884060817313083,0.027759390774244684,0.028046524361860965,0.027310156570225237,0.027504458158477005
2024-07-12,0.03170792652564673,0.029424969781551517,0.027622132901942976,0.026332038593523472,0.025682663935595065,0.02527522348709737,0.025120726852464727,0.02520294882151233,0.02542717253463616,0.025781885935766576,0.02652303622665717,0.027339781291883414,0.027640402487000348,0.02684670510261671,0.02704399600004197
2024-07-15,0.031093448571138268,0.028386132256743937,0.026360521782383586,0.025002743818926438,0.02437459990277022,0.023987833622644103,0.023843222390651557,0.023954892576203837,0.024226135395289936,0.024607347453326087,0.025347597356181403,0.026119513947891103,0.02638941861909607,0.02555852938774991,0.025727232540162716
2024-07-16,0.030130794795352817,0.027199910778124822,0.02499344970027504,0.023475820415668196,0.022743977148170707,0.022332342030131295,0.022205625080576507,0.02234252129538973,0.022634898602211368,0.023062669521641866,0.023920437341961323,0.024912900401682148,0.025434876834862015,0.02481121655810605,0.02502747288576976
2024-07-17,0.031011327235154543,0.028146552104683455,0.025976069126833534,0.024462430163681825,0.02369780660720359,0.023229169484129217,0.023063913443582454,0.023177041670830803,0.023458655882127886,0.023866767438062986,0.024673472077197972,0.02557255344607417,0.025986605240871,0.025247845452647882,0.02543837986887137
2024-07-18,0.03141552834558019,0.028489587083599936,0.02625326160424406,0.024670555929719538,0.023843864426783525,0.02330811051385973,0.02306142154246624,0.023091326689348157,0.02329163579451722,0.02366510299900863,0.024436166198770936,0.025265679322032903,0.02556055620578216,0.024736595113927902,0.025009356419074567
2024-07-19,0.03129632677282772,0.028679479141246748,0.026674615701483738,0.025282991162153302,0.024575686808196016,0.024113231828818395,0.023907773172876783,0.0239765473833741,0.02420681380710182,0.024581452241911512,0.025348808329695858,0.026140198715775675,0.026313296740275043,0.02543824711327051,0.025673383205597516
2024-07-22,0.02917940318280324,0.026484287591152542,0.02447685750464566,0.02313854281460534,0.022539171984639665,0.02221209561756169,0.022158449129423417,0.02236156605270596,0.02270620030300336,0.023165186271220023,0.024083177115464437,0.025174769533760227,0.025709191344398877,0.025060841704411408,0.025403609436020585
2024-07-23,0.0303258581654925,0.027424110157820123,0.025194610694654923,0.023640346565520852,0.022849634383171166,0.022345017536736518,0.022110761335777676,0.022147561042550577,0.022370474026048408,0.022793800401662664,0.0236562409067763,0.024624238232721623,0.025038857952331108,0.02425791618296725,0.024635542437244203
2024-07-24,0.030209551868809335,0.0275399642802573,0.02550142810752366,0.02410849547246706,0.0234666458773473,0.023087780184524405,0.02294634302187183,0.02305916347091798,0.023347194457592552,0.02382682079522082,0.024747718662498037,0.025838281735147902,0.02636920764332852,0.02566449096360968,0.026118449333886858
2024-07-25,0.02798680159713821,0.025449115648629016,0.023600924277224773,0.022411665256396505,0.02196021381325282,0.021763387784202157,0.021809205785268067,0.022090855663419933,0.022506280035920014,0.023039114910267756,0.0240588222611144,0.02517522266148482,0.025736979019284848,0.02514479344246288,0.0255764264328861
2024-07-26,0.03080755643343816,0.028258151814438897,0.026330430961292402,0.02501947616859913,0.02440023844478584,0.02400446841443802,0.023858375908181517,0.023980074887425123,0.0242644568517326,0.02472302128478709,0.02560132397586448,0.026509164407300532,0.026862009372053727,0.025983066035503564,0.026430857815250314
2024-07-29,0.03041319037433,0.02737243693138369,0.02512755857032187,0.023615619973855344,0.022881740726830753,0.022426119318674286,0.022240540692720325,0.022348921965332842,0.022638039208415214,0.02309078410645858,0.023932012778856624,0.024816146822300485,0.02519309878562191,0.024351995516946175,0.024728240911208402
2024-07-30,0.03097704952254627,0.028426766826573115,0.026611705143303258,0.02545811469143,0.02500147581829434,0.024788703822956757,0.024821039183051032,0.025098261409576612,0.02551566992561188,0.02604201379967317,0.02707402238244798,0.02812781005403693,0.028653310446834997,0.0278601598281375,0.028224932217634002
2024-07-31,0.030329139368219446,0.027838695061102495,0.026029391434511034,0.024874211468256847,0.02443404441560481,0.024233480689532322,0.02425511912642077,0.024507470826110943,0.0248978639177415,0.025413809383125027,0.026411337647103246,0.027450535745023055,0.027964061584123286,0.027203119898181624,0.02759955041819277
2024-08-01,0.029860687061291958,0.027290940812656206,0.025376768429141435,0.02419846500344653,0.023670354407326896,0.023412285413918665,0.023409181036924267,0.023656177728959865,0.024052356798387218,0.024573087986578826,0.025603275474373893,0.026719502451567966,0.027246106117177652,0.026649431978510083,0.027094029661358876
2024-08-02,0.030454846767728704,0.028474134272608306,0.026862040887146315,0.025838806246355643,0.02533835160253505,0.025036841193118813,0.024936450054981848,0.02507596907329236,0.025358288019322658,0.025774806183112713,0.0266175404585935,0.027510834996755773,0.027770801951708786,0.026980202104172842,0.02746079015571856
2024-08-05,0.029881066807053283,0.027375582237856733,0.02548077796744867,0.024280847654004484,0.0237128536014752,0.023421917014018488,0.023390075650991268,0.02359801994583801,0.023945722856105512,0.02442777341546087,0.025431314443762013,0.02651035584634691,0.026981675486048334,0.026387891417770173,0.026821591165221776
2024-08-06,0.03009090014507826,0.027749443858314734,0.02590441016034591,0.024711097845004335,0.024117135488571716,0.023783243937490622,0.02368627981696468,0.023833551045408984,0.02413030743940602,0.024576530008356755,0.02550621240655629,0.026495604434422743,0.0268655290305226,0.026192601042339277,0.026630621807966492
2024-08-07,0.030213647226510206,0.027963266176899624,0.02611089645988425,0.024857473317315977,0.024174481609328828,0.023760808631112105,0.02359782564404568,0.02368568566482445,0.023927936619853516,0.024335007190484852,0.025209752465629502,0.02623711208980753,0.026591548357029867,0.025944319647933936,0.026405438542054696
2024-08-08,0.0299697763447214,0.027394549514353918,0.02535673356152696,0.024014264267350375,0.023305500557719717,0.022878503842646447,0.02270391486438155,0.022786001374612147,0.023032199071329276,0.02345281898633971,0.024355999353137734,0.025416088357828766,0.025888053289561175,0.025296634846391775,0.025758294467388063
2024-08-09,0.03087445710839846,0.028921198656394396,0.02730503133684877,0.026270264183677252,0.025737683696538102,0.025390962940129384,0.02525062426955288,0.02534425202305752,0.025599860393230676,0.02602113007464681,0.026898318493454823,0.027916771069922942,0.028281283581334752,0.027718390674791624,0.02815546911443672
2024-08-12,0.028471629338485613,0.026206349535235655,0.024454018995180814,0.023389060247833517,0.022889353888548476,0.022605421818575933,0.022534552571213187,0.022695600766119046,0.023003005985174702,0.02345164806271484,0.024385908601294148,0.025380007582859535,0.025811116645558456,0.02528482024010493,0.02571027241042597
2024-08-13,0.02968675776105855,0.027202544474448784,0.025242696830228225,0.023997910472476517,0.023361461437175813,0.022977160957219547,0.022830404971839628,0.022931598567670033,0.02319125482297781,0.023626529911323836,0.02455562619559565,0.025571380510105175,0.026010382940787023,0.02539368049395485,0.02582091801165278
2024-08-14,0.03031946211598249,0.027917457865654863,0.026104118657398024,0.025035761249504157,0.024570154480962957,0.0243216047931837,0.02428974809874225,0.024493879159320445,0.02485127156308819,0.02534711745566422,0.026379126240830206,0.027561514000320524,0.028097502332913183,0.02745052275245035,0.027879618552151847
2024-08-15,0.028363768077602915,0.02597153949512289,0.024139704098265245,0.02304766867270805,0.022545191084860427,0.022266447054845227,0.02219689921219282,0.022360583619725365,0.02267788229767469,0.02314147930161094,0.024108695516968218,0.025105649489848975,0.02546232761513851,0.02480002252523812,0.025157668348237596
2024-08-16,0.029701235718999082,0.027325739947922218,0.0255177733322868,0.024457338916682628,0.023997376105169735,0.0237510322274536,0.023708656124696866,0.023880771386180017,0.02419917706246598,0.024664142528455165,0.025628215901582055,0.026644365087052178,0.027038165355036663,0.02638378148178458,0.026785288661262667
2024-08-19,0.028495111780821022,0.026104279133450092,0.02429963066652462,0.023256178528082885,0.022826410679462072,0.022616956128732872,0.02261423839486415,0.022838464194780906,0.02320422875817203,0.023710149889654714,0.024735152935235177,0.025901976249998414,0.026467066170375798,0.02598097694143251,0.02641873401981822
2024-08-20,0.0294961542205157,0.027037535918419304,0.02518905636935842,0.024099961923525984,0.023637272984671814,0.02341399158382217,0.02339661490527763,0.023614486299215528,0.02398720295595044,0.02451269497965058,0.025548077224420162,0.026637352604303867,0.02718752734806928,0.026581662572919735,0.026997183899342407
2024-08-21,0.029326116329859698,0.026913947107759326,0.02513826224423985,0.024135306334940564,0.02375283505523483,0.023588734250393352,0.023627883973828683,0.023887898864438498,0.024286174919088712,0.024815947749214834,0.025866901072458984,0.02690667619455438,0.02742633719061857,0.02682362619849317,0.02721817918872193
2024-08-22,0.028999133123213464,0.0265646774714269,0.0247395644883999,0.023692043212077046,0.02325576249419844,0.023040587795244635,0.023032890900359,0.023250603636359907,0.02361015990465647,0.024121649014457867,0.025140192158046745,0.026163606068528033,0.026717558629026018,0.026186133108121786,0.026672015843056274
2024-08-23,0.02788339217853856,0.02540477829538715,0.023646227039566436,0.02271922060911326,0.02241713491996264,0.022334701574421294,0.022454335868946206,0.02280560806732236,0.02328232923955139,0.02386330880671045,0.02497665259742223,0.02609695487754346,0.026721969891137787,0.02630730882231714,0.026760097544603612
2024-08-26,0.02826663099597154,0.026204713445872562,0.024663836391391844,0.02385565407773491,0.02359170202888424,0.023493366703529774,0.02356532506351561,0.02385143782147063,0.02426411811895588,0.024798664871190982,0.025813248812608543,0.026789192859778217,0.02726543225203285,0.026732224287781443,0.0271974977845153
2024-08-27,0.027448625566229217,0.024706128901268446,0.022758347309203304,0.021697182552398907,0.021299364690178874,0.021160142847095508,0.02124230049762186,0.021554494568028527,0.021999524206849055,0.02257003341119839,0.023669977143943022,0.024742384776462168,0.02531897892755773,0.024871518974682302,0.025232174420482093
2024-08-28,0.028674306699536557,0.0259466563000862,0.02391982106647452,0.022742564697693438,0.022216165490441486,0.021922854511885737,0.021840093090367992,0.021996363855111833,0.022314369228482414,0.02282836829308615,0.023810547121031377,0.024722246213730224,0.025188363634345474,0.024593591445933493,0.02498302075236137
2024-08-29,0.02732528240378733,0.024388128692746605,0.022264415546002392,0.021082342661274636,0.02060985988967822,0.020412310511942092,0.020434811932918785,0.020689617188445163,0.021094871029831208,0.021670213622684235,0.022765636311411326,0.02382650095067022,0.024435044998943008,0.023938134287509457,0.02429662176917087
2024-08-30,0.026576009024581817,0.023521504604169997,0.021408199288010653,0.020285676724108234,0.019821715401315318,0.01967013682140479,0.019755452217766273,0.020059298308644613,0.02051395246863474,0.021092764617756766,0.02223600520536196,0.023293943787174427,0.023862823265958674,0.023379456809687615,0.023713784809183375
2024-09-02,0.024166563182643895,0.021029222864691555,0.01884801968810951,0.017700756282370347,0.017236613234689037,0.017101656647680936,0.017220650537125463,0.017572884836575597,0.01805348161541832,0.018643068951990947,0.019802170462473376,0.021060551698182654,0.021832491976339425,0.021590084530720206,0.022041967926183032
2024-09-03,0.024352411794822663,0.021772258402464707,0.020010554270021404,0.019181550890133202,0.018916989705956875,0.018885614054302793,0.01905752436084908,0.01947261562897883,0.01999855305539947,0.020589171325213585,0.021756832506903814,0.023079591352087238,0.023844846607865774,0.0235373285709502,0.02392264939314662
2024-09-04,0.02653887921226964,0.023852718667250382,0.022004160380291852,0.021079566005070303,0.020734625369018093,0.020630855551102636,0.02073089356225033,0.021059053555363458,0.021540992978046437,0.0221243837340867,0.023269351697466606,0.024394119799463654,0.02496113398402912,0.02447669388339527,0.0248549614125706
2024-09-05,0.027143176491029597,0.024205391517436517,0.022339931909842476,0.021512883327490073,0.02131575880411521,0.021358491163753227,0.021576176377265374,0.022024814007967512,0.022623492206283527,0.023294118830865372,0.02456011768471833,0.02573555679014482,0.026401751703105502,0.025893924647024582,0.026189106587519613
2024-09-06,0.02680090281074257,0.02436284476922896,0.0227030785293013,0.021921208122169078,0.021657707662387154,0.021608208093429376,0.021742771965823797,0.022082357096292145,0.02255904284214864,0.0231326275147649,0.024274050845927205,0.02531671535240436,0.025770223790300556,0.02514075320200789,0.025514227441345877
2024-09-09,0.02589629931147409,0.023191502541958377,0.021327644672521354,0.020391950518964128,0.02003661106098726,0.01994326261741894,0.020056104004653443,0.020389360633991615,0.020870039438996797,0.021469876585735972,0.02268934434300897,0.023871645009809598,0.02441488853628464,0.023950494539305207,0.02436205364597714
2024-09-10,0.027196122352271916,0.024105094746905427,0.022055119813633145,0.02104022764180028,0.020678925241570167,0.020603526540153475,0.020743443105773578,0.021114553879373967,0.021638860465188564,0.022285080262309173,0.023585264889553637,0.02477357113165579,0.025378894029045626,0.024873949650420127,0.02522165125525858
2024-09-11,0.027968772439267778,0.025379316400747677,0.023541885468933276,0.022602049996826877,0.02217175355003536,0.021933929066492698,0.02186111639712253,0.02201458675903574,0.02234726164965793,0.022848097738892452,0.023889354270451208,0.024700259178301577,0.0248687940576789,0.02401103565505721,0.024319757036090982
2024-09-12,0.023692938767848573,0.020931000989264564,0.019072242148374694,0.018288309984773606,0.018031147585117226,0.01805506766886725,0.01830114618708779,0.018714802236460014,0.019233752635841553,0.01985508979222633,0.021116882555442796,0.022329954439800577,0.022924009626210128,0.022517162637045066,0.022781975516433205
2024-09-13,0.02425906503220622,0.021267504543249133,0.019246678516418446,0.01833622616201165,0.01797735044299853,0.017920067032824942,0.0180801946081002,0.01841996453402583,0.018878545094002303,0.01946310311533509,0.02067322567377046,0.021786326519099283,0.02233518555711997,0.02181667550996965,0.022008554418641635
2024-09-16,0.024618888785864886,0.021811080552877088,0.0199035036219849,0.019027590264514116,0.018725164277858013,0.018694773729006044,0.018884638585462632,0.019255772910324678,0.01974922297520974,0.02035827351465211,0.021614814690218476,0.02278760222300223,0.02340354297792491,0.022893090768035303,0.023096888522875066
2024-09-17,0.023049702614011396,0.02119696477972043,0.01981439937916044,0.019229288166427827,0.019044968423631226,0.019046855236292386,0.019232959907317493,0.019572117928753578,0.020005228156227635,0.02054900778974289,0.021690577105489918,0.022874526388962278,0.023416369281541963,0.02290997248334414,0.023264001574659875
2024-09-18,0.024649715501557885,0.022407506346636002,0.020836148043556043,0.02015607860700096,0.019932309693888893,0.01989505565553071,0.02003484117263464,0.02033530623751415,0.02075796769963158,0.021296764909814882,0.0224057922881724,0.02334167985962525,0.023718119751390574,0.023044217824706607,0.023205856009301952
2024-09-19,0.025212433463276396,0.022775098810939566,0.021122491639600813,0.020404410482929746,0.02017426381782321,0.020150127638673878,0.02032272865058239,0.020658603347584396,0.02111656335658567,0.021689850983636114,0.022887179416814785,0.02393511306075041,0.02448340141786854,0.023869740773841124,0.02399524129220509
2024-09-20,0.025835892716894186,0.023960693019482174,0.022581324987769824,0.021983478956744962,0.021755271018219235,0.021675534091407347,0.021759882743581045,0.022015117205175065,0.022406039782462667,0.022934196927921,0.024023915880603205,0.025096802568493816,0.025597503768225855,0.024963063445849493,0.025184313441218468
2024-09-23,0.022635030169666795,0.02045582457290787,0.019016774526557624,0.01847742679599523,0.018413072645770988,0.018553361677371157,0.01889770804083131,0.019396857428196888,0.019989492500559633,0.020653254018828338,0.021974711558694664,0.023241504767078345,0.024068361138189342,0.02367797178015523,0.02387640386521233
2024-09-24,0.023727257442144108,0.021474632322946902,0.019857522277375875,0.019100850892575696,0.018792045591112676,0.018692366090995872,0.018776982347513432,0.019028738767836142,0.019404702557001132,0.019921977379958874,0.021023598864150755,0.022083495341009104,0.022642465866987555,0.02208784657084242,0.02227292852818272
2024-09-25,0.02409337507059348,0.0217717644691906,0.020145438049245838,0.019388786854365667,0.019106767033479178,0.01905219529750326,0.019195661577045442,0.01950851459441236,0.01994216483111222,0.020515942656570696,0.021704651507419133,0.022890924875152218,0.023604295296378072,0.02316168343696193,0.023366123987717424
2024-09-26,0.024667527415467586,0.022024543857412565,0.020229191434340852,0.019371591768429734,0.019050122539639423,0.01899383934940963,0.01916279742982644,0.019518090339956377,0.02000219583636548,0.02062459391873458,0.02189758320678217,0.023306575248017908,0.024210761747589966,0.02383023514123156,0.02400006551123046
2024-09-27,0.024569659318664692,0.022336176633036862,0.020813462912784138,0.0201846095528596,0.0199937818500395,0.019989827274179826,0.02015507558474046,0.020494457341376,0.02096212419233208,0.021554725658649382,0.022750178504375572,0.02389779593658161,0.024547290381282713,0.023896307723829606,0.024011322310499805
2024-09-30,0.024598461411418034,0.022006024938175998,0.020274672883308118,0.019529168102704615,0.019297658193155983,0.01929644602028873,0.01948664510390788,0.01986064626757894,0.02036728933002814,0.020994864785681345,0.022225866526376196,0.02345213692963998,0.024158276468511906,0.023597696944414628,0.023706771519264556
2024-10-01,0.026020758364509698,0.024031967214573458,0.022691298079498556,0.022224079056154603,0.022136342195387588,0.022176979582791058,0.022355986966692876,0.022695024585916195,0.023162923058376014,0.0237438759209388,0.024890856066931945,0.026011451420874222,0.026535453917453652,0.025881888314675167,0.026052080859496705
2024-10-02,0.02360000120561547,0.021280960409743935,0.019780567371906616,0.01925138238237167,0.019178459700813964,0.019288978511741058,0.019578538950852757,0.02003443743205642,0.02059793298998968,0.021236850177709505,0.022461156558674603,0.02367998263874367,0.024396839126482182,0.023949208088635036,0.02413132512251663
2024-10-03,0.024443914904261652,0.02210443395058886,0.02053139849000616,0.019922768357826394,0.0197660753453671,0.019788025991610766,0.01998645946516325,0.020347823467610878,0.020827886646375745,0.02142257467253205,0.02259191845184771,0.023760897634780377,0.024399289546107907,0.023841668222385964,0.024037530269645856
2024-10-04,0.022005225743400022,0.019458385597410664,0.017802254676703527,0.01719286094813234,0.01707059333987218,0.017147689949884234,0.017410150574944598,0.017833997171484074,0.018359511891535504,0.018974968756392804,0.02019746153797393,0.02145005201350068,0.022206579804643946,0.021777136953270874,0.02195558495004666
2024-10-07,0.023070267496016504,0.020721367111881488,0.01924208466607613,0.018780753231141308,0.018780417130977927,0.018937663876259673,0.0192556344616329,0.019726914096537908,0.020295467131229105,0.020946592365038534,0.022214028818191366,0.023516576264356232,0.02429212158023888,0.023854436187251485,0.024016703355256363
2024-10-08,0.023331256866119792,0.020490384003070895,0.018765658016025154,0.018183641096260972,0.018165611719580563,0.018361489956487963,0.018731767771584036,0.019264740731285056,0.019899833922116576,0.020623380399575307,0.022049352808321935,0.023474333424868182,0.024437723441440493,0.02403486571341731,0.024145420931098838
2024-10-09,0.02223368668343644,0.01991083161630599,0.01847863027791595,0.018087464766476376,0.01814183100198994,0.018344434502671085,0.018689949810604678,0.01918329233988566,0.019769731630969355,0.02043081387112885,0.021719618714278056,0.022969073144397306,0.023764315008439882,0.02328973920436529,0.0234151385769171
2024-10-10,0.022030357170528182,0.01953975559194313,0.018042024274489095,0.017656201166829418,0.017752839555690268,0.018006514786766493,0.018411899538793533,0.01896330624674155,0.019600341961968394,0.020295521709967672,0.021640231138688668,0.02295733836976066,0.023822383357842643,0.023444451784148,0.023496829578823986
2024-10-11,0.024784858692465515,0.022332994505268416,0.020683862043003546,0.02007268260573647,0.01988951223036491,0.01984918476286145,0.01995258900670506,0.020232109805089934,0.020648921696234727,0.021215819661251512,0.02235625702031943,0.023416803221398594,0.02397169787818221,0.023350862614218364,0.023438646398181884
2024-10-14,0.024668555121562543,0.022014317107556674,0.020268132595319326,0.01960593071693862,0.019426428667199853,0.01942754375672692,0.019590754696267573,0.01993096642706324,0.02040297701103125,0.02102396338587663,0.02228822329132434,0.023529300189855794,0.024262527907308158,0.023767142121535658,0.02390337953995952
2024-10-15,0.023177929760182403,0.020963187740314037,0.0194835883664932,0.019041492760161743,0.019012811541567868,0.01912211155981023,0.01936907244282862,0.019773064430362287,0.02029159680317234,0.020930039949202794,0.022228091813484396,0.023441775776624856,0.024132855284752765,0.023664254475491052,0.02377821005178856
2024-10-16,0.02342427846703901,0.021000695993273158,0.019336800251361714,0.018731457323344247,0.018570138787741695,0.018571818343622464,0.018717263468305344,0.019033685606491265,0.019481585386831642,0.020070655212394335,0.02124931402605952,0.022327450099657708,0.022889319433512915,0.022306251726205387,0.022395647174441046
2024-10-17,0.02319634541862942,0.021213150647466036,0.019848933614496682,0.019416955823023052,0.019359404987048162,0.01943191523670506,0.019652216381819795,0.020041158870435602,0.02053993306959391,0.021159962575658373,0.022392899966349866,0.023625487312962334,0.024333839626112522,0.023875607827014835,0.02401348730565979
2024-10-18,0.024161937954035397,0.022264241159947056,0.020946699367433264,0.020492058819456316,0.020422060675952793,0.020471213288048497,0.020658175227249023,0.02100834115258466,0.02148230006825818,0.022090083497385973,0.02332929589022148,0.02455481757980498,0.025282156288046607,0.024740946003154858,0.024990083989409762
2024-10-21,0.02379484594517165,0.021885197363170635,0.0206099306383465,0.020239477447570448,0.020248837130903915,0.02037222581149457,0.02062096447094095,0.021041089389125005,0.02158274884465033,0.022222527491102463,0.023496491860457096,0.024743300121700524,0.02550362006926662,0.024979751255757954,0.025163048754166438
2024-10-22,0.022989179904368606,0.021309477298107067,0.02028129256891051,0.020137365683631954,0.02034897420121998,0.02063929698910079,0.021040918882699936,0.021587600065886524,0.022232520608197262,0.02294512151125445,0.024366328033317276,0.02575467939801666,0.026644844580777784,0.026166071033928786,0.026396837686134177
2024-10-23,0.02404397442889986,0.02211746490053928,0.02081561560807843,0.02042346363774709,0.02039423474337887,0.020440779961687784,0.02058511005124806,0.020889576484144422,0.021337655822188134,0.021953168864874296,0.02318682866756505,0.02431445157360579,0.024953092867523893,0.024281112706283133,0.024468370731096662
2024-10-24,0.02207063807167181,0.020128499118265333,0.01890256664967832,0.018629908064572428,0.01874474575878316,0.018962538012091523,0.01929344287185222,0.019788873896388174,0.020403309505373748,0.02111396653014206,0.022476710908189295,0.023674975956587643,0.024406414607955097,0.023851664474119492,0.024022396518434044
2024-10-25,0.023451182087921657,0.021616056023614088,0.02048233980415779,0.02029118061133987,0.02045588857322757,0.020697016761382067,0.02104151636283201,0.021560449997648508,0.022206630329699696,0.022943628271755803,0.024327830674198463,0.025576579193457058,0.02634596521829929,0.025765995283106632,0.02595842717892427
2024-10-28,0.02388847030551639,0.022021093363283555,0.02078701533354536,0.020462653813513716,0.020490346258446705,0.020600087888156267,0.020807084976511597,0.021188105526526536,0.02171634394429914,0.02238357754927067,0.023668376600722976,0.02479500503530577,0.025452382174954758,0.024770240483103913,0.024940110591143802
2024-10-29,0.023441364380647665,0.021769374877145482,0.02073451356088475,0.02060012866952947,0.020804623789521887,0.02107176036715564,0.021431728480881918,0.02194770347008921,0.022589369808688833,0.023326359667388392,0.02471781464786866,0.026001999416829777,0.026787177196315834,0.026201881649418647,0.026414094754293477
2024-10-30,0.021338414729339193,0.019379574116345638,0.018198963581667758,0.01802270414569193,0.018248890166883084,0.018580583319152834,0.01903099168966084,0.01963772419620859,0.0203544738110335,0.021129863810557828,0.022601574928576597,0.02390380537373287,0.02476617199799848,0.024293729805878725,0.02445479399023995
2024-10-31,0.022308465511863978,0.020038592360674585,0.0186247016689147,0.01826217298393685,0.018341674851520072,0.01855875682927993,0.018900287283547743,0.019408349918274413,0.020049148878843917,0.020825242819074403,0.022303937697755696,0.02369240430277815,0.02458826914774218,0.024198509252644093,0.024415024649765936
2024-11-01,0.020129191806306942,0.01855361301491184,0.01759718674430407,0.01752654144330471,0.017787347948188495,0.018130866434947615,0.01856680456094681,0.01913864277965239,0.019816143218399602,0.0205937694619163,0.02206242600714428,0.023456898180927943,0.024334030781641258,0.023963817789480795,0.024259551274021057
2024-11-04,0.020732190049673013,0.019320916329467384,0.018426194261737947,0.018347525463308298,0.018581792899753403,0.018909274327399184,0.01932345732183693,0.019882887005268985,0.020552742401170467,0.02131606078570038,0.02276311439557271,0.024173380699397392,0.02501193244302555,0.024626970510817758,0.024856629356979385
2024-11-05,0.022461584503422373,0.021289912866271382,0.020511615057032473,0.02046895065880041,0.020663126635133085,0.020902337885498955,0.021208896228856598,0.02165589015314236,0.022216841871504887,0.022889496603471827,0.02419397040983238,0.025426733146508066,0.026037682523542736,0.02543186257380416,0.02570585670299501
2024-11-06,0.024359022002856175,0.022843013420707724,0.021864440295655006,0.021704551635342417,0.02184294774695465,0.022048054638575836,0.022331777367299434,0.022756969092397716,0.023306673458728448,0.02398096200079449,0.025311065703706084,0.02660550397217039,0.027110232015614764,0.026677942878605306,0.0269600167614819
2024-11-07,0.023360379505537737,0.021488607365985873,0.02021062379351607,0.01980047505406146,0.019744552914126683,0.01981416853441387,0.019992575141937082,0.0203314604581914,0.020805560924517,0.021440235594805207,0.022709413421211556,0.02393429827438625,0.024393696713812394,0.023947875572996453,0.024259674312684974
2024-11-08,0.02425066715079364,0.02259190514847817,0.0215211114871931,0.02129236325300954,0.02136127749873801,0.021504392366589853,0.021727323827950944,0.02209474891739695,0.022584182790322888,0.023199205375188194,0.0243968710457384,0.025508515939956955,0.025866535415504655,0.025352380161813688,0.02563282812009112
2024-11-11,0.023601023615174743,0.022999370177639724,0.022551420221060898,0.022612959626339628,0.022862143156277603,0.02308996369104139,0.023371899030805304,0.02378738157079069,0.02431305035634629,0.024937196270071786,0.02611871183923699,0.02729573242101002,0.027663800808605768,0.027182870796694285,0.027539689384509125
2024-11-12,0.023053253400212276,0.0221068847311761,0.021573274023223024,0.02142966399785493,0.0216382497457822,0.021870305622850736,0.02217640939001355,0.02262047853558806,0.023174442931175102,0.02383231767304568,0.025098937914992025,0.02640779491094015,0.026982068229937102,0.026597228307023043,0.026938681741253717
2024-11-13,0.0248603397026966,0.023666592751809927,0.02285253633251689,0.022440291209260253,0.02240316481259023,0.022404923384017884,0.02248705950406426,0.022723883334836843,0.02310269657115452,0.023655451730836097,0.024761166159524745,0.025856568125542215,0.026209818988911837,0.025665188819642994,0.025967758587427284
2024-11-14,0.023530072639120655,0.0223554574762707,0.021689743715999278,0.02148068373671016,0.021690147746331462,0.021931373710777073,0.02225356786997588,0.022716765770403338,0.02329189652729993,0.023966904447021948,0.02526073884833304,0.026608574661720206,0.027257999185479435,0.026895964802765182,0.02722397788494923
2024-11-15,0.02190584718925896,0.02106614382761766,0.02068495536677221,0.020735623806679093,0.02106943695279476,0.021383045633554275,0.0217465212569965,0.022232873513913447,0.02280906452135182,0.023445680312431803,0.024644371065742215,0.02576603239009621,0.026212263609863014,0.0257258196845631,0.025968893749065698
2024-11-18,0.022535901061887183,0.021009172038277724,0.020173529218548834,0.019918585125814077,0.020088253157802386,0.020334209840671802,0.020664078804554818,0.021134094570667502,0.021718072363146705,0.022399682656424665,0.023719149686099422,0.025014641236371735,0.025645163758393145,0.025278440202003274,0.02562687254366621
2024-11-19,0.021657229212076266,0.020624710387744515,0.020174271717953617,0.020222150839037188,0.020605586455338307,0.02101169866961215,0.02147675368807588,0.022066719326985704,0.02274317084763463,0.023454189712555962,0.024793332707401253,0.026105109323635838,0.02672469162221483,0.02639095608651028,0.026702755674226118
2024-11-20,0.02370256640204761,0.022536326792687036,0.02200052672139332,0.021996941460238027,0.022333094508079094,0.022673441851742332,0.023056539378689025,0.023571732304233678,0.024195502204904615,0.024874375043463834,0.026145348666681747,0.027279001581703672,0.02771488276512661,0.027182126242469823,0.027460851561644326
2024-11-21,0.021058213526840924,0.019806706565987497,0.019288096054176192,0.019349537446782028,0.019795337018914963,0.020280100201009354,0.020817363183042083,0.02147052689411806,0.022199423378895147,0.022960053070278007,0.02437635793112859,0.025773053938199817,0.02656044150193121,0.02630325052187375,0.02663051334597517
2024-11-22,0.020444550886773466,0.019637703149973047,0.0193852563719041,0.019615673725012363,0.02014927584781816,0.020679186359753386,0.021238551098643116,0.021894828497298693,0.02261321487675585,0.023334442795271717,0.024652368091227832,0.025914277842690948,0.026549830156923998,0.026198456175919038,0.02643819501486865
2024-11-25,0.022049906247279035,0.021385280696724913,0.021108163121356105,0.0212348875782037,0.021596216263360318,0.021922198026731954,0.022272486060026575,0.022734188022786872,0.023290062690714226,0.023914290936090588,0.025098042911569727,0.026166990397562852,0.0265827255126001,0.026006803494943734,0.026319932729913127
2024-11-26,0.0219980942157629,0.021528453580868915,0.02135238185079791,0.021542664513592245,0.0219170257656825,0.022228795386441166,0.022537871421652467,0.02297003051664629,0.023505169663769376,0.024106081930938765,0.02520939307959824,0.026159037016450996,0.02645991421322286,0.02577535312030909,0.026145511014312523
2024-11-27,0.021368652981176097,0.020602668446782508,0.02026531615658498,0.020349040029849687,0.020697127700903196,0.021038377743678886,0.021413315277237367,0.021904563892873163,0.022487593837729896,0.02314133388669669,0.024360802452538858,0.025493649576525224,0.02595374005019456,0.02543344317450134,0.02586311121974192
2024-11-28,0.021287948776608865,0.020556238959642772,0.020335694023064826,0.02057473841055466,0.021054880681977497,0.021509677308176142,0.021994672062482144,0.022607452454919727,0.02330262003673094,0.023999114045669283,0.025240049865390232,0.02635540553580533,0.026810318700306198,0.02625954826317019,0.026569881335188544
2024-11-29,0.022375941569649966,0.021931078916600844,0.02178836855227447,0.02195534652881549,0.022305338733994765,0.022613036612992007,0.022934761861954367,0.02334524996581255,0.023823712304947595,0.024353192561563933,0.02536054677994637,0.02623423774969056,0.026377394076081098,0.02569834839968603,0.026038173134460996
2024-12-02,0.023261723102497623,0.02238062482806152,0.022010517892937488,0.022071025947799645,0.022367045140680785,0.02267218795998876,0.02303124649672382,0.023513664843327547,0.024080187475491923,0.024667611258392397,0.02575290854977303,0.026711889510092353,0.026970227598653213,0.026343250420229065,0.02673168358249197
2024-12-03,0.024311102690719504,0.02359114386534738,0.02324748812670803,0.023260664781958054,0.0234498941263846,0.023616944235641337,0.02381807590758085,0.02414720665565969,0.024585596156302,0.025087902677623546,0.02601740033188643,0.02665924163834041,0.0265079989751054,0.025667986549582064,0.02603277255210488
2024-12-04,0.02699480725640355,0.026269646646409767,0.026007288167922114,0.026142113434643097,0.02645780271529734,0.02673392204023912,0.027027955933383703,0.02746664089532835,0.028013238617517595,0.028577871536170567,0.029576030058432567,0.030267326765549555,0.030236386741894404,0.029290916677294204,0.02965651601833166
2024-12-05,0.02276066321476056,0.02211138096659094,0.021963814401967555,0.02223430909300001,0.022714137260357578,0.023174819663114698,0.02367697220471807,0.024275187123112718,0.024940188982248517,0.02557375702466691,0.026669389882554115,0.027441725059524115,0.027629188911504975,0.026880801074657543,0.027279139625509055
2024-12-06,0.020790027874371078,0.020144084900113098,0.020040156965108906,0.020365964949370166,0.020905573073743404,0.02144243314443383,0.02204541051128576,0.022741620339514622,0.023478794273574483,0.024151896652433398,0.025345508070420776,0.02635061272636542,0.02673834008531025,0.026294222189661036,0.026914831585094702
2024-12-09,0.024166277334026223,0.024019782600964726,0.024053730928947307,0.0243388040222464,0.024691999086297958,0.02494608238770422,0.02520238982979719,0.025574765435076422,0.026040994357488464,0.026534730233093898,0.027386347331063828,0.02789787325799062,0.027725665168258237,0.026860271977315654,0.027353712745518594
2024-12-10,0.021802802916213667,0.020897849087334112,0.020640036150050726,0.020870324605193707,0.021347079490026007,0.021819278191254066,0.022342085389183308,0.02296117312506518,0.02363845858953685,0.024277019327565368,0.02539994373104341,0.026142680727342715,0.02631215174746731,0.02565365947824871,0.026037775114997087
2024-12-11,0.021682514880075245,0.02062553837725517,0.020349006685511817,0.020626849491212625,0.02113619485040522,0.02160202540922729,0.022084881732967476,0.022666704497182923,0.02330897584709913,0.023891437659019264,0.024857596669903993,0.025256774332775372,0.02495085810307724,0.02403515796136927,0.024271225086873058
2024-12-12,0.021953072124290554,0.021315665653272434,0.02124422924296064,0.021613703870611612,0.022183120784642532,0.022701505876461626,0.023231236249061333,0.023845241710153144,0.02450400948771081,0.02513093814626118,0.02624199126089726,0.027103678719740155,0.027218225551291716,0.026617045947603807,0.027086446346753078
2024-12-13,0.021246071408898698,0.020999343023310368,0.021119861446673285,0.021602825227061292,0.02216054582382346,0.02264130522916021,0.023079331429554244,0.02359710952292574,0.024159510277661358,0.024694142972179055,0.025617460868261797,0.026078319102660546,0.025799193414316086,0.024910635771277414,0.025303497306824498
2024-12-16,0.020806960588640414,0.020203665640766533,0.020175327967064997,0.020604392045298944,0.02121465662315095,0.021822080349713016,0.022432793958953222,0.02313374503327235,0.02385724004345029,0.02451891987322121,0.025680310461806657,0.026547083244469902,0.026747596156860672,0.0261566950711901,0.02661506521510158
2024-12-17,0.020535322296297155,0.019858780844186602,0.019725848332947955,0.020035714355237877,0.020530255384396033,0.021039920408586266,0.021565333179261792,0.02218213662335074,0.022827888266421268,0.023438017874179477,0.02453211532736378,0.02529235769212663,0.02533383707966237,0.024754616070391887,0.025083768181548713
2024-12-18,0.021383930098773304,0.020461489187074376,0.02025168381226444,0.020578018945703925,0.021115432010388426,0.02166910248482481,0.02224079058771385,0.022935537884430018,0.02367925728466337,0.02435988827898946,0.025539136227738787,0.026307871472311114,0.026435541850296024,0.025768802254181385,0.026063627093870632
2024-12-19,0.021666952008790933,0.021489902003692746,0.02180357254575135,0.022517904772257305,0.023308928803076782,0.024013587987612717,0.02468018265691253,0.025419961644276543,0.02617851650725411,0.026825617711016034,0.02792330392617011,0.028586983536166916,0.028467455857148626,0.02771546214429531,0.028079910585078468
2024-12-20,0.02439840824861969,0.023265814283421067,0.022783831418976996,0.022811819066680845,0.023054830034319684,0.02331552801560286,0.0236096815131324,0.024030689584359596,0.02453278478733262,0.025074123391227127,0.026072881693249506,0.02663326285034236,0.02649384057713311,0.025622615771541825,0.02609226261671525
2024-12-23,0.021338366172034075,0.020321706965002066,0.019985923026950264,0.020165401928436452,0.020564388134527146,0.02097347678644048,0.02139544057756235,0.021902557511686894,0.022479256423736767,0.02310022094075994,0.024283240683669955,0.025041720745803984,0.02514465181613032,0.024503888629596442,0.025021859157016647
2024-12-24,0.02160881283248816,0.020296403244744673,0.01977541706024513,0.019823927237808535,0.020148246370574212,0.020536965657978388,0.020985928344877305,0.021569763138994464,0.02222257789920939,0.02289877833267102,0.024118612662713125,0.024973259326022804,0.02515717008683651,0.024641079197208936,0.025118752151194117
2024-12-25,0.021922439314956785,0.020880534254476137,0.020493174552957415,0.020594212157909495,0.020891833831726405,0.021209046226300883,0.021572200750058022,0.022076813592166067,0.02265729218901869,0.023258855249437497,0.02435260609991737,0.02503058102425983,0.024996250334653,0.024275780441029467,0.024761044824708017
2024-12-26,0.020945865423091178,0.020153718910134164,0.01989324934608358,0.020063737404282096,0.020391559971360447,0.0207270086567185,0.021108705753007363,0.021619524649076505,0.02219465362828878,0.02278614266709135,0.023841202225659885,0.02449645226021163,0.02435321019408289,0.023674575251148786,0.024112414848027387
2024-12-27,0.023701747129678805,0.02288134789045444,0.022622911047219453,0.022801660729032253,0.023149568407187356,0.023499237839767664,0.023896447942728802,0.024424502717847463,0.025032189993196622,0.02566556838930715,0.026809735419689146,0.027585707574736593,0.02753098472562178,0.026903433422488014,0.027380553026729988
2024-12-30,0.02206738749909552,0.020815290922224776,0.020230422986256925,0.020153779038314737,0.02033107719273237,0.020588587370127306,0.02093904686304418,0.021425695826242687,0.021990440589814107,0.022609116550375574,0.023730732449293072,0.024508809393379148,0.02457372335821142,0.024023898125674667,0.024538085539459128
2024-12-31,0.021863345783012626,0.021592021605516824,0.021630737482111778,0.021976121048962998,0.022424734984204636,0.02285555350224906,0.0233310467582176,0.02391621999403444,0.02455476776029429,0.025204230478962822,0.026370967246036638,0.027318728618100266,0.02755638759584735,0.027131007552289955,0.027739898987986365
2025-01-01,0.020390459449403885,0.0190864974190331,0.01835661286909611,0.01811483648711654,0.018115777210921592,0.018231401429747548,0.01845538800289901,0.018847509695650744,0.019318922308285403,0.019874023621229746,0.02089721953134628,0.021486790121478746,0.021410017678839467,0.02085911875862814,0.021371397509635976
2025-01-02,0.019358080959403647,0.01807171037335499,0.017473093999213634,0.01739403457392408,0.017587570367487027,0.017886943117980857,0.0182866877961811,0.018833299416862063,0.019442136764071513,0.020102940992662476,0.02131713880913369,0.022245472236110633,0.022499777422903686,0.022167509495277207,0.022713365609325874
2025-01-03,0.019156827177826113,0.017776532844822113,0.017014801071646143,0.016773356774768572,0.01677782235988759,0.01688163798473536,0.01706380960808925,0.01740886226662877,0.01783898892857407,0.018360837720990574,0.0193408112113815,0.019904521051418985,0.01972539765781932,0.019058932721096992,0.019523564209790976
2025-01-06,0.022508298936494947,0.021053516604905995,0.02023925792251294,0.019931421483380358,0.0198793288284001,0.01992527169934043,0.02006846807525542,0.020398740357331063,0.020834531326134477,0.021382097162018894,0.02241124229121458,0.023022964351610907,0.022804251300293392,0.022113879783127302,0.02263482209652649
2025-01-07,0.02216257289467413,0.02086588718988794,0.020329595339149843,0.02034308548106995,0.02059290658872004,0.020893563084212474,0.021264425033180382,0.021801566227588276,0.02242511167905947,0.02307082294574234,0.024227649718838958,0.024948656726810695,0.024849296141441973,0.024195337273589735,0.024674025382664347
2025-01-08,0.020575707911120365,0.01919935136234413,0.018595202387989472,0.018559178929928095,0.018793500630584208,0.01911475166779521,0.019531152264436455,0.02010575986533951,0.020743499996449002,0.021402262416786912,0.022612639469240366,0.023458320853561313,0.023506120659921144,0.02297882826096945,0.02349769164861916
2025-01-09,0.021637001988868993,0.02076216335884404,0.020419623442589904,0.02051688018366236,0.02078592667979756,0.02108112466217264,0.021440386294987825,0.02195209619397491,0.022538627268869346,0.023167236791954118,0.024345133856187234,0.025210441407018655,0.025312570447292917,0.024671964979545997,0.025361691795107538
2025-01-10,0.0190255382862794,0.017911500542288558,0.01739401445592287,0.017369958187222586,0.017571165437158476,0.01786419383326882,0.018243540925718702,0.018781589197151925,0.019378798540420166,0.020016187188512245,0.02123194542405448,0.022144620311116164,0.02223573125311656,0.02189153138649639,0.02252460425937751
2025-01-13,0.021254901611648672,0.021588968076095918,0.021957315401569415,0.02243209757374056,0.02288460224344315,0.023245478332152705,0.023619350306641786,0.024129390629647612,0.02470767886822023,0.025308796345186672,0.026387563961546765,0.02717697608424209,0.027179183157187724,0.02640376469255764,0.027080109962860973
2025-01-14,0.02131224903023758,0.02072415325042534,0.020549674642605327,0.020698985597653773,0.02100842356797104,0.02134223059557537,0.021757470218250995,0.022325526904512782,0.02295583225047212,0.023603359962146568,0.02480012844704765,0.025681194367123863,0.02588761397763563,0.02517140165630826,0.025783102793761177
2025-01-15,0.02168216812733501,0.02115510323140577,0.0209108119224264,0.020928467567235695,0.021073705662366667,0.021235964876000303,0.021477551168617916,0.021891440544450604,0.022396287875304302,0.022982302428943793,0.02407322263883562,0.024838986224805716,0.02487975602682423,0.024110304469390387,0.024757695565568
2025-01-16,0.019037356896558735,0.018561940472668827,0.018476518734181165,0.018698808753853092,0.019059580169815644,0.019430913191155443,0.01987180476130888,0.020458876579368856,0.021097941358932275,0.02175468005991187,0.022953119105045074,0.023838028695066474,0.02408161423742152,0.023478873745210065,0.024101737897831235
2025-01-17,0.01924064255926754,0.018753506779019973,0.018753273647549282,0.019085669001351228,0.019542612253867764,0.019989686003343204,0.020496381793484494,0.021138043086549943,0.02180762206082419,0.022463548641926203,0.023642367914633994,0.024455136600313513,0.024588292596633032,0.023936411963793414,0.024534585622243546
2025-01-20,0.02139293397023097,0.020779897679464726,0.020640730870953774,0.020864934137200294,0.021252588440752347,0.02164135567914984,0.022095484083085003,0.022719367311662558,0.0234110167321056,0.024114631327632505,0.025386015823848727,0.026472539853123093,0.026860312737439548,0.02629381227007923,0.027099595491168003
2025-01-21,0.02070718888305132,0.020241500571263962,0.020241349514453392,0.02058914317399681,0.021055047175057677,0.021487538475566188,0.021960456617713484,0.022585317662603622,0.023262330592394357,0.023914649553443548,0.025055267516100706,0.025857174605302125,0.025867094402210893,0.025214322246790443,0.025870185430860542
2025-01-22,0.020127243889439348,0.01920540395352955,0.01896835026157393,0.019200642224451232,0.019631516049451306,0.02007248443420078,0.020570177552886704,0.021224472995248937,0.02192163870373522,0.022587911920344893,0.023746708820764816,0.024479404883653882,0.024448012811150013,0.023836415773005982,0.024354138966639877
2025-01-23,0.020970889381761285,0.020505480565402412,0.020520290484720902,0.02088727980484466,0.021373436144930192,0.02182360653154019,0.022309064287859257,0.02294376045562614,0.023623079139345693,0.024278426016466643,0.02542022177252718,0.026217330555412217,0.026222296585007344,0.025614770839735554,0.026208824165449115
2025-01-24,0.020481965101622226,0.019779324649675207,0.019590399832244785,0.01978830176688527,0.02013010794510678,0.020460547595195278,0.0208348121183244,0.02136657423147093,0.02195397039985581,0.02254664569733311,0.023577241343311493,0.024178964485099066,0.02398815130408214,0.023277576372132118,0.023820372112831396
2025-01-27,0.01948898325235313,0.019381234212332413,0.019629262362361097,0.020153305886080004,0.02072654231289875,0.021237592574403948,0.021769535588962503,0.022436832189450848,0.02313924931739539,0.02378837864035734,0.024911795486195577,0.02558407474086697,0.02539455621174942,0.02476115757152857,0.02539340200404857
2025-01-28,0.019444185612814656,0.019068651837935005,0.019062831121709804,0.019344800219414517,0.019741445749447372,0.02014692269292863,0.020629304922077513,0.021253867702573124,0.02190998406458387,0.022542434408662604,0.023658456661084924,0.0244052018311431,0.02429317435972521,0.023769111991720562,0.02441057938653328
2025-01-29,0.019509667007518966,0.0192298632627581,0.019331348165016436,0.019714839252491814,0.020182066376484762,0.020630221111622347,0.021140503062333862,0.021804615683623636,0.02249755206159977,0.023142879848577585,0.024258306072885046,0.025009100830879635,0.02491301480613957,0.02433079650964576,0.025014699885331088
2025-01-30,0.0189133817740328,0.018793132642554604,0.018997050440882388,0.019450987270113476,0.019968179911907975,0.02045776746078958,0.021007501232940907,0.021702236447145636,0.022417999402709644,0.02307397454768261,0.024213683920581493,0.025029209850497617,0.024999101402481752,0.024477918923588613,0.025194963140430335
2025-01-31,0.019751723605502335,0.018992868226130374,0.0187084945909272,0.01874014001711292,0.01895698515439145,0.019225769342102843,0.01955665551905848,0.02006760495904212,0.020634873924296,0.021217134937930867,0.022228369056564456,0.022998806162958792,0.022934762066960553,0.02228459719678169,0.022985073566720752
2025-02-03,0.020027275083469586,0.019455428034149666,0.019372873988168973,0.019592727648323476,0.019979443425254834,0.020405199794588668,0.020883507524091363,0.02153334061538558,0.02222978486047437,0.02290162669518031,0.024064405214315895,0.025013034068617854,0.025151803991944496,0.024586035523606255,0.02528959255443524
2025-02-04,0.020841794036644976,0.020362569519223026,0.02037666657491742,0.02068289113861188,0.02112174506934652,0.021550910531261513,0.022012312598741902,0.02263640306927641,0.0233119554372241,0.023964297169552933,0.025066365831946037,0.025861319699901526,0.02575453645888892,0.025047121721395022,0.025659638183752016
2025-02-05,0.021240682564679328,0.020980697173963538,0.021099400506172615,0.021464533071872578,0.02190858405781999,0.022317254950216654,0.02273505659481103,0.023313967738088744,0.02394415952477332,0.024545760230357927,0.025542475373328037,0.026168771149143573,0.02588066953889639,0.0249936772201384,0.02560268923226113
2025-02-06,0.02133159538347567,0.021138677740970755,0.021270731574292503,0.021614365545713835,0.022048185122059742,0.02246575337033415,0.0229060720707542,0.02350507202968573,0.024138712325970427,0.024761165308542388,0.025825994017932338,0.026641224231120808,0.02658649909943237,0.025880435167709298,0.02664655560060026
2025-02-07,0.021428496410869052,0.021110594529058335,0.021269831047612115,0.02170864584190967,0.022273160589349746,0.02282007899414399,0.023377736611643836,0.024087640185882882,0.02483309695423471,0.02554649643669631,0.026764879093148907,0.027761049330749427,0.027927321625532568,0.027322798494283852,0.028034965543558967
2025-02-10,0.021044101228628216,0.020752813828669853,0.02096173272246941,0.02145734344079356,0.022072273948293007,0.02266737155923101,0.02326443155535941,0.023991256555799673,0.02474448288500086,0.025467310439001706,0.026740825545154605,0.02781496448342822,0.028116785715474005,0.027485140415783496,0.028177353752436428
2025-02-11,0.02285080361631178,0.022851245262512747,0.023143362811673302,0.023619321033907615,0.024139516391560305,0.024592802079573393,0.025023580333768728,0.02555713935090342,0.02612497816487152,0.02670394207981439,0.02773850305967753,0.02848108362678434,0.028419573682114112,0.027430489733470707,0.028084632426653395
2025-02-12,0.021521688581714802,0.020921282142371093,0.0208517931725316,0.021106729827472418,0.02155261749120698,0.02204001045912293,0.022557042646133146,0.02318213109665225,0.023830487862773714,0.024497576264327872,0.025744154696172066,0.026864076533472378,0.0272266952615899,0.026553007226545623,0.027266569707296354
2025-02-13,0.020763211800502068,0.02014894159877377,0.020017303299795765,0.02019478836916945,0.020563537319018218,0.020998385895955846,0.02148857268324668,0.022091110820588115,0.022722705922116674,0.023375100767200827,0.02458512175841628,0.025641508664137266,0.02597993074600872,0.025328087902822434,0.02600819620689876
2025-02-14,0.020494235300308465,0.020374260719424008,0.020560913547281987,0.020960248890464737,0.021488371802401554,0.02204530321176914,0.022641383389155643,0.02332400839858365,0.02402046838139453,0.02471906740026156,0.02602416047765139,0.027195101346256037,0.027709628087186983,0.027224977955684675,0.027966679332816866
2025-02-17,0.023329072223197383,0.022991358521284845,0.022974688854603548,0.023175323103655308,0.02349628092911212,0.023846158571948013,0.024236445300392356,0.02475219382331987,0.025325273679124218,0.025941791641840312,0.027095657711377966,0.028101403850681578,0.02842033136652981,0.02773196626977768,0.028402957695380045
2025-02-18,0.02140026615637988,0.020835106476811825,0.020697220677216528,0.020835441920127287,0.02115145222619394,0.02154142835235539,0.021997107969767688,0.02258045935176899,0.023202504393765453,0.023859102292419963,0.02509840442261986,0.026252118635286568,0.026723494927742272,0.026201137033983107,0.02688024737554187
2025-02-19,0.021859847828750098,0.021598859901991122,0.021663853004512536,0.021936672769605283,0.02231222064028972,0.022715382838805365,0.023159971647333993,0.02372249838766808,0.02432566355147967,0.024958404858873334,0.02615411500405395,0.027205900381582337,0.02753356294442355,0.02693581511660824,0.0276011445695223
2025-02-20,0.02172312312896198,0.02178906132414942,0.021974325782733922,0.022275808167738123,0.022620021226340256,0.022971489383101694,0.023350516783912242,0.023848806981064164,0.024391256775063565,0.024992356060728332,0.02614613933062838,0.02719558978133006,0.027532351834961517,0.026962282802552206,0.02769523424334326
2025-02-21,0.023285609556106833,0.022838655669052025,0.02271045575010938,0.02280036477251228,0.02300872529216742,0.023274698448096605,0.023599376587047246,0.02407029751642327,0.024608097811886852,0.025223613106317544,0.026398892807712827,0.02744147356981634,0.027739959780760458,0.02714262143503957,0.027781364011425513
2025-02-24,0.02170383320114346,0.021759399626417455,0.021931605120370568,0.022196757131849064,0.02249627422842228,0.022818785561980186,0.0231879399429655,0.023688688892904788,0.024232611038311116,0.0248219337710209,0.025946538379857397,0.026951217375576247,0.02721351706255186,0.026625081287394162,0.02735501320025479
2025-02-25,0.024573160800346334,0.024051784596939407,0.0239014724469342,0.02399265075837339,0.024189371662577466,0.024411731650522222,0.024676498544628642,0.025107238662421698,0.025618264492950647,0.026196842367220693,0.027268045822963306,0.02808438851435704,0.02811655029636965,0.027246618056955083,0.02792200597103089
2025-02-26,0.023346529177165693,0.023038634834353408,0.02301714504397419,0.02318998889319148,0.0234485190164771,0.023736449320706416,0.02406859841183808,0.02454672170923988,0.025089440298961166,0.025694330910668355,0.026839671961368765,0.027793673302262484,0.02803263219251797,0.027318865038244874,0.028004072950325764
2025-02-27,0.023550951971735918,0.023327956781993293,0.02348659721379011,0.023870039058509894,0.02430797483759724,0.024720478221994115,0.02514865088159708,0.025708921481833232,0.026335630038795462,0.026976051044589732,0.02811328115601525,0.0289723431377901,0.029037964466213522,0.02818200895784575,0.02887798672850562
2025-02-28,0.023150917066218572,0.022880666586853442,0.022956604810065034,0.02323876949397533,0.023588433679826343,0.02394858776935533,0.024346090879115666,0.02488392883205705,0.025482555683588565,0.026126222840247532,0.027319829048733917,0.028311012117907097,0.02861794877115571,0.027899350371291293,0.028647961234496633
2025-03-03,0.021716388049036667,0.021704409056529435,0.02196529442921371,0.022379942074071565,0.022830551635676776,0.023273229043779257,0.023751974517991548,0.024344837210904947,0.02497956136071173,0.025663690757033564,0.02694575864168594,0.028045729261354645,0.02846464325557363,0.02778701497153039,0.028584042897276094
2025-03-04,0.021743306896241793,0.02177642896393868,0.022079573028198435,0.0225643247844377,0.02307301606487005,0.023554171005034878,0.02404044420482243,0.024637266186967627,0.025281371953016617,0.02593850182532596,0.02712455363691334,0.028056491289339437,0.02828418957068008,0.027531982508568264,0.028184365405700747
2025-03-05,0.022715736040642927,0.02305220531201363,0.02355890507998089,0.024175523869501333,0.02474857224124923,0.025243857662335348,0.025727134862764352,0.02632114291388583,0.02696318381908297,0.02761308548021032,0.02877863681531696,0.029716945561207936,0.02988405853595144,0.029105180514854192,0.029807928973608087
2025-03-06,0.020937366316627095,0.021209593194996473,0.021633443225588606,0.022170247246657816,0.022702863210229168,0.023191750376881825,0.02367867774239364,0.024276045020563044,0.0249081161612356,0.025550458366358164,0.026730505870233394,0.027753095372881148,0.028044461356318467,0.02736189980701997,0.028149502826892152
2025-03-07,0.022941614019202434,0.02304882316928682,0.02339717608685532,0.023891515460027192,0.02441585793125159,0.024906637087981718,0.02540640179138855,0.02600270167325104,0.026641210540968508,0.027296033585921052,0.028494474138077736,0.029539042135809258,0.029803204953945395,0.0291529484137941,0.02986587898461541
2025-03-10,0.022149487393900616,0.022427678833270168,0.02292188743853861,0.023543345839978778,0.02415570881443125,0.024710131212641016,0.02526140862533076,0.025917504037531854,0.02659857200692009,0.027265945772767756,0.02847555820249551,0.029502747961613236,0.029780832042589665,0.029129419571147785,0.029809885376002883
2025-03-11,0.01836655157348872,0.01788481874425313,0.017846609152939424,0.01808059975355259,0.018463017390510577,0.018910623046034854,0.01940946960017621,0.020006314767426855,0.020616295362279033,0.021263248417395356,0.022490892365608035,0.02360499991308208,0.024033511009124445,0.023636890605448223,0.0244391156677656
2025-03-12,0.02134898282665794,0.021602062236156117,0.022065132899235382,0.022672899186118894,0.02328298511985985,0.02382528527886168,0.024338628156045452,0.02493343194639802,0.02555363862534265,0.02617798412732508,0.027325488274230002,0.028288360783140735,0.028571275723432325,0.027899107410562795,0.028718557792699276
2025-03-13,0.022811991423899138,0.022696070417109873,0.022900845133507652,0.02330738011562631,0.02376454435372053,0.0241814282849912,0.024588320367444197,0.025092136782971793,0.025644743868773096,0.026241271777977266,0.027345096405406163,0.02826319901612945,0.028496578262352728,0.02785083399629711,0.02859013813951977
2025-03-14,0.021904459933265345,0.02185012825644119,0.022153791187156092,0.022648456443539005,0.02318625945822632,0.02368111170413334,0.024171703041628856,0.024703844564793534,0.025308105771682087,0.02589841361492724,0.026970044562669715,0.027818923398360167,0.02797294104257149,0.027294575978991147,0.02795856240031656
2025-03-17,0.022059360347572953,0.022155699490221406,0.022535959701955165,0.023077546301436998,0.023650511856648706,0.024185161766314366,0.024709521647236096,0.025275486115311215,0.025912621295369913,0.02652876489737983,0.027668765136279815,0.02864533420352172,0.028968274705810856,0.028395577396786973,0.02912101582022276
2025-03-18,0.023047942957980322,0.023243784411183306,0.023647188354028424,0.024175945505454766,0.02471660921704723,0.025205528082656463,0.025683382907274416,0.02620385248308314,0.02679914274328669,0.02738638065877229,0.02846442156768606,0.02940046910121444,0.029680380963858496,0.029054365392482146,0.02982436150107752
2025-03-19,0.022036027312975295,0.021470475917001613,0.021542766213113886,0.0219625926691897,0.022532536786404708,0.023103175629476266,0.023682306254690616,0.024307128234109437,0.024998301954552216,0.02563442485643417,0.026747089019534022,0.027591168988267283,0.027766675385971898,0.027107313744663276,0.027685921326119554
2025-03-20,0.02124929752108391,0.021478987100876267,0.02193499019813152,0.02251065916008481,0.023110280799138638,0.023683214565635765,0.024263989673931598,0.024882507724777833,0.025551704958073802,0.02617809222782006,0.02729871268172042,0.028245236726767747,0.028567182557850897,0.02804882704351549,0.028772609410175648
2025-03-21,0.02089562114898381,0.021048754283925487,0.0213913568118095,0.021841420591288168,0.022326912114106544,0.02281073063141293,0.023324322234178144,0.023875945175200728,0.024485735069577068,0.025083589354640966,0.026174687013967305,0.027183547674718804,0.027597494850074945,0.027187494982656584,0.028046154441299383
2025-03-24,0.020482238134878553,0.020644224374483884,0.021046960539535163,0.02159000854755949,0.022175289412888752,0.022738530314853567,0.02330733534846498,0.023910931807657087,0.02457050569435915,0.02519856264657763,0.02633058155992537,0.02729752287826243,0.027689060138041625,0.027274847924096228,0.028068969192945697
2025-03-25,0.0203081094540982,0.020637811024959266,0.021287200006126755,0.022115570672069713,0.022969174241977745,0.023750910801495315,0.024498078741056604,0.025251449810808527,0.026037706890127778,0.02673315136870408,0.027955064784404363,0.028935310142940672,0.029401690409204557,0.028925855056497217,0.029746861679540226
2025-03-26,0.019474951163947728,0.019552913675178134,0.02001604359111446,0.020692441054082942,0.021438475318908575,0.02214966564513444,0.022854195453460496,0.023575071486642632,0.024332173959051462,0.02501692942050682,0.02625244686612733,0.02727492154945124,0.027757543654820856,0.027342257559173057,0.028112556131128136
2025-03-27,0.02107422995985223,0.020868123290623555,0.021043782735763867,0.021442525717336767,0.021938721784643563,0.022435458749385642,0.022950392018328762,0.023512547409338166,0.0241537723602082,0.024794487265441048,0.025967960846963983,0.02688667621718974,0.02730404404552649,0.026710587009722977,0.027569624492611678
2025-03-28,0.021236023096501244,0.02130816864514595,0.02164525566952521,0.022161059140419437,0.0227552679230115,0.02335840737766222,0.02397541479493032,0.024617048789012056,0.025315390744429574,0.025995273028845047,0.02722210401145088,0.028211578235838315,0.02869304422687447,0.028214993860023446,0.029041875934047962
2025-03-31,0.02032822238465449,0.020245939088630975,0.02051793589467298,0.02099918503797588,0.021585250492506855,0.022201401416713368,0.022867583247853613,0.023569680628553843,0.024326728973455013,0.025048867471836808,0.026338642602333054,0.02742902626004971,0.02802848310501959,0.027585027168065143,0.028413643316100284
2025-04-01,0.02060453600048926,0.02045141002105003,0.020686741404445992,0.021161736160532595,0.021768575827050857,0.022413513300283586,0.023094291864169843,0.023803760940621244,0.024561372522893914,0.025289428473473687,0.026570606357412246,0.02765312242067651,0.02823612745015838,0.0277723706907251,0.028682793348519198
2025-04-02,0.019831881870848764,0.019488929914292557,0.01964319930207522,0.02010082675671009,0.020732503338930765,0.021438789627450276,0.022209595909206358,0.02301383147376625,0.023855568649277164,0.024641793786220452,0.026016006961767996,0.027148792357250245,0.0278263305657653,0.02747859600281433,0.02828818903890008
2025-04-03,0.020512728105165176,0.0206098520577963,0.02091244416197858,0.021376169659161514,0.021931474157155975,0.02251532634075559,0.0231214988682983,0.02377076029744066,0.024486150719183537,0.025190563670412367,0.026413526137401312,0.02742016169350056,0.027819558076814584,0.027422078139198808,0.028488618396005666
2025-04-04,0.020545430427865052,0.020973625707828358,0.021742870762024157,0.022684450079896917,0.023640990380962748,0.024504275792581486,0.025317255424352196,0.02612395863039505,0.026958014081334657,0.02768387826712356,0.028846227299290338,0.029596907063789854,0.02972264699769468,0.029083297099463723,0.029814156093686303
2025-04-07,0.021085389813124876,0.02081162561448749,0.021251379201703904,0.022044655713498305,0.023002383533625166,0.023966790974212497,0.024952477077463307,0.025958700852361585,0.02699407300526681,0.027876288702867368,0.029287046485135734,0.030436410383796457,0.03102431954805845,0.030491247123034367,0.03144016231771532
2025-04-08,0.020231045957237105,0.020641502880839675,0.021392655276638823,0.022318856701935327,0.023292094542067446,0.02422641587066525,0.02514827972122416,0.02605468849446399,0.026968887198112766,0.027747503277325225,0.029012583950550015,0.030039007110169342,0.030414426093736003,0.029879054647355456,0.030860171208104373
2025-04-09,0.020509998180778595,0.020407127302947987,0.020920734070414015,0.021760607766269945,0.0227450801354567,0.023718745106776563,0.024676641326447278,0.025620321865967813,0.026572531906249863,0.027383212367414592,0.028648293430676756,0.029616183227016816,0.029959517869136844,0.02939044598502058,0.03023843794016856
2025-04-10,0.020378639440123192,0.02070602418269559,0.021449768983797496,0.022423196220887856,0.023461553316810064,0.02444361008074055,0.02537907576075538,0.026296067827362393,0.02722905192890667,0.02801675997339028,0.029227973167426414,0.030162147480231476,0.0304999800933699,0.02998256314292626,0.03071059867085455
2025-04-11,0.020672735931159127,0.020652789685399263,0.02124561254290489,0.022151035730556465,0.02317706468972537,0.024183721494640743,0.025167531999396794,0.026133692012639025,0.027116199949529088,0.027968477589574884,0.02933709159105154,0.030375908662606234,0.030890314048186814,0.030330873451835577,0.03125905363793403
2025-04-14,0.02044293188328036,0.020947015428014217,0.021863134655750394,0.022996515173556942,0.024162992588731037,0.025240209515136034,0.026246811942601464,0.027208407619060966,0.02817226704394589,0.028998610852531123,0.03031570095264087,0.03127916507899183,0.031666034910834445,0.031116656280733263,0.031948185107262224
2025-04-15,0.019544789655600445,0.01919397909680697,0.019487108155271514,0.020123308697096106,0.020938844359480013,0.02179848024936573,0.022668082796601968,0.02353143446333432,0.024407696983946882,0.025186793612423354,0.026476248650133156,0.02742326157811554,0.02772601317395658,0.02721387658574792,0.028004559963398942
2025-04-16,0.01981558379473725,0.020500734592737168,0.021391560291248866,0.022389453238100033,0.023378772771144224,0.024292672119127244,0.025150665216069432,0.02596561701382099,0.02678409878652573,0.02751638997740966,0.028750294136039432,0.02968084320997566,0.02994634782254226,0.029411544564822284,0.030123681494705488
2025-04-17,0.019949775718853875,0.020216968946592227,0.020933948099807254,0.021887204547998272,0.022903956196004445,0.023867250686180688,0.024793768021693422,0.0257004705338129,0.026617992151415425,0.02741615261661451,0.02870657724481955,0.02965050051753868,0.029954033900263563,0.029354457560346266,0.030040508060294527
2025-04-18,0.02038869226688963,0.020469988731432836,0.021024620991322757,0.0218232491706858,0.02272599515643657,0.023620738417958517,0.024511815387190872,0.02539420684141756,0.026296428339209216,0.027108091180818517,0.02848025873689723,0.029567937028319714,0.030072907612717737,0.029559732744138603,0.030342224930267878
2025-04-21,0.01987249863772708,0.01993569895608603,0.020448493523040456,0.02120294490173911,0.022077358348725776,0.022962181551371946,0.023840641082362814,0.0246973817327124,0.025564002598417068,0.02637130663001348,0.027771227572313678,0.028812245868970927,0.029352138759870458,0.028792607912167773,0.02962862651087219
2025-04-22,0.02078279387726839,0.02072848107418016,0.02112908157715818,0.02178397675123544,0.022574348984109753,0.023383312900065144,0.02418012102039199,0.024960900184759167,0.02577316178355193,0.026553061748315496,0.027898407643292048,0.028888842793966536,0.029324483796748436,0.028732700341251798,0.029556935911056827
2025-04-23,0.019063932735070715,0.019092614099356704,0.019673774977291055,0.02052907484680596,0.02153427581943904,0.022550867418732804,0.02355355300378382,0.024510905681815603,0.0254524106665358,0.026299063953115362,0.02777276769156808,0.028977910138424254,0.02965203553551234,0.0292487269249571,0.030004110202281963
2025-04-24,0.01916517897756332,0.019188607857262077,0.019837842024743285,0.020775816663985085,0.02185640835394342,0.022922512767296937,0.023958172842798414,0.024959575902214946,0.02594808335630277,0.02682126925528861,0.02828963446711838,0.029461136915693905,0.030126342624373338,0.029672823201838436,0.030488399354928083
2025-04-25,0.018478656003899474,0.018905873973536394,0.01979105861495028,0.020887799175001106,0.022072454958575762,0.023229354642903658,0.02434107177543288,0.025386938201693975,0.026400061585987594,0.02728631486961152,0.02879779803803406,0.03009638734581542,0.030905186500056605,0.030487431475959954,0.031374619905969355
2025-04-28,0.01728780660815571,0.01747589474615227,0.0182655684092938,0.01932772227369552,0.02051493033359976,0.02168415105840918,0.02282176477428339,0.02389878599338311,0.024941480802064084,0.025843414770140676,0.027355598295390027,0.02859553760088921,0.029346546074878146,0.028940975899281428,0.029812322048891362
2025-04-29,0.0182097590142521,0.018927307108748053,0.019922745741406633,0.021053059774684107,0.0221837149502043,0.023233168697366333,0.02421477242774455,0.02515254781460609,0.02609044381902212,0.026917428647754066,0.028292700241054236,0.029411380258459612,0.030024139709741663,0.029454774185808736,0.030527401786555417
2025-04-30,0.019038026359824142,0.01853473325782918,0.018888535665381945,0.01967394044065551,0.020693497458141658,0.02175044501652508,0.0228060943817226,0.023843892277645072,0.024886179129576396,0.02581546509880808,0.027347187168427697,0.028637827717278776,0.02947017619172229,0.02908074055402719,0.029901305235484132
2025-05-01,0.017603792292881806,0.017641073429698634,0.018270974468757008,0.019189408277378906,0.020241553232263794,0.02129725572080301,0.022339856198374503,0.02335029584693093,0.024348842355444787,0.02523212288780034,0.02669888066747744,0.02795059119097687,0.028810979848031777,0.028419670179852145,0.02942252950633335
2025-05-02,0.01851948921328369,0.019274028937938253,0.020350400777687155,0.021540636216200337,0.022751391192331383,0.02389990961205187,0.025014604108777837,0.026071435767781388,0.027097557642057974,0.028009978003727728,0.029584784507984394,0.031068340694564905,0.03219634868029729,0.031952654254215104,0.03306492092552317
2025-05-05,0.017884971358907816,0.01786516674050219,0.018689415400527716,0.01991426560251611,0.021304364624989847,0.022653494752037772,0.023973581502712463,0.025256446891686064,0.02650923264009484,0.027573625772099115,0.02928851807130062,0.03085242212829111,0.03207465487293863,0.03179638550579075,0.03302375258109815
2025-05-06,0.018455846742112276,0.019197833226017206,0.020538081128437188,0.022096075557700108,0.02370566484514295,0.025216772019382223,0.026658292404204215,0.02800614515294716,0.029297382944125854,0.03036414280138773,0.03206175736291224,0.03355889019392172,0.034721124560690944,0.034525653693064866,0.03541074229191926
2025-05-07,0.017838313253621882,0.01887159910931826,0.020423988240312024,0.02213795882018161,0.023843784734128452,0.025379862144503506,0.026827797614228134,0.028190691295652055,0.029490626030099564,0.03055656526257735,0.032234525976649595,0.03367413381095895,0.03475528974286539,0.03446478971182332,0.03540109580493937
2025-05-08,0.016622117997750912,0.017246197911003822,0.018496188803515737,0.0199928334889213,0.021544090558334984,0.02298412401435865,0.024367542042369166,0.02567520352377979,0.02692761004631911,0.02795479648405305,0.029558952817739844,0.030979499031165036,0.0319930284866983,0.03164332996335291,0.03275134781699586
2025-05-09,0.017771014141365702,0.018686919468412222,0.019988645057971335,0.02143227024076922,0.022876515012480975,0.024195839442814563,0.02546082310651096,0.026661369823799384,0.027831765768410167,0.0288119100877973,0.03038568510404003,0.03177743263752689,0.03259477144762897,0.03265738506324666,0.03322734560516618
2025-05-12,0.014013426230425568,0.01528390412589631,0.016873251857764553,0.018572415529287283,0.020256243607021003,0.02179283088582059,0.02324857489755552,0.024611989976450477,0.025905554162160435,0.026944742660640206,0.02858166613086159,0.030068705567675727,0.031065183843450993,0.030969777031580353,0.03184044802326245
2025-05-13,0.01877538294638738,0.01928800793892022,0.020259670930285897,0.02142426117526839,0.02264734541580341,0.023775139093654012,0.024857292920572385,0.025906807426982353,0.026966783199821803,0.027887465843541414,0.029374324043939175,0.030666225680226204,0.031421330816413746,0.031048906591842867,0.03194401567840285
2025-05-14,0.01786958772706995,0.018875942888593844,0.02021604636866703,0.021656079193164486,0.023090960304578717,0.02438474269565691,0.02561407251780065,0.026787797105492624,0.027940254088850775,0.028926237452057003,0.030521258160067385,0.031992966211200555,0.032947450609174714,0.03267593251761031,0.0336573645240212
2025-05-15,0.016470989610947277,0.01755821754073116,0.01902381095669308,0.020610163667490192,0.02217955251647474,0.02359150813159199,0.024920293076060453,0.026170808622100347,0.02738450391993802,0.028402317571552163,0.03004469174056874,0.03147626267942274,0.03241757574835225,0.03226023081153816,0.033121928802560284
2025-05-16,0.015963316117512748,0.017033492782823997,0.018352045440304002,0.019735289689055018,0.021074532005442903,0.022251893866985638,0.02334976603076029,0.024378326257810543,0.025384520181277924,0.02627304755764043,0.027746447464187564,0.028989798083604072,0.02967839621707335,0.029433270219311487,0.030402926781370732
2025-05-19,0.014112571379773375,0.015014046114320431,0.016430414200631512,0.01801397752039525,0.019650634763565444,0.021170444585953765,0.022635332158501265,0.024018482463984216,0.025334674021824797,0.026457966502892345,0.02834530309016116,0.03015976526287603,0.03154657376098492,0.031809691614810134,0.032807413643807536
2025-05-20,0.015515877054532909,0.01692792096574445,0.018513140751081552,0.020104383464952053,0.021619067261293364,0.022952123601707286,0.024196832860627213,0.025358760205745838,0.02647746154972473,0.027451268037647247,0.02908750769492486,0.030597039120350236,0.03159680712864129,0.031567351043269576,0.032599566523688575
2025-05-21,0.015664537256948895,0.016762776246430147,0.018214486868948804,0.019765818200989854,0.02130443497980688,0.02269352432496947,0.02401029119029456,0.0252458145141353,0.026436706183384177,0.027446865044155576,0.029085813896527198,0.030558567666390223,0.03155960529959067,0.03149684620367435,0.03242701831517586
2025-05-22,0.015491708095186723,0.01573472563477806,0.016525820100725393,0.017561501495070103,0.018735594968729452,0.019892824787896765,0.021051082309355013,0.022170001355163397,0.023270569488877478,0.0242417200247797,0.025857552029460076,0.027317338855518302,0.028311951485237394,0.02829787398479959,0.02923560225768904
2025-05-23,0.01620253503298781,0.017264244642401845,0.018600832712472315,0.020022755739941955,0.021442916282091475,0.022758101263408423,0.024025338799121936,0.025213946129159264,0.02636828573257662,0.02735076335643617,0.028967994753207642,0.030446862451068285,0.03144032020525541,0.031354915223796666,0.0322701880408353
2025-05-26,0.01589345429098593,0.016362547757996428,0.01735565341586925,0.018561743181988617,0.01987767060327667,0.021158744000939513,0.022436023343984125,0.02366458374944127,0.02487112322098902,0.025912720646539312,0.02762819897725698,0.029202057262135164,0.03034085552545389,0.030319359930106662,0.03132308210364195
2025-05-27,0.015363960996043733,0.016283342368342876,0.01755315861132284,0.01894348746319787,0.020358667026274386,0.02169157973198168,0.022992678527861448,0.024223058309403227,0.025414320603017005,0.026425495356516067,0.028086900048522646,0.02955526832132815,0.030559277156093193,0.030479596897195586,0.031328086682205006
2025-05-28,0.013875098093679093,0.014206865215355823,0.015049173868166071,0.016116319066202194,0.01731095488022045,0.018504071944931793,0.019709500360702664,0.020858632151236733,0.021983865818692747,0.02297201227547446,0.024653925418255625,0.026134725649612164,0.027255800076831174,0.027164628459856784,0.028139708145864833
2025-05-29,0.017613223195746763,0.01845298039824697,0.019686656595479298,0.021062463883702608,0.022455746495484635,0.023752066495214778,0.025006695189503544,0.02619602004232757,0.027365016407754076,0.028371067613724047,0.03003895183173825,0.031435615677186675,0.03239138705023002,0.03215643831339253,0.03315269379016569
2025-05-30,0.016513108336663748,0.017872770214679222,0.01942498529155812,0.02099993204701473,0.022507017414191442,0.023893135715634728,0.02522251751289093,0.026461571379883954,0.02766665122682578,0.028704970108587084,0.030448084167858713,0.032005520808505765,0.03315041429608974,0.033065132046789666,0.034145208023778295
2025-06-02,0.017184118112755834,0.01826533869878978,0.01960523669249021,0.021005629857336908,0.022360315054316335,0.02359771191859283,0.02479081240100626,0.02590930162202809,0.027013179007906014,0.02798245102926469,0.029581748992764282,0.030920662003183122,0.031808959508366694,0.03157307207942435,0.03261939393504989
2025-06-03,0.01847219116566158,0.019398570397925453,0.02047884405804086,0.02158328983274643,0.02265528852140649,0.023668268936614563,0.024678880333127984,0.025628676751175628,0.02659522444861177,0.02749018185638824,0.02904192490187006,0.030318521364246915,0.03113211805451639,0.03086627532105273,0.03188858827488969
2025-06-04,0.016724738732447654,0.017554159950874892,0.018625069787111394,0.019757004424152087,0.020901706052168494,0.022018744257584443,0.0231577579474387,0.024237735829057378,0.025315991146311903,0.026304629828135227,0.02802459766687679,0.029565426005822303,0.03074205043518144,0.030766614613663115,0.0317549554569743
2025-06-05,0.01705812448364715,0.017941069400634273,0.019048721585346966,0.02022350568151768,0.021380824311203396,0.02248268693907961,0.023574762777406097,0.02460219337763791,0.02563458478242595,0.026571039450259154,0.028169694323035125,0.029547086604381587,0.030443493384594664,0.030328118646880474,0.03114322549178903
2025-06-06,0.016947720381938577,0.017948209713386346,0.019096495082301976,0.020277540019493143,0.0214351837480391,0.022536979404108873,0.023639959642843347,0.02469247110806301,0.025756063143920094,0.026745678443687273,0.028484394705167723,0.03004249584514318,0.031187135536422318,0.031155531229223907,0.03207902082117356
2025-06-09,0.015115669327059083,0.0156355031642312,0.016492279661478548,0.01747129714606794,0.018524173655165243,0.019590288985901108,0.020701732567444894,0.021765114393907017,0.02282726455104255,0.023820951752463092,0.025573978963279672,0.027143862958439735,0.028283992305392677,0.028317611811783258,0.029264224066007594
2025-06-10,0.016825232627614192,0.017818107006397993,0.018914421380794095,0.020036452532496696,0.02112765686987116,0.022146827006335256,0.023150316702021796,0.024109680649570458,0.02508487497742169,0.026013269562908368,0.027667872025825754,0.02905899749279376,0.02998740290238168,0.029853748384719686,0.03074962768004218
2025-06-11,0.01788293529736349,0.018309870393292446,0.01911252914564293,0.0200641984525579,0.021100029858340915,0.022123649491816794,0.023162540213138464,0.024173406617579066,0.025205817454484563,0.02620989862387967,0.028015328024750114,0.029659274560097842,0.030863172889696963,0.030925953153059738,0.031740413340251475
2025-06-12,0.017754431139717818,0.018536791502235608,0.019537001378568036,0.020599984791314103,0.02166484399792246,0.02265112726965551,0.02362024061491168,0.024546903867449787,0.025496136025786903,0.026416018952614907,0.028082520941283697,0.029567508648441543,0.030752626397481792,0.030659705863986832,0.03166100392447417
2025-06-13,0.016192597373982112,0.016741400839117397,0.01766110392126344,0.018724027636757512,0.019840080646375522,0.02090498624405104,0.021961005700555602,0.022971005379144642,0.023993372110916476,0.02496372334730716,0.0266905304151459,0.028291683501273892,0.02962642279859633,0.029653460671710125,0.030610404149229224
2025-06-16,0.017277185641501602,0.01750216248233949,0.018176559215960203,0.019034906919261456,0.01998581951348918,0.020913479005917886,0.021850919815673935,0.022765619866697104,0.023711838455618382,0.024632843207300373,0.026243875591955356,0.027634193665031864,0.0286909732544796,0.02858323819738822,0.0294885349415583
2025-06-17,0.015738066821439748,0.01624556252252969,0.017075855284556987,0.01804652045678109,0.01907824260592008,0.020076837132760934,0.021072359753563814,0.022036582118245943,0.02301353540850721,0.02393953648695383,0.025563891366395187,0.0269813083341463,0.028117779462571872,0.028044761274619138,0.028931462161625163
2025-06-18,0.019037627361838127,0.01951732670705543,0.020400704422970144,0.02144152756986438,0.022550321947802418,0.02361468320896449,0.02466449986209374,0.02568496996571926,0.026739691919549075,0.027756007656501287,0.02954186101828936,0.031116811250256896,0.0325348997467875,0.03257427040771036,0.033548173412994216
2025-06-19,0.015615897560807683,0.01656007126233576,0.017656258717407464,0.018789354494553767,0.019904992253378398,0.020966816852467485,0.022024280090566603,0.023020159688645313,0.024025673228026335,0.02498731048644891,0.02670425534868727,0.028169428212021397,0.02950339903116677,0.029557392735003366,0.030579130442578963
2025-06-20,0.017500751095148072,0.017939712445603356,0.018944757292028887,0.02016803031901504,0.021468547697948204,0.022695761592706625,0.023890124907560407,0.025035792835166066,0.02618501632569548,0.02724248460613183,0.02902923791322521,0.03062281201886652,0.03202036333847956,0.03205923073094867,0.033048274149939744
2025-06-23,0.014902988200144417,0.015209079657330003,0.01606254177760162,0.017135958684538766,0.018327540118397784,0.01951752335216344,0.020727685265326874,0.021880904492781395,0.023032752828632812,0.024116600744098056,0.02605142510641059,0.027861136094980497,0.029623790101227048,0.029946773875710708,0.030894240525605153
2025-06-24,0.016162758646637482,0.01701781561473174,0.018126919557186504,0.0193149657448249,0.020491418032007824,0.021585851235470205,0.02265425940757468,0.023667505416598074,0.024687766249386026,0.025646153063872513,0.02733599075227444,0.028749096058871604,0.030021642480331488,0.030021556793410866,0.030975843863359498
2025-06-25,0.016274883814853418,0.016771631547138434,0.01759597090005315,0.018555094461592585,0.019559568678553345,0.020532223460480566,0.021511608244329853,0.02246034666284518,0.023439725859852916,0.024382506551540603,0.02604435015704511,0.027404991870003562,0.028597540149751008,0.028553584497192,0.029464434505379347
2025-06-26,0.0188803160952914,0.019143260354454333,0.019907838237053388,0.0208510398811917,0.0218746070490899,0.022861618067351697,0.023870610942057842,0.024866678425496988,0.025901393852097266,0.026893242442650088,0.028609327168050615,0.030060549666404122,0.03133874021615563,0.03135914094778903,0.0323628560442819
2025-06-27,0.01504722983709914,0.01555272040507542,0.016463471097914815,0.017524349336376373,0.0186622695388595,0.01977733392365947,0.020898307417669456,0.021967190054804023,0.023038581707693982,0.02404563269501511,0.025833118808815038,0.02734734472785129,0.028880982671943275,0.029100459142444836,0.029904816084060457
2025-06-30,0.017059870755021626,0.017960617616429433,0.019058577274451777,0.02019194563210641,0.021303118862013037,0.022342131470290485,0.02337623704258503,0.024370920900433978,0.025391687497170676,0.02636284763062347,0.028042875377009422,0.029484974515683948,0.030928705123124588,0.03100343624310083,0.03205093397227413
2025-07-01,0.0153350158603601,0.015732913931237717,0.01648437907516733,0.0173849750797429,0.01836655720710843,0.019350408410075997,0.020362257849510266,0.02134395066242269,0.02234960780124977,0.023313853271097557,0.0249912050474146,0.026400030534517574,0.027918545712133865,0.028072153511008884,0.029170342557383183
2025-07-02,0.017644666093117625,0.01790456996469894,0.018568976267642614,0.019410010233009176,0.020336641316457904,0.021261918327465018,0.02222105720581026,0.023163636419269207,0.024142809432512267,0.025088865171562086,0.026708564523737995,0.02810366218829052,0.029539177750989586,0.029685403445623277,0.030715262597117522
2025-07-03,0.01698934721519663,0.017423138171115935,0.018236486749850674,0.019190596159352064,0.020194371444374814,0.02115668369419337,0.02213755205972181,0.02310367838650161,0.024107833832677117,0.025065179599339925,0.02669149498140565,0.028064663698136354,0.029495150037690737,0.029626373910983567,0.030670412766923984
2025-07-04,0.017418058761169527,0.018018711589737862,0.018939099889088304,0.01996233733611774,0.020993573378849675,0.021944473789471897,0.022884006063656728,0.023797560075949763,0.02474673580599667,0.02566969165553628,0.02724004108743041,0.0284771009929004,0.0297749122909839,0.02976763303517271,0.030895070892406805
2025-07-07,0.017997271335621817,0.0183811540239401,0.019096176228069993,0.01996202876796648,0.02087627295884811,0.021738012339006237,0.022588763882521175,0.0234280324709399,0.02431728158801959,0.025193864163855415,0.026651052775082743,0.027828574984981477,0.02892759067183868,0.02883726138892385,0.02985048815116297
2025-07-08,0.018497936775185526,0.01941730536637864,0.020385441369608435,0.02135650825819224,0.02225594720340846,0.023060013575061707,0.0238568369551254,0.024651626082712732,0.025507815685971446,0.02636452475878741,0.027784414260124967,0.028856048067714024,0.029812421018376334,0.029409572086098908,0.030744448492136395
2025-07-09,0.017465124253373678,0.018156957579452793,0.019073598925043896,0.020063498274460256,0.021041260476381194,0.021948704368587344,0.022857970600698795,0.02374308344824835,0.024669828820683665,0.025566092369869817,0.027073937845092343,0.02828608129793243,0.02940558186468289,0.02937609966365127,0.030315386158671232
2025-07-10,0.017227536751985812,0.017591899440438024,0.01826350996358304,0.01906437827099892,0.019913911561390565,0.020742185269195242,0.021594945421770914,0.0224319404056651,0.02331796260678146,0.024208447231784884,0.025754027828229876,0.027030765327580905,0.028271610264116516,0.028270863747258814,0.02928719653657441
2025-07-11,0.01804052318283922,0.01874667589995788,0.019795703943293115,0.020982061006437572,0.022153049540379142,0.023221402632544835,0.024257737625275912,0.025247269547381608,0.026263279404018583,0.027197462608275564,0.02874376755476351,0.030033862585219513,0.031249890026506078,0.03121804908754668,0.03204398791175794
2025-07-14,0.01839661549373768,0.018985585810157576,0.019921809541935936,0.02097985783828568,0.02203432640002047,0.023001522288678137,0.023959509536474022,0.02488048151431229,0.025839856717707905,0.02675350179416148,0.028300497137935986,0.029598626877228192,0.03082605599609708,0.030798157028319204,0.03176343120267474
2025-07-15,0.018232967420246694,0.018960858546760728,0.019980081289265185,0.02107949774493254,0.022157030907435243,0.023153237157447118,0.024148022227089082,0.025111681138430705,0.026105483474817122,0.02704151101101761,0.028601927706310277,0.02991464661383667,0.03117559262854301,0.03111846667542956,0.03205156339401581
2025-07-16,0.018309141399730174,0.018474485414340505,0.01906362070345348,0.01986858390637424,0.02073850713681136,0.02156113704332587,0.0223781242160533,0.023176727216817673,0.024039328145738986,0.024899061321678285,0.026357029571211398,0.027521224058708358,0.02862278953347367,0.028602540306714948,0.02946051412059261
2025-07-17,0.018389564560603887,0.018655990877772862,0.01937967913398803,0.020316922896372148,0.021329738984648176,0.022309808375341286,0.023274475559953562,0.02419524907173562,0.025153801586795064,0.02605764487196977,0.02760199334504796,0.02886103640653282,0.03001503101622067,0.029963159038802634,0.030898842254496017
2025-07-18,0.01781877705490301,0.01836441232946358,0.019332654544252575,0.020443129272089678,0.021585083620063047,0.0226694098336488,0.02374101253634278,0.02475872641170426,0.025794081102405803,0.026755798119800375,0.028382374702562836,0.02980432206676314,0.03113357608869088,0.031195613416514317,0.032284538974845865
2025-07-21,0.018074219572710704,0.018764782942740938,0.019737127187620433,0.020803906687973966,0.021867902993901744,0.02286279939622621,0.023843961415254016,0.024783520288518997,0.02575794642100839,0.02668004733154288,0.028243533961425777,0.02960001360631414,0.030835490864913745,0.030844949284306335,0.03188428130097962
2025-07-22,0.018712181914637152,0.0191494388833051,0.0198580912035386,0.020655657649691024,0.021454246488376325,0.02221550961562278,0.022988261896451496,0.023730780836627347,0.024527071274159845,0.025325673331232253,0.0266767637874249,0.027691763647441456,0.028512694103384726,0.028404602245684002,0.02916434289533197
2025-07-23,0.01869115223816962,0.019161412044935527,0.019964074161512073,0.02090269937778228,0.02186886032279988,0.02279294528527376,0.02370877731920964,0.024590199476021313,0.025516059829262406,0.026411876451230994,0.027900463971330416,0.029132286036658316,0.030234114501311533,0.03024598901569699,0.03129461381997007
2025-07-24,0.017987853978267947,0.01831466377110825,0.019047292165211872,0.019909964503139435,0.020802118466030816,0.021661401010514898,0.022544867162904148,0.023399518024020544,0.02429530298912826,0.02516382114234246,0.02660633446950176,0.027771788324774324,0.02882087318690961,0.028829500332759866,0.02995718890743354
2025-07-25,0.01878925580174896,0.01930802606931863,0.020142403008885097,0.021078592851509835,0.022019378722883183,0.02290784414188832,0.02380294370243769,0.02467235943544692,0.02559282367702956,0.026492683954988806,0.027991324411358365,0.02919019378773367,0.030310122336618006,0.03027404216152276,0.03134623505206758
2025-07-28,0.018185268194379395,0.018436065497113498,0.019278814557712663,0.02034990473885984,0.021494625665937822,0.022578201974033985,0.023651488898567902,0.02469030286447789,0.025746045434115582,0.026709579279936193,0.02829027575948098,0.02961081400443203,0.030768933081124293,0.030855600527320046,0.03193095257951343
2025-07-29,0.01870692283317745,0.019181478630460762,0.020068269771104968,0.021105566839075676,0.02215584660274478,0.02313858101820669,0.024110757113477866,0.025053585718109055,0.026037149660777564,0.02695653985146882,0.02844873241294043,0.029601645013263234,0.030584348090774573,0.03057373675524521,0.031649158693946515
2025-07-30,0.017132328105283836,0.01744273729870573,0.018191165083540815,0.019132500843473847,0.02014118440140901,0.02112225500900699,0.02209435294491811,0.0230321624020037,0.02400299565193432,0.024930980812497096,0.02647920096534788,0.027706902569935236,0.028752550649470784,0.028860883007158663,0.029830863525394352
2025-07-31,0.018442601368951313,0.019031276080442833,0.019996798401586094,0.02110294470291306,0.02223726581983309,0.023301047900745622,0.02434045011345863,0.025339704868905584,0.026367544799079268,0.027332932864677036,0.028939581476257477,0.030254397151737097,0.03138992477225053,0.03146583417452723,0.032456449922454084
2025-08-01,0.01740810065166984,0.01800239945019896,0.018942764995193564,0.02002812495059559,0.02112220344254411,0.022156505473303164,0.023183985148192546,0.024171568428550252,0.025185922691785725,0.02612439584028567,0.027692111302880292,0.02898501797724838,0.030015743905223134,0.0300698503517071,0.03112150177896219
2025-08-04,0.017618125241008198,0.018128125696226117,0.01904684272692273,0.020144449854038547,0.02125218663298855,0.022299128851754044,0.023340410064322015,0.02434577610994085,0.02537505310594741,0.02632692639984867,0.027946258851516696,0.029303848388306398,0.030460432764245485,0.030562747629922046,0.03161864905333331
2025-08-05,0.017020957460477198,0.01763452553140294,0.01867399830709744,0.019902667763491165,0.021125614316914038,0.02226518100332683,0.023385817732696376,0.024453965444348854,0.025528871132059983,0.026482505928076976,0.0280806123771907,0.02945986765432995,0.03052688500359002,0.030675262793131226,0.03176049036020785
2025-08-06,0.017605768227916492,0.01823008091355823,0.01921562402999105,0.020352381415596203,0.021493359910353636,0.022562935743518524,0.023610250628929446,0.024620026971057304,0.02565472553192385,0.026606866563347698,0.028209089097528037,0.02959392547837525,0.030726768620148035,0.030820164192367085,0.03196510908968475
2025-08-07,0.01675406019094544,0.017171327625218853,0.017953725042997755,0.018923015393352477,0.01993560699031546,0.020918599732698405,0.021893647668738442,0.022823726363388502,0.023785878829524598,0.024704125242617298,0.02631205937461646,0.02764520455869645,0.028820497550708826,0.02896091711049094,0.02995628734310748
2025-08-08,0.018153761764353266,0.01898991772901285,0.020117684262980964,0.02137270973082667,0.022588678114706072,0.023692536624274386,0.024755736162236204,0.025784470228497863,0.026838459708786285,0.02781635128587163,0.029472417111755862,0.03083686745169885,0.032093358853468916,0.032082739627307275,0.03322799803435528
2025-08-11,0.01611239843484246,0.016540134801253534,0.017437841159394982,0.018546153840678557,0.019714655781381783,0.020852756870653806,0.021987097265805864,0.023072229713559027,0.024158494429655692,0.0251589106459341,0.026936199455612604,0.028447772327705522,0.029920857172763778,0.0302042726319431,0.03125951237961087
2025-08-12,0.016690336881013894,0.017538549194885063,0.018596720841663354,0.01973050479188082,0.02082839213577898,0.02187008851143562,0.0229073286461149,0.023889878543675008,0.02488982920389355,0.025836300307193395,0.027524802926064636,0.028971855672002583,0.030365428857849455,0.03058529101202401,0.03158692846130063
2025-08-13,0.015530395112302536,0.016226533274417032,0.017273987280592543,0.01846424393025747,0.019651609091910594,0.02077432875411976,0.0218882441972437,0.022937451811126646,0.023990202177910605,0.02495768611274135,0.02668009642333967,0.028110985347661467,0.029509016202475247,0.029677265919819923,0.030753185896038454
2025-08-14,0.016433002727493703,0.0171812787495359,0.01829684590938512,0.019541961366597603,0.02077922115950817,0.021960284083349914,0.023138891569203547,0.02423610996357011,0.02532961300916494,0.026324125525455398,0.028097850603961434,0.02965564086454862,0.031236574098113395,0.031473527886679946,0.03249127112761318
2025-08-15,0.017615130993847976,0.01822559941498165,0.01936383304271545,0.020715308353397306,0.022095439736089986,0.02339454284760366,0.024665696259009034,0.02586533153309582,0.02706556317000883,0.028143207184696296,0.030021614707186207,0.03168080266699422,0.03336554309548449,0.033607454250468315,0.0348205277821951
2025-08-18,0.01506029109525083,0.01566145252935746,0.01667490185647315,0.01784249241872251,0.019052147799206023,0.0202551318825761,0.02148235506722613,0.022648058391571683,0.02380387054953881,0.024861175594324526,0.026760701115148392,0.02844635095934867,0.030275084030915077,0.030723927259538538,0.03189874039502702
2025-08-19,0.017172283238085815,0.017889596055536777,0.018955574901952647,0.020162419537503487,0.02135330452410641,0.022478715153029058,0.02359296597691427,0.024632057362693627,0.02568949097708867,0.0266582899113502,0.028382361700782018,0.029829068248080227,0.031226601730374975,0.031403394470028045,0.0324354589941802
2025-08-20,0.017381229276328743,0.017867769878590595,0.018735952695342072,0.01978901836632986,0.020864254832028285,0.021904972523532656,0.02295196334190503,0.02394121297573332,0.024957522119034747,0.025909827631752175,0.027663582393588883,0.029145386192665556,0.03060667236532324,0.030752708309253547,0.031712417470380436
2025-08-21,0.017032856594073165,0.01725570003087958,0.018042623759665925,0.01908236092758859,0.020204047472540034,0.02131386997964613,0.0224425935000444,0.023524823388167082,0.024628190362745155,0.025648991714963917,0.027486526337829647,0.029080875739933155,0.030744484608296103,0.03096550073134376,0.032048673505527425
2025-08-22,0.018235747962502435,0.01926930294481275,0.020443342045293883,0.021657581034661106,0.02280289933343641,0.02385588485613743,0.024896754828046926,0.025900779609919662,0.02693618269034763,0.027899152805275648,0.029615306227796588,0.03108443068318692,0.03248870961609287,0.032649911144576646,0.033650686022578404
2025-08-25,0.017299218703437053,0.017908225263588904,0.018951598829831728,0.020163372070580707,0.02138720519965106,0.02254678147969073,0.023687443810348176,0.024769487017085486,0.025867042131236105,0.02687007276260649,0.02869102344194858,0.03020507443419198,0.03164195103479337,0.03188250785925446,0.0328753258028999
2025-08-26,0.017624351838879667,0.0184264892501719,0.019485421628481468,0.020640156899906656,0.02176884896762994,0.02283504757378618,0.023889451349744243,0.024899846068700177,0.025938833971347126,0.026922475354013268,0.028699419136221586,0.030261445251010217,0.03174150261036055,0.031950774137615004,0.03285865813822726
2025-08-27,0.018066861066903094,0.01863220189513627,0.01950951862782204,0.020526075650407843,0.021558943257607766,0.022557552158803736,0.023555284025859092,0.024513661634970672,0.025513100975148934,0.02648013632219703,0.028249454314811722,0.029805731564357407,0.03125272115142579,0.03146892162326644,0.03235438381152107
2025-08-28,0.017486383526374674,0.01774424606131889,0.018565282570320897,0.01963144629846933,0.02073983327488771,0.021793822841232536,0.02284581807944808,0.02385135872891534,0.02488122105975819,0.02581917497337127,0.02751351752725015,0.028962924130393808,0.030183796277637204,0.03030715807832527,0.0311753514799783
2025-08-29,0.01863134569934247,0.019534899835155373,0.02061388241948319,0.02173235862128539,0.022790686108539456,0.02378175377973969,0.02475730518443252,0.02569069823762083,0.02666837105637583,0.02762539935255042,0.029367871689954188,0.030928642206702217,0.032414416035256126,0.0325433620382099,0.033461577367240224
2025-09-01,0.019302046356206817,0.01952497442198703,0.020321095707101604,0.02137444824577147,0.022465098124681306,0.02347072617339478,0.02444967127389404,0.02541823340005631,0.02643662134406862,0.027390484075242628,0.0290321156219635,0.03047322233432088,0.031749467613485266,0.03180860564551163,0.032541332535091026
2025-09-02,0.01878668698437594,0.01948398872402093,0.020430409258227245,0.021491042900524657,0.022537212478557576,0.023523481852021844,0.02448814837741077,0.025416952438652638,0.026387297779871664,0.027331353936334325,0.029046990949840354,0.03061372259535628,0.03200410381303426,0.03225606461740749,0.03307833769327666
2025-09-03,0.018638407252674287,0.019130002768018236,0.019896594767360068,0.020788534829593322,0.021705767806188544,0.022609667971118696,0.023533898430532836,0.024435002688600327,0.025389317894984883,0.026352297868898904,0.028127057566888013,0.029681020795788812,0.031137186663417415,0.03141487133548054,0.03231698513461991
2025-09-04,0.018949351234192186,0.019897469904349256,0.02094435783867611,0.022017863894763956,0.023000442395024606,0.023907452031104517,0.024812097047676025,0.0256829326047153,0.026603147893242647,0.027510916694047236,0.029155953855094438,0.030594345372473106,0.031830958356054234,0.031909830917419946,0.03281331930001258
2025-09-05,0.019069048976620952,0.01985373848476304,0.020841926837233155,0.02190703720873501,0.022915267603856156,0.023848460505940104,0.024774861135529885,0.025672838867478797,0.026619393734146745,0.027540136755730596,0.02919710063117037,0.030725233034490193,0.0321096857002506,0.032215157118688574,0.03297409914490435
2025-09-08,0.01935373853475548,0.019832594397722825,0.02063020790024195,0.021556166147990254,0.022491017745375548,0.02338799649377142,0.02430331822582665,0.025201927152862052,0.0261508839411831,0.027092497142041188,0.028819461043349582,0.030400584351583906,0.031945749568806914,0.03207778015050155,0.03301430024889598
2025-09-09,0.01850314165509276,0.019620336682972216,0.02082530411844964,0.022044458725500767,0.023162625356860266,0.024181449200245043,0.025179309828850836,0.026136509811019334,0.027123919185535156,0.028070587193061644,0.02979474340868682,0.03135914771538648,0.03286303481029686,0.0330976719283732,0.03393379656263076
2025-09-10,0.018378950232574624,0.019627573439420714,0.02094948597174159,0.022260879830864617,0.02342693051412759,0.02445378048664132,0.025442694082452883,0.026382549691620162,0.027349462651125128,0.028271204179705522,0.029955504442790753,0.03144990976057335,0.03273817855587768,0.03309117713028055,0.03392256799169921
2025-09-11,0.01974480405287231,0.020334467536650677,0.02111302499205941,0.021975741475471162,0.022826477261816212,0.023662673480927945,0.024532607913823595,0.025388263439336943,0.026300258707480473,0.02721805974470837,0.0289442414805707,0.030512365463490093,0.03202429054945825,0.03247027179251183,0.03318019479252715
2025-09-12,0.019798428694510237,0.019928153148022223,0.02056068033096604,0.021419918182797978,0.022353690690006256,0.023290190007403927,0.024228838852676807,0.02518738180096799,0.02617977801308108,0.027131397552717654,0.028921865566584944,0.03056118922904099,0.032176563003359825,0.03265269193387558,0.033409080529166635
2025-09-15,0.01994454740680247,0.019947262712758068,0.020567460644231077,0.021472158507440844,0.022487457350075287,0.023500664899102963,0.02450896219020035,0.02553869542746657,0.026598401790745307,0.027592387655006795,0.02942489309250986,0.031092551042789126,0.03276679652431834,0.03328527246065238,0.03403719126876012
2025-09-16,0.019145700513996257,0.019935888381802935,0.0209946507107442,0.02213284097629452,0.023253577917209726,0.024322935661213733,0.02537209488524569,0.026425118556562655,0.02748138646358886,0.028478069394729296,0.03035803673962873,0.032117543255401226,0.033854461106440976,0.03459420812749771,0.03530993274372489
2025-09-17,0.018950607039291013,0.019609856205550384,0.020480429618002324,0.02145556958343551,0.022432318352108658,0.02339648303064424,0.024345988317929244,0.025301311122295538,0.026279639724348207,0.02722007738864812,0.029043657676224098,0.030632868910857425,0.03218027588607647,0.032948362308057096,0.03363397429063702
2025-09-18,0.018149516862314044,0.019183826667088056,0.020275869609568932,0.02137071105185931,0.022406855966014293,0.023408146993305037,0.024396854400510662,0.025377044504591873,0.026363070342803194,0.027310704575972806,0.029163260653709697,0.030905801991583822,0.032699276647687514,0.03341468685161226,0.03419504552808047
2025-09-19,0.01980395282324477,0.0208870409677284,0.02201478304955791,0.02311699689560626,0.024149670773621693,0.025141273984573803,0.02612135178393017,0.027109555272693767,0.028116130407551513,0.029093139892801587,0.03097000405226638,0.032693119836669955,0.03451538911574139,0.03520880306995211,0.03597701943703208
2025-09-22,0.018796709544789462,0.019680324921926274,0.020632667427300373,0.021610028744349058,0.022548511853655785,0.023471658573967043,0.024377622362710006,0.025284191108060478,0.026201704637305295,0.02708645204370602,0.028825874635708546,0.03037665366629657,0.0319689497326432,0.03254799129857517,0.033172154961201857
2025-09-23,0.01867849594363256,0.019297474930221555,0.02023515548155033,0.0213249343375752,0.022449255799811208,0.023570340432708607,0.02467508314758366,0.02577263110648831,0.02687329415984757,0.027908589675153233,0.029904331193204257,0.03177339774565929,0.0337733743733396,0.03463723350561298,0.03536828942372967
2025-09-24,0.01790815877613488,0.018933826058365886,0.02009555461082392,0.02131659463824833,0.022478327082462505,0.023596625774132025,0.02468043768917666,0.0257480589610273,0.02681263505071317,0.027793259629234866,0.029651648038880412,0.03132102940750943,0.03306972421369184,0.03389876563702135,0.034483790299493944
2025-09-25,0.016975459657215735,0.017905133181593758,0.01902625960089728,0.020237704496734978,0.02143667709988095,0.022642765075832728,0.02382276283222854,0.02498602062562489,0.02612634771547099,0.02718982456703548,0.02927012353803907,0.03117277272420759,0.03328058289471789,0.03440372917383327,0.035104006953719
2025-09-26,0.017515207824461004,0.017832725201709594,0.018536196227428456,0.01943219904907487,0.020428269284653227,0.021502455888461527,0.022602313583593322,0.023709120225940985,0.02480657910924017,0.025839252639112853,0.027880215403594043,0.029796302841932115,0.031900222344101545,0.033004375603388925,0.03355630317440034
2025-09-29,0.019105943215149024,0.01945091647669835,0.020201982156700934,0.021134855865966168,0.022157528318170423,0.02323787352587338,0.02434868800584352,0.025476888061837434,0.02660302548430645,0.02766300596399259,0.029725149814906246,0.031694722184235705,0.033828544652837765,0.03494179878436954,0.03565939450937118
2025-09-30,0.01905807915637936,0.01925893192461396,0.019879645021780627,0.020703735738313758,0.021646913930442307,0.02267460116134563,0.023742490332516224,0.024832781112705024,0.02592778813812792,0.026972462522903123,0.029005950857982535,0.030896389953320728,0.03302132878009603,0.03412603601410895,0.034791643222148706
2025-10-01,0.01995088953035164,0.020447267102276796,0.021266662232375423,0.022243809585449827,0.02328319567583588,0.02435548485020088,0.025438406918985097,0.026531829100988225,0.027628497971129456,0.028674743588228486,0.030709525997229096,0.032609545267992174,0.03469946780780183,0.03575815941457416,0.036517087839221925
2025-10-02,0.01863187895402935,0.019182932857196647,0.02005317329920551,0.021103826768627376,0.022186865732200776,0.023281032608831142,0.024358962119240088,0.025428734658905855,0.026505777061576925,0.027510198885244665,0.029463844688829753,0.03117591907682757,0.03306888684052114,0.034018296184549116,0.0346839626913
2025-10-03,0.019518719875482846,0.019782037696242174,0.02050994159825076,0.021468024494224785,0.02252556283139938,0.023630587943857383,0.024748525824455553,0.025876316453358885,0.027013071672546796,0.028094368763788277,0.030194826543993657,0.032152799214668015,0.034324761200327125,0.035495052414,0.03611744094630135
2025-10-06,0.019432625946222668,0.019647406434150128,0.020280478792788135,0.021134897935048746,0.022087108045877754,0.023091278879335736,0.024104325709273944,0.02513099078036696,0.02617759654961785,0.027204559346575518,0.029236276990605773,0.03112878476049122,0.033236584308217784,0.034325178649376335,0.03487876566865974
2025-10-07,0.01826764470566108,0.019043432803280545,0.019923832585951175,0.020903539499042445,0.02186663149980129,0.022837877152135085,0.023788808906253157,0.024738588563701775,0.02571445731183378,0.026679894517831478,0.02860196708512677,0.030289726699859222,0.0322023712067105,0.03307883444997751,0.03357738834529264
2025-10-08,0.018780460692160095,0.01874685051114648,0.01926165571755318,0.020082048382223137,0.021056274689459004,0.022109125245682735,0.023178087102193413,0.02426740133326747,0.025371681889054965,0.026431562603534194,0.028511994152971662,0.030511463449124678,0.03292306561683923,0.03396097494275816,0.034561068480156644
2025-10-09,0.019361481803055743,0.019251240971388542,0.01967626586920529,0.02039338605302106,0.021273130961752804,0.022245089665390624,0.023251366320715883,0.024283246027067606,0.025341188597564658,0.026377073661607405,0.028463324323786524,0.03046066858047279,0.03279816158573451,0.03389827375927446,0.0345565726726375
2025-10-10,0.018483123705606,0.01831568584133222,0.018699737185690818,0.019433276585227727,0.02034168661913901,0.02133411920876313,0.022336130842217104,0.02335495047810511,0.024410058456063276,0.02543390109099379,0.02745708933602937,0.029478048810151817,0.03139681204002398,0.032731059343655125,0.03356127814151952
2025-10-13,0.019071360842334427,0.019194001717065128,0.019737084230410352,0.020505491995221874,0.021400306697955566,0.02235211676750762,0.023311081736604917,0.024285623029694513,0.025274191461952547,0.026230617298885744,0.028145199216920866,0.02999111619621564,0.032177191156391845,0.03283430230254182,0.03334900097314805
2025-10-14,0.019038441596996747,0.019570047553494924,0.02027517966621702,0.021120615729014285,0.021988768617268475,0.022873493703442216,0.023743803630609753,0.024621801968319448,0.02552349208528753,0.026400754785261844,0.02818180504127441,0.029838273763613605,0.031752570155009104,0.03232321828597367,0.032825173427664465
2025-10-15,0.018180194430654432,0.01878172230931542,0.01970500102578637,0.020803172881740023,0.021938732107743233,0.023059901642637312,0.02414619217963424,0.02521430747709007,0.02627491471359853,0.027246022385839855,0.02915981630541877,0.030975194158686273,0.03306794155240744,0.03375303587220668,0.03427908117079373
2025-10-16,0.017774372531245846,0.017824117079963883,0.018327979462307534,0.019093463825726374,0.019994945429207586,0.020965731673028894,0.021950948426887655,0.022945369325139298,0.023949851671895634,0.02490665584913637,0.0268172797113455,0.02866945950355225,0.03076810075426076,0.03157483764096764,0.0321231110356986
2025-10-17,0.018980870649680664,0.01939852757804666,0.0201928249164092,0.02115697503264036,0.02215697583503539,0.023145172952644254,0.024123993055281536,0.02511732265353202,0.026130286695824376,0.027076753425161422,0.02888782791683228,0.030608063855569988,0.03240876515801651,0.0330899961149802,0.03361239675791114
2025-10-20,0.020188748022856497,0.020774966586782614,0.021638084004740342,0.022628342067419763,0.023605793984345144,0.024547371847971927,0.025463035500975312,0.026389392975013474,0.02734428496506433,0.028243033077798543,0.02997909900587121,0.031565878730156,0.03317920768119671,0.03371391898782821,0.034374338239511845
2025-10-21,0.01878247914233928,0.019153157293038254,0.019968800782396205,0.020976751731251027,0.022056088711332997,0.02314741920938276,0.024235633787345043,0.025325813418065883,0.026418823033294597,0.02744347687501914,0.029444243988247115,0.03143367663236368,0.03351547021776249,0.0345059813667167,0.03509350572408689
2025-10-22,0.019568333266420206,0.019991072366648766,0.02076937603878132,0.021719278176263106,0.02270954197158633,0.0236953000794404,0.024669210756308547,0.025656223309126116,0.02666695802463279,0.027626238626953615,0.029496828783132437,0.03129019935735387,0.03319057476518846,0.033989357770061915,0.034542029420197386
2025-10-23,0.017936181463076153,0.018160111120104613,0.01887797566865807,0.0198231297532602,0.020851322421127888,0.021878290330160022,0.022898133832647216,0.023924921349459387,0.02496421453606206,0.025941910097384113,0.027841426872932683,0.02964681894597026,0.03158821755864698,0.03234460787519944,0.03293490297767977
2025-10-24,0.020944106598293898,0.021180458825067312,0.021806839413963282,0.02263076522967743,0.02349825396379284,0.024347398306581572,0.02518579551811293,0.026049698444729204,0.026965379467667215,0.02785848002076035,0.02958983236749369,0.0312328265789414,0.03294084716056647,0.033502719364573275,0.033957449533853094
2025-10-27,0.02002144355233936,0.02081079135218843,0.02173350517638962,0.022729903789586014,0.02367306385478482,0.024557135739087098,0.0253987640869737,0.026256096594471565,0.02715370319926647,0.02803211781870558,0.029686525757711163,0.0312360698691973,0.03282758365259357,0.03336737502460664,0.03383138240248366
2025-10-28,0.018425055093714386,0.01885943109414044,0.01964962906145741,0.020610657392878314,0.021607860880118755,0.022588129065921517,0.023544159272692506,0.02449970970808973,0.025475066315223012,0.02639695973732834,0.02818329399767108,0.02986449623290307,0.03160831364554563,0.0322639079690753,0.03273372726580175
2025-10-29,0.018213524947743642,0.01886685057019534,0.0198171387599027,0.020893094653083276,0.021957158123432158,0.02297983522591147,0.02397479968670259,0.024965850343798536,0.02597096284693662,0.026917753412640254,0.02874713323245434,0.030451463016681328,0.0322938478181272,0.032974815252241635,0.033456034903003244
2025-10-30,0.01826698327885787,0.018576261912703586,0.01932103048237007,0.020272549675466885,0.021290041715545854,0.022326805948856766,0.02334605915178279,0.024357937831098214,0.025372819695279394,0.026344038345242994,0.02824688059951927,0.030032831780480853,0.0319970992230748,0.03284835599497321,0.03339304292805872
2025-10-31,0.018328639910715077,0.01861773539875066,0.019331263145658552,0.02024279256486908,0.021229823908344936,0.022240711070178828,0.023233475952579973,0.024217394155439154,0.02520251922743112,0.02615400984889434,0.02806678588621107,0.02982915009524947,0.03179660153185685,0.032625776727736276,0.032897446823418386
2025-11-03,0.01844266767174589,0.019218525402044804,0.02016766660464716,0.0211918250046445,0.02217491055486239,0.02312477307559722,0.024025216009039417,0.024910480594085373,0.025797944301277815,0.026661644572138998,0.028397661342057706,0.029916331647325694,0.03151840175259928,0.03218031685112006,0.03234763719476257
2025-11-04,0.018879045387802933,0.018770515675889787,0.01927830571090487,0.020093615107279826,0.02105538847064998,0.022067512922784433,0.02307799015198207,0.024089504934984043,0.02509497846153345,0.026046271481884164,0.027924273965386597,0.029690694073096102,0.031608198714137656,0.03251599726432267,0.03265734053658614
2025-11-05,0.019095629152156672,0.01974980529290016,0.02070667349946587,0.021798482031963794,0.022890778332012487,0.023955043993839725,0.024968649095189192,0.025954363382510347,0.026927771455163438,0.02785463821640927,0.02969215135533473,0.03135780379861299,0.03313227980711246,0.033946031077635865,0.03417148699665578
2025-11-06,0.018329893625079394,0.018728686775555326,0.019527992852081174,0.020515981709294605,0.02153850250200924,0.02256697632155709,0.023571262646500668,0.02456813275480197,0.025558659891663657,0.026490638860398662,0.0283185800369398,0.029958598145792926,0.03177912910287665,0.0326308459395578,0.032731996725905585
2025-11-07,0.018844888369515832,0.01897121254954001,0.019657226865306614,0.0205980626465119,0.021632787544900858,0.02267355500970226,0.02369558482985727,0.02471790955477358,0.025734830361406662,0.026684737875110214,0.028556852193755918,0.030253335451000264,0.03210274327192634,0.03291758038749455,0.03319631679777493
2025-11-10,0.017303052684015753,0.017960857286065435,0.01883842035903285,0.019813847723544928,0.02080545217678663,0.021780230721359737,0.02271298534776773,0.023624837067196282,0.02452901331497954,0.025410046530766495,0.027178191645920002,0.028646697848089424,0.030240212685627925,0.030846328200806183,0.030880059578756006
2025-11-11,0.01788575526155524,0.01875019459252757,0.019694031954515478,0.020673334358933673,0.021629323057021345,0.0225701347318822,0.023483046042177495,0.024381294707662173,0.02527834333612677,0.026154517899166296,0.027901410366609737,0.029391118694217323,0.030949486660466215,0.03162120848529628,0.031838158671998726
2025-11-12,0.018649477237357236,0.018990036470238437,0.019669722046444276,0.02053354320029805,0.02145902597956466,0.02240545296444669,0.023338416644371827,0.024272911023851526,0.025217159746039063,0.026129326271327993,0.027921406781856044,0.02947841737291577,0.031072932373842333,0.031884489335468745,0.032141606586603054
2025-11-13,0.017652765192116858,0.017789657142186884,0.018338213453813555,0.019103015841903586,0.020003985897834104,0.02097711394069634,0.021962183002738382,0.02294773610599984,0.023926859568106258,0.024875289060625326,0.026777862542096933,0.028422467892213043,0.03022431384161758,0.031117131970608877,0.03140654110226808
2025-11-14,0.018202816296559364,0.01864704220079554,0.01935682363433402,0.020145521668745427,0.02101267836186141,0.02191676399123564,0.022829313720185585,0.02374432149070418,0.02467064575373597,0.02557730400788575,0.027400580894617933,0.02898797515363457,0.030643476945806283,0.03147819922110616,0.03182214276631738
2025-11-17,0.018577140142456147,0.01917271299213366,0.019988334712704326,0.02085859732784342,0.021784366656964448,0.022729277535003145,0.02366708338285451,0.02460339510266261,0.025551262313005276,0.02648801142357771,0.028387954004413005,0.030064135210254726,0.031820998886557955,0.03278296675076492,0.033209302756100456
2025-11-18,0.01769663592475085,0.018100207249106843,0.018852123735631107,0.01972440255437243,0.020696720283600627,0.021700425118236527,0.02269014979267054,0.023670047313068442,0.024647870227561552,0.025591939384665273,0.02750873925106935,0.029183447917497888,0.030929032798562628,0.03189127875360404,0.03223184836999032
2025-11-19,0.01695350692902637,0.017100879038911714,0.017716774704273613,0.018517706083423246,0.019466242144506436,0.02046095118710434,0.021446442246703192,0.022423830251039844,0.023402328385296378,0.0243376204151994,0.02622730356848377,0.027860369714895118,0.02958664344974913,0.030459092186087243,0.030774738069101127
2025-11-20,0.017837208928517725,0.01798282692299278,0.018638314610209063,0.019493748981919537,0.02048921005697095,0.021518520342850456,0.022533063937537824,0.023547489659292157,0.024562017980799707,0.02551213824711455,0.027379970650401063,0.029076904950255167,0.030869194529835352,0.031730489831286825,0.03202940287101708
2025-11-21,0.01678934993223519,0.016994246805279462,0.017589310935807026,0.018348578660817495,0.019234284009041726,0.020170122541446674,0.021091215929914985,0.022006211290309125,0.022922667596705745,0.023804686496936903,0.025567355683497356,0.027111353122837592,0.02871427515675992,0.029380624722370678,0.029744736875118753
2025-11-24,0.019490627834952846,0.01993902670764557,0.020597498650894913,0.021325547305666204,0.02210465410601673,0.022894499042133757,0.02365901123965029,0.02443556324340153,0.025241559641801855,0.02606064710616177,0.027730864324103092,0.02921351527900616,0.030707882954077868,0.03139499942883488,0.03171117771592941
2025-11-25,0.017418458774059408,0.017979704589735857,0.018778601683894846,0.019649232796301735,0.020570261639482515,0.021500334487773977,0.022404810777190778,0.023299383897227334,0.024204100411467217,0.02508892909598322,0.026875108926187073,0.028458077997908882,0.030155813850891618,0.03095110467368413,0.03127277495580366
2025-11-26,0.016699557982764193,0.017110743333283114,0.017788009684069735,0.018558457882830642,0.01941944424653443,0.02032133519263282,0.021208115933513585,0.0220844545610106,0.022959835889165354,0.023826075680883605,0.025588373111045126,0.027172446723449404,0.02885795194686367,0.02971260215690995,0.02992322827044074
2025-11-27,0.01870795039425746,0.019120890579843668,0.01987110676707851,0.020729648682439865,0.02167144888629939,0.022624302524145216,0.0235586660613354,0.024490122131551825,0.02542801203210412,0.026338116092165506,0.0281441896975148,0.02985194213761952,0.03159282544154522,0.03248708513114372,0.03269161845663477
2025-11-28,0.018054258543406452,0.018231593908538377,0.018879510349621334,0.01969729041221677,0.020649944054925987,0.021646013762901897,0.022635705139724314,0.023615783783457495,0.02458421069416495,0.025507694174663656,0.027329594340846197,0.029062912636824905,0.030888435278988845,0.03187830335512162,0.03200998632669094
2025-12-04,0.01856091755627845,0.019011981673051716,0.019772028306927283,0.020629216824492896,0.021568574941265337,0.022530860784580563,0.02347754970271583,0.02441089039565225,0.02533973919294092,0.02624938123484671,0.02809613172458781,0.029774709789052473,0.0315027974877229,0.03248024404524918,0.03269456151705793
2025-12-08,0.01921630824032983,0.01969488107187408,0.02041095398284643,0.021207979663857558,0.022047581735272354,0.02289589816023492,0.023723876211456114,0.02456175854679314,0.02542049851165449,0.02627603626638934,0.027986422570719885,0.02951112772158557,0.03107927628217748,0.032001459324822165,0.03206570822652702
2025-12-10,0.01825659628554172,0.019001498109286384,0.019873327244272907,0.0207617883136275,0.021656181141855746,0.022550546374087817,0.02341516479441002,0.02426933180057084,0.025129878625464067,0.025981526555046867,0.02770626604278278,0.029233895663459845,0.030788198841859037,0.03170340624749756,0.03178503123992714
2025-12-11,0.018436196271090072,0.018675598785587985,0.01934348379102312,0.020168073154173103,0.021096644343401326,0.02206222562708781,0.023028736143238877,0.02400095681539792,0.024974671745049085,0.02589614052634711,0.027703018510051924,0.029360151366394135,0.03106755128401318,0.03210172630038662,0.0323166068518352
2025-12-12,0.018651413002515778,0.019219290261867836,0.020036073253939423,0.02091668154765444,0.02184662475373911,0.022795820397121865,0.02372764209190995,0.02465046648989918,0.025577461330972308,0.02649084993956796,0.028335444169584993,0.02998698783417447,0.03177236924218196,0.03276013919921733,0.033014760718335805
2025-12-16,0.018564948665654196,0.01909950339957462,0.019938520455809298,0.020866075951626144,0.021850626823356225,0.022850883205703554,0.023836735827812015,0.024812090281279852,0.02579236833202233,0.02673480182488979,0.028594265647829974,0.030252345391761727,0.03207320477202842,0.03306685831830965,0.03333002868676014
2025-12-17,0.01923314999900416,0.019550852113233593,0.02025151382991256,0.021089489650863165,0.02201807924488789,0.02297513779949389,0.023920003387238632,0.02486285483063508,0.02581736805542999,0.026743479249149802,0.028590900493163617,0.03023125254818553,0.032101877942194774,0.03307779438807862,0.03332805824286588
2025-12-18,0.019344761908774693,0.0197516649541161,0.02047946336777672,0.021308899813226607,0.02221178507036574,0.02314206789892667,0.02405752137214298,0.024970741344793684,0.025898322036571803,0.026811898446683823,0.02862283104170895,0.030222461262126386,0.032023456987212165,0.032997999192527695,0.03320330983210456
2025-12-19,0.019050225440151506,0.019590220750553708,0.020385310101374808,0.021249936662823463,0.02215176427821107,0.023060184018078727,0.02394605353202352,0.02482554539183164,0.025723828006607694,0.026614143954036468,0.028380194557299208,0.0298436440425861,0.03157702837589822,0.03241902729253472,0.03262571901767247
2025-12-22,0.019446270627699404,0.01959541287929558,0.020237930929956516,0.021077779625326455,0.02203013527279145,0.022996419780649976,0.02393999804095676,0.02490064242039656,0.025867355564809985,0.026789009761708373,0.028583113101963566,0.030160936309679937,0.032046870340409844,0.03291226002981473,0.03314775511054474
2025-12-23,0.019489052330033965,0.02034020466061936,0.021371501290084083,0.022429921189477123,0.023482413667787545,0.024501671678390805,0.025470389741512542,0.026436882957375937,0.02739958925410275,0.028320488525368736,0.03011823705569221,0.031673428710169246,0.033550487012708734,0.03453285280294135,0.034808087285344944
2025-12-24,0.019254965166102443,0.019715763169983094,0.020555979426166503,0.021522841958101082,0.02255687077793312,0.023591061243351644,0.024589760833740343,0.025593841913867092,0.026585561711407083,0.027520178995578036,0.029320382948037186,0.030910986786694655,0.03280005835288508,0.033797128594576724,0.034104219072683364
2025-12-25,0.02046130520189083,0.020964685390195328,0.02169265559103347,0.02248085382248257,0.02332784054201682,0.024202280399859947,0.025073400066156794,0.02596446011654958,0.02686543620101425,0.027760156198082427,0.02954132079214232,0.031171195705552518,0.03309675257324725,0.03410035385344076,0.03443803733756483
2025-12-26,0.01869622841451921,0.0189570039294781,0.01962300190183855,0.020433211869006852,0.021356280008489624,0.022324099765551463,0.02329687941947521,0.024280446275875625,0.02525827842282984,0.02620338445792113,0.028066903863977342,0.029744711743377054,0.03174766744928714,0.03286788345853741,0.0332255910548945
2025-12-29,0.019995156025583143,0.0206503156945329,0.021418100165157102,0.02219506372875546,0.023016919273684214,0.023873196669352323,0.024722278173818002,0.025589424646168226,0.02647124763155246,0.027392676386327437,0.02926372905501862,0.03091485243061253,0.03279106555021704,0.03400607429610351,0.03436838262712282
2025-12-30,0.018560634048213315,0.019101565049515327,0.019896817366954957,0.02077042439942693,0.021701746535363248,0.022656063780798763,0.02359655123700129,0.024539640075268356,0.0254831515572036,0.026423017922385463,0.02830549112332153,0.02999261285992845,0.03185396877853229,0.033014562537048986,0.03323613880505269
2025-12-31,0.019084867123068075,0.0197838125785677,0.020726419517315593,0.021736677317703137,0.022775555755070048,0.023799620181364525,0.024776720135157713,0.02574782699443109,0.02671865167583645,0.02767631968042162,0.029591252879227693,0.031262884100529145,0.03319812330025921,0.03430773403218142,0.034510182035602015
2026-01-01,0.019363656153175337,0.019811072277524572,0.020527918501745766,0.021327170786352965,0.022201101983751952,0.023107320608263905,0.024003981290352274,0.024914122368430405,0.025839201810951343,0.026781311745183712,0.028696423400798237,0.030392175250425677,0.03241651974332452,0.03364923903368902,0.033855458213977084
2026-01-02,0.019261994400147694,0.019722295953192453,0.02052294831588886,0.02145004833198946,0.022447091962738887,0.02344769643685554,0.024406887140517662,0.025363866308868364,0.026320185869043076,0.027252207830361846,0.029132635726860815,0.030758754024026516,0.03268461650775203,0.033844229806534586,0.03378454196423467
2026-01-05,0.020005879262639657,0.02069809525599355,0.021526689252974626,0.022367284321401164,0.02323132791204729,0.024105529229379512,0.02496913119488439,0.025850466463153525,0.026757562189380413,0.02769134439637655,0.029585411448973236,0.03128952881130847,0.033364199823606305,0.03458901710743039,0.03458843354374461
2026-01-06,0.01979071644800974,0.020303930503076384,0.02109222670420205,0.02195763398073458,0.022891750437118975,0.023848660102394087,0.02479945701221557,0.025770712021853007,0.02676118757362543,0.027754491295221458,0.02975241169093884,0.03164948378268549,0.03392332407257403,0.03537626804939667,0.035398449975573024
2026-01-08,0.019337126259308196,0.019812817048316642,0.02061694899735795,0.021523042644792198,0.022482696492222003,0.023441196924271834,0.024361413781726435,0.02528644700385459,0.02621283032991266,0.02712277475676818,0.028946198480316074,0.030662001565339613,0.03266132816417877,0.034088847694441086,0.033844223304372166
2026-01-12,0.021102889008767545,0.021835995933503174,0.02279965569053769,0.02381079661635814,0.024803326211078846,0.025736537905926688,0.026601656197464713,0.027472748769972632,0.02835980417309399,0.029236853672866773,0.031008194635895422,0.03273869129249587,0.03484862065131074,0.03603849142476076,0.03572978477400898
2026-01-19,0.02194381436198845,0.022845682580468762,0.023863978146989758,0.024871540922050815,0.02584199571345016,0.02676406208438702,0.027623978269071165,0.028493480624248082,0.029376582721933806,0.03026326505591106,0.032058388119167426,0.033725025358167036,0.03567941133652886,0.03684251546938748,0.03667803568873373
2026-01-21,0.019785726059987373,0.020769457425778914,0.021794502171533708,0.022780002452738788,0.023727638847769964,0.024655266963775853,0.025542469146155933,0.02642904937193364,0.027321933340959774,0.028225294440927702,0.03009359397924434,0.03187230346980669,0.03391105784820768,0.0353042980246774,0.0352304684887216
2026-01-22,0.021253419041121296,0.022389340475550103,0.02344948959582509,0.024411043698300244,0.02526146380778108,0.026056614194403874,0.02679511079831911,0.0275423150265295,0.02830763684240255,0.029104432162076404,0.030752417730662302,0.03223835014595207,0.03379594758520271,0.03483983496958906,0.034709508673455375
2026-01-23,0.020556067420087757,0.02140781442623777,0.02247048017404852,0.02356459031860188,0.024628207958835698,0.025650754753389373,0.02662691354262592,0.02760540981774869,0.028585611623671615,0.0295352177338176,0.0314416906289134,0.03316621320879432,0.0352272537167294,0.036488850019610664,0.03643817424052614
2026-01-26,0.0200575884717806,0.02130355603353802,0.022490256555911838,0.023582843269070425,0.024567276552477438,0.025496565983399798,0.026380063072687115,0.027260306858948764,0.028151400210348728,0.02904785458337468,0.0308641624829709,0.032506037382693885,0.03441460797650721,0.03564880594186449,0.03564433175054328
2026-01-28,0.020315900507504384,0.021473746392394383,0.0226128871785088,0.02367585766160677,0.024670349950941833,0.025638458084599563,0.026572894328065356,0.02750755541688769,0.02844762240473994,0.02939335488405982,0.03130314868679224,0.033137869167347705,0.03539522889049985,0.036691337488228226,0.0366688687719585
2026-01-29,0.020776199373119905,0.022033150129549633,0.023213207041277415,0.024292613900007462,0.02526747755667775,0.02619437340220763,0.027077288501674547,0.02796032555716379,0.028855740816473695,0.02976183620161065,0.03160353158865291,0.03333995124638213,0.03551518923189242,0.03672023841385144,0.0365846379479975
2026-01-30,0.0218875943482357,0.023364050439669846,0.024744225268335685,0.025997901261535845,0.027102878781565847,0.02811464401671825,0.0290572291655768,0.029992998135015297,0.03093510441775685,0.03186324887020083,0.03370539318679975,0.03545689261288667,0.037583822744706036,0.038768804021429015,0.03869824917296151
2026-02-02,0.019718988734659233,0.020746681729725297,0.02182731432084714,0.022879347602455843,0.02386899548376032,0.024823339165761068,0.02572567648602063,0.026620587333599628,0.027518685933929584,0.02841389546279374,0.030229269715804915,0.03189202504407955,0.03386500314716301,0.0350493636262228,0.03493179516501388
2026-02-03,0.01997482864102337,0.02126732141881315,0.022492125817186806,0.02361472007649358,0.024620997987097402,0.0255662436402902,0.026456785676678512,0.027336209031162646,0.02821986636284305,0.029109958600021545,0.03090200123360924,0.03257448200155395,0.03460831053886373,0.03566062760836137,0.035544236488285856
2026-02-05,0.019863222983991756,0.02076484789549916,0.021877510385055098,0.023022204972024604,0.02412459245998194,0.025176554671361026,0.02617419179611398,0.02716148553799752,0.02814143665397707,0.029083776354939323,0.03093431355528824,0.032677026450789265,0.034803860354424336,0.03590893590020459,0.035775847222711155
2026-02-10,0.020106108468194234,0.021475020232601148,0.022786919971156453,0.02399139493682219,0.025071051390004685,0.026076210774084597,0.02701992701399311,0.027947469847303667,0.02887307581952762,0.02979284934661616,0.03163119400590351,0.03336255088724595,0.0354706504122934,0.036583634621917785,0.03649189964664636
2026-02-11,0.01983882596044063,0.020991476209181917,0.022223222729680376,0.0234164078740462,0.024523789960471665,0.025568697146706707,0.026550111960288468,0.027518110626930044,0.02847675930891764,0.029408311179529825,0.03126256396766206,0.032964442953004366,0.03503732741733115,0.03621281779243278,0.03604572496705018
2026-02-12,0.020789739419733045,0.022104250102823034,0.023407140278823107,0.024626816704514255,0.025718703325103287,0.026730558980669887,0.027673514187494943,0.028603190626239516,0.02953283206562889,0.030437741442784445,0.03222288844258429,0.03386280373901946,0.03579724418767535,0.036900312777817586,0.03685191303023271
2026-02-16,0.019411606110869263,0.02073419050216236,0.022053659160962583,0.02328484101120592,0.024420168617502982,0.02547632515308289,0.026455632282603343,0.027403121600346803,0.02834045061538716,0.02926207493488375,0.03114692603319114,0.03285613486276458,0.03496351036706914,0.036127709819520445,0.03595682412175479
2026-02-17,0.019504637276879264,0.02007310076911817,0.021008847897902173,0.022057779430671366,0.023137510322152742,0.02418662469576812,0.025178090889668887,0.026155881838459513,0.027126657273826495,0.028051891392683926,0.029908097867138172,0.0315898895985389,0.03365851061366399,0.034782152461809296,0.034518661416156275
2026-02-18,0.02006767838962054,0.02125765770063907,0.02248695700703783,0.023651242517848007,0.02474478291195336,0.025780984572297227,0.026756733244668277,0.027726683076926675,0.028688922534352016,0.0296251075094593,0.03149050981075534,0.03317927663570683,0.03524037165298164,0.03648372471087572,0.0362959782455879
2026-02-20,0.020248385222632753,0.021361070736103396,0.022513729828954856,0.023610646660323885,0.024653765582713316,0.02565279346395001,0.02659984902293293,0.02754268491458905,0.028484099565437626,0.029415096110064546,0.03126813846976536,0.03298712406828841,0.03513144848380899,0.03639021633327564,0.03614192802306515
2026-02-23,0.02037731039169208,0.02121637088062528,0.02229755167773844,0.023416344389262652,0.02453504983489379,0.02561617776864335,0.02664790230279856,0.027674706110039218,0.028687515623881235,0.029652678995645183,0.03153739434800341,0.03328219483771608,0.035562859296742404,0.03689208776024568,0.03660018693453888
2026-02-24,0.020133218151047443,0.021331471934629195,0.022574980604770888,0.02377031088260096,0.024894540500643846,0.025950139598102957,0.02692687719947765,0.027881443788655674,0.02883059975222174,0.02976503697231835,0.031661718988706095,0.03331372681944471,0.035366143401258765,0.036600027427045316,0.036227412433915515
2026-02-25,0.020287104310260182,0.021399897153095728,0.022556913152936408,0.023670952050325586,0.02472360923105734,0.025718008768334483,0.0266388354506752,0.02754249802005164,0.02844410657792508,0.02934421319057538,0.03121982641646473,0.032878387584745504,0.03497275044755107,0.03612958118275249,0.035776570879014716
2026-02-27,0.01935303427560982,0.020413334113361062,0.021593143822322792,0.022764150184889902,0.023890700266100358,0.024959357829572478,0.025947146274012123,0.026910738563278944,0.027863692313674852,0.028802761716979413,0.03074403130910142,0.03254452799557166,0.03470343078264735,0.035909750134580996,0.03571098145906419
2026-03-03,0.019259182743583972,0.02029186181278416,0.021536026887321296,0.022826242442746697,0.024081439146432158,0.025270021298237976,0.026360286622744894,0.027417349320746506,0.02845150057281301,0.029431485463478353,0.031404984954103043,0.03324380782987318,0.03550237277971381,0.036752265739962445,0.03651344147150216
2026-03-04,0.019952940534420337,0.020932355227147793,0.0220861759242544,0.02326852000026003,0.02441280996297596,0.02549782880055012,0.026495311209787993,0.02747078297752332,0.028435819801026514,0.029366677407096475,0.031242874183085703,0.03300743800094525,0.03513896064657237,0.03627473003720525,0.03607776475435077
2026-03-05,0.01907969962504707,0.01995217157177575,0.021003547851843635,0.022086433738243042,0.023162648946889203,0.024216768724288764,0.025203439880676713,0.026177382114850586,0.027145536307047056,0.02810155536352662,0.030051631770385986,0.03192068823888084,0.03427776100548571,0.03551467170111168,0.035344225879844475
2026-03-06,0.019970737423905097,0.021136132413395983,0.022333133686440805,0.02349013369711673,0.024577199605621092,0.025602050450845314,0.02653538082829472,0.02744990001960971,0.028361712764114266,0.029269135010213047,0.031116157631801745,0.032866664521778874,0.03502319778086699,0.036074575742682836,0.03586331083475438
2026-03-09,0.019868151705408288,0.020794268337698735,0.021890025633555254,0.023018674876153594,0.024127513527034624,0.025193164031775062,0.026188526639676277,0.027172904902239555,0.02815222429811619,0.02909905198547792,0.030991250723747765,0.03282240107861718,0.03506181618932123,0.03636560510731409,0.03612072172739926
2026-03-10,0.019249869543272968,0.020214807612688648,0.021313999292057392,0.022430154906298242,0.023524914695874637,0.02458715424849412,0.025580920080038115,0.026553059270460182,0.02751304894824191,0.02845858398385172,0.030389912592545247,0.03221156942865511,0.03449236840562892,0.03583167911710643,0.0355431250040852
2026-03-11,0.019392636990792335,0.02049524339210845,0.021703593035923875,0.022910982032744734,0.02406190119561168,0.025152235039664857,0.02616279228302901,0.027146526973694463,0.02811425230173535,0.029050490172940608,0.03093487041190947,0.03269413693893732,0.03485263111444036,0.03611041927011595,0.0356613727598399
2026-03-12,0.019174327534805153,0.02021387023471299,0.021356892570168606,0.022498664522453315,0.0236162614989667,0.02469916507238102,0.02571330606878122,0.02669988461194865,0.02765594293508016,0.02859673387608166,0.030554503665757248,0.03243516920188129,0.03473938439394035,0.0360218882466548,0.03571281442484383
2026-03-13,0.01980487692516784,0.02110853400817896,0.022472692546511134,0.023813763653838495,0.02507066305196537,0.026239048738828027,0.027298079880834082,0.028318747312291136,0.029305706565136907,0.030254918163443275,0.032177958501770625,0.03393404709181176,0.03625749461797184,0.03735234807367063,0.03713522402279517
2026-03-16,0.019530884002366907,0.02059752027416745,0.021830921833840364,0.023096023466142954,0.024317997306731894,0.025476251543639965,0.02655150750646046,0.027596175382546526,0.028614483800735037,0.029590218160858474,0.03160563114881911,0.03346001839376092,0.03577940454463718,0.0370803565518009,0.03685560632518701
2026-03-17,0.0203020296074573,0.02092573538692224,0.021846232717965017,0.02286460541052231,0.0239502131986058,0.025054928021292805,0.02613425347839822,0.027209603912776124,0.02827396414030392,0.029326260337709048,0.03152917341995411,0.03365397442917743,0.0363831126730963,0.038019781577273815,0.03781240293279998
2026-03-18,0.018893379498774343,0.02007878995663104,0.021317774568886182,0.022537758766359033,0.02370456433774136,0.024827396099480682,0.02587825594803756,0.026893510418669025,0.02788174785780688,0.028854242218980333,0.030909205803316173,0.032812180140724616,0.03525290225691829,0.03664691160637033,0.03638632230126809
2026-03-19,0.019565222594174966,0.01997355289339025,0.02076061111019547,0.02173903896841254,0.022784929125795664,0.023825390055230117,0.024820750103564097,0.025819268771880965,0.026788782104471262,0.027751182317584146,0.02973493770531924,0.031577360310627904,0.03393670356780419,0.03525215967825557,0.03491342110024436
2026-03-23,0.02049251209155195,0.021363733222369383,0.02236846100882786,0.02343176839991623,0.02448373054069103,0.025500178226099162,0.02646033529369374,0.02741769267581048,0.028353640882542525,0.029304958700061407,0.03127871009758738,0.03314005363653401,0.035472189991993905,0.03675134523625235,0.03640889010428217
2026-03-25,0.019149507173325902,0.019612178784406686,0.020388953612416064,0.021329471491047507,0.02234143810704702,0.02336577664078585,0.024355128898921,0.025348404386056938,0.02631131594902883,0.027275998077072126,0.029266518186192074,0.031170167067340503,0.033520883088385245,0.03482724937935781,0.03449826484404162
2026-03-26,0.019107296117757872,0.0198591067424993,0.02073790198467562,0.02168720307470605,0.022655557732930234,0.02362643591410689,0.02456092366242198,0.02549563837768404,0.02640576913328043,0.027335713726880265,0.0292843203994802,0.031199426628510846,0.033520457136688345,0.034836109376254136,0.03453999300938093
2026-03-27,0.018968875544102193,0.019233001719538775,0.01987003001180434,0.020694243943159423,0.021643967961561063,0.022650046105219156,0.02365111460278747,0.02466579072736015,0.025649077508094146,0.026631279014261704,0.028686119925213215,0.030775554203203957,0.03335389563377933,0.034916605268096625,0.03477575904382709
2026-03-30,0.017190689441437507,0.017663487367487175,0.018396912671174548,0.019261549228157565,0.02023038382540792,0.021253031755851033,0.022264594663875623,0.023275030030935756,0.02423394336107463,0.02519977265123158,0.027244872970429043,0.029280262707409074,0.031774400514580935,0.033410171927029345,0.03325041792391154
2026-03-31,0.018487630145449543,0.01865865997823799,0.01923114839979815,0.02001343735037894,0.020951519936422282,0.021963832134128308,0.02297257168799207,0.023994229496045627,0.02497165225139924,0.02594572498011239,0.027981148686571394,0.030056339606866662,0.0325784153473698,0.03424527352342573,0.03407881059886122
2026-04-01,0.018522231316750664,0.018919046325316248,0.019564739141621545,0.02035424758218951,0.021249896735227012,0.02219985959336019,0.023137256763994474,0.024080474165603463,0.0249935739187235,0.025924204191681042,0.02789303620160383,0.029830893592928676,0.032273189569348874,0.033784498862536365,0.03353551163418727
2026-04-02,0.019710122802590848,0.020353019905418906,0.02108912798007914,0.02191063079358296,0.022778526795863473,0.023677471869648015,0.024539685487107797,0.025407977601403384,0.02625372358537932,0.0271340692695533,0.029012615101023705,0.03079180897914638,0.033132423593901714,0.03444753183685394,0.03405680363515514
2026-04-03,0.020000064342824607,0.02032557373281934,0.02084673902814778,0.021480972781634217,0.022216772239563514,0.023031354859094702,0.0238605420055947,0.024720254518207186,0.025571154228962893,0.026452628753157178,0.028317557148276235,0.030098180544126055,0.03220061572769258,0.03371239396283771,0.03313293217323124
2026-04-06,0.02055636188471447,0.02074226448694828,0.021133729898007648,0.021656061625855084,0.022307314224817885,0.023057153293600106,0.02382847444904816,0.024644238126133956,0.025459753140335464,0.02632587611798053,0.028171480851554326,0.029945513700715333,0.032067768426976555,0.03351669431525219,0.03325432015095477
2026-04-07,0.021368635394737035,0.02164075232502631,0.02213732487202159,0.022764769262052953,0.02347368777243275,0.024226693248837614,0.024970369185438143,0.02576058423355916,0.026569357525462904,0.02742542560065279,0.029191801743664047,0.03082375001633607,0.032740642363230536,0.033802241175312595,0.03352212147471086
2026-04-08,0.020298287564499088,0.020050102420012695,0.02020575576850106,0.020594162855555105,0.021207260797704196,0.02197434796723689,0.02277896454072227,0.023637249903348975,0.02449165089042683,0.025371156161110877,0.02718053206444847,0.02890586687676533,0.03100742123323065,0.032007898395765684,0.031763768092960026
2026-04-10,0.022236835014427768,0.02255365558169402,0.023094010149174546,0.023756309182393177,0.024532105141037923,0.02537810109153701,0.026224216654185034,0.02710163199562149,0.0279687843301117,0.028840109119808215,0.030632367528322643,0.03239275638217959,0.034399988919047976,0.035234928823108205,0.035193115928209326
2026-04-14,0.021984658556318416,0.022037608880131756,0.022329554844880965,0.022780656697472753,0.023372445211137603,0.024068585069846174,0.02477822281699832,0.025535890586263557,0.02628766351476477,0.027080688390731904,0.02878249021313602,0.03041356748793152,0.03155399504592637,0.03295021828696221,0.03292524886535224
2026-04-16,0.023687480962529296,0.023806121278879207,0.02412143331045464,0.024572154926828627,0.02514955891008639,0.02582824987010181,0.02652552858812302,0.027276779619583292,0.028040293024212824,0.028840686883292,0.03055648187641615,0.03217490784390776,0.03327472238088066,0.034443203476896625,0.03471260399670978
2026-04-17,0.024892587354054644,0.025122899842204366,0.025423235477868195,0.025783237937623906,0.02624732729704442,0.026813022969601485,0.027407822936565816,0.028071277722812458,0.028755719238134844,0.029504074398599166,0.031131235268875828,0.03261270119447286,0.03427482796278752,0.03448677197325355,0.03500746083029588
2026-04-20,0.022371553040927666,0.02195916216972571,0.02203235069001921,0.022377894008457168,0.02298753906097352,0.023767435618528777,0.024616449226881578,0.025526702192669747,0.02642651613102899,0.02732102962061347,0.029184594061942258,0.030951668340857684,0.03307455722876139,0.03360550975096891,0.03400074206111491
