REFERENCE_DATE,IV
1999-01-04,58.12
1999-01-05,58.15
1999-01-06,57.99
1999-01-07,58.0
1999-01-08,60.51
1999-01-11,61.39
1999-01-12,60.73
1999-01-13,60.37
1999-01-14,59.98
1999-01-15,61.25
1999-01-18,60.7
1999-01-19,60.44
1999-01-20,60.79
1999-01-21,60.47
1999-01-22,60.1
1999-01-25,58.59
1999-01-26,58.4
1999-01-27,58.46
1999-01-28,58.41
1999-01-29,58.57
1999-02-01,58.46
1999-02-02,58.43
1999-02-03,58.78
1999-02-04,59.59
1999-02-05,59.37
1999-02-08,60.16
1999-02-09,57.94
1999-02-10,57.83
1999-02-11,57.77
1999-02-12,58.49
1999-02-15,59.45
1999-02-16,59.45
1999-02-17,59.33
1999-02-18,59.65
1999-02-19,57.89
1999-02-22,57.64
1999-02-23,57.05
1999-02-24,57.89
1999-02-25,59.43
1999-02-26,60.38
1999-03-01,61.74
1999-03-02,61.57
1999-03-03,62.23
1999-03-04,62.49
1999-03-05,62.91
1999-03-08,66.43
1999-03-09,66.83
1999-03-10,66.24
1999-03-11,64.98
1999-03-12,65.5
1999-03-15,65.36
1999-03-16,65.04
1999-03-17,61.08
1999-03-18,60.74
1999-03-19,61.06
1999-03-22,61.26
1999-03-23,61.67
1999-03-24,61.63
1999-03-25,61.41
1999-03-26,62.18
1999-03-29,60.24
1999-03-30,59.77
1999-03-31,59.44
1999-04-01,59.35
1999-04-02,59.36
1999-04-05,59.39
1999-04-06,58.39
1999-04-07,60.08
1999-04-08,60.22
1999-04-09,59.15
1999-04-12,58.82
1999-04-13,59.38
1999-04-14,59.33
1999-04-15,59.92
1999-04-16,51.6
1999-04-19,51.25
1999-04-20,50.84
1999-04-21,50.69
1999-04-22,50.79
1999-04-23,50.67
1999-04-26,51.13
1999-04-27,50.71
1999-04-28,52.27
1999-04-29,51.78
1999-04-30,52.19
1999-05-03,52.2
1999-05-04,52.71
1999-05-05,52.66
1999-05-06,53.21
1999-05-07,54.09
1999-05-10,54.29
1999-05-11,54.31
1999-05-12,54.42
1999-05-13,53.82
1999-05-14,55.67
1999-05-17,55.4
1999-05-18,55.09
1999-05-19,56.16
1999-05-20,55.93
1999-05-21,55.63
1999-05-24,52.49
1999-05-25,52.57
1999-05-26,52.71
1999-05-27,53.36
1999-05-28,53.81
1999-05-31,53.81
1999-06-01,55.72
1999-06-02,62.01
1999-06-03,61.15
1999-06-04,62.09
1999-06-07,61.39
1999-06-08,61.47
1999-06-09,61.65
1999-06-10,63.61
1999-06-11,63.51
1999-06-14,68.06
1999-06-15,67.75
1999-06-16,67.38
1999-06-17,66.77
1999-06-18,66.84
1999-06-21,68.44
1999-06-22,67.29
1999-06-23,68.57
1999-06-24,70.26
1999-06-25,79.94
1999-06-28,79.92
1999-06-29,79.39
1999-06-30,79.5
1999-07-01,80.1
1999-07-02,79.68
1999-07-05,79.84
1999-07-06,81.05
1999-07-07,82.32
1999-07-08,82.62
1999-07-09,85.3
1999-07-12,84.62
1999-07-13,83.54
1999-07-14,83.48
1999-07-15,85.91
1999-07-16,85.72
1999-07-19,86.34
1999-07-20,85.1
1999-07-21,83.74
1999-07-22,84.69
1999-07-23,85.96
1999-07-26,85.92
1999-07-27,86.36
1999-07-28,86.3
1999-07-29,87.94
1999-07-30,89.11
1999-08-02,90.8
1999-08-03,91.13
1999-08-04,92.69
1999-08-05,94.81
1999-08-06,96.13
1999-08-09,104.14
1999-08-10,101.46
1999-08-11,100.85
1999-08-12,99.17
1999-08-13,98.52
1999-08-16,99.09
1999-08-17,95.13
1999-08-18,94.62
1999-08-19,92.46
1999-08-20,91.64
1999-08-23,91.48
1999-08-24,92.26
1999-08-25,91.16
1999-08-27,85.31
1999-08-30,85.28
1999-08-31,87.01
1999-09-01,86.99
1999-09-02,88.62
1999-09-03,93.66
1999-09-06,93.89
1999-09-07,95.9
1999-09-08,95.12
1999-09-09,96.11
1999-09-10,93.71
1999-09-13,94.99
1999-09-14,95.1
1999-09-15,95.67
1999-09-16,93.97
1999-09-17,93.09
1999-09-20,93.89
1999-09-21,94.17
1999-09-22,94.02
1999-09-23,96.63
1999-09-24,95.3
1999-09-27,97.63
1999-09-28,97.52
1999-09-29,98.15
1999-09-30,97.31
1999-10-01,99.77
1999-10-04,100.11
1999-10-05,99.65
1999-10-06,99.66
1999-10-07,99.76
1999-10-08,100.34
1999-10-11,100.35
1999-10-12,94.16
1999-10-13,94.35
1999-10-14,96.1
1999-10-15,95.21
1999-10-18,95.25
1999-10-19,95.52
1999-10-20,96.37
1999-10-21,95.11
1999-10-22,95.39
1999-10-25,96.45
1999-10-26,96.24
1999-10-27,94.32
1999-10-28,92.94
1999-10-29,93.38
1999-11-01,93.71
1999-11-02,92.55
1999-11-03,93.43
1999-11-04,92.22
1999-11-05,90.91
1999-11-08,86.22
1999-11-09,87.12
1999-11-10,87.4
1999-11-11,86.79
1999-11-12,85.39
1999-11-15,86.25
1999-11-16,85.41
1999-11-17,87.36
1999-11-18,86.24
1999-11-19,86.75
1999-11-22,87.13
1999-11-23,87.2
1999-11-24,88.5
1999-11-25,88.92
1999-11-26,89.76
1999-11-29,89.73
1999-11-30,88.21
1999-12-01,87.81
1999-12-02,89.19
1999-12-03,88.33
1999-12-06,86.78
1999-12-07,86.55
1999-12-08,87.27
1999-12-09,86.85
1999-12-10,85.83
1999-12-13,86.76
1999-12-14,93.32
1999-12-15,92.72
1999-12-16,95.43
1999-12-17,96.41
1999-12-20,96.58
1999-12-21,95.5
1999-12-22,95.64
1999-12-23,95.27
1999-12-24,95.47
1999-12-27,95.45
1999-12-28,95.37
1999-12-29,97.98
1999-12-30,99.11
1999-12-31,99.12
2000-01-03,99.13
2000-01-04,101.36
2000-01-05,101.47
2000-01-06,102.1
2000-01-07,100.12
2000-01-10,99.54
2000-01-11,99.09
2000-01-12,99.44
2000-01-13,98.88
2000-01-14,99.49
2000-01-17,99.37
2000-01-18,100.69
2000-01-19,100.17
2000-01-20,99.88
2000-01-21,93.18
2000-01-24,93.24
2000-01-25,92.41
2000-01-26,92.94
2000-01-27,94.25
2000-01-28,93.6
2000-01-31,93.55
2000-02-01,91.9
2000-02-02,92.3
2000-02-03,91.21
2000-02-04,91.01
2000-02-07,91.35
2000-02-08,90.49
2000-02-09,90.92
2000-02-10,91.88
2000-02-11,91.88
2000-02-14,91.02
2000-02-15,91.3
2000-02-16,91.66
2000-02-17,92.26
2000-02-18,91.78
2000-02-21,78.98
2000-02-22,77.9
2000-02-23,78.28
2000-02-24,77.62
2000-02-25,78.1
2000-02-28,78.75
2000-02-29,78.8
2000-03-01,79.91
2000-03-02,80.49
2000-03-03,79.7
2000-03-06,79.7
2000-03-07,79.6
2000-03-08,79.72
2000-03-09,78.53
2000-03-10,79.11
2000-03-13,78.82
2000-03-14,79.17
2000-03-15,77.42
2000-03-16,76.56
2000-03-17,75.94
2000-03-20,75.9
2000-03-21,75.5
2000-03-22,76.09
2000-03-23,75.44
2000-03-24,76.23
2000-03-27,77.22
2000-03-28,76.65
2000-03-29,76.52
2000-03-30,75.82
2000-03-31,75.41
2000-04-03,75.18
2000-04-04,73.83
2000-04-05,74.27
2000-04-06,75.1
2000-04-07,74.87
2000-04-10,74.83
2000-04-11,75.22
2000-04-12,75.23
2000-04-13,75.25
2000-04-14,75.38
2000-04-17,75.23
2000-04-18,74.5
2000-04-19,74.96
2000-04-20,75.52
2000-04-21,75.52
2000-04-24,75.48
2000-04-25,75.85
2000-04-26,75.19
2000-04-27,76.05
2000-04-28,76.01
2000-05-01,76.01
2000-05-02,76.91
2000-05-03,78.07
2000-05-04,78.67
2000-05-05,75.15
2000-05-08,74.7
2000-05-09,74.05
2000-05-10,73.9
2000-05-11,75.09
2000-05-12,75.15
2000-05-15,74.66
2000-05-16,75.04
2000-05-17,76.29
2000-05-18,76.52
2000-05-19,76.88
2000-05-22,76.03
2000-05-23,76.12
2000-05-24,75.36
2000-05-25,74.35
2000-05-26,73.76
2000-05-29,73.73
2000-05-30,75.03
2000-05-31,74.61
2000-06-01,74.02
2000-06-02,73.42
2000-06-05,73.0
2000-06-06,73.26
2000-06-07,73.0
2000-06-08,74.17
2000-06-09,72.25
2000-06-12,72.32
2000-06-13,71.89
2000-06-14,72.19
2000-06-15,72.27
2000-06-16,71.51
2000-06-19,71.96
2000-06-20,72.19
2000-06-21,73.15
2000-06-22,73.57
2000-06-23,74.09
2000-06-26,73.86
2000-06-27,71.1
2000-06-28,71.25
2000-06-29,70.31
2000-06-30,70.46
2000-07-03,71.0
2000-07-04,70.96
2000-07-05,70.44
2000-07-06,71.0
2000-07-07,67.99
2000-07-10,68.17
2000-07-11,67.81
2000-07-12,68.63
2000-07-13,68.46
2000-07-14,68.24
2000-07-17,68.39
2000-07-18,68.28
2000-07-19,68.0
2000-07-20,67.33
2000-07-21,68.64
2000-07-24,68.71
2000-07-25,68.42
2000-07-26,67.39
2000-07-27,67.66
2000-07-28,67.85
2000-07-31,67.86
2000-08-01,67.49
2000-08-02,67.91
2000-08-03,68.11
2000-08-04,68.01
2000-08-07,67.54
2000-08-08,67.97
2000-08-09,67.87
2000-08-10,67.52
2000-08-11,68.03
2000-08-14,68.25
2000-08-15,68.65
2000-08-16,68.71
2000-08-17,68.64
2000-08-18,68.62
2000-08-21,69.33
2000-08-22,69.0
2000-08-23,68.57
2000-08-24,68.61
2000-08-25,68.73
2000-08-28,68.73
2000-08-29,69.31
2000-08-30,69.07
2000-08-31,68.86
2000-09-01,64.88
2000-09-04,65.15
2000-09-05,65.43
2000-09-06,65.87
2000-09-07,65.76
2000-09-08,65.91
2000-09-11,65.73
2000-09-12,65.69
2000-09-13,65.58
2000-09-14,65.71
2000-09-15,64.65
2000-09-18,64.62
2000-09-19,64.16
2000-09-20,64.79
2000-09-21,64.42
2000-09-22,64.23
2000-09-25,64.72
2000-09-26,64.42
2000-09-27,64.68
2000-09-28,64.4
2000-09-29,64.38
2000-10-02,64.35
2000-10-03,64.34
2000-10-04,64.39
2000-10-05,64.56
2000-10-06,58.53
2000-10-09,58.34
2000-10-10,58.43
2000-10-11,58.23
2000-10-12,58.56
2000-10-13,59.13
2000-10-16,59.09
2000-10-17,59.2
2000-10-18,59.18
2000-10-19,59.19
2000-10-20,59.12
2000-10-23,59.34
2000-10-24,55.6
2000-10-25,55.8
2000-10-26,55.5
2000-10-27,55.38
2000-10-30,54.05
2000-10-31,54.15
2000-11-01,53.87
2000-11-02,53.97
2000-11-03,53.53
2000-11-06,53.57
2000-11-07,53.64
2000-11-08,53.71
2000-11-09,53.49
2000-11-10,53.27
2000-11-13,52.91
2000-11-14,49.08
2000-11-15,49.08
2000-11-16,48.96
2000-11-17,48.93
2000-11-20,48.81
2000-11-21,48.93
2000-11-22,48.62
2000-11-23,48.07
2000-11-24,48.0
2000-11-27,47.86
2000-11-28,47.63
2000-11-29,47.51
2000-11-30,46.83
2000-12-01,52.16
2000-12-04,51.91
2000-12-05,56.47
2000-12-06,55.85
2000-12-07,60.2
2000-12-08,60.29
2000-12-11,60.29
2000-12-12,60.47
2000-12-13,58.18
2000-12-14,57.76
2000-12-15,59.11
2000-12-18,58.71
2000-12-19,59.22
2000-12-20,63.91
2000-12-21,66.64
2000-12-22,66.47
2000-12-25,66.485
2000-12-26,66.5
2000-12-27,66.36
2000-12-28,66.73
2000-12-29,66.19
2001-01-01,66.19
2001-01-02,64.13
2001-01-03,63.77
2001-01-04,63.95
2001-01-05,63.2
2001-01-08,63.31
2001-01-09,69.35
2001-01-10,69.44
2001-01-11,66.59
2001-01-12,67.47
2001-01-15,67.12
2001-01-16,67.27
2001-01-17,64.19
2001-01-18,63.77
2001-01-19,64.07
2001-01-22,64.32
2001-01-23,62.64
2001-01-24,63.2
2001-01-25,63.38
2001-01-26,63.34
2001-01-29,63.16
2001-01-30,62.14
2001-01-31,61.6
2001-02-01,61.85
2001-02-02,61.81
2001-02-05,61.5
2001-02-06,61.68
2001-02-07,58.84
2001-02-08,59.35
2001-02-09,58.99
2001-02-12,59.05
2001-02-13,58.89
2001-02-14,59.3
2001-02-15,59.51
2001-02-16,59.39
2001-02-19,59.26
2001-02-20,59.48
2001-02-21,59.74
2001-02-22,55.98
2001-02-23,55.57
2001-02-26,55.48
2001-02-27,55.45
2001-02-28,55.43
2001-03-01,58.79
2001-03-02,58.73
2001-03-05,59.09
2001-03-06,58.82
2001-03-07,56.09
2001-03-08,55.82
2001-03-09,55.79
2001-03-12,55.73
2001-03-13,55.9
2001-03-14,56.76
2001-03-15,56.63
2001-03-16,56.28
2001-03-19,56.45
2001-03-20,60.31
2001-03-21,59.63
2001-03-22,58.85
2001-03-23,62.65
2001-03-26,62.74
2001-03-27,63.31
2001-03-28,63.01
2001-03-29,58.52
2001-03-30,58.63
2001-04-02,58.81
2001-04-03,58.5
2001-04-04,58.15
2001-04-05,58.09
2001-04-06,57.57
2001-04-09,55.55
2001-04-10,56.26
2001-04-11,57.18
2001-04-12,58.18
2001-04-13,58.18
2001-04-16,58.24
2001-04-17,58.6
2001-04-18,58.17
2001-04-19,59.31
2001-04-20,62.3
2001-04-23,61.98
2001-04-24,62.62
2001-04-25,62.43
2001-04-26,61.61
2001-04-27,59.71
2001-04-30,60.82
2001-05-01,60.58
2001-05-02,60.31
2001-05-03,59.91
2001-05-04,59.1
2001-05-07,59.1
2001-05-08,58.95
2001-05-09,58.56
2001-05-10,58.02
2001-05-11,58.84
2001-05-14,59.52
2001-05-15,59.72
2001-05-16,59.52
2001-05-17,59.38
2001-05-18,59.57
2001-05-21,60.3
2001-05-22,60.65
2001-05-23,60.75
2001-05-24,60.83
2001-05-25,61.06
2001-05-28,61.04
2001-05-29,60.51
2001-05-30,60.3
2001-05-31,60.47
2001-06-01,59.82
2001-06-04,59.71
2001-06-05,58.94
2001-06-06,59.45
2001-06-07,59.79
2001-06-08,59.8
2001-06-11,59.61
2001-06-12,59.82
2001-06-13,60.15
2001-06-14,59.33
2001-06-15,58.94
2001-06-18,58.7
2001-06-19,58.99
2001-06-20,59.07
2001-06-21,58.84
2001-06-22,58.53
2001-06-25,58.56
2001-06-26,58.84
2001-06-27,59.22
2001-06-28,59.72
2001-06-29,60.78
2001-07-02,60.54
2001-07-03,61.19
2001-07-04,61.06
2001-07-05,60.98
2001-07-06,59.37
2001-07-09,59.77
2001-07-10,59.37
2001-07-11,58.9
2001-07-12,59.14
2001-07-13,61.16
2001-07-16,60.89
2001-07-17,60.81
2001-07-18,60.46
2001-07-19,60.48
2001-07-20,59.34
2001-07-23,59.21
2001-07-24,59.11
2001-07-25,59.25
2001-07-26,58.99
2001-07-27,57.04
2001-07-30,56.99
2001-07-31,56.7
2001-08-01,57.0
2001-08-02,57.25
2001-08-03,57.79
2001-08-06,57.74
2001-08-07,57.85
2001-08-08,57.85
2001-08-09,57.02
2001-08-10,60.87
2001-08-13,60.87
2001-08-14,61.19
2001-08-15,61.12
2001-08-16,61.44
2001-08-17,60.82
2001-08-20,60.98
2001-08-21,61.48
2001-08-22,61.63
2001-08-23,63.57
2001-08-24,63.96
2001-08-27,63.97
2001-08-28,62.97
2001-08-29,62.78
2001-08-30,62.15
2001-08-31,62.03
2001-09-03,61.93
2001-09-04,63.36
2001-09-05,63.63
2001-09-06,62.95
2001-09-07,62.26
2001-09-10,62.8
2001-09-11,63.16
2001-09-12,73.03
2001-09-13,73.01
2001-09-14,72.19
2001-09-17,72.33
2001-09-18,70.62
2001-09-19,70.53
2001-09-20,67.65
2001-09-21,66.77
2001-09-24,66.81
2001-09-25,67.15
2001-09-26,66.93
2001-09-27,66.32
2001-09-28,67.45
2001-10-01,66.92
2001-10-02,64.8
2001-10-03,65.48
2001-10-04,67.37
2001-10-05,67.11
2001-10-08,67.74
2001-10-09,68.63
2001-10-10,68.48
2001-10-11,68.93
2001-10-12,67.7
2001-10-15,67.14
2001-10-16,67.59
2001-10-17,68.97
2001-10-18,68.58
2001-10-19,67.4
2001-10-22,66.97
2001-10-23,67.19
2001-10-24,66.95
2001-10-25,69.56
2001-10-26,69.58
2001-10-29,73.3
2001-10-30,72.43
2001-10-31,72.61
2001-11-01,70.35
2001-11-02,79.21
2001-11-05,77.47
2001-11-06,77.53
2001-11-07,76.44
2001-11-08,77.27
2001-11-09,76.17
2001-11-12,73.37
2001-11-13,74.83
2001-11-14,75.35
2001-11-15,74.33
2001-11-16,75.74
2001-11-19,75.41
2001-11-20,75.22
2001-11-21,79.21
2001-11-22,79.5
2001-11-23,78.95
2001-11-26,80.91
2001-11-27,83.79
2001-11-28,82.43
2001-11-29,84.16
2001-11-30,83.73
2001-12-03,84.08
2001-12-04,83.98
2001-12-05,87.26
2001-12-06,88.76
2001-12-07,91.45
2001-12-10,90.63
2001-12-11,86.83
2001-12-12,85.35
2001-12-13,86.61
2001-12-14,86.78
2001-12-17,88.58
2001-12-18,86.37
2001-12-19,85.89
2001-12-20,86.51
2001-12-21,87.3
2001-12-24,87.31
2001-12-25,87.31
2001-12-26,87.31
2001-12-27,88.36
2001-12-28,89.01
2001-12-31,89.01
2002-01-02,88.14
2002-01-03,89.35
2002-01-04,90.31
2002-01-07,88.52
2002-01-08,88.55
2002-01-09,89.77
2002-01-10,89.2
2002-01-11,88.92
2002-01-14,87.5
2002-01-15,88.22
2002-01-16,75.18
2002-01-17,75.54
2002-01-18,88.95
2002-01-21,76.53
2002-01-22,77.49
2002-01-23,72.09
2002-01-24,73.57
2002-01-25,73.85
2002-01-28,73.78
2002-01-29,73.31
2002-01-30,72.93
2002-01-31,72.59
2002-02-01,72.21
2002-02-04,71.53
2002-02-05,70.83
2002-02-06,71.3
2002-02-07,74.12
2002-02-08,73.59
2002-02-11,73.94
2002-02-12,74.29
2002-02-13,74.76
2002-02-14,74.53
2002-02-15,72.6
2002-02-18,72.54
2002-02-19,72.68
2002-02-20,72.91
2002-02-21,69.7
2002-02-22,68.94
2002-02-25,69.44
2002-02-26,69.51
2002-02-27,69.67
2002-02-28,69.47
2002-03-01,67.81
2002-03-04,68.19
2002-03-05,67.25
2002-03-06,67.83
2002-03-07,67.65
2002-03-08,70.55
2002-03-11,70.31
2002-03-12,70.23
2002-03-13,70.46
2002-03-14,70.95
2002-03-15,71.23
2002-03-18,68.79
2002-03-19,68.72
2002-03-20,68.29
2002-03-21,68.69
2002-03-22,68.86
2002-03-25,65.36
2002-03-26,64.96
2002-03-27,64.71
2002-03-28,65.07
2002-03-29,65.615
2002-04-01,66.16
2002-04-02,65.31
2002-04-03,64.15
2002-04-04,63.33
2002-04-05,63.35
2002-04-08,65.86
2002-04-09,66.04
2002-04-10,66.16
2002-04-11,65.87
2002-04-12,65.63
2002-04-15,65.11
2002-04-16,67.77
2002-04-17,67.56
2002-04-18,67.8
2002-04-19,67.68
2002-04-22,66.57
2002-04-23,66.88
2002-04-24,66.25
2002-04-25,65.62
2002-04-26,65.32
2002-04-29,66.0
2002-04-30,65.9
2002-05-01,65.9
2002-05-02,66.73
2002-05-03,63.82
2002-05-06,63.83
2002-05-07,63.67
2002-05-08,64.42
2002-05-09,64.91
2002-05-10,65.19
2002-05-13,65.61
2002-05-14,66.41
2002-05-15,66.47
2002-05-16,66.28
2002-05-17,66.49
2002-05-20,66.21
2002-05-21,65.89
2002-05-22,65.71
2002-05-23,65.64
2002-05-24,65.57
2002-05-27,67.33
2002-05-28,67.01
2002-05-29,66.7
2002-05-30,66.51
2002-05-31,66.04
2002-06-03,66.04
2002-06-04,66.13
2002-06-05,65.54
2002-06-06,65.45
2002-06-07,65.37
2002-06-10,64.95
2002-06-11,65.29
2002-06-12,65.52
2002-06-13,64.53
2002-06-14,64.01
2002-06-17,64.4
2002-06-18,66.16
2002-06-19,65.91
2002-06-20,66.04
2002-06-21,66.16
2002-06-24,65.36
2002-06-25,70.73
2002-06-26,73.72
2002-06-27,73.98
2002-06-28,71.37
2002-07-01,71.66
2002-07-02,70.92
2002-07-03,71.03
2002-07-04,69.89
2002-07-05,70.59
2002-07-08,70.48
2002-07-09,67.57
2002-07-10,66.62
2002-07-11,65.82
2002-07-12,67.45
2002-07-15,66.79
2002-07-16,71.66
2002-07-17,72.22
2002-07-18,72.02
2002-07-19,71.34
2002-07-22,70.87
2002-07-23,71.26
2002-07-24,72.45
2002-07-25,72.55
2002-07-26,73.65
2002-07-29,74.61
2002-07-30,73.48
2002-07-31,73.42
2002-08-01,74.72
2002-08-02,73.81
2002-08-05,73.05
2002-08-06,77.31
2002-08-07,75.97
2002-08-08,76.73
2002-08-09,76.69
2002-08-12,75.78
2002-08-13,75.23
2002-08-14,78.47
2002-08-15,81.45
2002-08-16,81.6
2002-08-19,81.79
2002-08-20,78.53
2002-08-21,79.43
2002-08-22,80.25
2002-08-23,79.31
2002-08-26,79.32
2002-08-27,79.33
2002-08-28,78.07
2002-08-29,81.11
2002-08-30,81.38
2002-09-02,80.21
2002-09-03,79.17
2002-09-04,84.31
2002-09-05,83.58
2002-09-06,83.37
2002-09-09,87.35
2002-09-10,88.59
2002-09-11,89.35
2002-09-12,87.59
2002-09-13,84.59
2002-09-16,83.57
2002-09-17,83.79
2002-09-18,83.17
2002-09-19,85.49
2002-09-20,86.4
2002-09-23,85.55
2002-09-24,84.26
2002-09-25,84.65
2002-09-26,85.61
2002-09-27,83.78
2002-09-30,81.64
2002-10-01,82.24
2002-10-02,85.92
2002-10-03,86.08
2002-10-04,85.72
2002-10-07,84.75
2002-10-08,84.67
2002-10-09,82.77
2002-10-10,84.25
2002-10-11,80.51
2002-10-14,80.85
2002-10-15,82.69
2002-10-16,80.43
2002-10-17,80.03
2002-10-18,80.3
2002-10-21,79.81
2002-10-22,81.92
2002-10-23,80.98
2002-10-24,81.65
2002-10-25,81.03
2002-10-28,79.9
2002-10-29,78.7
2002-10-30,79.82
2002-10-31,78.56
2002-11-01,80.01
2002-11-04,78.53
2002-11-05,79.51
2002-11-06,78.9
2002-11-07,77.57
2002-11-08,75.8
2002-11-11,75.41
2002-11-12,78.24
2002-11-13,78.28
2002-11-14,79.13
2002-11-15,77.47
2002-11-18,77.73
2002-11-19,77.11
2002-11-20,75.31
2002-11-21,76.76
2002-11-22,76.87
2002-11-25,77.36
2002-11-26,76.27
2002-11-27,77.42
2002-11-28,77.16
2002-11-29,69.66
2002-12-02,70.0
2002-12-03,69.46
2002-12-04,69.52
2002-12-05,69.05
2002-12-06,67.23
2002-12-09,66.66
2002-12-10,67.51
2002-12-11,67.11
2002-12-12,66.51
2002-12-13,69.28
2002-12-16,69.58
2002-12-17,69.2
2002-12-18,68.95
2002-12-19,68.99
2002-12-20,69.25
2002-12-23,68.87
2002-12-27,70.75
2002-12-31,71.0
2003-01-02,73.09
2003-01-03,73.74
2003-01-06,72.9
2003-01-07,72.13
2003-01-08,71.28
2003-01-09,71.64
2003-01-10,72.75
2003-01-13,73.09
2003-01-14,72.86
2003-01-15,72.87
2003-01-16,74.63
2003-01-17,73.03
2003-01-20,72.48
2003-01-21,73.62
2003-01-22,73.28
2003-01-23,73.08
2003-01-24,72.04
2003-01-27,76.58
2003-01-28,77.29
2003-01-29,76.99
2003-01-30,77.87
2003-01-31,75.39
2003-02-03,75.59
2003-02-04,74.4
2003-02-05,74.94
2003-02-06,74.79
2003-02-07,74.28
2003-02-10,76.07
2003-02-11,76.26
2003-02-12,74.93
2003-02-13,74.57
2003-02-14,79.11
2003-02-17,79.25
2003-02-18,79.41
2003-02-19,78.15
2003-02-20,76.59
2003-02-21,77.13
2003-02-24,75.97
2003-02-25,75.89
2003-02-26,78.18
2003-02-27,79.81
2003-02-28,77.12
2003-03-03,76.24
2003-03-04,76.23
2003-03-05,76.76
2003-03-06,76.58
2003-03-07,75.6
2003-03-10,75.02
2003-03-11,76.89
2003-03-12,77.7
2003-03-13,80.82
2003-03-14,79.51
2003-03-17,82.43
2003-03-18,83.25
2003-03-19,85.38
2003-03-20,84.94
2003-03-21,87.32
2003-03-24,85.94
2003-03-25,85.53
2003-03-26,85.6
2003-03-27,84.45
2003-03-28,83.92
2003-03-31,81.6
2003-04-01,84.0
2003-04-02,85.45
2003-04-03,85.04
2003-04-04,85.05
2003-04-07,86.79
2003-04-08,86.04
2003-04-09,85.6
2003-04-10,83.83
2003-04-11,83.31
2003-04-14,83.97
2003-04-15,83.66
2003-04-16,79.48
2003-04-17,78.73
2003-04-22,77.81
2003-04-23,78.6
2003-04-24,77.57
2003-04-25,77.02
2003-04-28,77.74
2003-04-29,78.18
2003-04-30,77.2
2003-05-02,70.21
2003-05-05,70.21
2003-05-06,70.12
2003-05-07,68.15
2003-05-08,67.94
2003-05-09,67.59
2003-05-12,70.05
2003-05-13,69.7
2003-05-14,69.62
2003-05-15,69.13
2003-05-16,69.97
2003-05-19,68.92
2003-05-20,72.84
2003-05-21,72.58
2003-05-22,72.54
2003-05-23,71.03
2003-05-26,71.03
2003-05-27,71.71
2003-05-28,75.64
2003-05-29,74.39
2003-05-30,73.48
2003-06-02,73.79
2003-06-03,71.28
2003-06-04,74.14
2003-06-05,72.47
2003-06-06,73.78
2003-06-09,72.05
2003-06-10,72.8
2003-06-11,71.44
2003-06-12,71.49
2003-06-13,70.26
2003-06-16,70.92
2003-06-17,76.57
2003-06-18,80.12
2003-06-19,79.61
2003-06-20,79.62
2003-06-23,80.98
2003-06-24,78.24
2003-06-25,77.36
2003-06-26,82.22
2003-06-27,81.06
2003-06-30,79.85
2003-07-01,79.56
2003-07-02,80.75
2003-07-03,82.1
2003-07-04,81.33
2003-07-07,82.19
2003-07-08,82.29
2003-07-09,75.75
2003-07-10,75.06
2003-07-11,74.9
2003-07-14,74.49
2003-07-15,76.76
2003-07-16,78.03
2003-07-17,80.07
2003-07-18,79.09
2003-07-21,80.13
2003-07-22,79.37
2003-07-23,78.21
2003-07-24,79.4
2003-07-25,77.75
2003-07-28,80.06
2003-07-29,79.76
2003-07-30,80.46
2003-07-31,82.46
2003-08-01,86.73
2003-08-04,85.6
2003-08-05,93.42
2003-08-06,92.65
2003-08-07,91.32
2003-08-08,89.01
2003-08-11,91.02
2003-08-12,90.9
2003-08-13,93.01
2003-08-14,84.66
2003-08-15,83.27
2003-08-18,83.54
2003-08-19,83.64
2003-08-20,83.72
2003-08-21,84.23
2003-08-22,88.92
2003-08-25,88.93
2003-08-26,88.77
2003-08-27,89.16
2003-08-28,88.84
2003-08-29,86.59
2003-09-01,86.7
2003-09-02,89.4
2003-09-03,87.3
2003-09-04,86.57
2003-09-05,85.2
2003-09-08,84.08
2003-09-09,84.63
2003-09-10,83.52
2003-09-11,85.17
2003-09-12,82.42
2003-09-15,82.91
2003-09-16,83.39
2003-09-17,82.94
2003-09-18,82.97
2003-09-19,79.13
2003-09-22,78.2
2003-09-23,77.77
2003-09-24,78.1
2003-09-25,77.4
2003-09-26,77.11
2003-09-29,77.19
2003-09-30,75.94
2003-10-01,75.94
2003-10-02,81.01
2003-10-03,83.9
2003-10-06,82.89
2003-10-07,83.01
2003-10-08,83.05
2003-10-09,82.94
2003-10-10,82.21
2003-10-13,83.9
2003-10-14,83.96
2003-10-15,85.11
2003-10-16,82.02
2003-10-17,83.03
2003-10-20,82.83
2003-10-21,81.82
2003-10-22,81.4
2003-10-23,82.26
2003-10-24,82.11
2003-10-27,82.66
2003-10-28,82.8
2003-10-29,82.61
2003-10-30,83.74
2003-10-31,82.16
2003-11-03,84.05
2003-11-04,82.85
2003-11-05,82.55
2003-11-06,84.19
2003-11-07,85.24
2003-11-10,84.69
2003-11-11,84.7
2003-11-12,84.73
2003-11-13,80.65
2003-11-14,79.42
2003-11-17,78.88
2003-11-18,78.36
2003-11-19,79.31
2003-11-20,80.32
2003-11-21,79.5
2003-11-24,81.29
2003-11-25,81.68
2003-11-26,81.42
2003-11-27,82.65
2003-11-28,79.72
2003-12-01,80.66
2003-12-02,79.93
2003-12-03,79.48
2003-12-04,79.73
2003-12-05,77.6
2003-12-08,77.48
2003-12-09,78.0
2003-12-10,77.31
2003-12-11,78.1
2003-12-12,76.29
2003-12-15,76.6
2003-12-16,79.1
2003-12-17,77.96
2003-12-18,78.06
2003-12-19,78.77
2003-12-22,78.26
2003-12-23,77.23
2003-12-24,77.26
2003-12-29,77.09
2003-12-30,77.78
2003-12-31,77.82
2004-01-02,78.35
2004-01-05,78.44
2004-01-06,77.13
2004-01-07,76.63
2004-01-08,76.49
2004-01-09,74.57
2004-01-12,74.21
2004-01-13,74.81
2004-01-14,74.35
2004-01-15,74.24
2004-01-16,74.52
2004-01-19,74.61
2004-01-20,73.71
2004-01-21,74.19
2004-01-22,73.61
2004-01-23,72.48
2004-01-26,74.4
2004-01-27,73.85
2004-01-28,73.8
2004-01-29,76.58
2004-01-30,74.89
2004-02-02,74.49
2004-02-03,73.98
2004-02-04,73.58
2004-02-05,73.32
2004-02-06,72.53
2004-02-09,72.48
2004-02-10,72.62
2004-02-11,72.16
2004-02-12,72.02
2004-02-13,71.82
2004-02-16,71.83
2004-02-17,71.24
2004-02-18,68.84
2004-02-19,69.68
2004-02-20,70.0
2004-02-23,69.99
2004-02-24,68.63
2004-02-25,68.4
2004-02-26,68.64
2004-02-27,68.16
2004-03-01,68.5
2004-03-02,69.0
2004-03-03,70.13
2004-03-04,69.23
2004-03-05,67.12
2004-03-08,65.91
2004-03-09,65.69
2004-03-10,66.48
2004-03-11,65.89
2004-03-12,65.89
2004-03-15,65.61
2004-03-16,66.47
2004-03-17,65.59
2004-03-18,65.34
2004-03-19,65.34
2004-03-22,65.01
2004-03-23,65.32
2004-03-24,64.66
2004-03-25,64.37
2004-03-26,69.4
2004-03-29,70.85
2004-03-30,70.53
2004-03-31,70.19
2004-04-01,71.42
2004-04-02,74.48
2004-04-05,74.6
2004-04-06,69.22
2004-04-07,68.59
2004-04-08,68.66
2004-04-13,70.39
2004-04-14,71.16
2004-04-15,71.01
2004-04-16,69.89
2004-04-19,69.91
2004-04-20,70.75
2004-04-21,71.09
2004-04-22,70.46
2004-04-23,70.93
2004-04-26,71.21
2004-04-27,71.26
2004-04-28,71.37
2004-04-29,71.34
2004-04-30,68.34
2004-05-03,68.36
2004-05-04,68.28
2004-05-05,68.15
2004-05-06,69.38
2004-05-07,71.36
2004-05-10,71.09
2004-05-11,71.04
2004-05-12,71.56
2004-05-13,72.07
2004-05-14,71.54
2004-05-17,70.42
2004-05-18,67.66
2004-05-19,68.61
2004-05-20,68.33
2004-05-21,67.93
2004-05-24,68.59
2004-05-25,68.17
2004-05-26,67.65
2004-05-27,66.76
2004-05-28,67.11
2004-05-31,67.13
2004-06-01,68.06
2004-06-02,68.3
2004-06-03,68.14
2004-06-04,68.56
2004-06-07,68.47
2004-06-08,67.99
2004-06-09,68.7
2004-06-10,68.98
2004-06-11,69.62
2004-06-14,69.87
2004-06-15,68.51
2004-06-16,69.55
2004-06-17,69.76
2004-06-18,68.81
2004-06-21,68.79
2004-06-22,69.24
2004-06-23,69.08
2004-06-24,66.42
2004-06-25,66.92
2004-06-28,67.89
2004-06-29,67.94
2004-06-30,66.95
2004-07-01,66.92
2004-07-02,65.58
2004-07-05,65.73
2004-07-06,65.73
2004-07-07,65.23
2004-07-08,65.26
2004-07-09,65.3
2004-07-12,65.05
2004-07-13,63.62
2004-07-14,63.5
2004-07-15,63.45
2004-07-16,62.31
2004-07-19,62.47
2004-07-20,62.64
2004-07-21,64.06
2004-07-22,63.33
2004-07-23,63.44
2004-07-26,63.91
2004-07-27,64.22
2004-07-28,62.9
2004-07-29,62.56
2004-07-30,61.58
2004-08-02,61.27
2004-08-03,61.16
2004-08-04,60.9
2004-08-05,60.35
2004-08-06,59.02
2004-08-09,59.11
2004-08-10,58.93
2004-08-11,59.61
2004-08-12,61.15
2004-08-13,60.78
2004-08-16,61.37
2004-08-17,61.0
2004-08-18,61.36
2004-08-19,61.11
2004-08-20,60.82
2004-08-23,61.93
2004-08-24,61.88
2004-08-25,61.47
2004-08-26,61.4
2004-08-27,61.31
2004-08-30,61.28
2004-08-31,60.54
2004-09-01,60.81
2004-09-02,61.34
2004-09-03,63.18
2004-09-06,62.97
2004-09-07,63.26
2004-09-08,62.91
2004-09-09,62.2
2004-09-10,61.69
2004-09-13,62.18
2004-09-14,61.75
2004-09-15,61.6
2004-09-16,61.13
2004-09-17,60.91
2004-09-20,60.9
2004-09-21,60.5
2004-09-22,60.14
2004-09-23,60.62
2004-09-24,61.08
2004-09-27,60.72
2004-09-28,60.92
2004-09-29,61.6
2004-09-30,60.95
2004-10-01,59.86
2004-10-04,60.47
2004-10-05,60.0
2004-10-06,60.73
2004-10-07,60.63
2004-10-08,59.1
2004-10-11,59.9
2004-10-12,59.48
2004-10-13,59.23
2004-10-14,59.06
2004-10-15,58.24
2004-10-18,58.07
2004-10-19,57.47
2004-10-20,57.86
2004-10-21,57.1
2004-10-22,57.03
2004-10-25,55.66
2004-10-26,55.69
2004-10-27,55.7
2004-10-28,58.28
2004-10-29,57.4
2004-11-01,57.25
2004-11-02,57.27
2004-11-03,56.7
2004-11-04,55.98
2004-11-05,55.66
2004-11-08,55.88
2004-11-09,56.04
2004-11-10,55.75
2004-11-11,54.82
2004-11-12,54.35
2004-11-15,55.19
2004-11-16,55.1
2004-11-17,55.69
2004-11-18,56.33
2004-11-19,56.09
2004-11-22,56.52
2004-11-23,57.39
2004-11-24,57.34
2004-11-25,57.29
2004-11-26,56.82
2004-11-29,57.4
2004-11-30,58.38
2004-12-01,58.41
2004-12-02,58.37
2004-12-03,58.08
2004-12-06,58.08
2004-12-07,58.65
2004-12-08,59.69
2004-12-09,59.21
2004-12-10,61.65
2004-12-13,61.67
2004-12-14,61.65
2004-12-15,63.11
2004-12-16,63.66
2004-12-17,64.82
2004-12-20,64.28
2004-12-21,64.27
2004-12-22,64.04
2004-12-23,63.39
2004-12-27,63.4
2004-12-28,63.87
2004-12-29,63.58
2004-12-30,64.71
2004-12-31,64.7
2005-01-03,64.71
2005-01-04,65.73
2005-01-05,66.64
2005-01-06,65.83
2005-01-07,63.98
2005-01-10,63.57
2005-01-11,62.48
2005-01-12,60.8
2005-01-13,59.54
2005-01-14,59.59
2005-01-17,59.2
2005-01-18,59.07
2005-01-19,59.77
2005-01-20,59.77
2005-01-21,59.45
2005-01-24,59.36
2005-01-25,59.36
2005-01-26,59.64
2005-01-27,59.3
2005-01-28,59.24
2005-01-31,59.4
2005-02-01,59.24
2005-02-02,59.35
2005-02-03,59.0
2005-02-04,58.36
2005-02-07,58.07
2005-02-08,56.74
2005-02-09,57.07
2005-02-10,56.85
2005-02-11,57.07
2005-02-14,57.32
2005-02-15,57.5
2005-02-16,58.13
2005-02-17,56.81
2005-02-18,56.85
2005-02-21,56.91
2005-02-22,56.91
2005-02-23,56.85
2005-02-24,57.1
2005-02-25,58.51
2005-02-28,57.76
2005-03-01,59.59
2005-03-02,60.52
2005-03-03,60.75
2005-03-04,58.5
2005-03-07,58.5
2005-03-08,58.3
2005-03-09,58.73
2005-03-10,60.25
2005-03-11,60.14
2005-03-14,59.93
2005-03-15,59.77
2005-03-16,60.25
2005-03-17,59.87
2005-03-18,59.12
2005-03-21,59.95
2005-03-22,59.98
2005-03-23,60.67
2005-03-24,60.14
2005-03-29,60.49
2005-03-30,60.47
2005-03-31,60.39
2005-04-01,59.65
2005-04-04,59.21
2005-04-05,57.75
2005-04-06,56.83
2005-04-07,56.5
2005-04-08,54.79
2005-04-11,54.0
2005-04-12,53.9
2005-04-13,53.59
2005-04-14,53.395
2005-04-15,53.2
2005-04-18,53.36
2005-04-19,52.96
2005-04-20,52.96
2005-04-21,52.96
2005-04-22,52.96
2005-04-25,52.96
2005-04-26,52.1
2005-04-27,51.8
2005-04-28,51.8
2005-04-29,52.93
2005-05-02,52.94
2005-05-03,52.62
2005-05-04,53.6
2005-05-05,53.46
2005-05-06,53.48
2005-05-09,53.18
2005-05-10,53.12
2005-05-11,54.1
2005-05-12,53.98
2005-05-13,54.07
2005-05-16,54.07
2005-05-17,54.07
2005-05-18,54.07
2005-05-19,54.01
2005-05-20,54.01
2005-05-23,53.38
2005-05-24,52.64
2005-05-25,53.66
2005-05-26,54.11
2005-05-27,54.11
2005-05-30,54.12
2005-05-31,54.41
2005-06-01,55.41
2005-06-02,55.91
2005-06-03,56.21
2005-06-06,57.45
2005-06-07,57.75
2005-06-08,57.45
2005-06-09,57.89
2005-06-10,57.75
2005-06-13,58.1
2005-06-14,58.97
2005-06-15,59.95
2005-06-16,60.65
2005-06-17,60.45
2005-06-20,60.45
2005-06-21,60.8
2005-06-22,61.6
2005-06-23,61.81
2005-06-24,61.81
2005-06-27,61.21
2005-06-28,61.91
2005-06-29,61.91
2005-06-30,62.34
2005-07-01,62.33
2005-07-04,62.33
2005-07-05,62.78
2005-07-06,62.63
2005-07-07,62.77
2005-07-08,61.02
2005-07-11,61.5
2005-07-12,61.12
2005-07-13,59.65
2005-07-14,58.36
2005-07-15,56.97
2005-07-18,55.29
2005-07-19,55.28
2005-07-20,54.95
2005-07-21,53.84
2005-07-22,54.53
2005-07-25,54.55
2005-07-26,54.55
2005-07-27,54.55
2005-07-28,54.76
2005-07-29,53.65
2005-08-01,53.65
2005-08-02,54.41
2005-08-03,54.41
2005-08-04,55.3
2005-08-05,55.38
2005-08-08,55.38
2005-08-09,55.37
2005-08-10,55.35
2005-08-11,55.36
2005-08-12,55.36
2005-08-15,55.36
2005-08-16,55.36
2005-08-17,55.36
2005-08-18,54.48
2005-08-19,54.02
2005-08-22,54.2
2005-08-23,55.21
2005-08-24,54.7
2005-08-25,54.82
2005-08-29,54.78
2005-08-30,55.21
2005-08-31,55.88
2005-09-01,56.08
2005-09-02,56.82
2005-09-05,56.71
2005-09-06,56.5
2005-09-07,56.5
2005-09-08,56.5
2005-09-09,56.5
2005-09-12,56.4
2005-09-13,56.09
2005-09-14,56.49
2005-09-15,56.49
2005-09-16,56.42
2005-09-19,56.43
2005-09-20,56.36
2005-09-21,56.36
2005-09-22,56.36
2005-09-23,56.37
2005-09-26,56.64
2005-09-27,56.64
2005-09-28,56.64
2005-09-29,56.94
2005-09-30,56.94
2005-10-03,57.16
2005-10-04,57.06
2005-10-05,57.06
2005-10-06,56.76
2005-10-07,57.62
2005-10-10,57.76
2005-10-11,57.56
2005-10-12,57.56
2005-10-13,57.68
2005-10-14,57.68
2005-10-17,57.83
2005-10-18,58.11
2005-10-19,58.27
2005-10-20,58.27
2005-10-21,57.3
2005-10-24,57.42
2005-10-25,57.63
2005-10-26,59.6
2005-10-27,59.96
2005-10-28,59.96
2005-10-31,60.65
2005-11-01,60.8
2005-11-02,61.29
2005-11-03,61.56
2005-11-04,62.06
2005-11-07,62.98
2005-11-08,63.34
2005-11-09,63.99
2005-11-10,64.32
2005-11-11,63.1
2005-11-14,63.45
2005-11-15,63.49
2005-11-16,62.99
2005-11-17,62.69
2005-11-18,63.09
2005-11-21,63.33
2005-11-22,62.12
2005-11-23,62.05
2005-11-24,61.62
2005-11-25,61.1
2005-11-28,61.32
2005-11-29,60.94
2005-11-30,61.08
2005-12-01,59.8
2005-12-02,58.62
2005-12-05,58.82
2005-12-06,58.82
2005-12-07,58.12
2005-12-08,57.89
2005-12-09,58.16
2005-12-12,58.16
2005-12-13,58.42
2005-12-14,58.42
2005-12-15,57.63
2005-12-16,57.75
2005-12-19,57.76
2005-12-20,57.96
2005-12-21,57.78
2005-12-22,57.79
2005-12-23,57.79
2005-12-27,57.78
2005-12-28,57.8
2005-12-29,57.79
2005-12-30,57.79
2006-01-02,57.79
2006-01-03,58.22
2006-01-04,58.36
2006-01-05,58.26
2006-01-06,57.07
2006-01-09,57.19
2006-01-10,57.09
2006-01-11,57.05
2006-01-12,56.05
2006-01-13,55.45
2006-01-16,54.63
2006-01-17,54.72
2006-01-18,54.71
2006-01-19,55.03
2006-01-20,55.11
2006-01-23,55.43
2006-01-24,55.9
2006-01-25,56.0
2006-01-26,56.5
2006-01-27,56.4
2006-01-30,58.17
2006-01-31,58.37
2006-02-01,58.49
2006-02-02,58.14
2006-02-03,57.44
2006-02-06,57.34
2006-02-07,57.09
2006-02-08,56.08
2006-02-09,56.08
2006-02-10,55.55
2006-02-13,55.45
2006-02-14,55.45
2006-02-15,55.42
2006-02-16,55.42
2006-02-17,53.71
2006-02-20,53.66
2006-02-21,53.85
2006-02-22,53.75
2006-02-23,53.58
2006-02-24,53.18
2006-02-27,53.18
2006-02-28,53.46
2006-03-01,53.29
2006-03-02,53.29
2006-03-03,53.09
2006-03-06,53.09
2006-03-07,53.26
2006-03-08,53.56
2006-03-09,55.43
2006-03-10,55.43
2006-03-13,55.63
2006-03-14,55.63
2006-03-15,55.64
2006-03-16,55.63
2006-03-17,54.92
2006-03-20,55.4
2006-03-21,55.17
2006-03-22,54.0
2006-03-23,53.27
2006-03-24,53.27
2006-03-27,53.27
2006-03-28,53.73
2006-03-29,54.51
2006-03-30,54.31
2006-03-31,54.65
2006-04-03,55.28
2006-04-04,55.57
2006-04-05,55.97
2006-04-06,55.97
2006-04-07,56.13
2006-04-10,56.27
2006-04-11,56.09
2006-04-12,55.26
2006-04-13,56.09
2006-04-18,56.09
2006-04-19,57.15
2006-04-20,57.15
2006-04-21,57.17
2006-04-24,56.49
2006-04-25,56.78
2006-04-26,57.47
2006-04-27,58.83
2006-04-28,58.86
2006-05-02,58.76
2006-05-03,60.1
2006-05-04,60.22
2006-05-05,60.12
2006-05-08,60.02
2006-05-09,60.02
2006-05-10,59.84
2006-05-11,60.72
2006-05-12,59.02
2006-05-15,59.94
2006-05-16,60.05
2006-05-17,59.6
2006-05-18,60.14
2006-05-19,59.76
2006-05-22,60.09
2006-05-23,60.45
2006-05-24,61.04
2006-05-25,60.1
2006-05-26,59.86
2006-05-29,59.86
2006-05-31,59.94
2006-06-01,60.68
2006-06-02,60.1
2006-06-05,60.1
2006-06-06,60.0
2006-06-07,60.0
2006-06-08,59.99
2006-06-09,59.45
2006-06-12,59.45
2006-06-13,59.27
2006-06-14,59.04
2006-06-15,59.04
2006-06-16,59.27
2006-06-19,59.28
2006-06-20,59.25
2006-06-21,59.7
2006-06-22,59.5
2006-06-23,59.45
2006-06-26,59.49
2006-06-27,59.59
2006-06-28,59.59
2006-06-29,59.96
2006-06-30,60.06
2006-07-03,59.96
2006-07-04,59.86
2006-07-05,59.86
2006-07-06,60.17
2006-07-07,59.5
2006-07-10,59.5
2006-07-11,59.0
2006-07-12,59.0
2006-07-13,58.8
2006-07-14,58.94
2006-07-17,58.71
2006-07-18,58.9
2006-07-19,59.0
2006-07-20,58.71
2006-07-21,58.11
2006-07-24,57.93
2006-07-25,58.32
2006-07-26,58.32
2006-07-27,58.03
2006-07-28,57.83
2006-07-31,57.63
2006-08-01,57.63
2006-08-02,57.63
2006-08-03,57.63
2006-08-04,57.63
2006-08-07,57.63
2006-08-08,57.57
2006-08-09,57.08
2006-08-10,57.35
2006-08-11,56.92
2006-08-14,57.25
2006-08-15,57.02
2006-08-16,56.64
2006-08-17,56.66
2006-08-18,56.41
2006-08-21,56.35
2006-08-22,56.52
2006-08-23,57.34
2006-08-24,57.34
2006-08-25,57.34
2006-08-28,57.56
2006-08-29,57.48
2006-08-30,57.5
2006-08-31,57.74
2006-09-01,57.6
2006-09-04,57.51
2006-09-05,57.61
2006-09-06,57.84
2006-09-07,57.9
2006-09-08,57.9
2006-09-11,57.84
2006-09-12,58.09
2006-09-13,58.13
2006-09-14,58.13
2006-09-15,57.45
2006-09-18,57.45
2006-09-19,57.38
2006-09-20,57.38
2006-09-21,57.32
2006-09-22,57.03
2006-09-25,57.96
2006-09-26,58.28
2006-09-27,58.27
2006-09-28,58.33
2006-09-29,58.76
2006-10-02,58.75
2006-10-03,58.8
2006-10-04,58.8
2006-10-05,58.25
2006-10-06,57.29
2006-10-09,57.29
2006-10-10,56.89
2006-10-11,56.8
2006-10-12,55.99
2006-10-13,55.99
2006-10-16,56.11
2006-10-17,56.1
2006-10-18,55.59
2006-10-19,55.29
2006-10-20,54.9
2006-10-23,54.86
2006-10-24,54.86
2006-10-25,54.86
2006-10-26,54.63
2006-10-27,53.56
2006-10-30,53.51
2006-10-31,53.41
2006-11-01,53.41
2006-11-02,53.315
2006-11-03,53.22
2006-11-06,53.17
2006-11-07,53.17
2006-11-08,52.6
2006-11-09,52.78
2006-11-10,52.84
2006-11-13,52.91
2006-11-14,52.98
2006-11-15,52.98
2006-11-16,52.82
2006-11-17,52.78
2006-11-20,52.72
2006-11-21,52.93
2006-11-22,52.72
2006-11-23,52.72
2006-11-24,52.12
2006-11-27,52.2
2006-11-28,52.84
2006-11-29,52.86
2006-11-30,52.72
2006-12-01,52.97
2006-12-04,53.22
2006-12-05,53.28
2006-12-06,53.38
2006-12-07,53.38
2006-12-08,52.93
2006-12-11,52.78
2006-12-12,52.485
2006-12-13,52.19
2006-12-14,52.3
2006-12-15,52.3
2006-12-18,52.266666666666666
2006-12-19,52.233333333333334
2006-12-20,52.2
2006-12-21,52.06
2006-12-22,52.19
2006-12-27,52.32
2006-12-28,53.01
2006-12-29,53.25
2007-01-02,53.29
2007-01-03,53.67
2007-01-04,53.92
2007-01-05,53.94
2007-01-08,53.4
2007-01-09,52.86
2007-01-10,52.35
2007-01-11,51.82
2007-01-12,51.84
2007-01-15,51.75
2007-01-16,51.19
2007-01-17,51.0
2007-01-18,51.39
2007-01-19,51.63
2007-01-22,51.77
2007-01-23,51.44
2007-01-24,51.44
2007-01-25,50.54
2007-01-26,50.52
2007-01-29,50.55
2007-01-30,50.12
2007-01-31,50.12
2007-02-01,50.14
2007-02-02,49.62
2007-02-05,49.32
2007-02-06,49.39
2007-02-07,49.37
2007-02-08,48.27
2007-02-09,46.85
2007-02-12,47.65
2007-02-13,47.62
2007-02-14,47.45
2007-02-15,46.76
2007-02-16,46.76
2007-02-19,46.05
2007-02-20,45.76
2007-02-21,45.32
2007-02-22,44.75
2007-02-23,44.75
2007-02-26,45.2
2007-02-27,46.15
2007-02-28,49.58
2007-03-01,50.17
2007-03-02,50.3
2007-03-05,52.94
2007-03-06,51.26
2007-03-07,50.52
2007-03-08,48.6
2007-03-09,44.81
2007-03-12,45.07
2007-03-13,45.96
2007-03-14,47.91
2007-03-15,46.33
2007-03-16,45.73
2007-03-19,45.41
2007-03-20,45.41
2007-03-21,45.51
2007-03-22,45.51
2007-03-23,45.55
2007-03-26,45.29
2007-03-27,45.29
2007-03-28,45.54
2007-03-29,45.22
2007-03-30,45.16
2007-04-02,45.17
2007-04-03,45.28
2007-04-04,45.28
2007-04-05,45.28
2007-04-10,45.28
2007-04-11,45.4
2007-04-12,44.65
2007-04-13,45.39
2007-04-16,45.94
2007-04-17,45.92
2007-04-18,46.0
2007-04-19,46.65
2007-04-20,47.12
2007-04-23,48.08
2007-04-24,47.76
2007-04-25,47.48
2007-04-26,47.56
2007-04-27,47.62
2007-04-30,47.63
2007-05-02,47.24
2007-05-03,47.37
2007-05-04,46.51
2007-05-07,46.72
2007-05-08,46.93
2007-05-09,46.82
2007-05-10,46.72
2007-05-11,46.74
2007-05-14,47.23
2007-05-15,47.23
2007-05-16,47.48
2007-05-17,47.86
2007-05-18,47.77
2007-05-21,47.74
2007-05-22,47.05
2007-05-23,46.48
2007-05-24,46.7
2007-05-25,46.49
2007-05-29,46.71
2007-05-30,47.75
2007-05-31,48.01
2007-06-01,48.04
2007-06-04,48.63
2007-06-05,48.94
2007-06-06,49.53
2007-06-07,51.07
2007-06-08,54.85
2007-06-11,53.55
2007-06-12,54.55
2007-06-13,57.16
2007-06-14,56.31
2007-06-15,56.23
2007-06-18,55.49
2007-06-19,56.33
2007-06-20,56.33
2007-06-21,59.97
2007-06-22,59.75
2007-06-25,59.7
2007-06-26,58.97
2007-06-27,59.65
2007-06-28,60.25
2007-06-29,59.76
2007-07-02,59.87
2007-07-03,59.5
2007-07-04,59.5
2007-07-05,59.85
2007-07-06,59.69
2007-07-09,60.47
2007-07-10,59.92
2007-07-11,60.17
2007-07-12,59.67
2007-07-13,59.16
2007-07-16,59.39
2007-07-17,59.79
2007-07-18,60.43
2007-07-19,59.8
2007-07-20,59.76
2007-07-23,61.53
2007-07-24,59.73
2007-07-25,59.73
2007-07-26,61.34
2007-07-27,63.61
2007-07-30,65.07
2007-07-31,63.84
2007-08-01,64.71
2007-08-02,62.98
2007-08-03,61.42
2007-08-06,62.8
2007-08-07,63.45
2007-08-08,62.6
2007-08-09,65.29
2007-08-10,69.65
2007-08-13,69.12
2007-08-14,68.39
2007-08-15,71.29
2007-08-16,76.21
2007-08-17,75.38
2007-08-20,73.98
2007-08-21,73.56
2007-08-22,71.34
2007-08-23,73.24
2007-08-24,71.74
2007-08-28,72.44
2007-08-29,70.84
2007-08-30,70.56
2007-08-31,70.48
2007-09-03,70.3
2007-09-04,71.09
2007-09-05,70.75
2007-09-06,68.9
2007-09-07,68.27
2007-09-10,68.83
2007-09-11,68.87
2007-09-12,68.35
2007-09-13,68.27
2007-09-14,68.87
2007-09-17,69.64
2007-09-18,69.69
2007-09-19,68.89
2007-09-20,68.38
2007-09-21,68.2
2007-09-24,66.89
2007-09-25,67.45
2007-09-26,67.64
2007-09-27,67.86
2007-09-28,68.04
2007-10-01,67.49
2007-10-02,67.26
2007-10-03,66.03
2007-10-04,64.76
2007-10-05,64.06
2007-10-08,63.54
2007-10-09,61.44
2007-10-10,60.46
2007-10-11,59.59
2007-10-12,58.82
2007-10-15,59.38
2007-10-16,60.46
2007-10-17,60.09
2007-10-18,61.19
2007-10-19,59.87
2007-10-22,60.88
2007-10-23,61.74
2007-10-24,62.36
2007-10-25,64.26
2007-10-26,62.57
2007-10-29,62.17
2007-10-30,62.52
2007-10-31,63.03
2007-11-01,64.13
2007-11-02,64.62
2007-11-05,66.25
2007-11-06,65.04
2007-11-07,65.02
2007-11-08,65.61
2007-11-09,64.62
2007-11-12,65.96
2007-11-13,65.56
2007-11-14,64.7
2007-11-15,63.63
2007-11-16,62.94
2007-11-19,63.73
2007-11-20,64.65
2007-11-21,65.27
2007-11-22,66.03
2007-11-23,65.43
2007-11-26,65.75
2007-11-27,66.13
2007-11-28,66.5
2007-11-29,67.1
2007-11-30,67.33
2007-12-03,68.58
2007-12-04,68.95
2007-12-05,68.68
2007-12-06,68.21
2007-12-07,66.96
2007-12-10,67.62
2007-12-11,67.99
2007-12-12,67.68
2007-12-13,67.61
2007-12-14,67.05
2007-12-17,67.27
2007-12-18,67.79
2007-12-19,68.0
2007-12-20,68.0
2007-12-21,66.9
2007-12-27,68.45
2007-12-28,68.56
2007-12-31,68.45
2008-01-02,69.55
2008-01-03,70.29
2008-01-04,70.28
2008-01-07,70.51
2008-01-08,69.94
2008-01-09,69.68
2008-01-10,67.07
2008-01-11,65.85
2008-01-14,66.42
2008-01-15,66.42
2008-01-16,67.57
2008-01-17,68.24
2008-01-18,69.22
2008-01-21,74.08
2008-01-22,75.56
2008-01-23,80.4
2008-01-24,79.46
2008-01-25,78.24
2008-01-28,80.5
2008-01-29,77.34
2008-01-30,76.25
2008-01-31,77.83
2008-02-01,77.3
2008-02-04,76.62
2008-02-05,77.73
2008-02-06,77.99
2008-02-07,78.5
2008-02-08,78.1
2008-02-11,80.04
2008-02-12,78.93
2008-02-13,80.02
2008-02-14,80.27
2008-02-15,80.41
2008-02-18,80.13
2008-02-19,79.7
2008-02-20,79.7
2008-02-21,78.59
2008-02-22,79.35
2008-02-25,79.0
2008-02-26,78.58
2008-02-27,78.0
2008-02-28,77.95
2008-02-29,79.49
2008-03-03,79.01
2008-03-04,77.68
2008-03-05,77.04
2008-03-06,78.59
2008-03-07,79.46
2008-03-10,81.08
2008-03-11,80.57
2008-03-12,79.26
2008-03-13,80.63
2008-03-14,80.25
2008-03-17,83.26
2008-03-18,81.13
2008-03-19,78.54
2008-03-20,78.35
2008-03-25,78.18
2008-03-26,77.82
2008-03-27,76.03
2008-03-28,75.37
2008-03-31,75.91
2008-04-01,73.77
2008-04-02,70.72
2008-04-03,71.53
2008-04-04,71.68
2008-04-07,71.57
2008-04-08,70.83
2008-04-09,70.5
2008-04-10,70.18
2008-04-11,70.7
2008-04-14,70.82
2008-04-15,70.82
2008-04-16,70.03
2008-04-17,70.24
2008-04-18,71.44
2008-04-21,70.16
2008-04-22,70.13
2008-04-23,69.79
2008-04-24,70.295
2008-04-25,70.8
2008-04-28,70.82
2008-04-29,71.26
2008-04-30,71.18
2008-05-02,69.74
2008-05-05,70.215
2008-05-06,70.69
2008-05-07,70.52
2008-05-08,70.52
2008-05-09,69.75
2008-05-12,70.35
2008-05-13,70.08
2008-05-14,70.91
2008-05-15,72.17
2008-05-16,72.28
2008-05-19,73.87
2008-05-20,71.83
2008-05-21,71.94
2008-05-22,72.18
2008-05-23,71.96
2008-05-26,72.28
2008-05-27,72.6
2008-05-28,73.39
2008-05-29,74.17
2008-05-30,75.12
2008-06-02,75.88
2008-06-03,76.44
2008-06-04,78.79
2008-06-05,81.68
2008-06-06,98.53
2008-06-09,106.08
2008-06-10,106.95
2008-06-11,103.69
2008-06-12,106.13
2008-06-13,105.96
2008-06-16,108.0
2008-06-17,108.36
2008-06-18,105.23
2008-06-19,103.16
2008-06-20,101.19
2008-06-23,101.42
2008-06-24,100.41
2008-06-25,95.98
2008-06-26,93.35
2008-06-27,91.57
2008-06-30,94.97
2008-07-01,96.61
2008-07-02,97.65
2008-07-03,94.17
2008-07-04,91.77
2008-07-07,92.97
2008-07-08,93.01
2008-07-09,91.6
2008-07-10,90.8
2008-07-11,90.99
2008-07-14,91.93
2008-07-15,92.51
2008-07-16,92.33
2008-07-17,90.64
2008-07-18,90.44
2008-07-21,93.07
2008-07-22,95.26
2008-07-23,97.19
2008-07-24,97.55
2008-07-25,94.49
2008-07-28,95.32
2008-07-29,94.72
2008-07-30,92.93
2008-07-31,91.49
2008-08-01,87.62
2008-08-04,86.14
2008-08-05,84.53
2008-08-06,82.97
2008-08-07,80.53
2008-08-08,78.24
2008-08-11,78.88
2008-08-12,78.51
2008-08-13,78.95
2008-08-14,78.66
2008-08-15,78.45
2008-08-18,79.27
2008-08-19,80.52
2008-08-20,81.26
2008-08-21,81.82
2008-08-22,82.97
2008-08-25,83.28
2008-08-26,83.59
2008-08-27,85.11
2008-08-28,87.41
2008-08-29,87.64
2008-09-01,87.44
2008-09-02,86.3
2008-09-03,87.37
2008-09-04,86.04
2008-09-05,86.92
2008-09-08,86.77
2008-09-09,86.25
2008-09-10,87.7
2008-09-11,87.1
2008-09-12,87.1
2008-09-15,96.99
2008-09-16,102.42
2008-09-17,104.08
2008-09-18,105.74
2008-09-19,96.36
2008-09-22,95.06
2008-09-23,97.57
2008-09-24,99.1
2008-09-25,96.59
2008-09-26,100.71
2008-09-29,106.29
2008-09-30,110.2
2008-10-01,112.33
2008-10-02,116.66
2008-10-03,119.65
2008-10-06,124.97
2008-10-07,125.71
2008-10-08,145.94
2008-10-09,150.16
2008-10-10,157.01
2008-10-13,153.06
2008-10-14,136.55
2008-10-15,129.13
2008-10-16,131.91
2008-10-17,130.87
2008-10-20,129.1
2008-10-21,119.64
2008-10-22,121.77
2008-10-23,128.5
2008-10-24,132.86
2008-10-27,136.58
2008-10-28,134.82
2008-10-29,135.14
2008-10-30,134.39
2008-10-31,135.85
2008-11-03,136.54
2008-11-04,136.69
2008-11-05,137.57
2008-11-06,135.27
2008-11-07,131.51
2008-11-10,130.6
2008-11-11,128.61
2008-11-12,127.08
2008-11-13,126.56
2008-11-14,125.97
2008-11-17,125.85
2008-11-18,125.36
2008-11-19,123.62
2008-11-20,126.86
2008-11-21,133.34
2008-11-24,137.47
2008-11-25,139.64
2008-11-26,141.09
2008-11-27,145.56
2008-11-28,145.56
2008-12-01,148.3
2008-12-02,153.04
2008-12-03,161.25
2008-12-04,164.9
2008-12-05,167.75
2008-12-08,179.1
2008-12-09,174.85
2008-12-10,174.44
2008-12-11,170.46
2008-12-12,168.97
2008-12-15,172.64
2008-12-16,173.41
2008-12-17,177.11
2008-12-18,175.68
2008-12-19,175.67
2008-12-22,176.34
2008-12-23,176.79
2008-12-29,178.68
2008-12-30,179.08
2008-12-31,179.08
2009-01-02,180.31
2009-01-05,174.14
2009-01-06,166.82
2009-01-07,155.69
2009-01-08,149.96
2009-01-09,147.215
2009-01-12,144.47
2009-01-13,134.5
2009-01-14,126.42
2009-01-15,124.05
2009-01-16,127.34
2009-01-19,125.08
2009-01-20,129.11
2009-01-21,128.51
2009-01-22,127.47
2009-01-23,126.4
2009-01-26,125.55
2009-01-27,135.53
2009-01-28,135.47
2009-01-29,141.74
2009-01-30,144.99
2009-02-02,144.76
2009-02-03,144.75
2009-02-04,145.29
2009-02-05,142.85
2009-02-06,137.18
2009-02-09,136.55
2009-02-10,133.94
2009-02-11,132.09
2009-02-12,130.5
2009-02-13,128.31
2009-02-16,129.49
2009-02-17,130.78
2009-02-18,132.85
2009-02-19,132.58
2009-02-20,134.87
2009-02-23,134.3
2009-02-24,134.41
2009-02-25,135.62
2009-02-26,135.39
2009-02-27,135.28
2009-03-02,136.91
2009-03-03,134.97
2009-03-04,128.26
2009-03-05,126.66
2009-03-06,125.86
2009-03-09,128.85
2009-03-10,128.44
2009-03-11,128.18
2009-03-12,129.35
2009-03-13,127.11
2009-03-16,123.55
2009-03-17,119.98
2009-03-18,116.84
2009-03-19,115.87
2009-03-20,113.98
2009-03-23,113.26
2009-03-24,112.4
2009-03-25,112.4
2009-03-26,109.58
2009-03-27,107.78
2009-03-30,107.8
2009-03-31,106.63
2009-04-01,106.63
2009-04-02,102.72
2009-04-03,102.04
2009-04-06,102.42
2009-04-07,100.37
2009-04-08,101.57
2009-04-09,102.4
2009-04-14,101.38
2009-04-15,96.83
2009-04-16,94.39
2009-04-17,93.77
2009-04-20,94.92
2009-04-21,97.21
2009-04-22,97.18
2009-04-23,98.06
2009-04-24,100.67
2009-04-27,100.88
2009-04-28,101.26
2009-04-29,102.83
2009-04-30,101.68
2009-05-04,101.75
2009-05-05,101.11
2009-05-06,101.54
2009-05-07,101.07
2009-05-08,101.42
2009-05-11,102.94
2009-05-12,103.29
2009-05-13,101.85
2009-05-14,102.18
2009-05-15,100.17
2009-05-18,100.66
2009-05-19,101.47333333333333
2009-05-20,102.28666666666666
2009-05-21,103.1
2009-05-22,103.14
2009-05-25,104.995
2009-05-26,106.85
2009-05-27,109.52
2009-05-28,111.89
2009-05-29,111.63
2009-06-01,112.09
2009-06-02,115.89
2009-06-03,113.97
2009-06-04,110.23
2009-06-05,112.06
2009-06-08,116.57
2009-06-09,117.91
2009-06-10,117.36
2009-06-11,114.86
2009-06-12,111.64
2009-06-15,110.97
2009-06-16,110.14
2009-06-17,109.65
2009-06-18,106.59
2009-06-19,105.09
2009-06-22,105.03
2009-06-23,103.62
2009-06-24,102.91
2009-06-25,99.44
2009-06-26,97.84
2009-06-29,99.06
2009-06-30,97.31
2009-07-01,94.75
2009-07-02,93.03999999999999
2009-07-03,91.33
2009-07-06,91.28
2009-07-07,93.92
2009-07-08,93.42
2009-07-09,92.405
2009-07-10,91.39
2009-07-13,93.04
2009-07-14,89.6
2009-07-15,90.58
2009-07-16,91.41
2009-07-17,90.7
2009-07-20,91.44
2009-07-21,90.54
2009-07-22,89.85
2009-07-23,88.81
2009-07-24,87.83
2009-07-27,88.72
2009-07-28,88.29
2009-07-29,88.15
2009-07-30,89.31
2009-07-31,89.74
2009-08-03,89.83
2009-08-04,89.67
2009-08-05,91.3
2009-08-06,93.54
2009-08-07,95.24
2009-08-10,96.955
2009-08-11,98.67
2009-08-12,98.59
2009-08-13,98.9
2009-08-14,96.8
2009-08-17,98.5
2009-08-18,98.48
2009-08-19,96.79
2009-08-20,94.29
2009-08-21,93.5
2009-08-24,92.71
2009-08-25,91.28
2009-08-26,91.89
2009-08-27,92.16
2009-08-28,90.33
2009-08-31,90.33
2009-09-01,90.13
2009-09-02,90.2
2009-09-03,90.36
2009-09-04,89.31
2009-09-07,88.54
2009-09-08,87.81
2009-09-09,85.74
2009-09-10,87.34
2009-09-11,88.42
2009-09-14,88.6
2009-09-15,89.8
2009-09-16,90.3
2009-09-17,91.8
2009-09-18,93.28
2009-09-21,93.36
2009-09-22,93.565
2009-09-23,93.77
2009-09-24,94.2
2009-09-25,92.61
2009-09-28,93.3
2009-09-29,92.985
2009-09-30,92.67
2009-10-01,90.99
2009-10-02,89.31
2009-10-05,87.63
2009-10-06,86.98
2009-10-07,84.2
2009-10-08,84.72
2009-10-09,85.91
2009-10-12,86.33
2009-10-13,86.6
2009-10-14,86.06
2009-10-15,86.97
2009-10-16,87.14
2009-10-19,87.91
2009-10-20,87.75
2009-10-21,87.3
2009-10-22,87.15
2009-10-23,86.22
2009-10-26,86.64
2009-10-27,86.15
2009-10-28,86.29
2009-10-29,86.24
2009-10-30,86.23
2009-11-02,85.51
2009-11-03,85.67
2009-11-04,86.31
2009-11-05,85.95
2009-11-06,82.28
2009-11-09,82.62
2009-11-10,81.27
2009-11-11,79.8
2009-11-12,79.41
2009-11-13,77.73
2009-11-16,77.79
2009-11-17,78.91
2009-11-18,78.98
2009-11-19,80.29
2009-11-20,80.7
2009-11-23,82.01
2009-11-24,81.02
2009-11-25,82.59
2009-11-26,85.37
2009-11-27,85.22
2009-11-30,85.93
2009-12-01,84.36
2009-12-02,87.79
2009-12-03,86.82
2009-12-04,84.21
2009-12-07,84.11
2009-12-08,83.62
2009-12-09,82.91
2009-12-10,82.53
2009-12-11,81.05
2009-12-14,80.76
2009-12-15,79.96
2009-12-16,80.61
2009-12-17,80.11
2009-12-18,80.09
2009-12-21,78.92
2009-12-22,78.51
2009-12-23,78.54
2009-12-28,79.03
2009-12-29,79.52
2009-12-30,79.9
2009-12-31,79.98
2010-01-04,80.14
2010-01-05,80.73
2010-01-06,78.81
2010-01-07,77.69
2010-01-08,75.05
2010-01-11,74.67
2010-01-12,73.93
2010-01-13,73.01
2010-01-14,72.55
2010-01-15,72.29
2010-01-18,72.3
2010-01-19,71.87
2010-01-20,71.61
2010-01-21,72.47
2010-01-22,72.19
2010-01-25,74.85
2010-01-26,73.405
2010-01-27,71.96
2010-01-28,71.98
2010-01-29,71.51
2010-02-01,71.28
2010-02-02,71.07
2010-02-03,69.61
2010-02-04,69.67
2010-02-05,77.01
2010-02-08,85.72
2010-02-09,78.9
2010-02-10,78.04
2010-02-11,76.17
2010-02-12,74.06
2010-02-15,74.09
2010-02-16,71.93
2010-02-17,71.52000000000001
2010-02-18,71.11
2010-02-19,70.7
2010-02-22,70.88
2010-02-23,70.38
2010-02-24,71.04
2010-02-25,70.83
2010-02-26,70.43
2010-03-01,70.55
2010-03-02,69.6
2010-03-03,69.28
2010-03-04,68.96
2010-03-05,66.97
2010-03-08,67.04
2010-03-09,65.08
2010-03-10,64.56
2010-03-11,64.84
2010-03-12,63.81
2010-03-15,63.75
2010-03-16,62.42
2010-03-17,61.63
2010-03-18,61.56
2010-03-19,60.84
2010-03-22,61.34
2010-03-23,61.34
2010-03-24,62.95
2010-03-25,63.55
2010-03-26,62.78
2010-03-29,63.03
2010-03-30,61.91
2010-03-31,60.46
2010-04-01,59.72
2010-04-06,60.9
2010-04-07,60.9
2010-04-08,61.39
2010-04-09,61.27
2010-04-12,59.92
2010-04-13,59.69
2010-04-14,59.03
2010-04-15,59.17
2010-04-16,58.26
2010-04-19,59.79
2010-04-20,58.61
2010-04-21,59.05
2010-04-22,62.93
2010-04-23,63.73
2010-04-26,66.2
2010-04-27,67.97
2010-04-28,75.15
2010-04-29,70.88
2010-04-30,73.52
2010-05-03,73.38
2010-05-04,76.32
2010-05-05,86.58
2010-05-06,89.73
2010-05-07,96.01
2010-05-10,85.86
2010-05-11,85.24
2010-05-12,79.59
2010-05-13,78.08
2010-05-14,82.55
2010-05-17,83.86
2010-05-18,83.12
2010-05-19,86.99
2010-05-20,90.13
2010-05-21,90.12
2010-05-24,90.11
2010-05-25,94.0
2010-05-26,90.01
2010-05-27,89.61
2010-05-28,88.39
2010-05-31,88.425
2010-06-01,88.46
2010-06-02,88.6
2010-06-03,87.13
2010-06-04,81.85
2010-06-07,83.11
2010-06-08,83.06
2010-06-09,80.03
2010-06-10,79.51
2010-06-11,77.51
2010-06-14,77.46
2010-06-15,75.99
2010-06-16,74.85
2010-06-17,74.02
2010-06-18,72.85
2010-06-21,73.27
2010-06-22,74.25
2010-06-23,75.23
2010-06-24,74.97
2010-06-25,73.9
2010-06-28,74.76
2010-06-29,74.76
2010-06-30,73.52
2010-07-01,74.02
2010-07-02,72.31
2010-07-05,71.82
2010-07-06,71.52
2010-07-07,71.15
2010-07-08,70.09
2010-07-09,67.7
2010-07-12,69.47
2010-07-13,69.62
2010-07-14,69.42
2010-07-15,69.21
2010-07-16,68.79
2010-07-19,69.16
2010-07-20,69.79
2010-07-21,69.06
2010-07-22,68.7
2010-07-23,68.69
2010-07-26,69.59
2010-07-27,69.6
2010-07-28,69.64
2010-07-29,69.01
2010-07-30,69.79
2010-08-02,69.44
2010-08-03,69.09
2010-08-04,69.96
2010-08-05,69.94
2010-08-06,68.38
2010-08-09,68.38
2010-08-10,68.72
2010-08-11,69.36
2010-08-12,69.28
2010-08-13,70.29
2010-08-16,74.53
2010-08-17,75.02
2010-08-18,74.89
2010-08-19,74.93
2010-08-20,76.15
2010-08-23,77.07
2010-08-24,77.73
2010-08-25,82.02
2010-08-26,83.27
2010-08-27,84.71
2010-08-30,85.32
2010-08-31,87.32
2010-09-01,86.19
2010-09-02,87.24
2010-09-03,87.26
2010-09-06,85.55
2010-09-07,85.37
2010-09-08,85.78
2010-09-09,85.76
2010-09-10,86.17
2010-09-13,87.44
2010-09-14,88.71
2010-09-15,87.94
2010-09-16,89.35666666666667
2010-09-17,90.77333333333333
2010-09-20,92.19
2010-09-21,88.3
2010-09-22,88.43
2010-09-23,85.91
2010-09-24,86.18
2010-09-27,85.22
2010-09-28,85.61
2010-09-29,84.26
2010-09-30,85.46
2010-10-01,84.54
2010-10-04,85.51
2010-10-05,82.28
2010-10-06,81.63
2010-10-07,80.48
2010-10-08,78.82
2010-10-11,77.66
2010-10-12,77.72
2010-10-13,78.47
2010-10-14,78.12
2010-10-15,77.01
2010-10-18,77.73
2010-10-19,79.78
2010-10-20,80.55
2010-10-21,81.36
2010-10-22,81.0
2010-10-25,81.51
2010-10-26,82.5
2010-10-27,82.89
2010-10-28,83.18
2010-10-29,82.46
2010-11-01,84.05
2010-11-02,86.27
2010-11-03,85.41
2010-11-04,83.24
2010-11-05,80.06
2010-11-08,81.63
2010-11-09,81.04
2010-11-10,82.08
2010-11-11,82.42
2010-11-12,82.29
2010-11-15,82.6
2010-11-16,82.0
2010-11-17,82.52
2010-11-18,83.36
2010-11-19,85.53
2010-11-22,85.46
2010-11-23,86.91
2010-11-24,89.6
2010-11-25,89.07
2010-11-26,89.73
2010-11-29,90.83
2010-11-30,92.47
2010-12-01,92.97
2010-12-02,93.74
2010-12-03,92.26
2010-12-06,91.79
2010-12-07,91.51
2010-12-08,90.85
2010-12-09,90.83
2010-12-10,92.67
2010-12-13,93.27
2010-12-14,92.94
2010-12-15,93.1
2010-12-16,92.21
2010-12-17,91.32
2010-12-20,90.66
2010-12-21,90.09
2010-12-22,90.09
2010-12-23,90.1
2010-12-27,90.43
2010-12-28,90.5
2010-12-29,90.7
2010-12-30,90.34
2010-12-31,90.32
2011-01-03,90.88
2011-01-04,88.45
2011-01-05,88.77
2011-01-06,87.48
2011-01-07,86.11
2011-01-10,84.5
2011-01-11,83.53
2011-01-12,82.53
2011-01-13,84.68
2011-01-14,85.02
2011-01-17,86.48
2011-01-18,86.79
2011-01-19,87.21
2011-01-20,90.35
2011-01-21,88.58
2011-01-24,86.87
2011-01-25,85.68
2011-01-26,86.33
2011-01-27,85.5
2011-01-28,85.84
2011-01-31,87.07
2011-02-01,88.3
2011-02-02,87.08
2011-02-03,86.79
2011-02-04,83.04
2011-02-07,84.17
2011-02-08,84.85
2011-02-09,85.0
2011-02-10,84.25
2011-02-11,83.23
2011-02-14,81.7
2011-02-15,81.47
2011-02-16,81.77
2011-02-17,83.37
2011-02-18,84.11
2011-02-21,85.06
2011-02-22,86.01
2011-02-23,86.39
2011-02-24,86.66
2011-02-25,85.44
2011-02-28,83.93
2011-03-01,82.85
2011-03-02,81.63
2011-03-03,79.32
2011-03-04,77.54
2011-03-07,77.88
2011-03-08,79.39
2011-03-09,79.4
2011-03-10,81.56
2011-03-11,82.41
2011-03-14,83.58
2011-03-15,90.79
2011-03-16,88.78
2011-03-17,88.57
2011-03-18,86.34
2011-03-21,85.05
2011-03-22,83.34
2011-03-23,84.22
2011-03-24,83.52
2011-03-25,80.55
2011-03-28,80.25
2011-03-29,79.82
2011-03-30,79.82
2011-03-31,79.7
2011-04-01,79.67
2011-04-04,79.17
2011-04-05,76.88
2011-04-06,76.87
2011-04-07,74.86
2011-04-08,74.74
2011-04-11,76.01
2011-04-12,77.16
2011-04-13,76.82
2011-04-14,76.96
2011-04-15,77.34
2011-04-18,79.03
2011-04-19,80.5
2011-04-20,80.88
2011-04-21,82.23
2011-04-26,81.63
2011-04-27,82.4
2011-04-28,81.67
2011-04-29,81.42333333333333
2011-05-02,81.17666666666668
2011-05-03,80.93
2011-05-04,82.67
2011-05-05,79.82
2011-05-06,78.08
2011-05-09,80.3
2011-05-10,80.27
2011-05-11,81.0
2011-05-12,82.18
2011-05-13,81.43
2011-05-16,82.77
2011-05-17,82.04
2011-05-18,82.25
2011-05-19,81.22
2011-05-20,80.47
2011-05-23,82.93
2011-05-24,83.19
2011-05-25,87.91
2011-05-26,87.83
2011-05-27,87.91
2011-05-30,88.5
2011-05-31,86.79
2011-06-01,84.8
2011-06-02,84.0
2011-06-03,79.1
2011-06-06,79.35
2011-06-07,80.06
2011-06-08,79.71
2011-06-09,79.69
2011-06-10,79.14
2011-06-13,80.16
2011-06-14,81.16
2011-06-15,81.15
2011-06-16,83.07
2011-06-17,80.74
2011-06-20,82.12
2011-06-21,81.61
2011-06-22,81.49
2011-06-23,81.55
2011-06-24,82.09
2011-06-27,83.32
2011-06-28,84.02
2011-06-29,82.76
2011-06-30,81.9
2011-07-01,80.31
2011-07-04,79.61
2011-07-05,80.26
2011-07-06,81.74
2011-07-07,81.23
2011-07-08,81.32
2011-07-11,91.41
2011-07-12,97.86
2011-07-13,98.04
2011-07-14,98.63
2011-07-15,101.35
2011-07-18,102.46
2011-07-19,100.98
2011-07-20,101.07
2011-07-21,99.95
2011-07-22,97.38
2011-07-25,98.36
2011-07-26,98.12
2011-07-27,98.54
2011-07-28,99.1
2011-07-29,98.0
2011-08-01,98.73
2011-08-02,99.29
2011-08-03,100.39
2011-08-04,99.49
2011-08-05,102.39
2011-08-08,111.09
2011-08-09,115.64
2011-08-10,118.6
2011-08-11,119.65
2011-08-12,119.76
2011-08-15,119.99
2011-08-16,120.09
2011-08-17,116.84
2011-08-18,117.74
2011-08-19,116.95
2011-08-22,118.56
2011-08-23,120.42
2011-08-24,121.87
2011-08-25,122.49
2011-08-26,121.42
2011-08-29,122.45
2011-08-30,121.61
2011-08-31,121.54
2011-09-01,120.72
2011-09-02,121.17
2011-09-05,123.42
2011-09-06,124.87
2011-09-07,126.51
2011-09-08,124.58
2011-09-09,121.11
2011-09-12,123.14
2011-09-13,123.98
2011-09-14,121.31
2011-09-15,120.47
2011-09-16,120.97
2011-09-19,122.47
2011-09-20,121.97
2011-09-21,120.66
2011-09-22,122.76
2011-09-23,119.15
2011-09-26,113.47
2011-09-27,111.7
2011-09-28,112.22
2011-09-29,111.89
2011-09-30,110.57
2011-10-03,110.9
2011-10-04,114.48
2011-10-05,113.67
2011-10-06,113.18
2011-10-07,109.06
2011-10-10,107.91
2011-10-11,108.48
2011-10-12,106.64
2011-10-13,106.59
2011-10-14,106.03
2011-10-17,110.02
2011-10-18,110.52
2011-10-19,110.07
2011-10-20,110.09
2011-10-21,110.4
2011-10-24,111.3
2011-10-25,110.92
2011-10-26,110.25
2011-10-27,108.33
2011-10-28,107.4
2011-10-31,109.15
2011-11-01,115.33
2011-11-02,114.08
2011-11-03,111.17
2011-11-04,108.9
2011-11-07,108.95
2011-11-08,110.52
2011-11-09,113.86
2011-11-10,113.18
2011-11-11,110.8
2011-11-14,112.88
2011-11-15,114.16
2011-11-16,114.46
2011-11-17,120.06
2011-11-18,119.29
2011-11-21,121.17
2011-11-22,119.62
2011-11-23,115.11
2011-11-24,114.72
2011-11-25,114.49
2011-11-28,116.07
2011-11-29,116.13
2011-11-30,114.08
2011-12-01,112.23
2011-12-02,111.38
2011-12-05,111.7
2011-12-06,109.28
2011-12-07,109.21
2011-12-08,105.27
2011-12-09,104.81
2011-12-12,104.53
2011-12-13,106.07
2011-12-14,106.41
2011-12-15,104.12
2011-12-16,99.96
2011-12-19,99.31
2011-12-20,99.39
2011-12-21,98.44
2011-12-22,95.53
2011-12-23,95.69
2011-12-27,96.16
2011-12-28,96.17
2011-12-29,94.7
2011-12-30,94.64
2012-01-02,94.54
2012-01-03,90.55
2012-01-04,87.82
2012-01-05,88.52
2012-01-06,84.54
2012-01-09,82.25
2012-01-10,80.27
2012-01-11,81.22
2012-01-12,79.58
2012-01-13,78.18
2012-01-16,78.21
2012-01-17,77.85
2012-01-18,74.25
2012-01-19,74.78
2012-01-20,76.15
2012-01-23,76.08
2012-01-24,76.08
2012-01-25,76.22
2012-01-26,75.46
2012-01-27,75.68
2012-01-30,75.33
2012-01-31,75.86
2012-02-01,76.1
2012-02-02,75.24
2012-02-03,74.99
2012-02-06,78.06
2012-02-07,78.0
2012-02-08,77.46
2012-02-09,75.78
2012-02-10,76.2
2012-02-13,76.19
2012-02-14,76.49
2012-02-15,76.36
2012-02-16,77.09
2012-02-17,76.67
2012-02-20,76.41
2012-02-21,76.67
2012-02-22,75.34
2012-02-23,75.31
2012-02-24,73.07
2012-02-27,72.4
2012-02-28,72.35
2012-02-29,70.95
2012-03-01,68.42
2012-03-02,67.51
2012-03-05,67.47
2012-03-06,65.87
2012-03-07,66.24
2012-03-08,65.44
2012-03-09,63.69
2012-03-12,62.93
2012-03-13,60.87
2012-03-14,63.01
2012-03-15,65.58
2012-03-16,70.04
2012-03-19,70.5
2012-03-20,70.71
2012-03-21,68.71
2012-03-22,68.6
2012-03-23,68.35
2012-03-26,69.02
2012-03-27,69.8
2012-03-28,68.47
2012-03-29,67.07
2012-03-30,67.07
2012-04-02,66.78
2012-04-03,66.96
2012-04-04,66.45
2012-04-05,67.05
2012-04-10,67.89
2012-04-11,67.71
2012-04-12,66.57
2012-04-13,66.88
2012-04-16,66.54
2012-04-17,65.85
2012-04-18,65.42
2012-04-19,63.83
2012-04-20,63.42
2012-04-23,62.3
2012-04-24,62.43
2012-04-25,61.85
2012-04-26,60.88
2012-04-27,59.59
2012-04-30,58.92
2012-05-02,60.08
2012-05-03,60.02
2012-05-04,56.32
2012-05-07,56.37
2012-05-08,57.52
2012-05-09,60.73
2012-05-10,62.08
2012-05-11,67.9
2012-05-14,78.51
2012-05-15,74.5
2012-05-16,73.87
2012-05-17,73.23
2012-05-18,74.69
2012-05-21,76.14
2012-05-22,73.25
2012-05-23,77.78
2012-05-24,78.48
2012-05-25,77.13
2012-05-28,76.93
2012-05-29,76.8
2012-05-30,77.9
2012-05-31,77.56
2012-06-01,80.45
2012-06-04,80.93
2012-06-05,81.01
2012-06-06,81.77
2012-06-07,83.68
2012-06-08,84.24
2012-06-11,84.46
2012-06-12,84.39
2012-06-13,89.77
2012-06-14,91.75
2012-06-15,95.14
2012-06-18,93.02
2012-06-19,92.18
2012-06-20,88.72
2012-06-21,86.0
2012-06-22,84.82
2012-06-25,83.97
2012-06-26,80.21
2012-06-27,79.56
2012-06-28,79.32
2012-06-29,80.28
2012-07-02,79.31
2012-07-03,76.35
2012-07-04,75.52
2012-07-05,70.02
2012-07-06,68.56
2012-07-09,68.32
2012-07-10,64.52
2012-07-11,64.45
2012-07-12,62.1
2012-07-13,59.85
2012-07-16,61.98
2012-07-17,63.16
2012-07-18,63.68
2012-07-19,64.34
2012-07-20,63.76
2012-07-23,67.01
2012-07-24,68.92
2012-07-25,70.48
2012-07-26,72.67
2012-07-27,70.61
2012-07-30,74.17
2012-07-31,77.57
2012-08-01,78.24
2012-08-02,75.71
2012-08-03,75.98
2012-08-06,76.43
2012-08-07,78.33
2012-08-08,79.43
2012-08-09,77.99
2012-08-10,74.67
2012-08-13,75.5
2012-08-14,74.7
2012-08-15,73.9
2012-08-16,73.94
2012-08-17,73.71
2012-08-20,75.41
2012-08-21,74.98
2012-08-22,75.97
2012-08-23,76.25
2012-08-24,75.48
2012-08-27,76.22
2012-08-28,75.46
2012-08-29,74.61
2012-08-30,73.19
2012-08-31,71.23
2012-09-03,69.26
2012-09-04,70.28
2012-09-05,71.01
2012-09-06,70.3
2012-09-07,70.43
2012-09-10,70.47
2012-09-11,71.94
2012-09-12,71.57
2012-09-13,70.72
2012-09-14,70.69
2012-09-17,69.44
2012-09-18,69.26
2012-09-19,67.22
2012-09-20,66.02
2012-09-21,65.53
2012-09-24,64.9
2012-09-25,63.06
2012-09-26,65.57
2012-09-27,64.29
2012-09-28,62.22
2012-10-01,62.57
2012-10-02,61.55
2012-10-03,61.43
2012-10-04,59.84
2012-10-05,58.36
2012-10-08,58.61
2012-10-09,59.41
2012-10-10,58.01
2012-10-11,58.49
2012-10-12,57.74
2012-10-15,57.33
2012-10-16,58.46
2012-10-17,60.21
2012-10-18,59.85
2012-10-19,59.37
2012-10-22,60.32
2012-10-23,61.51
2012-10-24,59.85
2012-10-25,59.83
2012-10-26,60.35
2012-10-29,60.04
2012-10-30,59.96
2012-10-31,59.56
2012-11-01,58.2
2012-11-02,57.45
2012-11-05,59.15
2012-11-06,59.08
2012-11-07,59.67
2012-11-08,59.05
2012-11-09,58.62
2012-11-12,58.92
2012-11-13,57.75
2012-11-14,57.82
2012-11-15,56.1
2012-11-16,55.26
2012-11-19,56.26
2012-11-20,56.13
2012-11-21,56.09
2012-11-22,56.31
2012-11-23,56.68
2012-11-26,56.98
2012-11-27,56.1
2012-11-28,56.66
2012-11-29,56.64
2012-11-30,56.75
2012-12-03,55.86
2012-12-04,55.11
2012-12-05,53.34
2012-12-06,52.18
2012-12-07,53.93
2012-12-10,55.22
2012-12-11,55.5
2012-12-12,55.27
2012-12-13,54.15
2012-12-14,53.85
2012-12-17,53.27
2012-12-18,52.73
2012-12-19,52.8
2012-12-20,52.84
2012-12-21,53.43
2012-12-27,53.84
2012-12-28,53.85
2012-12-31,54.650000000000006
2013-01-02,55.45
2013-01-03,55.33
2013-01-04,58.2
2013-01-07,59.05
2013-01-08,58.28
2013-01-09,56.05
2013-01-10,55.95
2013-01-11,58.39
2013-01-14,57.66
2013-01-15,56.64
2013-01-16,56.09
2013-01-17,60.94
2013-01-18,61.95
2013-01-21,61.86
2013-01-22,60.32
2013-01-23,57.93
2013-01-24,58.37
2013-01-25,63.48
2013-01-28,68.78
2013-01-29,65.82
2013-01-30,68.75
2013-01-31,65.48
2013-02-01,63.93
2013-02-04,62.81
2013-02-05,63.52
2013-02-06,65.04
2013-02-07,62.1
2013-02-08,61.2
2013-02-11,60.46
2013-02-12,60.99
2013-02-13,63.27
2013-02-14,62.2
2013-02-15,61.15
2013-02-18,60.82
2013-02-19,62.62
2013-02-20,63.62
2013-02-21,65.28
2013-02-22,61.57
2013-02-25,60.77
2013-02-26,65.03
2013-02-27,64.79
2013-02-28,62.1
2013-03-01,61.36
2013-03-04,59.94
2013-03-05,59.84
2013-03-06,59.12
2013-03-07,56.62
2013-03-08,54.26
2013-03-11,54.59
2013-03-12,54.0
2013-03-13,53.15
2013-03-14,52.04
2013-03-15,52.37
2013-03-18,54.3
2013-03-19,58.2
2013-03-20,57.47
2013-03-21,59.39
2013-03-22,60.94
2013-03-25,58.68
2013-03-26,56.47
2013-03-27,57.34
2013-03-28,55.87
2013-04-02,55.27
2013-04-03,55.09
2013-04-04,52.66
2013-04-05,53.68
2013-04-08,54.3
2013-04-09,54.25
2013-04-10,53.61
2013-04-11,53.08
2013-04-12,53.32
2013-04-15,53.21
2013-04-16,52.31
2013-04-17,52.51
2013-04-18,52.38
2013-04-19,52.22
2013-04-22,52.27
2013-04-23,51.88
2013-04-24,51.14
2013-04-25,50.17
2013-04-26,49.17
2013-04-29,48.54
2013-04-30,48.18
2013-05-02,46.88
2013-05-03,50.42
2013-05-06,50.74
2013-05-07,52.03
2013-05-08,51.27
2013-05-09,50.67
2013-05-10,53.49
2013-05-13,52.91
2013-05-14,51.08
2013-05-15,51.38
2013-05-16,51.53
2013-05-17,51.34
2013-05-20,52.03
2013-05-21,53.66
2013-05-22,54.52
2013-05-23,56.15
2013-05-24,57.14
2013-05-27,57.63
2013-05-28,58.44
2013-05-29,60.56
2013-05-30,60.35
2013-05-31,60.15
2013-06-03,63.39
2013-06-04,63.75
2013-06-05,62.11
2013-06-06,63.52
2013-06-07,62.24
2013-06-10,63.06
2013-06-11,66.36
2013-06-12,67.15
2013-06-13,66.84
2013-06-14,63.86
2013-06-17,64.52
2013-06-18,66.65
2013-06-19,65.84
2013-06-20,77.86
2013-06-21,77.14
2013-06-24,86.15
2013-06-25,83.45
2013-06-26,77.5
2013-06-27,74.79
2013-06-28,73.79
2013-07-01,74.9
2013-07-02,74.87
2013-07-03,78.21
2013-07-04,73.75
2013-07-05,73.15
2013-07-08,72.06
2013-07-09,67.7
2013-07-10,68.33
2013-07-11,68.44
2013-07-12,67.73
2013-07-15,68.2
2013-07-16,68.09
2013-07-17,63.8
2013-07-18,62.71
2013-07-19,61.37
2013-07-22,59.55
2013-07-23,60.96
2013-07-24,63.36
2013-07-25,65.05
2013-07-26,65.07
2013-07-29,64.34
2013-07-30,64.39
2013-07-31,64.9
2013-08-01,63.27
2013-08-02,61.78
2013-08-05,61.91
2013-08-06,62.55
2013-08-07,62.41
2013-08-08,62.97
2013-08-09,63.07
2013-08-12,61.96
2013-08-13,64.09
2013-08-14,64.85
2013-08-15,68.92
2013-08-16,67.48
2013-08-19,70.17
2013-08-20,70.12
2013-08-21,70.01
2013-08-22,72.83
2013-08-23,75.53
2013-08-26,76.26
2013-08-27,73.21
2013-08-28,72.91
2013-08-29,74.16
2013-08-30,73.45
2013-09-02,74.03
2013-09-03,74.58
2013-09-04,74.35
2013-09-05,76.53
2013-09-06,74.15
2013-09-09,74.13
2013-09-10,73.98
2013-09-11,72.47
2013-09-12,70.78
2013-09-13,69.86
2013-09-16,68.76
2013-09-17,68.47
2013-09-18,69.42
2013-09-19,67.41
2013-09-20,67.63
2013-09-23,65.83
2013-09-24,65.08
2013-09-25,64.34
2013-09-26,64.47
2013-09-27,64.68
2013-09-30,65.62
2013-10-01,64.72
2013-10-02,62.41
2013-10-03,60.63
2013-10-04,59.28
2013-10-07,59.44
2013-10-08,59.95
2013-10-09,61.33
2013-10-10,60.89
2013-10-11,59.63
2013-10-14,59.17
2013-10-15,59.52
2013-10-16,59.48
2013-10-17,59.45
2013-10-18,59.0
2013-10-21,58.44
2013-10-22,55.11
2013-10-23,54.92
2013-10-24,54.74
2013-10-25,54.89
2013-10-28,53.76
2013-10-29,53.94
2013-10-30,55.31
2013-10-31,56.75
2013-11-01,59.06
2013-11-04,56.56
2013-11-05,57.19
2013-11-06,57.46
2013-11-07,53.3
2013-11-08,55.77
2013-11-11,54.75
2013-11-12,55.19
2013-11-13,54.49
2013-11-14,52.32
2013-11-15,50.51
2013-11-18,51.83
2013-11-19,52.57
2013-11-20,53.84
2013-11-21,53.87
2013-11-22,54.34
2013-11-25,53.74
2013-11-26,53.66
2013-11-27,53.47
2013-11-28,53.59
2013-11-29,54.18
2013-12-02,55.3
2013-12-03,54.56
2013-12-04,55.5
2013-12-05,55.81
2013-12-06,54.39
2013-12-09,54.41
2013-12-10,54.53
2013-12-11,55.11
2013-12-12,56.22
2013-12-13,55.79
2013-12-16,56.26
2013-12-17,56.2
2013-12-18,55.35
2013-12-19,55.29
2013-12-20,55.58
2013-12-23,55.3
2013-12-24,55.24
2013-12-27,56.89
2013-12-30,56.52
2013-12-31,56.46
2014-01-02,56.83
2014-01-03,55.67
2014-01-06,56.18
2014-01-07,56.13
2014-01-08,55.81
2014-01-09,54.18
2014-01-10,51.44
2014-01-13,50.82
2014-01-14,51.11
2014-01-15,50.84
2014-01-16,50.07
2014-01-17,50.44
2014-01-20,50.24
2014-01-21,51.24
2014-01-22,51.31
2014-01-23,51.58
2014-01-24,52.52
2014-01-27,52.71
2014-01-28,50.81
2014-01-29,51.67
2014-01-30,52.61
2014-01-31,53.43
2014-02-03,53.4
2014-02-04,52.91
2014-02-05,53.58
2014-02-06,54.06
2014-02-07,52.92
2014-02-10,53.75
2014-02-11,52.64
2014-02-12,51.19
2014-02-13,51.4
2014-02-14,51.03
2014-02-17,49.98
2014-02-18,49.99
2014-02-19,49.27
2014-02-20,50.42
2014-02-21,49.1
2014-02-24,49.05
2014-02-25,48.89
2014-02-26,48.66
2014-02-27,49.19
2014-02-28,49.07
2014-03-03,49.61
2014-03-04,49.22
2014-03-05,48.6
2014-03-06,47.86
2014-03-07,47.76
2014-03-10,48.7
2014-03-11,47.29
2014-03-12,46.98
2014-03-13,47.03
2014-03-14,48.92
2014-03-17,48.52
2014-03-18,47.57
2014-03-19,48.33
2014-03-20,49.16
2014-03-21,48.02
2014-03-24,47.86
2014-03-25,48.08
2014-03-26,47.6
2014-03-27,47.56
2014-03-28,47.42
2014-03-31,48.08
2014-04-01,46.68
2014-04-02,46.83
2014-04-03,45.62
2014-04-04,45.73
2014-04-07,45.69
2014-04-08,45.76
2014-04-09,46.13
2014-04-10,46.21
2014-04-11,47.65
2014-04-14,47.59
2014-04-15,48.45
2014-04-16,48.29
2014-04-17,47.96
2014-04-22,48.15
2014-04-23,47.72
2014-04-24,48.1
2014-04-25,49.38
2014-04-28,49.69
2014-04-29,49.69
2014-04-30,47.81
2014-05-01,48.13
2014-05-02,47.38
2014-05-05,47.76
2014-05-06,46.77
2014-05-07,46.74
2014-05-08,45.71
2014-05-09,44.19
2014-05-12,43.04
2014-05-13,42.33
2014-05-14,42.17
2014-05-15,44.58
2014-05-16,43.29
2014-05-19,43.18
2014-05-20,43.2
2014-05-21,43.89
2014-05-22,44.06
2014-05-23,44.28
2014-05-26,44.66
2014-05-27,44.26
2014-05-28,44.22
2014-05-29,44.71
2014-05-30,44.79
2014-06-02,45.33
2014-06-03,47.05
2014-06-04,47.77
2014-06-05,42.77
2014-06-06,40.46
2014-06-09,39.25
2014-06-10,38.81
2014-06-11,39.08
2014-06-12,39.39
2014-06-13,39.63
2014-06-16,39.52
2014-06-17,39.48
2014-06-18,39.83
2014-06-19,39.01
2014-06-20,38.48
2014-06-23,38.23
2014-06-24,37.6
2014-06-25,37.39
2014-06-26,38.13
2014-06-27,38.09
2014-06-30,38.89
2014-07-01,39.24
2014-07-02,39.88
2014-07-03,37.73
2014-07-04,37.06
2014-07-07,37.33
2014-07-08,37.27
2014-07-09,36.97
2014-07-10,37.72
2014-07-11,37.53
2014-07-14,38.0
2014-07-15,37.75
2014-07-16,38.88
2014-07-17,39.39
2014-07-18,40.25
2014-07-21,39.91
2014-07-22,37.73
2014-07-23,36.74
2014-07-24,37.11
2014-07-25,37.15
2014-07-28,37.98
2014-07-29,38.33
2014-07-30,40.83
2014-07-31,41.47
2014-08-01,39.55
2014-08-04,38.68
2014-08-05,39.37
2014-08-06,40.86
2014-08-07,40.3
2014-08-08,42.05
2014-08-11,42.54
2014-08-12,41.2
2014-08-13,41.03
2014-08-14,41.29
2014-08-15,42.38
2014-08-18,41.43
2014-08-19,41.12
2014-08-20,41.78
2014-08-21,42.33
2014-08-22,41.99
2014-08-25,42.38
2014-08-26,43.65
2014-08-27,44.71
2014-08-28,44.115
2014-08-29,43.52
2014-09-01,43.88
2014-09-02,45.95
2014-09-03,45.83
2014-09-04,43.79
2014-09-05,42.5
2014-09-08,42.06
2014-09-09,44.65
2014-09-10,43.73
2014-09-11,43.46
2014-09-12,43.23
2014-09-15,42.91
2014-09-16,41.6
2014-09-17,41.29
2014-09-18,41.32
2014-09-19,40.34
2014-09-22,39.48
2014-09-23,39.78
2014-09-24,39.23
2014-09-25,37.7
2014-09-26,37.99
2014-09-29,38.99
2014-09-30,39.55
2014-10-01,38.825
2014-10-02,38.1
2014-10-03,37.7
2014-10-06,37.56
2014-10-07,36.91
2014-10-08,36.7
2014-10-09,36.52
2014-10-10,37.37
2014-10-13,38.01
2014-10-14,40.45
2014-10-15,44.17
2014-10-16,48.41
2014-10-17,45.04
2014-10-20,45.18
2014-10-21,45.06
2014-10-22,44.36
2014-10-23,43.91
2014-10-24,43.23
2014-10-27,43.48
2014-10-28,42.93
2014-10-29,42.82
2014-10-30,42.62
2014-10-31,42.09
2014-11-03,41.605000000000004
2014-11-04,41.12
2014-11-05,40.94
2014-11-06,40.05
2014-11-07,39.6
2014-11-10,40.12
2014-11-11,40.26
2014-11-12,40.47
2014-11-13,40.13
2014-11-14,40.29
2014-11-17,39.96
2014-11-18,38.84
2014-11-19,39.71
2014-11-20,39.47
2014-11-21,37.99
2014-11-24,38.02
2014-11-25,38.24
2014-11-26,38.68
2014-11-27,39.03
2014-11-28,39.59
2014-12-01,39.38
2014-12-02,39.85
2014-12-03,39.4
2014-12-04,39.33
2014-12-05,38.68
2014-12-08,39.1
2014-12-09,39.39
2014-12-10,40.35
2014-12-11,40.63
2014-12-12,41.96
2014-12-15,42.04
2014-12-16,45.99
2014-12-17,46.52
2014-12-18,44.31
2014-12-19,44.28
2014-12-22,44.18
2014-12-23,44.32
2014-12-24,44.32
2014-12-29,45.16
2014-12-30,44.36
2014-12-31,44.39
2015-01-02,45.11
2015-01-05,45.39
2015-01-06,46.69
2015-01-07,46.4
2015-01-08,46.82
2015-01-09,45.63
2015-01-12,46.78
2015-01-13,46.58
2015-01-14,46.9
2015-01-15,48.58
2015-01-16,51.27
2015-01-19,52.375
2015-01-20,53.48
2015-01-21,50.79
2015-01-22,49.54
2015-01-23,49.08
2015-01-26,45.21
2015-01-27,44.23
2015-01-28,45.58
2015-01-29,44.97
2015-01-30,44.77
2015-02-02,46.32
2015-02-03,48.11
2015-02-04,48.66
2015-02-05,48.62
2015-02-06,46.56
2015-02-09,46.33
2015-02-10,46.1
2015-02-11,45.71
2015-02-12,46.08
2015-02-13,45.54
2015-02-16,45.42
2015-02-17,45.3
2015-02-18,46.84
2015-02-19,47.57
2015-02-20,49.29
2015-02-23,47.06
2015-02-24,46.47
2015-02-25,46.35
2015-02-26,44.13
2015-02-27,44.08
2015-03-02,43.974999999999994
2015-03-03,43.87
2015-03-04,44.17
2015-03-05,43.575
2015-03-06,42.98
2015-03-09,44.06
2015-03-10,45.34
2015-03-11,47.75
2015-03-12,48.83
2015-03-13,47.53
2015-03-16,47.04
2015-03-17,46.99
2015-03-18,50.02
2015-03-19,49.76
2015-03-20,49.42
2015-03-23,50.16
2015-03-24,48.74
2015-03-25,46.42
2015-03-26,44.87
2015-03-27,44.715
2015-03-30,44.56
2015-03-31,44.91
2015-04-01,43.56
2015-04-02,43.47
2015-04-07,42.57
2015-04-08,42.18
2015-04-09,41.85
2015-04-10,41.3
2015-04-13,40.97
2015-04-14,41.17
2015-04-15,40.6
2015-04-16,40.37
2015-04-17,41.54
2015-04-20,41.54
2015-04-21,41.71
2015-04-22,43.04
2015-04-23,43.27
2015-04-24,43.48
2015-04-27,42.87
2015-04-28,42.32
2015-04-29,44.15
2015-04-30,46.16
2015-05-04,46.09
2015-05-05,50.71
2015-05-06,52.97
2015-05-07,55.72
2015-05-08,52.9
2015-05-11,51.94
2015-05-12,56.62
2015-05-13,56.5
2015-05-14,59.52
2015-05-15,57.38
2015-05-18,57.72
2015-05-19,57.68
2015-05-20,56.43
2015-05-21,56.44
2015-05-22,55.94
2015-05-25,56.3
2015-05-26,56.66
2015-05-27,55.69
2015-05-28,51.85
2015-05-29,52.15
2015-06-01,55.51
2015-06-02,59.26
2015-06-03,66.32
2015-06-04,66.14
2015-06-05,65.15
2015-06-08,67.51
2015-06-09,68.91
2015-06-10,72.38
2015-06-11,69.09
2015-06-12,70.31
2015-06-15,72.31
2015-06-16,70.95
2015-06-17,68.68
2015-06-18,68.14
2015-06-19,68.05
2015-06-22,66.94
2015-06-23,60.65
2015-06-24,60.35
2015-06-25,60.89
2015-06-26,62.07
2015-06-29,67.84
2015-06-30,66.16
2015-07-01,63.74
2015-07-02,63.97
2015-07-03,64.445
2015-07-06,64.92
2015-07-07,66.32
2015-07-08,65.31
2015-07-09,63.22
2015-07-10,63.68
2015-07-13,58.52
2015-07-14,57.8
2015-07-15,54.5
2015-07-16,54.25
2015-07-17,54.0
2015-07-20,55.03
2015-07-21,53.96
2015-07-22,51.9
2015-07-23,51.53
2015-07-24,50.65
2015-07-27,52.34
2015-07-28,53.65
2015-07-29,53.32
2015-07-30,52.48
2015-07-31,52.4
2015-08-03,52.26
2015-08-04,52.51
2015-08-05,54.5
2015-08-06,54.19
2015-08-07,52.74
2015-08-10,51.19
2015-08-11,51.3
2015-08-12,52.19
2015-08-13,51.96
2015-08-14,50.29
2015-08-17,49.98
2015-08-18,50.0
2015-08-19,49.83
2015-08-20,50.94
2015-08-21,51.43
2015-08-24,54.74
2015-08-25,56.63
2015-08-26,57.88
2015-08-27,56.72
2015-08-28,53.8
2015-08-31,54.92
2015-09-01,56.04
2015-09-02,57.63
2015-09-03,56.24
2015-09-04,54.77
2015-09-07,55.4
2015-09-08,55.03
2015-09-09,54.28
2015-09-10,53.67
2015-09-11,53.19
2015-09-14,53.22
2015-09-15,55.06
2015-09-16,55.04
2015-09-17,56.58
2015-09-18,54.78
2015-09-21,54.46
2015-09-22,56.91
2015-09-23,56.03
2015-09-24,56.03
2015-09-25,55.31
2015-09-28,55.18
2015-09-29,55.64
2015-09-30,54.06
2015-10-01,52.74
2015-10-02,51.04
2015-10-05,50.96
2015-10-06,49.65
2015-10-07,49.78
2015-10-08,50.03
2015-10-09,49.02
2015-10-12,49.25
2015-10-13,49.3
2015-10-14,49.25
2015-10-15,49.21
2015-10-16,48.0
2015-10-19,48.11
2015-10-20,49.21
2015-10-21,49.24
2015-10-22,49.45
2015-10-23,49.51
2015-10-26,49.55
2015-10-27,48.73
2015-10-28,50.3
2015-10-29,52.81
2015-10-30,52.79
2015-11-02,54.19
2015-11-03,55.38
2015-11-04,56.67
2015-11-05,57.35
2015-11-06,57.61
2015-11-09,57.49
2015-11-10,58.37
2015-11-11,55.42
2015-11-12,54.55
2015-11-13,54.62
2015-11-16,53.76
2015-11-17,53.84
2015-11-18,53.69
2015-11-19,53.49
2015-11-20,51.8
2015-11-23,53.56
2015-11-24,54.43
2015-11-25,55.58
2015-11-26,55.64
2015-11-27,56.11
2015-11-30,56.75
2015-12-01,57.15
2015-12-02,56.23
2015-12-03,53.79
2015-12-04,53.66
2015-12-07,52.85
2015-12-08,51.49
2015-12-09,49.22
2015-12-10,48.74
2015-12-11,50.63
2015-12-14,52.17
2015-12-15,52.92
2015-12-16,52.52
2015-12-17,50.33
2015-12-18,50.57
2015-12-21,50.35
2015-12-22,50.51
2015-12-23,49.41
2015-12-24,49.41
2015-12-28,49.38
2015-12-29,50.01
2015-12-30,49.35
2015-12-31,49.34
2016-01-04,50.65
2016-01-05,50.44
2016-01-06,51.09
2016-01-07,51.22
2016-01-08,49.82
2016-01-11,48.87
2016-01-12,49.33
2016-01-13,49.61
2016-01-14,50.86
2016-01-15,51.07
2016-01-18,51.58
2016-01-19,51.43
2016-01-20,51.57
2016-01-21,52.2
2016-01-22,52.08
2016-01-25,52.07
2016-01-26,53.28
2016-01-27,53.82
2016-01-28,55.45
2016-01-29,56.4
2016-02-01,56.49
2016-02-02,56.8
2016-02-03,56.67
2016-02-04,57.28
2016-02-05,56.02
2016-02-08,59.62
2016-02-09,62.95
2016-02-10,60.61
2016-02-11,63.51
2016-02-12,63.05
2016-02-15,62.35
2016-02-16,61.43
2016-02-17,58.95
2016-02-18,58.12
2016-02-19,59.13
2016-02-22,59.15
2016-02-23,59.62
2016-02-24,60.15
2016-02-25,59.04
2016-02-26,58.02
2016-02-29,58.57
2016-03-01,57.6
2016-03-02,58.82
2016-03-03,60.22
2016-03-04,59.19
2016-03-07,60.59
2016-03-08,60.18
2016-03-09,60.42
2016-03-10,57.0
2016-03-11,53.61
2016-03-14,51.47
2016-03-15,50.02
2016-03-16,50.4
2016-03-17,49.37
2016-03-18,48.94
2016-03-21,49.17
2016-03-22,49.39
2016-03-23,48.38
2016-03-24,50.39
2016-03-29,49.08
2016-03-30,48.82
2016-03-31,48.91
2016-04-01,48.04
2016-04-04,47.95
2016-04-05,48.02
2016-04-06,48.51
2016-04-07,48.26
2016-04-08,48.5
2016-04-11,48.02
2016-04-12,48.6
2016-04-13,48.35
2016-04-14,48.04
2016-04-15,48.05
2016-04-18,48.02
2016-04-19,49.26
2016-04-20,49.14
2016-04-21,50.78
2016-04-22,51.51
2016-04-25,51.81
2016-04-26,52.1
2016-04-27,50.52
2016-04-28,49.13
2016-04-29,48.96
2016-05-02,49.07
2016-05-03,49.07
2016-05-04,48.86
2016-05-05,48.18
2016-05-06,47.4
2016-05-09,47.5
2016-05-10,47.51
2016-05-11,47.9
2016-05-12,48.23
2016-05-13,47.45
2016-05-16,48.17
2016-05-17,48.54
2016-05-18,48.93
2016-05-19,48.96
2016-05-20,47.77
2016-05-23,47.34
2016-05-24,47.33
2016-05-25,46.12
2016-05-26,44.9
2016-05-27,44.02
2016-05-30,44.4
2016-05-31,44.69
2016-06-01,45.27
2016-06-02,44.84
2016-06-03,44.47
2016-06-06,45.68
2016-06-07,45.5
2016-06-08,46.08
2016-06-09,47.09
2016-06-10,48.61
2016-06-13,49.81
2016-06-14,52.15
2016-06-15,51.64
2016-06-16,53.44
2016-06-17,51.78
2016-06-20,50.125
2016-06-21,48.47
2016-06-22,49.06
2016-06-23,48.16
2016-06-24,52.12
2016-06-27,52.39
2016-06-28,48.34
2016-06-29,46.14
2016-06-30,46.19
2016-07-01,46.41
2016-07-04,46.59
2016-07-05,46.11
2016-07-06,47.74
2016-07-07,47.6
2016-07-08,46.83
2016-07-11,46.25
2016-07-12,48.44
2016-07-13,47.24
2016-07-14,47.44
2016-07-15,47.63
2016-07-18,48.82
2016-07-19,48.33
2016-07-20,47.81
2016-07-21,47.61
2016-07-22,45.58
2016-07-25,45.3
2016-07-26,43.75
2016-07-27,42.9
2016-07-28,43.96
2016-07-29,43.11
2016-08-01,43.18
2016-08-02,45.48
2016-08-03,46.08
2016-08-04,44.96
2016-08-05,43.29
2016-08-08,43.47
2016-08-09,43.34
2016-08-10,43.19
2016-08-11,43.25
2016-08-12,42.88
2016-08-15,43.09
2016-08-16,43.79
2016-08-17,44.2
2016-08-18,43.82
2016-08-19,43.4
2016-08-22,43.96
2016-08-23,42.79
2016-08-24,42.72
2016-08-25,42.35
2016-08-26,42.175
2016-08-29,42.0
2016-08-30,41.68
2016-08-31,41.05
2016-09-01,41.98
2016-09-02,42.01
2016-09-05,42.04
2016-09-06,42.36
2016-09-07,42.5
2016-09-08,42.01
2016-09-09,44.06
2016-09-12,45.56
2016-09-13,45.1
2016-09-14,45.88
2016-09-15,46.5
2016-09-16,45.83
2016-09-19,45.86
2016-09-20,45.82
2016-09-21,43.61
2016-09-22,42.62
2016-09-23,41.74
2016-09-26,40.73
2016-09-27,41.01
2016-09-28,41.29
2016-09-29,41.19
2016-09-30,42.39
2016-10-03,42.0
2016-10-04,41.07
2016-10-05,43.87
2016-10-06,43.03
2016-10-07,44.28
2016-10-10,44.49
2016-10-11,44.98
2016-10-12,44.45
2016-10-13,43.75
2016-10-14,43.84
2016-10-17,44.08
2016-10-18,43.56
2016-10-19,43.04
2016-10-20,42.45
2016-10-21,41.49
2016-10-24,41.73
2016-10-25,42.14
2016-10-26,44.49
2016-10-27,48.1
2016-10-28,46.83
2016-10-31,47.17
2016-11-01,48.85
2016-11-02,49.08
2016-11-03,49.38
2016-11-04,47.27
2016-11-07,47.77
2016-11-08,47.74
2016-11-09,47.11
2016-11-10,51.49
2016-11-11,52.17
2016-11-14,54.92
2016-11-15,52.66
2016-11-16,53.44
2016-11-17,51.79
2016-11-18,51.52
2016-11-21,52.12
2016-11-22,49.58
2016-11-23,49.535
2016-11-24,49.49
2016-11-25,49.48
2016-11-28,50.31
2016-11-29,51.35
2016-11-30,51.45
2016-12-01,54.46
2016-12-02,54.78
2016-12-05,55.93
2016-12-06,55.41
2016-12-07,55.08
2016-12-08,50.53
2016-12-09,49.93
2016-12-12,51.08
2016-12-13,51.21
2016-12-14,49.97
2016-12-15,51.22
2016-12-16,49.77
2016-12-19,48.08
2016-12-20,48.98
2016-12-21,48.64
2016-12-22,48.69
2016-12-23,49.62
2016-12-27,49.94
2016-12-28,49.63
2016-12-29,49.48
2016-12-30,49.81
2017-01-02,49.93
2017-01-03,50.71
2017-01-04,50.77
2017-01-05,50.32
2017-01-06,49.19
2017-01-09,49.06
2017-01-10,48.53
2017-01-11,47.22
2017-01-12,47.83
2017-01-13,47.87
2017-01-16,47.5
2017-01-17,46.95
2017-01-18,47.4
2017-01-19,47.7
2017-01-20,48.38
2017-01-23,47.81
2017-01-24,47.98
2017-01-25,49.45
2017-01-26,49.21
2017-01-27,48.4
2017-01-30,49.13
2017-01-31,49.53
2017-02-01,49.15
2017-02-02,49.01
2017-02-03,48.42
2017-02-06,49.31
2017-02-07,50.47
2017-02-08,51.47
2017-02-09,52.44
2017-02-10,52.18
2017-02-13,50.76
2017-02-14,49.72
2017-02-15,50.42
2017-02-16,50.2
2017-02-17,50.69
2017-02-20,50.29
2017-02-21,50.83
2017-02-22,51.01
2017-02-23,51.11
2017-02-24,51.15
2017-02-27,51.88
2017-02-28,51.7
2017-03-01,50.34
2017-03-02,50.64
2017-03-03,51.75
2017-03-06,52.31
2017-03-07,51.6
2017-03-08,51.89
2017-03-09,53.13
2017-03-10,55.86
2017-03-13,55.27
2017-03-14,53.83
2017-03-15,54.66
2017-03-16,54.13
2017-03-17,53.79
2017-03-20,53.62
2017-03-21,52.79
2017-03-22,52.73
2017-03-23,52.34
2017-03-24,51.62
2017-03-27,51.96
2017-03-28,51.09
2017-03-29,49.42
2017-03-30,49.35
2017-03-31,48.55
2017-04-03,47.34
2017-04-04,47.32
2017-04-05,47.62
2017-04-06,47.46
2017-04-07,46.78
2017-04-10,47.3
2017-04-11,48.47
2017-04-12,50.3
2017-04-13,51.69
2017-04-18,52.4
2017-04-19,51.15
2017-04-20,52.27
2017-04-21,51.56
2017-04-24,48.13
2017-04-25,48.26
2017-04-26,47.59
2017-04-27,46.57
2017-04-28,46.82
2017-05-02,46.91
2017-05-03,45.81
2017-05-04,47.07
2017-05-05,46.08
2017-05-08,45.25
2017-05-09,45.36
2017-05-10,44.07
2017-05-11,43.59
2017-05-12,43.07
2017-05-15,43.01
2017-05-16,42.78
2017-05-17,42.2
2017-05-18,42.6
2017-05-19,41.54
2017-05-22,41.94
2017-05-23,41.55
2017-05-24,41.02
2017-05-25,40.66
2017-05-26,39.64
2017-05-29,39.96
2017-05-30,39.27
2017-05-31,38.58
2017-06-01,38.8
2017-06-02,38.36
2017-06-05,38.15
2017-06-06,38.22
2017-06-07,38.31
2017-06-08,37.99
2017-06-09,36.3
2017-06-12,35.55
2017-06-13,34.41
2017-06-14,34.11
2017-06-15,34.89
2017-06-16,34.8
2017-06-19,34.96
2017-06-20,34.91
2017-06-21,35.7
2017-06-22,36.17
2017-06-23,35.31
2017-06-26,35.73
2017-06-27,38.49
2017-06-28,39.71
2017-06-29,41.85
2017-06-30,43.17
2017-07-03,42.54
2017-07-04,40.63
2017-07-05,40.07
2017-07-06,42.57
2017-07-07,41.6
2017-07-10,40.53
2017-07-11,39.82
2017-07-12,38.18
2017-07-13,38.92
2017-07-14,38.51
2017-07-17,38.21
2017-07-18,38.78
2017-07-19,39.08
2017-07-20,36.7
2017-07-21,35.49
2017-07-24,34.95
2017-07-25,36.24
2017-07-26,35.23
2017-07-27,36.29
2017-07-28,37.66
2017-07-31,38.24
2017-08-01,38.29
2017-08-02,38.29
2017-08-03,38.08
2017-08-04,37.93
2017-08-07,38.09
2017-08-08,38.75
2017-08-09,39.36
2017-08-10,40.21
2017-08-11,40.01
2017-08-14,39.47
2017-08-15,40.36
2017-08-16,40.36
2017-08-17,39.55
2017-08-18,39.26
2017-08-21,39.72
2017-08-22,38.91
2017-08-23,38.66
2017-08-24,38.78
2017-08-25,38.55
2017-08-29,39.4
2017-08-30,39.26
2017-08-31,39.03
2017-09-01,37.93
2017-09-04,38.15
2017-09-05,38.37
2017-09-06,38.83
2017-09-07,37.94
2017-09-08,37.6
2017-09-11,37.21
2017-09-12,37.73
2017-09-13,37.64
2017-09-14,37.51
2017-09-15,40.0
2017-09-18,39.49
2017-09-19,38.75
2017-09-20,38.85
2017-09-21,38.82
2017-09-22,38.65
2017-09-25,38.31
2017-09-26,37.8
2017-09-27,38.61
2017-09-28,38.88
2017-09-29,38.33
2017-10-02,38.34
2017-10-03,37.9
2017-10-04,37.04
2017-10-05,36.72
2017-10-06,36.31
2017-10-09,36.42
2017-10-10,36.54
2017-10-11,35.98
2017-10-12,36.0
2017-10-13,35.75
2017-10-16,35.13
2017-10-17,34.22
2017-10-18,33.36
2017-10-19,34.48
2017-10-20,35.13
2017-10-23,35.24
2017-10-24,36.08
2017-10-25,36.1
2017-10-26,34.35
2017-10-27,32.05
2017-10-30,30.65
2017-10-31,30.92
2017-11-01,30.35
2017-11-02,30.27
2017-11-03,29.73
2017-11-06,29.6
2017-11-07,29.08
2017-11-08,29.21
2017-11-09,31.08
2017-11-10,31.04
2017-11-13,31.17
2017-11-14,30.74
2017-11-15,30.46
2017-11-16,29.7
2017-11-17,29.48
2017-11-20,29.04
2017-11-21,28.6
2017-11-22,28.64
2017-11-23,28.92
2017-11-24,28.82
2017-11-27,29.54
2017-11-28,29.86
2017-11-29,30.74
2017-11-30,30.34
2017-12-01,30.86
2017-12-04,31.86
2017-12-05,31.84
2017-12-06,32.34
2017-12-07,31.74
2017-12-08,31.56
2017-12-11,32.1
2017-12-12,32.36
2017-12-13,32.32
2017-12-14,31.92
2017-12-15,31.92
2017-12-18,32.24
2017-12-19,32.84
2017-12-20,34.26
2017-12-21,33.38
2017-12-22,32.34
2017-12-27,31.52
2017-12-28,31.52
2017-12-29,31.52
2018-01-02,32.02
2018-01-03,31.94
2018-01-04,32.12
2018-01-05,31.1
2018-01-08,31.12
2018-01-09,31.46
2018-01-10,31.64
2018-01-11,33.64
2018-01-12,33.6
2018-01-15,33.34
2018-01-16,32.8
2018-01-17,32.56
2018-01-18,33.06
2018-01-19,32.96
2018-01-22,32.54
2018-01-23,32.3
2018-01-24,32.64
2018-01-25,33.38
2018-01-26,33.12
2018-01-29,36.44
2018-01-30,35.46
2018-01-31,35.4
2018-02-01,36.56
2018-02-02,38.6
2018-02-05,39.1
2018-02-06,40.18
2018-02-07,39.3
2018-02-08,40.42
2018-02-09,40.34
2018-02-12,40.26
2018-02-13,38.98
2018-02-14,38.06
2018-02-15,38.54
2018-02-16,37.96
2018-02-19,38.48
2018-02-20,38.22
2018-02-21,37.26
2018-02-22,37.06
2018-02-23,37.1
2018-02-26,36.4
2018-02-27,36.24
2018-02-28,35.86
2018-03-01,35.7
2018-03-02,34.8
2018-03-05,34.1
2018-03-06,34.86
2018-03-07,33.62
2018-03-08,32.44
2018-03-09,31.52
2018-03-12,31.4
2018-03-13,30.7
2018-03-14,30.42
2018-03-15,31.64
2018-03-16,31.58
2018-03-19,31.8
2018-03-20,31.34
2018-03-21,31.34
2018-03-22,31.86
2018-03-23,31.46
2018-03-26,31.68
2018-03-27,31.4
2018-03-28,31.86
2018-03-29,31.14
2018-04-03,31.26
2018-04-04,31.06
2018-04-05,31.4
2018-04-06,30.78
2018-04-09,30.68
2018-04-10,30.9
2018-04-11,30.8
2018-04-12,30.74
2018-04-13,30.86
2018-04-16,30.74
2018-04-17,30.3
2018-04-18,29.7
2018-04-19,30.86
2018-04-20,30.4
2018-04-23,30.92
2018-04-24,30.64
2018-04-25,30.84
2018-04-26,30.0
2018-04-27,29.64
2018-04-30,29.88
2018-05-02,29.54
2018-05-03,29.58
2018-05-04,28.72
2018-05-07,28.72
2018-05-08,28.52
2018-05-09,28.62
2018-05-10,29.16
2018-05-11,28.86
2018-05-14,30.12
2018-05-15,31.86
2018-05-16,32.02
2018-05-17,32.44
2018-05-18,32.32
2018-05-21,32.22
2018-05-22,32.3
2018-05-23,32.72
2018-05-24,33.4
2018-05-25,35.16
2018-05-28,35.16
2018-05-29,39.56
2018-05-30,40.34
2018-05-31,39.08
2018-06-01,35.16
2018-06-04,34.16
2018-06-05,33.94
2018-06-06,37.08
2018-06-07,37.04
2018-06-08,37.94
2018-06-11,38.26
2018-06-12,37.54
2018-06-13,36.6
2018-06-14,31.68
2018-06-15,31.24
2018-06-18,30.74
2018-06-19,30.88
2018-06-20,30.6
2018-06-21,31.04
2018-06-22,30.26
2018-06-25,30.68
2018-06-26,31.7
2018-06-27,31.54
2018-06-28,32.06
2018-06-29,32.3
2018-07-02,32.06
2018-07-03,31.3
2018-07-04,30.8
2018-07-05,31.12
2018-07-06,30.58
2018-07-09,30.54
2018-07-10,30.56
2018-07-11,30.16
2018-07-12,30.06
2018-07-13,29.46
2018-07-16,30.1
2018-07-17,29.52
2018-07-18,28.98
2018-07-19,28.94
2018-07-20,28.76
2018-07-23,29.3
2018-07-24,29.32
2018-07-25,28.76
2018-07-26,28.4
2018-07-27,28.44
2018-07-30,29.46
2018-07-31,29.24
2018-08-01,29.88
2018-08-02,29.84
2018-08-03,29.42
2018-08-06,28.82
2018-08-07,28.96
2018-08-08,29.14
2018-08-09,29.22
2018-08-10,29.78
2018-08-13,29.92
2018-08-14,29.92
2018-08-15,29.92
2018-08-16,29.48
2018-08-17,29.24
2018-08-20,29.04
2018-08-21,29.5
2018-08-22,29.74
2018-08-23,29.68
2018-08-24,28.84
2018-08-27,28.84
2018-08-28,29.56
2018-08-29,29.8
2018-08-30,29.96
2018-08-31,30.22
2018-09-03,29.9
2018-09-04,29.72
2018-09-05,29.58
2018-09-06,29.06
2018-09-07,28.72
2018-09-10,28.94
2018-09-11,28.94
2018-09-12,28.3
2018-09-13,27.58
2018-09-14,28.14
2018-09-17,28.22
2018-09-18,28.58
2018-09-19,28.84
2018-09-20,29.0
2018-09-21,28.66
2018-09-24,29.66
2018-09-25,30.58
2018-09-26,30.16
2018-09-27,29.92
2018-09-28,30.08
2018-10-01,29.68
2018-10-02,30.1
2018-10-03,29.96
2018-10-04,31.88
2018-10-05,31.44
2018-10-08,32.2
2018-10-09,32.58
2018-10-10,32.58
2018-10-11,32.28
2018-10-12,32.18
2018-10-15,32.26
2018-10-16,31.62
2018-10-17,31.42
2018-10-18,31.5
2018-10-19,32.22
2018-10-22,32.42
2018-10-23,32.8
2018-10-24,32.6
2018-10-25,31.94
2018-10-26,32.78
2018-10-29,33.2
2018-10-30,33.08
2018-10-31,33.08
2018-11-01,32.9
2018-11-02,32.28
2018-11-05,32.18
2018-11-06,31.86
2018-11-07,30.6
2018-11-08,30.6
2018-11-09,29.84
2018-11-12,29.86
2018-11-13,29.86
2018-11-14,29.8
2018-11-15,30.96
2018-11-16,30.08
2018-11-19,30.18
2018-11-20,30.2
2018-11-21,29.48
2018-11-22,29.68
2018-11-23,29.58
2018-11-26,29.6
2018-11-27,29.36
2018-11-28,29.28
2018-11-29,29.4
2018-11-30,29.48
2018-12-03,29.26
2018-12-04,29.06
2018-12-05,30.12
2018-12-06,31.1
2018-12-07,30.7
2018-12-10,31.56
2018-12-11,32.08
2018-12-12,31.92
2018-12-13,30.28
2018-12-14,29.02
2018-12-17,29.04
2018-12-18,29.06
2018-12-19,29.3
2018-12-20,30.0
2018-12-21,29.82
2018-12-24,29.82
2018-12-27,30.3
2018-12-28,30.54
2018-12-31,30.54
2019-01-02,32.82
2019-01-03,32.7
2019-01-04,32.76
2019-01-07,32.62
2019-01-08,31.8
2019-01-09,30.94
2019-01-10,29.54
2019-01-11,28.94
2019-01-14,28.56
2019-01-15,27.84
2019-01-16,27.72
2019-01-17,27.98
2019-01-18,28.14
2019-01-21,28.14
2019-01-22,28.02
2019-01-23,28.04
2019-01-24,27.1
2019-01-25,27.76
2019-01-28,27.8
2019-01-29,28.0
2019-01-30,28.18
2019-01-31,29.22
2019-02-01,29.12
2019-02-04,28.8
2019-02-05,28.9
2019-02-06,28.96
2019-02-07,30.12
2019-02-08,30.7
2019-02-11,30.56
2019-02-12,30.72
2019-02-13,30.64
2019-02-14,30.34
2019-02-15,29.7
2019-02-18,29.34
2019-02-19,28.6
2019-02-20,27.48
2019-02-21,27.52
2019-02-22,27.46
2019-02-25,27.62
2019-02-26,27.06
2019-02-27,28.4
2019-02-28,28.58
2019-03-01,28.56
2019-03-04,27.48
2019-03-05,27.48
2019-03-06,27.72
2019-03-07,26.34
2019-03-08,26.98
2019-03-11,27.28
2019-03-12,27.68
2019-03-13,27.54
2019-03-14,27.06
2019-03-15,26.98
2019-03-18,26.66
2019-03-19,26.98
2019-03-20,26.94
2019-03-21,28.04
2019-03-22,29.96
2019-03-25,30.46
2019-03-26,31.46
2019-03-27,34.3
2019-03-28,33.06
2019-03-29,32.14
2019-04-01,32.16
2019-04-02,32.5
2019-04-03,33.42
2019-04-04,32.86
2019-04-05,31.96
2019-04-08,31.78
2019-04-09,31.62
2019-04-10,30.64
2019-04-11,29.26
2019-04-12,29.46
2019-04-15,29.6
2019-04-16,29.28
2019-04-17,29.78
2019-04-18,30.92
2019-04-23,30.34
2019-04-24,31.34
2019-04-25,31.22
2019-04-26,30.8
2019-04-29,30.8
2019-04-30,31.24
2019-05-02,31.26
2019-05-03,30.48
2019-05-06,30.48
2019-05-07,31.06
2019-05-08,31.22
2019-05-09,31.96
2019-05-10,31.68
2019-05-13,32.26
2019-05-14,32.08
2019-05-15,32.54
2019-05-16,31.22
2019-05-17,31.44
2019-05-20,31.32
2019-05-21,30.68
2019-05-22,30.6
2019-05-23,30.72
2019-05-24,29.98
2019-05-27,29.98
2019-05-28,30.22
2019-05-29,30.8
2019-05-30,30.1
2019-05-31,31.24
2019-06-03,31.48
2019-06-04,31.3
2019-06-05,32.04
2019-06-06,30.58
2019-06-07,29.84
2019-06-10,31.12
2019-06-11,31.02
2019-06-12,31.16
2019-06-13,32.38
2019-06-14,33.98
2019-06-17,34.12
2019-06-18,38.46
2019-06-19,37.0
2019-06-20,36.1
2019-06-21,36.1
2019-06-24,35.54
2019-06-25,36.02
2019-06-26,35.5
2019-06-27,35.62
2019-06-28,36.08
2019-07-01,35.3
2019-07-02,35.58
2019-07-03,35.46
2019-07-04,35.9
2019-07-05,36.1
2019-07-08,36.78
2019-07-09,36.8
2019-07-10,38.2
2019-07-11,38.04
2019-07-12,38.58
2019-07-15,37.9
2019-07-16,37.5
2019-07-17,37.58
2019-07-18,37.72
2019-07-19,38.54
2019-07-22,38.96
2019-07-23,39.12
2019-07-24,39.5
2019-07-25,38.28
2019-07-26,36.86
2019-07-29,36.02
2019-07-30,36.32
2019-07-31,36.04
2019-08-01,36.86
2019-08-02,40.12
2019-08-05,41.62
2019-08-06,42.84
2019-08-07,51.22
2019-08-08,47.16
2019-08-09,44.26
2019-08-12,43.36
2019-08-13,43.68
2019-08-14,45.12
2019-08-15,49.62
2019-08-16,52.86
2019-08-19,53.54
2019-08-20,53.8
2019-08-21,53.76
2019-08-22,52.04
2019-08-23,48.32
2019-08-26,48.32
2019-08-27,48.14
2019-08-29,49.9
2019-08-30,50.1
2019-09-02,50.64
2019-09-03,52.3
2019-09-04,52.56
2019-09-05,53.8
2019-09-06,53.66
2019-09-09,53.42
2019-09-10,50.9
2019-09-11,48.4
2019-09-12,43.46
2019-09-13,48.3
2019-09-16,48.24
2019-09-17,48.18
2019-09-18,48.54
2019-09-19,47.42
2019-09-20,44.4
2019-09-23,46.5
2019-09-24,46.38
2019-09-25,46.34
2019-09-26,46.16
2019-09-27,45.72
2019-09-30,45.44
2019-10-01,45.62
2019-10-02,44.46
2019-10-03,44.62
2019-10-04,42.48
2019-10-07,41.62
2019-10-08,39.6
2019-10-09,37.62
2019-10-10,40.46
2019-10-11,42.02
2019-10-14,42.46
2019-10-15,42.56
2019-10-16,43.26
2019-10-17,43.96
2019-10-18,43.06
2019-10-21,43.54
2019-10-22,43.68
2019-10-23,43.24
2019-10-24,42.18
2019-10-25,40.06
2019-10-28,41.32
2019-10-29,41.66
2019-10-30,41.56
2019-10-31,40.88
2019-11-01,39.44
2019-11-04,38.88
2019-11-05,39.82
2019-11-06,39.56
2019-11-07,41.2
2019-11-08,42.18
2019-11-11,41.76
2019-11-12,41.86
2019-11-13,43.18
2019-11-14,42.42
2019-11-15,40.82
2019-11-18,39.7
2019-11-19,38.84
2019-11-20,38.6
2019-11-21,38.46
2019-11-22,37.24
2019-11-25,36.24
2019-11-26,36.06
2019-11-27,35.2
2019-11-28,34.88
2019-11-29,35.2
2019-12-02,36.58
2019-12-03,36.54
2019-12-04,37.96
2019-12-05,38.94
2019-12-06,38.78
2019-12-09,38.92
2019-12-10,38.88
2019-12-11,37.76
2019-12-12,36.78
2019-12-13,35.82
2019-12-16,35.28
2019-12-17,35.3
2019-12-18,35.9
2019-12-19,36.42
2019-12-20,36.82
2019-12-23,36.72
2019-12-27,36.9
2019-12-30,37.68
2019-12-31,37.68
2020-01-02,38.36
2020-01-03,38.96
2020-01-06,38.52
2020-01-07,37.22
2020-01-08,36.64
2020-01-09,35.82
2020-01-10,34.86
2020-01-13,35.12
2020-01-14,34.5
2020-01-15,34.3
2020-01-16,33.76
2020-01-17,33.88
2020-01-20,33.18
2020-01-21,33.32
2020-01-22,33.32
2020-01-23,32.58
2020-01-24,33.32
2020-01-27,36.44
2020-01-28,35.88
2020-01-29,35.86
2020-01-30,36.02
2020-01-31,37.82
2020-02-03,37.34
2020-02-04,36.02
2020-02-05,36.2
2020-02-06,36.3
2020-02-07,36.26
2020-02-10,36.26
2020-02-11,36.18
2020-02-12,35.68
2020-02-13,35.7
2020-02-14,35.68
2020-02-17,35.6
2020-02-18,35.98
2020-02-19,35.62
2020-02-20,36.02
2020-02-21,39.54
2020-02-24,42.46
2020-02-25,36.02
2020-02-26,40.7
2020-02-27,42.64
2020-02-28,45.48
2020-03-02,47.46
2020-03-03,44.96
2020-03-04,45.2
2020-03-05,45.24
2020-03-06,50.78
2020-03-09,60.28
2020-03-10,58.44
2020-03-11,62.64
2020-03-12,65.12
2020-03-13,62.72
2020-03-16,67.2
2020-03-17,66.6
2020-03-18,69.66
2020-03-19,79.54
2020-03-20,75.26
2020-03-23,78.1
2020-03-24,72.58
2020-03-25,65.26
2020-03-26,60.22
2020-03-27,60.98
2020-03-30,61.6
2020-03-31,60.76
2020-04-01,58.88
2020-04-02,57.32
2020-04-03,51.66
2020-04-06,48.26
2020-04-07,51.18
2020-04-08,51.7
2020-04-09,50.36
2020-04-14,50.34
2020-04-15,49.7
2020-04-16,50.82
2020-04-17,49.4
2020-04-20,49.96
2020-04-21,51.68
2020-04-22,55.58
2020-04-23,56.3
2020-04-24,53.5
2020-04-27,50.96
2020-04-28,48.66
2020-04-29,46.02
2020-04-30,42.74
2020-05-04,43.2
2020-05-05,43.34
2020-05-06,43.56
2020-05-07,43.68
2020-05-08,43.68
2020-05-11,42.94
2020-05-12,43.34
2020-05-13,43.82
2020-05-14,44.02
2020-05-15,43.24
2020-05-18,43.4
2020-05-19,43.02
2020-05-20,42.18
2020-05-21,41.58
2020-05-22,39.68
2020-05-25,39.68
2020-05-26,40.02
2020-05-27,39.34
2020-05-28,38.66
2020-05-29,38.36
2020-06-01,39.32
2020-06-02,38.84
2020-06-03,38.98
2020-06-04,38.4
2020-06-05,39.62
2020-06-08,40.86
2020-06-09,40.72
2020-06-10,40.72
2020-06-11,42.94
2020-06-12,41.76
2020-06-15,40.96
2020-06-16,40.24
2020-06-17,40.44
2020-06-18,40.34
2020-06-19,40.1
2020-06-22,40.28
2020-06-23,39.7
2020-06-24,39.7
2020-06-25,40.68
2020-06-26,39.72
2020-06-29,39.68
2020-06-30,39.52
2020-07-01,39.48
2020-07-02,38.98
2020-07-03,37.92
2020-07-06,38.0
2020-07-07,37.78
2020-07-08,37.38
2020-07-09,36.82
2020-07-10,37.4
2020-07-13,38.16
2020-07-14,38.12
2020-07-15,37.72
2020-07-16,37.14
2020-07-17,36.6
2020-07-20,36.14
2020-07-21,34.32
2020-07-22,33.84
2020-07-23,33.52
2020-07-24,34.28
2020-07-27,34.74
2020-07-28,34.86
2020-07-29,35.42
2020-07-30,37.54
2020-07-31,36.8
2020-08-03,36.48
2020-08-04,38.02
2020-08-05,38.72
2020-08-06,39.02
2020-08-07,38.16
2020-08-10,38.16
2020-08-11,39.2
2020-08-12,39.1
2020-08-13,39.58
2020-08-14,39.18
2020-08-17,39.46
2020-08-18,39.74
2020-08-19,39.38
2020-08-20,39.8
2020-08-21,39.52
2020-08-24,39.96
2020-08-25,41.28
2020-08-26,41.44
2020-08-27,41.46
2020-08-28,42.16
2020-08-31,42.16
2020-09-01,42.0
2020-09-02,41.48
2020-09-03,40.18
2020-09-04,39.98
2020-09-07,40.18
2020-09-08,40.34
2020-09-09,40.6
2020-09-10,40.02
2020-09-11,40.2
2020-09-14,39.92
2020-09-15,39.4
2020-09-16,39.24
2020-09-17,38.64
2020-09-18,38.76
2020-09-21,39.94
2020-09-22,39.52
2020-09-23,39.0
2020-09-24,38.56
2020-09-25,37.66
2020-09-28,37.36
2020-09-29,36.16
2020-09-30,36.16
2020-10-01,35.74
2020-10-02,35.8
2020-10-05,36.0
2020-10-06,35.24
2020-10-07,35.34
2020-10-08,35.08
2020-10-09,33.66
2020-10-12,33.72
2020-10-13,33.08
2020-10-14,31.84
2020-10-15,33.58
2020-10-16,32.4
2020-10-19,32.5
2020-10-20,32.86
2020-10-21,32.92
2020-10-22,32.04
2020-10-23,32.0
2020-10-26,32.46
2020-10-27,32.7
2020-10-28,33.22
2020-10-29,33.44
2020-10-30,33.28
2020-11-02,34.02
2020-11-03,34.06
2020-11-04,31.92
2020-11-05,30.72
2020-11-06,29.8
2020-11-09,32.3
2020-11-10,34.06
2020-11-11,32.2
2020-11-12,31.58
2020-11-13,30.02
2020-11-16,30.84
2020-11-17,30.36
2020-11-18,30.5
2020-11-19,30.6
2020-11-20,29.92
2020-11-23,30.14
2020-11-24,30.02
2020-11-25,29.98
2020-11-26,29.44
2020-11-27,29.44
2020-11-30,29.82
2020-12-01,29.72
2020-12-02,29.92
2020-12-03,29.88
2020-12-04,29.66
2020-12-07,29.68
2020-12-08,29.44
2020-12-09,29.34
2020-12-10,28.4
2020-12-11,29.0
2020-12-14,29.18
2020-12-15,28.96
2020-12-16,29.06
2020-12-17,29.7
2020-12-18,29.46
2020-12-21,29.48
2020-12-22,29.4
2020-12-23,29.28
2020-12-28,29.28
2020-12-29,29.42
2020-12-30,29.22
2020-12-31,29.22
2021-01-04,29.78
2021-01-05,29.62
2021-01-06,29.58
2021-01-07,29.42
2021-01-08,28.98
2021-01-11,29.06
2021-01-12,29.72
2021-01-13,29.98
2021-01-14,29.96
2021-01-15,29.6
2021-01-18,29.4
2021-01-19,29.28
2021-01-20,28.82
2021-01-21,29.06
2021-01-22,29.52
2021-01-25,29.48
2021-01-26,29.1
2021-01-27,30.1
2021-01-28,30.54
2021-01-29,31.76
2021-02-01,31.86
2021-02-02,31.9
2021-02-03,32.16
2021-02-04,33.68
2021-02-05,34.38
2021-02-08,34.88
2021-02-09,32.98
2021-02-10,31.84
2021-02-11,31.28
2021-02-12,32.32
2021-02-15,33.68
2021-02-16,34.78
2021-02-17,34.38
2021-02-18,34.96
2021-02-19,37.06
2021-02-22,36.58
2021-02-23,38.3
2021-02-24,39.04
2021-02-25,42.66
2021-02-26,45.44
2021-03-01,43.12
2021-03-02,40.06
2021-03-03,40.06
2021-03-04,39.68
2021-03-05,40.0
2021-03-08,40.08
2021-03-09,40.16
2021-03-10,40.48
2021-03-11,36.44
2021-03-12,38.26
2021-03-15,37.96
2021-03-16,36.04
2021-03-17,37.58
2021-03-18,39.76
2021-03-19,38.8
2021-03-22,38.34
2021-03-23,38.32
2021-03-24,37.48
2021-03-25,36.66
2021-03-26,37.28
2021-03-29,37.48
2021-03-30,38.7
2021-03-31,38.98
2021-04-01,38.44
2021-04-02,38.44
2021-04-05,38.44
2021-04-06,38.24
2021-04-07,38.6
2021-04-08,36.88
2021-04-09,37.56
2021-04-12,37.08
2021-04-13,36.56
2021-04-14,36.78
2021-04-15,36.12
2021-04-16,36.68
2021-04-19,37.6
2021-04-20,38.1
2021-04-21,37.72
2021-04-22,36.98
2021-04-23,37.06
2021-04-26,37.2
2021-04-27,37.36
2021-04-28,38.04
2021-04-29,39.38
2021-04-30,39.28
2021-05-03,39.28
2021-05-04,39.22
2021-05-05,40.0
2021-05-06,40.52
2021-05-07,40.12
2021-05-10,40.42
2021-05-11,41.06
2021-05-12,40.9
2021-05-13,40.04
2021-05-14,39.52
2021-05-17,39.54
2021-05-18,39.16
2021-05-19,38.8
2021-05-20,39.08
2021-05-21,38.36
2021-05-24,37.739999999999995
2021-05-25,37.12
2021-05-26,34.72
2021-05-27,35.7
2021-05-28,40.54
2021-05-31,35.88
2021-06-01,36.06
2021-06-02,35.48
2021-06-03,35.46
2021-06-04,34.42
2021-06-07,33.92
2021-06-08,33.42
2021-06-09,33.96
2021-06-10,34.34
2021-06-11,33.52
2021-06-14,33.76
2021-06-15,33.28
2021-06-16,33.3
2021-06-17,34.22
2021-06-18,34.8
2021-06-21,36.84
2021-06-22,36.7
2021-06-23,35.58
2021-06-24,35.06
2021-06-25,34.94
2021-06-28,35.3
2021-06-29,35.22
2021-06-30,35.04
2021-07-01,34.32
2021-07-02,33.74
2021-07-05,33.44
2021-07-06,33.88
2021-07-07,35.44
2021-07-08,36.22
2021-07-09,35.38
2021-07-12,35.22
2021-07-13,34.34
2021-07-14,34.4
2021-07-15,34.46
2021-07-16,34.86
2021-07-19,38.56
2021-07-20,38.36
2021-07-21,36.7
2021-07-22,34.68
2021-07-23,33.8
2021-07-26,34.9
2021-07-27,35.24
2021-07-28,35.36
2021-07-29,35.02
2021-07-30,34.52
2021-08-02,34.16
2021-08-03,33.86
2021-08-04,34.42
2021-08-05,34.4
2021-08-06,34.34
2021-08-09,34.36
2021-08-10,33.94
2021-08-11,34.46
2021-08-12,33.74
2021-08-13,33.16
2021-08-16,33.4
2021-08-17,32.92
2021-08-18,32.58
2021-08-19,32.58
2021-08-20,32.2
2021-08-23,32.68
2021-08-24,32.44
2021-08-25,33.48
2021-08-27,33.18
2021-08-30,33.18
2021-08-31,33.4
2021-09-01,34.1
2021-09-02,33.32
2021-09-03,32.98
2021-09-06,32.64
2021-09-07,34.14
2021-09-08,34.16
2021-09-09,33.32
2021-09-10,33.34
2021-09-13,33.66
2021-09-14,33.74
2021-09-15,33.52
2021-09-16,34.3
2021-09-17,35.96
2021-09-20,36.84
2021-09-21,36.66
2021-09-22,35.72
2021-09-23,37.32
2021-09-24,38.04
2021-09-27,38.38
2021-09-28,39.68
2021-09-29,38.52
2021-09-30,38.88
2021-10-01,37.62
2021-10-04,36.9
2021-10-05,36.66
2021-10-06,37.08
2021-10-07,37.42
2021-10-08,38.88
2021-10-11,41.46
2021-10-12,41.16
2021-10-13,42.76
2021-10-14,44.58
2021-10-15,42.34
2021-10-18,46.36
2021-10-19,46.74
2021-10-20,46.1
2021-10-21,46.16
2021-10-22,48.86
2021-10-25,49.64
2021-10-26,50.12
2021-10-27,53.86
2021-10-28,61.72
2021-10-29,64.54
2021-11-01,62.14
2021-11-02,54.4
2021-11-03,55.04
2021-11-04,48.18
2021-11-05,49.9
2021-11-08,53.18
2021-11-09,53.72
2021-11-10,55.44
2021-11-11,59.64
2021-11-12,57.6
2021-11-15,56.72
2021-11-16,55.46
2021-11-17,55.4
2021-11-18,53.66
2021-11-19,53.98
2021-11-22,52.64
2021-11-23,53.52
2021-11-24,54.8
2021-11-25,55.04
2021-11-26,57.16
2021-11-29,57.22
2021-11-30,58.06
2021-12-01,59.3
2021-12-02,59.16
2021-12-03,59.98
2021-12-06,59.62
2021-12-07,58.88
2021-12-08,58.82
2021-12-09,57.26
2021-12-10,55.04
2021-12-13,55.36
2021-12-14,55.9
2021-12-15,56.82
2021-12-16,54.34
2021-12-17,53.64
2021-12-20,53.68
2021-12-21,54.84
2021-12-22,55.98
2021-12-23,59.24
2021-12-24,58.67
2021-12-27,58.1
2021-12-28,57.53
2021-12-29,56.96
2021-12-30,56.39
2021-12-31,55.82
2022-01-03,55.25
2022-01-04,54.68
2022-01-05,54.11
2022-01-06,53.54
2022-01-07,52.84
2022-01-10,53.62
2022-01-11,53.72
2022-01-12,52.02
2022-01-13,53.1
2022-01-14,53.72
2022-01-17,54.28
2022-01-18,54.72
2022-01-19,54.98
2022-01-20,53.66
2022-01-21,54.36
2022-01-24,55.94
2022-01-25,56.08
2022-01-26,55.8
2022-01-27,56.64
2022-01-28,58.24
2022-01-31,62.72
2022-02-01,61.44
2022-02-02,61.44
2022-02-03,66.5
2022-02-04,71.36
2022-02-07,75.98
2022-02-08,73.02
2022-02-09,70.62
2022-02-10,72.96
2022-02-11,76.48
2022-02-14,79.58
2022-02-15,78.66
2022-02-16,76.76
2022-02-17,78.14
2022-02-18,75.88
2022-02-21,76.8
2022-02-22,75.26
2022-02-23,75.7
2022-02-24,76.76
2022-02-25,75.14
2022-02-28,75.88
2022-03-01,83.9
2022-03-02,83.82
2022-03-03,86.66
2022-03-04,96.84
2022-03-07,93.6
2022-03-08,97.46
2022-03-09,94.74
2022-03-10,94.18
2022-03-11,95.24
2022-03-14,91.62
2022-03-15,88.88
2022-03-16,88.4
2022-03-17,82.6
2022-03-18,80.02
2022-03-21,79.26
2022-03-22,79.26
2022-03-23,82.18
2022-03-24,83.08
2022-03-25,86.76
2022-03-28,90.36
2022-03-29,95.04
2022-03-30,97.34
2022-03-31,93.74
2022-04-01,93.12
2022-04-04,90.82
2022-04-05,91.5
2022-04-06,93.2
2022-04-07,94.48
2022-04-08,95.64
2022-04-11,101.04
2022-04-12,100.1
2022-04-13,99.28
2022-04-14,96.36
2022-04-15,96.36
2022-04-18,96.36
2022-04-19,101.5
2022-04-20,100.08
2022-04-21,103.24
2022-04-22,111.38
2022-04-25,108.46
2022-04-26,108.34
2022-04-27,106.52
2022-04-28,108.0
2022-04-29,109.72
2022-05-02,110.77
2022-05-03,111.82
2022-05-04,114.02
2022-05-05,108.54
2022-05-06,113.42
2022-05-09,114.18
2022-05-10,113.16
2022-05-11,112.4
2022-05-12,115.06
2022-05-13,115.4
2022-05-16,116.56
2022-05-17,115.5
2022-05-18,112.8
2022-05-19,110.86
2022-05-20,107.2
2022-05-23,104.8
2022-05-24,98.86
2022-05-25,97.66
2022-05-26,97.42
2022-05-27,96.02
2022-05-30,100.5
2022-05-31,102.28
2022-06-01,102.06
2022-06-02,102.06
2022-06-03,102.06
2022-06-06,106.9
2022-06-07,105.82
2022-06-08,107.04
2022-06-09,107.24
2022-06-10,106.78
2022-06-13,117.58
2022-06-14,126.64
2022-06-15,133.72
2022-06-16,145.34
2022-06-17,140.94
2022-06-20,140.26
2022-06-21,137.84
2022-06-22,135.12
2022-06-23,133.1
2022-06-24,137.74
2022-06-27,139.9
2022-06-28,141.52
2022-06-29,137.0
2022-06-30,133.58
2022-07-01,141.8
2022-07-04,147.0
2022-07-05,145.8
2022-07-06,148.44
2022-07-07,152.8
2022-07-08,145.86
2022-07-11,145.6
2022-07-12,148.22
2022-07-13,148.22
2022-07-14,150.42
2022-07-15,146.62
2022-07-18,148.46
2022-07-19,147.3
2022-07-20,144.74
2022-07-21,133.62
2022-07-22,129.14
2022-07-25,127.18
2022-07-26,127.98
2022-07-27,127.68
2022-07-28,125.48
2022-07-29,123.2
2022-08-01,124.5
2022-08-02,127.74
2022-08-03,128.58
2022-08-04,126.78
2022-08-05,129.48
2022-08-08,127.24
2022-08-09,126.64
2022-08-10,121.76
2022-08-11,119.14
2022-08-12,117.5
2022-08-15,116.84
2022-08-16,117.2
2022-08-17,120.88
2022-08-18,120.08
2022-08-19,126.08
2022-08-22,134.0
2022-08-23,137.96
2022-08-24,142.38
2022-08-25,139.18
2022-08-26,144.32
2022-08-29,144.32
2022-08-30,149.74
2022-08-31,149.8
2022-09-01,149.22
2022-09-02,145.0
2022-09-05,148.36
2022-09-06,146.58
2022-09-07,146.1
2022-09-08,137.96
2022-09-09,139.16
2022-09-12,138.4
2022-09-13,142.64
2022-09-14,142.82
2022-09-15,140.28
2022-09-16,138.9
2022-09-19,138.9
2022-09-20,145.22
2022-09-21,143.74
2022-09-22,144.54
2022-09-23,147.4
2022-09-26,159.98
2022-09-27,162.2
2022-09-28,171.92
2022-09-29,170.6
2022-09-30,163.1
2022-10-03,159.44
2022-10-04,155.26
2022-10-05,155.58
2022-10-06,155.88
2022-10-07,158.8
2022-10-10,165.04
2022-10-11,164.94
2022-10-12,165.56
2022-10-13,164.68
2022-10-14,163.42
2022-10-17,163.0
2022-10-18,160.52
2022-10-19,157.86
2022-10-20,157.54
2022-10-21,156.56
2022-10-24,157.54
2022-10-25,157.54
2022-10-26,153.64
2022-10-27,146.78
2022-10-28,147.48
2022-10-31,148.3
2022-11-01,145.78
2022-11-02,142.6
2022-11-03,141.92
2022-11-04,138.6
2022-11-07,134.52
2022-11-08,134.74
2022-11-09,131.66
2022-11-10,128.04
2022-11-11,129.78
2022-11-14,129.38
2022-11-15,127.72
2022-11-16,128.62
2022-11-17,128.78
2022-11-18,127.4
2022-11-21,127.08
2022-11-22,126.12
2022-11-23,126.42
2022-11-24,127.48
2022-11-25,127.2
2022-11-28,128.72
2022-11-29,127.2
2022-11-30,123.72
2022-12-01,121.08
2022-12-02,120.64
2022-12-05,120.88
2022-12-06,120.06
2022-12-07,119.66
2022-12-08,117.72
2022-12-09,119.0
2022-12-12,119.52
2022-12-13,115.16
2022-12-14,115.62
2022-12-15,115.22
2022-12-16,121.68
2022-12-19,119.52
2022-12-20,121.34
2022-12-21,121.6
2022-12-22,121.9
2022-12-23,122.64
2022-12-26,122.64
2022-12-27,122.64
2022-12-28,125.24
2022-12-29,123.32
2022-12-30,122.18
2023-01-02,122.18
2023-01-03,120.98
2023-01-04,120.32
2023-01-05,120.58
2023-01-06,113.04
2023-01-09,109.58
2023-01-10,106.24
2023-01-11,105.0
2023-01-12,105.16
2023-01-13,107.8
2023-01-16,106.42
2023-01-17,102.8
2023-01-18,100.08
2023-01-19,102.24
2023-01-20,105.2
2023-01-23,105.32
2023-01-24,104.16
2023-01-25,103.88
2023-01-26,103.98
2023-01-27,104.4
2023-01-30,106.26
2023-01-31,104.22
2023-02-01,101.02
2023-02-02,96.62
2023-02-03,98.1
2023-02-06,99.94
2023-02-07,100.48
2023-02-08,102.82
2023-02-09,99.1
2023-02-10,102.52
2023-02-13,102.52
2023-02-14,102.96
2023-02-15,100.84
2023-02-16,101.36
2023-02-17,102.9
2023-02-20,101.64
2023-02-21,102.66
2023-02-22,102.82
2023-02-23,101.54
2023-02-24,103.52
2023-02-27,104.52
2023-02-28,107.46
2023-03-01,113.64
2023-03-02,109.58
2023-03-03,109.0
2023-03-06,112.58
2023-03-07,112.26
2023-03-08,111.64
2023-03-09,110.02
2023-03-10,113.16
2023-03-13,126.38
2023-03-14,132.98
2023-03-15,156.98
2023-03-16,142.08
2023-03-17,144.68
2023-03-20,151.8
2023-03-21,139.7
2023-03-22,137.0
2023-03-23,132.7
2023-03-24,138.28
2023-03-27,137.14
2023-03-28,132.94
2023-03-29,127.6
2023-03-30,123.9
2023-03-31,119.48
2023-04-03,115.64
2023-04-04,115.26
2023-04-05,121.26
2023-04-06,117.1
2023-04-07,117.1
2023-04-10,117.1
2023-04-11,113.24
2023-04-12,109.24
2023-04-13,106.88
2023-04-14,106.84
2023-04-17,107.76
2023-04-18,105.44
2023-04-19,105.7
2023-04-20,105.16
2023-04-21,104.92
2023-04-24,103.82
2023-04-25,110.66
2023-04-26,111.9
2023-04-27,107.78
2023-04-28,109.2
2023-05-01,109.2
2023-05-02,109.74
2023-05-03,109.08
2023-05-04,108.74
2023-05-05,106.38
2023-05-08,106.38
2023-05-09,105.2
2023-05-10,101.38
2023-05-11,102.46
2023-05-12,100.26
2023-05-15,97.94
2023-05-16,95.8
2023-05-17,95.0
2023-05-18,96.64
2023-05-19,98.44
2023-05-22,98.38
2023-05-23,99.54
2023-05-24,99.82
2023-05-25,102.16
2023-05-26,104.32
2023-05-29,104.32
2023-05-30,105.86
2023-05-31,104.46
2023-06-01,102.1
2023-06-02,100.12
2023-06-05,99.54
2023-06-06,98.18
2023-06-07,97.6
2023-06-08,96.9
2023-06-09,93.86
2023-06-12,93.34
2023-06-13,93.1
2023-06-14,90.3
2023-06-15,87.72
2023-06-16,86.84
2023-06-19,88.8
2023-06-20,90.36
2023-06-21,90.36
2023-06-22,93.18
2023-06-23,95.92
2023-06-26,97.86
2023-06-27,99.06
2023-06-28,99.62
2023-06-29,100.58
2023-06-30,98.7
2023-07-03,97.88
2023-07-04,96.74
2023-07-05,96.36
2023-07-06,105.16
2023-07-07,104.34
2023-07-10,105.9
2023-07-11,105.76
2023-07-12,102.42
2023-07-13,101.4
2023-07-14,99.78
2023-07-17,100.16
2023-07-18,99.12
2023-07-19,97.24
2023-07-20,98.52
2023-07-21,94.8
2023-07-24,96.12
2023-07-25,95.54
2023-07-26,95.88
2023-07-27,94.54
2023-07-28,94.74
2023-07-31,96.18
2023-08-01,97.14
2023-08-02,97.74
2023-08-03,101.4
2023-08-04,99.76
2023-08-07,100.68
2023-08-08,102.68
2023-08-09,100.32
2023-08-10,98.2
2023-08-11,101.34
2023-08-14,102.58
2023-08-15,104.96
2023-08-16,103.54
2023-08-17,100.68
2023-08-18,104.94
2023-08-21,106.92
2023-08-22,106.74
2023-08-23,105.02
2023-08-24,105.62
2023-08-25,105.16
2023-08-28,105.16
2023-08-29,103.44
2023-08-30,102.08
2023-08-31,99.76
2023-09-01,97.84
2023-09-04,96.9
2023-09-05,96.74
2023-09-06,96.98
2023-09-07,95.62
2023-09-08,95.12
2023-09-11,95.38
2023-09-12,94.04
2023-09-13,93.4
2023-09-14,87.56
2023-09-15,88.76
2023-09-18,88.5
2023-09-19,84.4
2023-09-20,83.12
2023-09-21,84.64
2023-09-22,84.34
2023-09-25,86.56
2023-09-26,85.56
2023-09-27,85.34
2023-09-28,96.6
2023-09-29,92.56
2023-10-02,94.56
2023-10-03,97.66
2023-10-04,100.08
2023-10-05,101.32
2023-10-06,99.2
2023-10-09,103.1
2023-10-10,102.62
2023-10-11,102.0
2023-10-12,99.94
2023-10-13,99.76
2023-10-16,101.24
2023-10-17,103.4
2023-10-18,103.02
2023-10-19,102.96
2023-10-20,102.32
2023-10-23,102.62
2023-10-24,101.98
2023-10-25,100.2
2023-10-26,98.74
2023-10-27,97.2
2023-10-30,97.7
2023-10-31,97.52
2023-11-01,96.3
2023-11-02,97.8
2023-11-03,96.06
2023-11-06,96.12
2023-11-07,96.46
2023-11-08,94.96
2023-11-09,94.32
2023-11-10,94.2
2023-11-13,94.72
2023-11-14,94.26
2023-11-15,93.98
2023-11-16,92.36
2023-11-17,90.48
2023-11-20,91.82
2023-11-21,90.72
2023-11-22,88.74
2023-11-23,87.82
2023-11-24,87.14
2023-11-27,88.58
2023-11-28,88.92
2023-11-29,92.0
2023-11-30,93.24
2023-12-01,100.04
2023-12-04,98.12
2023-12-05,100.98
2023-12-06,100.36
2023-12-07,100.66
2023-12-08,99.78
2023-12-11,99.4
2023-12-12,98.96
2023-12-13,99.0
2023-12-14,98.78
2023-12-15,99.94
2023-12-18,99.3
2023-12-19,96.46
2023-12-20,95.16
2023-12-21,95.8
2023-12-22,96.34666666666666
2023-12-25,96.89333333333333
2023-12-26,97.44
2023-12-27,99.72
2023-12-28,100.24
2023-12-29,101.96
2024-01-01,102.16
2024-01-02,102.36
2024-01-03,98.36
2024-01-04,99.94
2024-01-05,97.86
2024-01-08,95.9
2024-01-09,93.92
2024-01-10,92.98
2024-01-11,91.24
2024-01-12,93.12
2024-01-15,92.54
2024-01-16,91.1
2024-01-17,90.78
2024-01-18,90.64
2024-01-19,90.44
2024-01-22,90.3
2024-01-23,89.5
2024-01-24,89.7
2024-01-25,88.44
2024-01-26,87.52
2024-01-29,88.14
2024-01-30,87.76
2024-01-31,91.4
2024-02-01,89.86
2024-02-02,89.26
2024-02-05,90.32
2024-02-06,89.28
2024-02-07,87.9
2024-02-08,87.12
2024-02-09,86.88
2024-02-12,86.16
2024-02-13,85.88
2024-02-14,85.24
2024-02-15,84.52
2024-02-16,85.22
2024-02-19,84.94
2024-02-20,85.16
2024-02-21,85.0
2024-02-22,85.24
2024-02-23,85.96
2024-02-26,85.68
2024-02-27,85.6
2024-02-28,84.68
2024-02-29,84.8
2024-03-01,84.82
2024-03-04,85.04
2024-03-05,85.5
2024-03-06,84.18
2024-03-07,82.52
2024-03-08,81.96
2024-03-11,81.54
2024-03-12,79.66
2024-03-13,77.62
2024-03-14,77.7
2024-03-15,77.48
2024-03-18,79.06
2024-03-19,78.54
2024-03-20,78.6
2024-03-21,77.24
2024-03-22,77.04
2024-03-25,76.48
2024-03-26,74.14
2024-03-27,73.88
2024-03-28,73.72
2024-03-29,73.72
2024-04-01,73.72
2024-04-02,77.24
2024-04-03,75.88
2024-04-04,75.24
2024-04-05,75.2
2024-04-08,75.54
2024-04-09,74.46
2024-04-10,73.64
2024-04-11,75.38
2024-04-12,78.76
2024-04-15,78.3
2024-04-16,82.5
2024-04-17,81.38
2024-04-18,79.98
2024-04-19,82.54
2024-04-22,81.8
2024-04-23,80.52
2024-04-24,81.38
2024-04-25,83.44
2024-04-26,83.48
2024-04-29,83.84
2024-04-30,83.52
2024-05-01,82.75999999999999
2024-05-02,82.0
2024-05-03,80.96
2024-05-06,80.96
2024-05-07,80.48
2024-05-08,79.88
2024-05-09,79.12
2024-05-10,79.12
2024-05-13,77.9
2024-05-14,77.9
2024-05-15,77.9
2024-05-16,75.12
2024-05-17,74.0
2024-05-20,72.62
2024-05-21,71.2
2024-05-22,71.2
2024-05-23,73.8
2024-05-24,72.36
2024-05-27,72.36
2024-05-28,69.62
2024-05-29,71.54
2024-05-30,71.72
2024-05-31,71.76
2024-06-03,72.04
2024-06-04,72.96
2024-06-05,73.88
2024-06-06,72.52
2024-06-07,71.3
2024-06-10,73.62
2024-06-11,76.86
2024-06-12,76.86
2024-06-13,76.46
2024-06-14,83.62
2024-06-17,84.28
2024-06-18,82.52
2024-06-19,80.74
2024-06-20,79.16
2024-06-21,79.52
2024-06-24,80.32
2024-06-25,80.4
2024-06-26,79.62
2024-06-27,79.32
2024-06-28,78.14
2024-07-01,77.4
2024-07-02,75.78
2024-07-03,75.08
2024-07-04,74.02
2024-07-05,71.88
2024-07-08,70.28
2024-07-09,69.48
2024-07-10,70.08
2024-07-11,70.42
2024-07-12,70.56
2024-07-15,70.24
2024-07-16,70.62
2024-07-17,69.58
2024-07-18,68.08
2024-07-19,68.84
2024-07-22,67.86
2024-07-23,68.18
2024-07-24,71.12
2024-07-25,73.3
2024-07-26,71.6
2024-07-29,73.5
2024-07-30,73.36
2024-07-31,74.1
2024-08-01,74.5
2024-08-02,76.72
2024-08-05,82.36
2024-08-06,82.06
2024-08-07,78.72
2024-08-08,80.28
2024-08-09,77.86
2024-08-12,77.04
2024-08-13,76.94
2024-08-14,75.68
2024-08-15,74.52
2024-08-16,72.88
2024-08-19,72.84
2024-08-20,73.02
2024-08-21,74.32
2024-08-22,75.7
2024-08-23,74.72
2024-08-26,74.72
2024-08-27,74.86
2024-08-28,74.3
2024-08-29,73.2
2024-08-30,72.02
2024-09-02,71.04
2024-09-03,74.74
2024-09-04,75.18
2024-09-05,75.62
2024-09-06,75.06
2024-09-09,74.02
2024-09-10,72.98
2024-09-11,72.76
2024-09-12,70.96
2024-09-13,70.38
2024-09-16,70.38
2024-09-17,70.0
2024-09-18,68.82
2024-09-19,67.64
2024-09-20,68.28
2024-09-23,70.24
2024-09-24,71.56
2024-09-25,71.04
2024-09-26,72.16
2024-09-27,72.16
2024-09-30,71.62
2024-10-01,73.48
2024-10-02,72.86
2024-10-03,72.58
2024-10-04,72.94
2024-10-07,75.42
2024-10-08,74.34
2024-10-09,74.36
2024-10-10,74.38
2024-10-11,72.94
2024-10-14,72.5
2024-10-15,73.92
2024-10-16,73.24
2024-10-17,72.5
2024-10-18,72.54
2024-10-21,73.2
2024-10-22,75.58
2024-10-23,75.72
2024-10-24,77.32
2024-10-25,76.8
2024-10-28,77.68
2024-10-29,77.1
2024-10-30,78.46
2024-10-31,82.24
2024-11-01,80.64
2024-11-04,82.12
2024-11-05,77.96
2024-11-06,76.42
2024-11-07,74.96
2024-11-08,72.84
2024-11-11,73.96
2024-11-12,75.0
2024-11-13,75.34
2024-11-14,76.54
2024-11-15,76.66
2024-11-18,76.0
2024-11-19,76.12
2024-11-20,76.64
2024-11-21,76.34
2024-11-22,74.98
2024-11-25,75.3
2024-11-26,73.58
2024-11-27,72.68
2024-11-28,71.08
2024-11-29,69.32
2024-12-02,69.94
2024-12-03,70.42
2024-12-04,69.74
2024-12-05,70.56
2024-12-06,70.24
2024-12-09,69.84
2024-12-10,69.08
2024-12-11,67.92
2024-12-12,67.7
2024-12-13,68.6
2024-12-16,68.6
2024-12-17,68.54
2024-12-18,67.94
2024-12-19,69.64
2024-12-20,69.18
2024-12-23,69.0
2024-12-24,69.0
2024-12-25,69.0
2024-12-26,69.0
2024-12-27,70.28
2024-12-30,70.94
2024-12-31,70.94
2025-01-01,70.94
2025-01-02,71.42
2025-01-03,72.56
2025-01-06,71.62
2025-01-07,69.08
2025-01-08,71.48
2025-01-09,71.7
2025-01-10,71.86
2025-01-13,73.44
2025-01-14,74.54
2025-01-15,73.42
2025-01-16,72.9
2025-01-17,72.66
2025-01-20,71.52
2025-01-21,69.36
2025-01-22,67.6
2025-01-23,67.08
2025-01-24,66.82
2025-01-27,67.4
2025-01-28,66.12
2025-01-29,65.78
2025-01-30,65.24
2025-01-31,65.48
2025-02-03,69.56
2025-02-04,68.16
2025-02-05,68.22
2025-02-06,67.7
2025-02-07,66.1
2025-02-10,65.92
2025-02-11,66.84
2025-02-12,66.96
2025-02-13,66.52
2025-02-14,67.14
2025-02-17,68.68
2025-02-18,67.68
2025-02-19,68.06
2025-02-20,68.18
2025-02-21,69.32
2025-02-24,67.56
2025-02-25,68.76
2025-02-26,67.3
2025-02-27,67.24
2025-02-28,68.56
2025-03-03,71.59
2025-03-04,74.62
2025-03-05,79.57
2025-03-06,84.52
2025-03-07,81.5
2025-03-10,80.38
2025-03-11,83.22
2025-03-12,83.5
2025-03-13,83.54
2025-03-14,81.68
2025-03-17,78.84
2025-03-18,77.36
2025-03-19,77.36
2025-03-20,74.76
2025-03-21,75.2
2025-03-24,75.28
2025-03-25,75.86
2025-03-26,74.46
2025-03-27,74.46
2025-03-28,75.0
2025-03-31,75.56
2025-04-01,76.12
2025-04-02,75.78
2025-04-03,77.8
2025-04-04,84.48
2025-04-07,88.28
2025-04-08,84.32
2025-04-09,88.08
2025-04-10,82.38
2025-04-11,81.49
2025-04-14,80.6
2025-04-15,76.94
2025-04-16,76.68
2025-04-17,75.96
2025-04-18,76.35333333333332
2025-04-21,76.74666666666667
2025-04-22,77.14
2025-04-23,76.72
2025-04-24,76.72
2025-04-25,72.1
2025-04-28,72.6
2025-04-29,71.76
2025-04-30,76.72
2025-05-01,71.38
2025-05-02,71.0
2025-05-05,71.0
2025-05-06,71.5
2025-05-07,71.08
2025-05-08,69.02
2025-05-09,68.72
2025-05-12,70.16
2025-05-13,69.68
2025-05-14,68.6
2025-05-15,70.08
2025-05-16,69.84
2025-05-19,71.0
2025-05-20,70.4
2025-05-21,71.12
2025-05-22,70.58
2025-05-23,71.54
2025-05-26,71.06
2025-05-27,70.58
2025-05-28,69.12
2025-05-29,67.72
2025-05-30,67.28
2025-06-02,67.02
2025-06-03,65.94
2025-06-04,66.6
2025-06-05,66.6
2025-06-06,64.76
2025-06-09,65.3
2025-06-10,65.04
2025-06-11,64.54
2025-06-12,64.52
2025-06-13,65.76
2025-06-16,67.1
2025-06-17,67.12
2025-06-18,66.06
2025-06-19,65.24
2025-06-20,64.22
2025-06-23,65.22
2025-06-24,64.82
2025-06-25,64.3
2025-06-26,63.66
2025-06-27,62.96
2025-06-30,63.54
2025-07-01,63.34
2025-07-02,63.86
2025-07-03,62.44
2025-07-04,61.76
2025-07-07,61.84
2025-07-08,60.82
2025-07-09,60.38
2025-07-10,60.1
2025-07-11,59.88
2025-07-14,60.36
2025-07-15,60.2
2025-07-16,60.68
2025-07-17,60.34
2025-07-18,59.96
2025-07-21,60.66
2025-07-22,60.04
2025-07-23,59.8
2025-07-24,60.88
2025-07-25,58.94
2025-07-28,60.14
2025-07-29,58.86
2025-07-30,57.82
2025-07-31,57.4
2025-08-01,58.82
2025-08-04,58.36
2025-08-05,57.14
2025-08-06,57.06
2025-08-07,57.56
2025-08-08,57.9
2025-08-11,57.26
2025-08-12,57.22
2025-08-13,56.72
2025-08-14,57.4
2025-08-15,58.92
2025-08-18,58.72
2025-08-19,58.38
2025-08-20,58.5
2025-08-21,58.36
2025-08-22,57.58
2025-08-25,57.58
2025-08-26,57.14
2025-08-27,57.3
2025-08-28,57.14
2025-08-29,57.14
2025-09-01,57.28
2025-09-02,57.56
2025-09-03,57.22
2025-09-04,57.44
2025-09-05,57.28
2025-09-08,56.14
2025-09-09,54.96
2025-09-10,54.96
2025-09-11,53.22
2025-09-12,52.78
2025-09-15,51.92
2025-09-16,50.92
2025-09-17,52.4
2025-09-18,52.86
2025-09-19,52.66
2025-09-22,52.72
2025-09-23,52.4
2025-09-24,52.4
2025-09-25,52.34
2025-09-26,52.86
2025-09-29,53.56
2025-09-30,52.98
2025-10-01,52.14
2025-10-02,50.72
2025-10-03,49.58
2025-10-06,50.88
2025-10-07,51.0
2025-10-08,52.0
2025-10-09,51.3
2025-10-10,51.02
2025-10-13,54.72
2025-10-14,55.02
2025-10-15,53.96
2025-10-16,52.98
2025-10-17,54.54
2025-10-20,54.12
2025-10-21,53.82
2025-10-22,53.14
2025-10-23,53.16
2025-10-24,50.86
2025-10-27,50.94
2025-10-28,49.82
2025-10-29,49.8
2025-10-30,48.76
2025-10-31,48.78
2025-11-03,47.76
2025-11-04,45.28
2025-11-05,47.66
2025-11-06,48.38
2025-11-07,49.38
2025-11-10,50.72
2025-11-11,49.52
2025-11-12,49.24
2025-11-13,51.32
2025-11-14,52.4
2025-11-17,51.46
2025-11-18,52.94
2025-11-19,52.84
2025-11-20,52.8
2025-11-21,54.04
2025-11-24,53.1
2025-11-25,51.22
2025-11-26,49.38
2025-11-27,49.12
2025-11-28,48.84
2025-12-04,50.58
2025-12-08,58.58
2025-12-10,56.9
2025-12-11,54.88
2025-12-12,56.24
2025-12-16,54.66
2025-12-17,52.16
2025-12-18,50.54
2025-12-19,51.3
2025-12-22,52.66
2025-12-23,53.78
2025-12-24,53.78
2025-12-25,54.04
2025-12-26,54.300000000000004
2025-12-29,54.56
2025-12-30,53.4
2025-12-31,53.4
2026-01-01,53.29
2026-01-02,53.18
2026-01-05,50.06
2026-01-06,48.58
2026-01-08,46.02
2026-01-12,45.94
2026-01-19,47.76
2026-01-21,48.62
2026-01-22,48.62
2026-01-23,46.36
2026-01-26,45.66
2026-01-28,44.6
2026-01-29,46.12
2026-01-30,45.22
2026-02-02,44.76
2026-02-03,44.0
2026-02-05,45.16
2026-02-10,43.76
2026-02-11,42.52
2026-02-12,50.3
2026-02-16,44.1
2026-02-17,45.2
2026-02-18,43.48
2026-02-20,41.96
2026-02-23,41.74
2026-02-24,42.12
2026-02-25,39.96
2026-02-27,42.46
2026-03-03,57.04
2026-03-04,50.46
2026-03-05,59.38
2026-03-06,68.46
2026-03-09,73.38
2026-03-10,63.4
2026-03-11,71.76
2026-03-12,77.44
2026-03-13,81.22
2026-03-16,76.8
2026-03-17,70.0
2026-03-18,73.12
2026-03-19,76.02
2026-03-23,89.1
2026-03-25,88.58
2026-03-26,96.18
2026-03-27,101.7
2026-03-30,94.06
2026-03-31,87.36
2026-04-01,82.68
2026-04-02,84.82
2026-04-03,84.82
2026-04-06,84.82
2026-04-07,88.0
2026-04-08,84.84
2026-04-10,78.2
2026-04-14,71.7
2026-04-16,67.34
2026-04-17,62.58
2026-04-20,64.16
